ISO-10303-21;
HEADER;
FILE_DESCRIPTION(('KiCad electronic assembly'),'2;1');
FILE_NAME('lux.step','2026-09-06T14:06:28',('Pcbnew'),('Kicad'),
  'Open CASCADE STEP processor 7.9','KiCad to STEP converter','Unknown'
  );
FILE_SCHEMA(('AUTOMOTIVE_DESIGN { 1 0 10303 214 1 1 1 1 }'));
ENDSEC;
DATA;
#1 = APPLICATION_PROTOCOL_DEFINITION('international standard',
  'automotive_design',2000,#2);
#2 = APPLICATION_CONTEXT(
  'core data for automotive mechanical design processes');
#3 = SHAPE_DEFINITION_REPRESENTATION(#4,#10);
#4 = PRODUCT_DEFINITION_SHAPE('','',#5);
#5 = PRODUCT_DEFINITION('design','',#6,#9);
#6 = PRODUCT_DEFINITION_FORMATION('','',#7);
#7 = PRODUCT('lux 1','lux 1','',(#8));
#8 = PRODUCT_CONTEXT('',#2,'mechanical');
#9 = PRODUCT_DEFINITION_CONTEXT('part definition',#2,'design');
#10 = SHAPE_REPRESENTATION('',(#11,#15,#19,#23,#27,#31,#35,#39,#43,#47,
    #51,#55,#59,#63,#67,#71,#75,#79,#83,#87,#91,#95,#99,#103,#107,#111,
    #115),#119);
#11 = AXIS2_PLACEMENT_3D('',#12,#13,#14);
#12 = CARTESIAN_POINT('',(0.,0.,0.));
#13 = DIRECTION('',(0.,0.,1.));
#14 = DIRECTION('',(1.,0.,-0.));
#15 = AXIS2_PLACEMENT_3D('',#16,#17,#18);
#16 = CARTESIAN_POINT('',(1.44602E+03,-189.,1.595));
#17 = DIRECTION('',(-0.,0.,1.));
#18 = DIRECTION('',(1.110223024625E-16,-1.,0.));
#19 = AXIS2_PLACEMENT_3D('',#20,#21,#22);
#20 = CARTESIAN_POINT('',(1.44952E+03,-191.,1.595));
#21 = DIRECTION('',(0.,0.,1.));
#22 = DIRECTION('',(1.,0.,0.));
#23 = AXIS2_PLACEMENT_3D('',#24,#25,#26);
#24 = CARTESIAN_POINT('',(1.395E+03,-170.,1.595));
#25 = DIRECTION('',(0.,-0.,1.));
#26 = DIRECTION('',(1.110223024625E-16,1.,0.));
#27 = AXIS2_PLACEMENT_3D('',#28,#29,#30);
#28 = CARTESIAN_POINT('',(1.4515E+03,-174.45,1.595));
#29 = DIRECTION('',(-0.,0.,1.));
#30 = DIRECTION('',(1.110223024625E-16,-1.,0.));
#31 = AXIS2_PLACEMENT_3D('',#32,#33,#34);
#32 = CARTESIAN_POINT('',(1.40055E+03,-176.5,1.595));
#33 = DIRECTION('',(0.,0.,1.));
#34 = DIRECTION('',(1.,0.,0.));
#35 = AXIS2_PLACEMENT_3D('',#36,#37,#38);
#36 = CARTESIAN_POINT('',(1.39727E+03,-194.,1.595));
#37 = DIRECTION('',(-0.,0.,1.));
#38 = DIRECTION('',(1.110223024625E-16,-1.,0.));
#39 = AXIS2_PLACEMENT_3D('',#40,#41,#42);
#40 = CARTESIAN_POINT('',(1.39348E+03,-191.5,1.595));
#41 = DIRECTION('',(0.,-0.,1.));
#42 = DIRECTION('',(1.110223024625E-16,1.,0.));
#43 = AXIS2_PLACEMENT_3D('',#44,#45,#46);
#44 = CARTESIAN_POINT('',(1.459525E+03,-191.595,1.595));
#45 = DIRECTION('',(0.,0.,1.));
#46 = DIRECTION('',(-1.,1.224646799147E-16,0.));
#47 = AXIS2_PLACEMENT_3D('',#48,#49,#50);
#48 = CARTESIAN_POINT('',(1.404175E+03,-172.,1.595));
#49 = DIRECTION('',(0.,0.,1.));
#50 = DIRECTION('',(1.,0.,0.));
#51 = AXIS2_PLACEMENT_3D('',#52,#53,#54);
#52 = CARTESIAN_POINT('',(1.39052E+03,-170.,1.595));
#53 = DIRECTION('',(0.,0.,1.));
#54 = DIRECTION('',(-1.,1.224646799147E-16,0.));
#55 = AXIS2_PLACEMENT_3D('',#56,#57,#58);
#56 = CARTESIAN_POINT('',(1.402525E+03,-186.5,1.595));
#57 = DIRECTION('',(0.,0.,1.));
#58 = DIRECTION('',(1.,0.,0.));
#59 = AXIS2_PLACEMENT_3D('',#60,#61,#62);
#60 = CARTESIAN_POINT('',(1.388525E+03,-173.635,1.595));
#61 = DIRECTION('',(0.,0.,1.));
#62 = DIRECTION('',(1.,0.,0.));
#63 = AXIS2_PLACEMENT_3D('',#64,#65,#66);
#64 = CARTESIAN_POINT('',(1.4545E+03,-173.98,1.595));
#65 = DIRECTION('',(-0.,0.,1.));
#66 = DIRECTION('',(1.110223024625E-16,-1.,0.));
#67 = AXIS2_PLACEMENT_3D('',#68,#69,#70);
#68 = CARTESIAN_POINT('',(1.40802E+03,-183.5,1.595));
#69 = DIRECTION('',(-0.,0.,1.));
#70 = DIRECTION('',(1.110223024625E-16,-1.,0.));
#71 = AXIS2_PLACEMENT_3D('',#72,#73,#74);
#72 = CARTESIAN_POINT('',(1.4085E+03,-172.,1.595));
#73 = DIRECTION('',(0.,0.,1.));
#74 = DIRECTION('',(1.,0.,0.));
#75 = AXIS2_PLACEMENT_3D('',#76,#77,#78);
#76 = CARTESIAN_POINT('',(1.388525E+03,-191.405,1.595));
#77 = DIRECTION('',(0.,0.,1.));
#78 = DIRECTION('',(1.,0.,0.));
#79 = AXIS2_PLACEMENT_3D('',#80,#81,#82);
#80 = CARTESIAN_POINT('',(1.40555E+03,-177.,1.595));
#81 = DIRECTION('',(0.,0.,1.));
#82 = DIRECTION('',(1.,0.,0.));
#83 = AXIS2_PLACEMENT_3D('',#84,#85,#86);
#84 = CARTESIAN_POINT('',(1.44302E+03,-189.,1.595));
#85 = DIRECTION('',(-0.,0.,1.));
#86 = DIRECTION('',(1.110223024625E-16,-1.,0.));
#87 = AXIS2_PLACEMENT_3D('',#88,#89,#90);
#88 = CARTESIAN_POINT('',(1.4595E+03,-174.,1.595));
#89 = DIRECTION('',(0.,0.,1.));
#90 = DIRECTION('',(-1.,1.224646799147E-16,0.));
#91 = AXIS2_PLACEMENT_3D('',#92,#93,#94);
#92 = CARTESIAN_POINT('',(1.41795E+03,-193.5,1.595));
#93 = DIRECTION('',(0.,0.,1.));
#94 = DIRECTION('',(1.,0.,0.));
#95 = AXIS2_PLACEMENT_3D('',#96,#97,#98);
#96 = CARTESIAN_POINT('',(1.39755E+03,-190.,1.595));
#97 = DIRECTION('',(0.,0.,1.));
#98 = DIRECTION('',(-1.,1.224646799147E-16,0.));
#99 = AXIS2_PLACEMENT_3D('',#100,#101,#102);
#100 = CARTESIAN_POINT('',(1.45305E+03,-189.5,1.595));
#101 = DIRECTION('',(0.,0.,1.));
#102 = DIRECTION('',(-1.,1.224646799147E-16,0.));
#103 = AXIS2_PLACEMENT_3D('',#104,#105,#106);
#104 = CARTESIAN_POINT('',(1.39505E+03,-173.5,1.595));
#105 = DIRECTION('',(0.,-0.,1.));
#106 = DIRECTION('',(1.110223024625E-16,1.,0.));
#107 = AXIS2_PLACEMENT_3D('',#108,#109,#110);
#108 = CARTESIAN_POINT('',(1.4505E+03,-170.,1.595));
#109 = DIRECTION('',(0.,-0.,1.));
#110 = DIRECTION('',(1.110223024625E-16,1.,0.));
#111 = AXIS2_PLACEMENT_3D('',#112,#113,#114);
#112 = CARTESIAN_POINT('',(1.452E+03,-194.,1.595));
#113 = DIRECTION('',(-0.,0.,1.));
#114 = DIRECTION('',(1.110223024625E-16,-1.,0.));
#115 = AXIS2_PLACEMENT_3D('',#116,#117,#118);
#116 = CARTESIAN_POINT('',(0.,0.,0.));
#117 = DIRECTION('',(0.,0.,1.));
#118 = DIRECTION('',(1.,0.,-0.));
#119 = ( GEOMETRIC_REPRESENTATION_CONTEXT(3) 
GLOBAL_UNCERTAINTY_ASSIGNED_CONTEXT((#123)) GLOBAL_UNIT_ASSIGNED_CONTEXT
((#120,#121,#122)) REPRESENTATION_CONTEXT('Context #1',
  '3D Context with UNIT and UNCERTAINTY') );
#120 = ( LENGTH_UNIT() NAMED_UNIT(*) SI_UNIT(.MILLI.,.METRE.) );
#121 = ( NAMED_UNIT(*) PLANE_ANGLE_UNIT() SI_UNIT($,.RADIAN.) );
#122 = ( NAMED_UNIT(*) SI_UNIT($,.STERADIAN.) SOLID_ANGLE_UNIT() );
#123 = UNCERTAINTY_MEASURE_WITH_UNIT(LENGTH_MEASURE(1.E-07),#120,
  'distance_accuracy_value','confusion accuracy');
#124 = PRODUCT_RELATED_PRODUCT_CATEGORY('part',$,(#7));
#125 = SHAPE_DEFINITION_REPRESENTATION(#126,#132);
#126 = PRODUCT_DEFINITION_SHAPE('','',#127);
#127 = PRODUCT_DEFINITION('design','',#128,#131);
#128 = PRODUCT_DEFINITION_FORMATION('','',#129);
#129 = PRODUCT('C_0402_1005Metric','C_0402_1005Metric','',(#130));
#130 = PRODUCT_CONTEXT('',#2,'mechanical');
#131 = PRODUCT_DEFINITION_CONTEXT('part definition',#2,'design');
#132 = SHAPE_REPRESENTATION('',(#11,#133),#137);
#133 = AXIS2_PLACEMENT_3D('',#134,#135,#136);
#134 = CARTESIAN_POINT('',(0.,0.,0.));
#135 = DIRECTION('',(0.,0.,1.));
#136 = DIRECTION('',(1.,0.,-0.));
#137 = ( GEOMETRIC_REPRESENTATION_CONTEXT(3) 
GLOBAL_UNCERTAINTY_ASSIGNED_CONTEXT((#141)) GLOBAL_UNIT_ASSIGNED_CONTEXT
((#138,#139,#140)) REPRESENTATION_CONTEXT('Context #1',
  '3D Context with UNIT and UNCERTAINTY') );
#138 = ( LENGTH_UNIT() NAMED_UNIT(*) SI_UNIT(.MILLI.,.METRE.) );
#139 = ( NAMED_UNIT(*) PLANE_ANGLE_UNIT() SI_UNIT($,.RADIAN.) );
#140 = ( NAMED_UNIT(*) SI_UNIT($,.STERADIAN.) SOLID_ANGLE_UNIT() );
#141 = UNCERTAINTY_MEASURE_WITH_UNIT(LENGTH_MEASURE(1.E-07),#138,
  'distance_accuracy_value','confusion accuracy');
#142 = CONTEXT_DEPENDENT_SHAPE_REPRESENTATION(#143,#145);
#143 = ( REPRESENTATION_RELATIONSHIP('','',#132,#10) 
REPRESENTATION_RELATIONSHIP_WITH_TRANSFORMATION(#144) 
SHAPE_REPRESENTATION_RELATIONSHIP() );
#144 = ITEM_DEFINED_TRANSFORMATION('','',#11,#15);
#145 = PRODUCT_DEFINITION_SHAPE('Placement','Placement of an item',#146
  );
#146 = NEXT_ASSEMBLY_USAGE_OCCURRENCE('2','C14','',#5,#127,$);
#147 = PRODUCT_RELATED_PRODUCT_CATEGORY('part',$,(#129));
#148 = SHAPE_DEFINITION_REPRESENTATION(#149,#155);
#149 = PRODUCT_DEFINITION_SHAPE('','',#150);
#150 = PRODUCT_DEFINITION('design','',#151,#154);
#151 = PRODUCT_DEFINITION_FORMATION('','',#152);
#152 = PRODUCT('C_0402_1005Metric','C_0402_1005Metric','',(#153));
#153 = PRODUCT_CONTEXT('',#2,'mechanical');
#154 = PRODUCT_DEFINITION_CONTEXT('part definition',#2,'design');
#155 = ADVANCED_BREP_SHAPE_REPRESENTATION('',(#11,#156),#1010);
#156 = MANIFOLD_SOLID_BREP('',#157);
#157 = CLOSED_SHELL('',(#158,#234,#265,#290,#315,#339,#363,#388,#413,
    #430,#516,#548,#572,#597,#621,#646,#670,#695,#712,#798,#829,#854,
    #879,#903,#927,#952,#977,#994));
#158 = ADVANCED_FACE('',(#159),#229,.F.);
#159 = FACE_BOUND('',#160,.F.);
#160 = EDGE_LOOP('',(#161,#171,#180,#188,#197,#205,#214,#222));
#161 = ORIENTED_EDGE('',*,*,#162,.F.);
#162 = EDGE_CURVE('',#163,#165,#167,.T.);
#163 = VERTEX_POINT('',#164);
#164 = CARTESIAN_POINT('',(-0.5,-0.25,2.E-02));
#165 = VERTEX_POINT('',#166);
#166 = CARTESIAN_POINT('',(-0.5,-0.25,0.48));
#167 = LINE('',#168,#169);
#168 = CARTESIAN_POINT('',(-0.5,-0.25,0.));
#169 = VECTOR('',#170,1.);
#170 = DIRECTION('',(0.,0.,1.));
#171 = ORIENTED_EDGE('',*,*,#172,.T.);
#172 = EDGE_CURVE('',#163,#173,#175,.T.);
#173 = VERTEX_POINT('',#174);
#174 = CARTESIAN_POINT('',(-0.5,-0.23,0.));
#175 = CIRCLE('',#176,2.E-02);
#176 = AXIS2_PLACEMENT_3D('',#177,#178,#179);
#177 = CARTESIAN_POINT('',(-0.5,-0.23,2.E-02));
#178 = DIRECTION('',(1.,0.,-0.));
#179 = DIRECTION('',(0.,0.,1.));
#180 = ORIENTED_EDGE('',*,*,#181,.T.);
#181 = EDGE_CURVE('',#173,#182,#184,.T.);
#182 = VERTEX_POINT('',#183);
#183 = CARTESIAN_POINT('',(-0.5,0.23,0.));
#184 = LINE('',#185,#186);
#185 = CARTESIAN_POINT('',(-0.5,-0.25,0.));
#186 = VECTOR('',#187,1.);
#187 = DIRECTION('',(0.,1.,0.));
#188 = ORIENTED_EDGE('',*,*,#189,.F.);
#189 = EDGE_CURVE('',#190,#182,#192,.T.);
#190 = VERTEX_POINT('',#191);
#191 = CARTESIAN_POINT('',(-0.5,0.25,2.E-02));
#192 = CIRCLE('',#193,2.E-02);
#193 = AXIS2_PLACEMENT_3D('',#194,#195,#196);
#194 = CARTESIAN_POINT('',(-0.5,0.23,2.E-02));
#195 = DIRECTION('',(-1.,0.,0.));
#196 = DIRECTION('',(0.,0.,1.));
#197 = ORIENTED_EDGE('',*,*,#198,.T.);
#198 = EDGE_CURVE('',#190,#199,#201,.T.);
#199 = VERTEX_POINT('',#200);
#200 = CARTESIAN_POINT('',(-0.5,0.25,0.48));
#201 = LINE('',#202,#203);
#202 = CARTESIAN_POINT('',(-0.5,0.25,0.));
#203 = VECTOR('',#204,1.);
#204 = DIRECTION('',(0.,0.,1.));
#205 = ORIENTED_EDGE('',*,*,#206,.T.);
#206 = EDGE_CURVE('',#199,#207,#209,.T.);
#207 = VERTEX_POINT('',#208);
#208 = CARTESIAN_POINT('',(-0.5,0.23,0.5));
#209 = CIRCLE('',#210,2.E-02);
#210 = AXIS2_PLACEMENT_3D('',#211,#212,#213);
#211 = CARTESIAN_POINT('',(-0.5,0.23,0.48));
#212 = DIRECTION('',(1.,0.,-0.));
#213 = DIRECTION('',(0.,0.,1.));
#214 = ORIENTED_EDGE('',*,*,#215,.F.);
#215 = EDGE_CURVE('',#216,#207,#218,.T.);
#216 = VERTEX_POINT('',#217);
#217 = CARTESIAN_POINT('',(-0.5,-0.23,0.5));
#218 = LINE('',#219,#220);
#219 = CARTESIAN_POINT('',(-0.5,-0.25,0.5));
#220 = VECTOR('',#221,1.);
#221 = DIRECTION('',(0.,1.,0.));
#222 = ORIENTED_EDGE('',*,*,#223,.F.);
#223 = EDGE_CURVE('',#165,#216,#224,.T.);
#224 = CIRCLE('',#225,2.E-02);
#225 = AXIS2_PLACEMENT_3D('',#226,#227,#228);
#226 = CARTESIAN_POINT('',(-0.5,-0.23,0.48));
#227 = DIRECTION('',(-1.,0.,0.));
#228 = DIRECTION('',(0.,0.,1.));
#229 = PLANE('',#230);
#230 = AXIS2_PLACEMENT_3D('',#231,#232,#233);
#231 = CARTESIAN_POINT('',(-0.5,-0.25,0.));
#232 = DIRECTION('',(1.,0.,0.));
#233 = DIRECTION('',(0.,0.,1.));
#234 = ADVANCED_FACE('',(#235),#260,.F.);
#235 = FACE_BOUND('',#236,.F.);
#236 = EDGE_LOOP('',(#237,#247,#253,#254));
#237 = ORIENTED_EDGE('',*,*,#238,.F.);
#238 = EDGE_CURVE('',#239,#241,#243,.T.);
#239 = VERTEX_POINT('',#240);
#240 = CARTESIAN_POINT('',(-0.3,-0.25,2.E-02));
#241 = VERTEX_POINT('',#242);
#242 = CARTESIAN_POINT('',(-0.3,-0.25,0.48));
#243 = LINE('',#244,#245);
#244 = CARTESIAN_POINT('',(-0.3,-0.25,0.));
#245 = VECTOR('',#246,1.);
#246 = DIRECTION('',(0.,0.,1.));
#247 = ORIENTED_EDGE('',*,*,#248,.F.);
#248 = EDGE_CURVE('',#163,#239,#249,.T.);
#249 = LINE('',#250,#251);
#250 = CARTESIAN_POINT('',(-0.5,-0.25,2.E-02));
#251 = VECTOR('',#252,1.);
#252 = DIRECTION('',(1.,0.,0.));
#253 = ORIENTED_EDGE('',*,*,#162,.T.);
#254 = ORIENTED_EDGE('',*,*,#255,.T.);
#255 = EDGE_CURVE('',#165,#241,#256,.T.);
#256 = LINE('',#257,#258);
#257 = CARTESIAN_POINT('',(-0.5,-0.25,0.48));
#258 = VECTOR('',#259,1.);
#259 = DIRECTION('',(1.,0.,0.));
#260 = PLANE('',#261);
#261 = AXIS2_PLACEMENT_3D('',#262,#263,#264);
#262 = CARTESIAN_POINT('',(-0.5,-0.25,0.));
#263 = DIRECTION('',(0.,1.,0.));
#264 = DIRECTION('',(0.,-0.,1.));
#265 = ADVANCED_FACE('',(#266),#285,.T.);
#266 = FACE_BOUND('',#267,.T.);
#267 = EDGE_LOOP('',(#268,#269,#277,#284));
#268 = ORIENTED_EDGE('',*,*,#172,.T.);
#269 = ORIENTED_EDGE('',*,*,#270,.T.);
#270 = EDGE_CURVE('',#173,#271,#273,.T.);
#271 = VERTEX_POINT('',#272);
#272 = CARTESIAN_POINT('',(-0.3,-0.23,0.));
#273 = LINE('',#274,#275);
#274 = CARTESIAN_POINT('',(-0.5,-0.23,0.));
#275 = VECTOR('',#276,1.);
#276 = DIRECTION('',(1.,0.,0.));
#277 = ORIENTED_EDGE('',*,*,#278,.F.);
#278 = EDGE_CURVE('',#239,#271,#279,.T.);
#279 = CIRCLE('',#280,2.E-02);
#280 = AXIS2_PLACEMENT_3D('',#281,#282,#283);
#281 = CARTESIAN_POINT('',(-0.3,-0.23,2.E-02));
#282 = DIRECTION('',(1.,0.,-0.));
#283 = DIRECTION('',(0.,0.,1.));
#284 = ORIENTED_EDGE('',*,*,#248,.F.);
#285 = CYLINDRICAL_SURFACE('',#286,2.E-02);
#286 = AXIS2_PLACEMENT_3D('',#287,#288,#289);
#287 = CARTESIAN_POINT('',(-0.5,-0.23,2.E-02));
#288 = DIRECTION('',(1.,0.,0.));
#289 = DIRECTION('',(0.,-1.,0.));
#290 = ADVANCED_FACE('',(#291),#310,.T.);
#291 = FACE_BOUND('',#292,.T.);
#292 = EDGE_LOOP('',(#293,#294,#303,#309));
#293 = ORIENTED_EDGE('',*,*,#255,.T.);
#294 = ORIENTED_EDGE('',*,*,#295,.T.);
#295 = EDGE_CURVE('',#241,#296,#298,.T.);
#296 = VERTEX_POINT('',#297);
#297 = CARTESIAN_POINT('',(-0.3,-0.23,0.5));
#298 = CIRCLE('',#299,2.E-02);
#299 = AXIS2_PLACEMENT_3D('',#300,#301,#302);
#300 = CARTESIAN_POINT('',(-0.3,-0.23,0.48));
#301 = DIRECTION('',(-1.,0.,0.));
#302 = DIRECTION('',(0.,0.,1.));
#303 = ORIENTED_EDGE('',*,*,#304,.F.);
#304 = EDGE_CURVE('',#216,#296,#305,.T.);
#305 = LINE('',#306,#307);
#306 = CARTESIAN_POINT('',(-0.5,-0.23,0.5));
#307 = VECTOR('',#308,1.);
#308 = DIRECTION('',(1.,0.,0.));
#309 = ORIENTED_EDGE('',*,*,#223,.F.);
#310 = CYLINDRICAL_SURFACE('',#311,2.E-02);
#311 = AXIS2_PLACEMENT_3D('',#312,#313,#314);
#312 = CARTESIAN_POINT('',(-0.5,-0.23,0.48));
#313 = DIRECTION('',(1.,0.,0.));
#314 = DIRECTION('',(0.,-1.,0.));
#315 = ADVANCED_FACE('',(#316),#334,.F.);
#316 = FACE_BOUND('',#317,.F.);
#317 = EDGE_LOOP('',(#318,#319,#320,#328));
#318 = ORIENTED_EDGE('',*,*,#181,.F.);
#319 = ORIENTED_EDGE('',*,*,#270,.T.);
#320 = ORIENTED_EDGE('',*,*,#321,.T.);
#321 = EDGE_CURVE('',#271,#322,#324,.T.);
#322 = VERTEX_POINT('',#323);
#323 = CARTESIAN_POINT('',(-0.3,0.23,0.));
#324 = LINE('',#325,#326);
#325 = CARTESIAN_POINT('',(-0.3,-0.25,0.));
#326 = VECTOR('',#327,1.);
#327 = DIRECTION('',(0.,1.,0.));
#328 = ORIENTED_EDGE('',*,*,#329,.F.);
#329 = EDGE_CURVE('',#182,#322,#330,.T.);
#330 = LINE('',#331,#332);
#331 = CARTESIAN_POINT('',(-0.5,0.23,0.));
#332 = VECTOR('',#333,1.);
#333 = DIRECTION('',(1.,0.,0.));
#334 = PLANE('',#335);
#335 = AXIS2_PLACEMENT_3D('',#336,#337,#338);
#336 = CARTESIAN_POINT('',(-0.5,-0.25,0.));
#337 = DIRECTION('',(0.,0.,1.));
#338 = DIRECTION('',(1.,0.,-0.));
#339 = ADVANCED_FACE('',(#340),#358,.T.);
#340 = FACE_BOUND('',#341,.T.);
#341 = EDGE_LOOP('',(#342,#343,#344,#352));
#342 = ORIENTED_EDGE('',*,*,#215,.F.);
#343 = ORIENTED_EDGE('',*,*,#304,.T.);
#344 = ORIENTED_EDGE('',*,*,#345,.T.);
#345 = EDGE_CURVE('',#296,#346,#348,.T.);
#346 = VERTEX_POINT('',#347);
#347 = CARTESIAN_POINT('',(-0.3,0.23,0.5));
#348 = LINE('',#349,#350);
#349 = CARTESIAN_POINT('',(-0.3,-0.25,0.5));
#350 = VECTOR('',#351,1.);
#351 = DIRECTION('',(0.,1.,0.));
#352 = ORIENTED_EDGE('',*,*,#353,.F.);
#353 = EDGE_CURVE('',#207,#346,#354,.T.);
#354 = LINE('',#355,#356);
#355 = CARTESIAN_POINT('',(-0.5,0.23,0.5));
#356 = VECTOR('',#357,1.);
#357 = DIRECTION('',(1.,0.,0.));
#358 = PLANE('',#359);
#359 = AXIS2_PLACEMENT_3D('',#360,#361,#362);
#360 = CARTESIAN_POINT('',(-0.5,-0.25,0.5));
#361 = DIRECTION('',(0.,0.,1.));
#362 = DIRECTION('',(1.,0.,-0.));
#363 = ADVANCED_FACE('',(#364),#383,.T.);
#364 = FACE_BOUND('',#365,.T.);
#365 = EDGE_LOOP('',(#366,#374,#381,#382));
#366 = ORIENTED_EDGE('',*,*,#367,.T.);
#367 = EDGE_CURVE('',#190,#368,#370,.T.);
#368 = VERTEX_POINT('',#369);
#369 = CARTESIAN_POINT('',(-0.3,0.25,2.E-02));
#370 = LINE('',#371,#372);
#371 = CARTESIAN_POINT('',(-0.5,0.25,2.E-02));
#372 = VECTOR('',#373,1.);
#373 = DIRECTION('',(1.,0.,0.));
#374 = ORIENTED_EDGE('',*,*,#375,.T.);
#375 = EDGE_CURVE('',#368,#322,#376,.T.);
#376 = CIRCLE('',#377,2.E-02);
#377 = AXIS2_PLACEMENT_3D('',#378,#379,#380);
#378 = CARTESIAN_POINT('',(-0.3,0.23,2.E-02));
#379 = DIRECTION('',(-1.,0.,0.));
#380 = DIRECTION('',(0.,0.,1.));
#381 = ORIENTED_EDGE('',*,*,#329,.F.);
#382 = ORIENTED_EDGE('',*,*,#189,.F.);
#383 = CYLINDRICAL_SURFACE('',#384,2.E-02);
#384 = AXIS2_PLACEMENT_3D('',#385,#386,#387);
#385 = CARTESIAN_POINT('',(-0.5,0.23,2.E-02));
#386 = DIRECTION('',(1.,0.,0.));
#387 = DIRECTION('',(-0.,1.,0.));
#388 = ADVANCED_FACE('',(#389),#408,.T.);
#389 = FACE_BOUND('',#390,.T.);
#390 = EDGE_LOOP('',(#391,#392,#393,#402));
#391 = ORIENTED_EDGE('',*,*,#206,.T.);
#392 = ORIENTED_EDGE('',*,*,#353,.T.);
#393 = ORIENTED_EDGE('',*,*,#394,.F.);
#394 = EDGE_CURVE('',#395,#346,#397,.T.);
#395 = VERTEX_POINT('',#396);
#396 = CARTESIAN_POINT('',(-0.3,0.25,0.48));
#397 = CIRCLE('',#398,2.E-02);
#398 = AXIS2_PLACEMENT_3D('',#399,#400,#401);
#399 = CARTESIAN_POINT('',(-0.3,0.23,0.48));
#400 = DIRECTION('',(1.,0.,-0.));
#401 = DIRECTION('',(0.,0.,1.));
#402 = ORIENTED_EDGE('',*,*,#403,.F.);
#403 = EDGE_CURVE('',#199,#395,#404,.T.);
#404 = LINE('',#405,#406);
#405 = CARTESIAN_POINT('',(-0.5,0.25,0.48));
#406 = VECTOR('',#407,1.);
#407 = DIRECTION('',(1.,0.,0.));
#408 = CYLINDRICAL_SURFACE('',#409,2.E-02);
#409 = AXIS2_PLACEMENT_3D('',#410,#411,#412);
#410 = CARTESIAN_POINT('',(-0.5,0.23,0.48));
#411 = DIRECTION('',(1.,0.,0.));
#412 = DIRECTION('',(-0.,1.,0.));
#413 = ADVANCED_FACE('',(#414),#425,.T.);
#414 = FACE_BOUND('',#415,.T.);
#415 = EDGE_LOOP('',(#416,#422,#423,#424));
#416 = ORIENTED_EDGE('',*,*,#417,.F.);
#417 = EDGE_CURVE('',#368,#395,#418,.T.);
#418 = LINE('',#419,#420);
#419 = CARTESIAN_POINT('',(-0.3,0.25,0.));
#420 = VECTOR('',#421,1.);
#421 = DIRECTION('',(0.,0.,1.));
#422 = ORIENTED_EDGE('',*,*,#367,.F.);
#423 = ORIENTED_EDGE('',*,*,#198,.T.);
#424 = ORIENTED_EDGE('',*,*,#403,.T.);
#425 = PLANE('',#426);
#426 = AXIS2_PLACEMENT_3D('',#427,#428,#429);
#427 = CARTESIAN_POINT('',(-0.5,0.25,0.));
#428 = DIRECTION('',(0.,1.,0.));
#429 = DIRECTION('',(0.,-0.,1.));
#430 = ADVANCED_FACE('',(#431,#441),#511,.T.);
#431 = FACE_BOUND('',#432,.T.);
#432 = EDGE_LOOP('',(#433,#434,#435,#436,#437,#438,#439,#440));
#433 = ORIENTED_EDGE('',*,*,#238,.F.);
#434 = ORIENTED_EDGE('',*,*,#278,.T.);
#435 = ORIENTED_EDGE('',*,*,#321,.T.);
#436 = ORIENTED_EDGE('',*,*,#375,.F.);
#437 = ORIENTED_EDGE('',*,*,#417,.T.);
#438 = ORIENTED_EDGE('',*,*,#394,.T.);
#439 = ORIENTED_EDGE('',*,*,#345,.F.);
#440 = ORIENTED_EDGE('',*,*,#295,.F.);
#441 = FACE_BOUND('',#442,.T.);
#442 = EDGE_LOOP('',(#443,#454,#462,#471,#479,#488,#496,#505));
#443 = ORIENTED_EDGE('',*,*,#444,.F.);
#444 = EDGE_CURVE('',#445,#447,#449,.T.);
#445 = VERTEX_POINT('',#446);
#446 = CARTESIAN_POINT('',(-0.3,-0.23,4.E-02));
#447 = VERTEX_POINT('',#448);
#448 = CARTESIAN_POINT('',(-0.3,-0.21,2.E-02));
#449 = CIRCLE('',#450,2.E-02);
#450 = AXIS2_PLACEMENT_3D('',#451,#452,#453);
#451 = CARTESIAN_POINT('',(-0.3,-0.21,4.E-02));
#452 = DIRECTION('',(1.,0.,-0.));
#453 = DIRECTION('',(0.,0.,1.));
#454 = ORIENTED_EDGE('',*,*,#455,.T.);
#455 = EDGE_CURVE('',#445,#456,#458,.T.);
#456 = VERTEX_POINT('',#457);
#457 = CARTESIAN_POINT('',(-0.3,-0.23,0.46));
#458 = LINE('',#459,#460);
#459 = CARTESIAN_POINT('',(-0.3,-0.23,2.E-02));
#460 = VECTOR('',#461,1.);
#461 = DIRECTION('',(0.,0.,1.));
#462 = ORIENTED_EDGE('',*,*,#463,.T.);
#463 = EDGE_CURVE('',#456,#464,#466,.T.);
#464 = VERTEX_POINT('',#465);
#465 = CARTESIAN_POINT('',(-0.3,-0.21,0.48));
#466 = CIRCLE('',#467,2.E-02);
#467 = AXIS2_PLACEMENT_3D('',#468,#469,#470);
#468 = CARTESIAN_POINT('',(-0.3,-0.21,0.46));
#469 = DIRECTION('',(-1.,0.,0.));
#470 = DIRECTION('',(0.,0.,1.));
#471 = ORIENTED_EDGE('',*,*,#472,.T.);
#472 = EDGE_CURVE('',#464,#473,#475,.T.);
#473 = VERTEX_POINT('',#474);
#474 = CARTESIAN_POINT('',(-0.3,0.21,0.48));
#475 = LINE('',#476,#477);
#476 = CARTESIAN_POINT('',(-0.3,-0.23,0.48));
#477 = VECTOR('',#478,1.);
#478 = DIRECTION('',(0.,1.,0.));
#479 = ORIENTED_EDGE('',*,*,#480,.F.);
#480 = EDGE_CURVE('',#481,#473,#483,.T.);
#481 = VERTEX_POINT('',#482);
#482 = CARTESIAN_POINT('',(-0.3,0.23,0.46));
#483 = CIRCLE('',#484,2.E-02);
#484 = AXIS2_PLACEMENT_3D('',#485,#486,#487);
#485 = CARTESIAN_POINT('',(-0.3,0.21,0.46));
#486 = DIRECTION('',(1.,0.,-0.));
#487 = DIRECTION('',(0.,0.,1.));
#488 = ORIENTED_EDGE('',*,*,#489,.F.);
#489 = EDGE_CURVE('',#490,#481,#492,.T.);
#490 = VERTEX_POINT('',#491);
#491 = CARTESIAN_POINT('',(-0.3,0.23,4.E-02));
#492 = LINE('',#493,#494);
#493 = CARTESIAN_POINT('',(-0.3,0.23,2.E-02));
#494 = VECTOR('',#495,1.);
#495 = DIRECTION('',(0.,0.,1.));
#496 = ORIENTED_EDGE('',*,*,#497,.T.);
#497 = EDGE_CURVE('',#490,#498,#500,.T.);
#498 = VERTEX_POINT('',#499);
#499 = CARTESIAN_POINT('',(-0.3,0.21,2.E-02));
#500 = CIRCLE('',#501,2.E-02);
#501 = AXIS2_PLACEMENT_3D('',#502,#503,#504);
#502 = CARTESIAN_POINT('',(-0.3,0.21,4.E-02));
#503 = DIRECTION('',(-1.,0.,0.));
#504 = DIRECTION('',(0.,0.,1.));
#505 = ORIENTED_EDGE('',*,*,#506,.F.);
#506 = EDGE_CURVE('',#447,#498,#507,.T.);
#507 = LINE('',#508,#509);
#508 = CARTESIAN_POINT('',(-0.3,-0.23,2.E-02));
#509 = VECTOR('',#510,1.);
#510 = DIRECTION('',(0.,1.,0.));
#511 = PLANE('',#512);
#512 = AXIS2_PLACEMENT_3D('',#513,#514,#515);
#513 = CARTESIAN_POINT('',(-0.3,-0.25,0.));
#514 = DIRECTION('',(1.,0.,0.));
#515 = DIRECTION('',(0.,0.,1.));
#516 = ADVANCED_FACE('',(#517),#543,.T.);
#517 = FACE_BOUND('',#518,.T.);
#518 = EDGE_LOOP('',(#519,#520,#528,#537));
#519 = ORIENTED_EDGE('',*,*,#444,.T.);
#520 = ORIENTED_EDGE('',*,*,#521,.T.);
#521 = EDGE_CURVE('',#447,#522,#524,.T.);
#522 = VERTEX_POINT('',#523);
#523 = CARTESIAN_POINT('',(0.3,-0.21,2.E-02));
#524 = LINE('',#525,#526);
#525 = CARTESIAN_POINT('',(-0.3,-0.21,2.E-02));
#526 = VECTOR('',#527,1.);
#527 = DIRECTION('',(1.,0.,0.));
#528 = ORIENTED_EDGE('',*,*,#529,.F.);
#529 = EDGE_CURVE('',#530,#522,#532,.T.);
#530 = VERTEX_POINT('',#531);
#531 = CARTESIAN_POINT('',(0.3,-0.23,4.E-02));
#532 = CIRCLE('',#533,2.E-02);
#533 = AXIS2_PLACEMENT_3D('',#534,#535,#536);
#534 = CARTESIAN_POINT('',(0.3,-0.21,4.E-02));
#535 = DIRECTION('',(1.,0.,-0.));
#536 = DIRECTION('',(0.,0.,1.));
#537 = ORIENTED_EDGE('',*,*,#538,.F.);
#538 = EDGE_CURVE('',#445,#530,#539,.T.);
#539 = LINE('',#540,#541);
#540 = CARTESIAN_POINT('',(-0.3,-0.23,4.E-02));
#541 = VECTOR('',#542,1.);
#542 = DIRECTION('',(1.,0.,0.));
#543 = CYLINDRICAL_SURFACE('',#544,2.E-02);
#544 = AXIS2_PLACEMENT_3D('',#545,#546,#547);
#545 = CARTESIAN_POINT('',(-0.3,-0.21,4.E-02));
#546 = DIRECTION('',(1.,0.,0.));
#547 = DIRECTION('',(0.,-1.,0.));
#548 = ADVANCED_FACE('',(#549),#567,.F.);
#549 = FACE_BOUND('',#550,.F.);
#550 = EDGE_LOOP('',(#551,#552,#553,#561));
#551 = ORIENTED_EDGE('',*,*,#506,.F.);
#552 = ORIENTED_EDGE('',*,*,#521,.T.);
#553 = ORIENTED_EDGE('',*,*,#554,.T.);
#554 = EDGE_CURVE('',#522,#555,#557,.T.);
#555 = VERTEX_POINT('',#556);
#556 = CARTESIAN_POINT('',(0.3,0.21,2.E-02));
#557 = LINE('',#558,#559);
#558 = CARTESIAN_POINT('',(0.3,-0.23,2.E-02));
#559 = VECTOR('',#560,1.);
#560 = DIRECTION('',(0.,1.,0.));
#561 = ORIENTED_EDGE('',*,*,#562,.F.);
#562 = EDGE_CURVE('',#498,#555,#563,.T.);
#563 = LINE('',#564,#565);
#564 = CARTESIAN_POINT('',(-0.3,0.21,2.E-02));
#565 = VECTOR('',#566,1.);
#566 = DIRECTION('',(1.,0.,0.));
#567 = PLANE('',#568);
#568 = AXIS2_PLACEMENT_3D('',#569,#570,#571);
#569 = CARTESIAN_POINT('',(-0.3,-0.23,2.E-02));
#570 = DIRECTION('',(0.,0.,1.));
#571 = DIRECTION('',(1.,0.,-0.));
#572 = ADVANCED_FACE('',(#573),#592,.T.);
#573 = FACE_BOUND('',#574,.T.);
#574 = EDGE_LOOP('',(#575,#583,#590,#591));
#575 = ORIENTED_EDGE('',*,*,#576,.T.);
#576 = EDGE_CURVE('',#490,#577,#579,.T.);
#577 = VERTEX_POINT('',#578);
#578 = CARTESIAN_POINT('',(0.3,0.23,4.E-02));
#579 = LINE('',#580,#581);
#580 = CARTESIAN_POINT('',(-0.3,0.23,4.E-02));
#581 = VECTOR('',#582,1.);
#582 = DIRECTION('',(1.,0.,0.));
#583 = ORIENTED_EDGE('',*,*,#584,.T.);
#584 = EDGE_CURVE('',#577,#555,#585,.T.);
#585 = CIRCLE('',#586,2.E-02);
#586 = AXIS2_PLACEMENT_3D('',#587,#588,#589);
#587 = CARTESIAN_POINT('',(0.3,0.21,4.E-02));
#588 = DIRECTION('',(-1.,0.,0.));
#589 = DIRECTION('',(0.,0.,1.));
#590 = ORIENTED_EDGE('',*,*,#562,.F.);
#591 = ORIENTED_EDGE('',*,*,#497,.F.);
#592 = CYLINDRICAL_SURFACE('',#593,2.E-02);
#593 = AXIS2_PLACEMENT_3D('',#594,#595,#596);
#594 = CARTESIAN_POINT('',(-0.3,0.21,4.E-02));
#595 = DIRECTION('',(1.,0.,0.));
#596 = DIRECTION('',(-0.,1.,0.));
#597 = ADVANCED_FACE('',(#598),#616,.T.);
#598 = FACE_BOUND('',#599,.T.);
#599 = EDGE_LOOP('',(#600,#608,#609,#610));
#600 = ORIENTED_EDGE('',*,*,#601,.F.);
#601 = EDGE_CURVE('',#577,#602,#604,.T.);
#602 = VERTEX_POINT('',#603);
#603 = CARTESIAN_POINT('',(0.3,0.23,0.46));
#604 = LINE('',#605,#606);
#605 = CARTESIAN_POINT('',(0.3,0.23,2.E-02));
#606 = VECTOR('',#607,1.);
#607 = DIRECTION('',(0.,0.,1.));
#608 = ORIENTED_EDGE('',*,*,#576,.F.);
#609 = ORIENTED_EDGE('',*,*,#489,.T.);
#610 = ORIENTED_EDGE('',*,*,#611,.T.);
#611 = EDGE_CURVE('',#481,#602,#612,.T.);
#612 = LINE('',#613,#614);
#613 = CARTESIAN_POINT('',(-0.3,0.23,0.46));
#614 = VECTOR('',#615,1.);
#615 = DIRECTION('',(1.,0.,0.));
#616 = PLANE('',#617);
#617 = AXIS2_PLACEMENT_3D('',#618,#619,#620);
#618 = CARTESIAN_POINT('',(-0.3,0.23,2.E-02));
#619 = DIRECTION('',(0.,1.,0.));
#620 = DIRECTION('',(0.,-0.,1.));
#621 = ADVANCED_FACE('',(#622),#641,.T.);
#622 = FACE_BOUND('',#623,.T.);
#623 = EDGE_LOOP('',(#624,#625,#633,#640));
#624 = ORIENTED_EDGE('',*,*,#480,.T.);
#625 = ORIENTED_EDGE('',*,*,#626,.T.);
#626 = EDGE_CURVE('',#473,#627,#629,.T.);
#627 = VERTEX_POINT('',#628);
#628 = CARTESIAN_POINT('',(0.3,0.21,0.48));
#629 = LINE('',#630,#631);
#630 = CARTESIAN_POINT('',(-0.3,0.21,0.48));
#631 = VECTOR('',#632,1.);
#632 = DIRECTION('',(1.,0.,0.));
#633 = ORIENTED_EDGE('',*,*,#634,.F.);
#634 = EDGE_CURVE('',#602,#627,#635,.T.);
#635 = CIRCLE('',#636,2.E-02);
#636 = AXIS2_PLACEMENT_3D('',#637,#638,#639);
#637 = CARTESIAN_POINT('',(0.3,0.21,0.46));
#638 = DIRECTION('',(1.,0.,-0.));
#639 = DIRECTION('',(0.,0.,1.));
#640 = ORIENTED_EDGE('',*,*,#611,.F.);
#641 = CYLINDRICAL_SURFACE('',#642,2.E-02);
#642 = AXIS2_PLACEMENT_3D('',#643,#644,#645);
#643 = CARTESIAN_POINT('',(-0.3,0.21,0.46));
#644 = DIRECTION('',(1.,0.,0.));
#645 = DIRECTION('',(-0.,1.,0.));
#646 = ADVANCED_FACE('',(#647),#665,.T.);
#647 = FACE_BOUND('',#648,.T.);
#648 = EDGE_LOOP('',(#649,#650,#658,#664));
#649 = ORIENTED_EDGE('',*,*,#472,.F.);
#650 = ORIENTED_EDGE('',*,*,#651,.T.);
#651 = EDGE_CURVE('',#464,#652,#654,.T.);
#652 = VERTEX_POINT('',#653);
#653 = CARTESIAN_POINT('',(0.3,-0.21,0.48));
#654 = LINE('',#655,#656);
#655 = CARTESIAN_POINT('',(-0.3,-0.21,0.48));
#656 = VECTOR('',#657,1.);
#657 = DIRECTION('',(1.,0.,0.));
#658 = ORIENTED_EDGE('',*,*,#659,.T.);
#659 = EDGE_CURVE('',#652,#627,#660,.T.);
#660 = LINE('',#661,#662);
#661 = CARTESIAN_POINT('',(0.3,-0.23,0.48));
#662 = VECTOR('',#663,1.);
#663 = DIRECTION('',(0.,1.,0.));
#664 = ORIENTED_EDGE('',*,*,#626,.F.);
#665 = PLANE('',#666);
#666 = AXIS2_PLACEMENT_3D('',#667,#668,#669);
#667 = CARTESIAN_POINT('',(-0.3,-0.23,0.48));
#668 = DIRECTION('',(0.,0.,1.));
#669 = DIRECTION('',(1.,0.,-0.));
#670 = ADVANCED_FACE('',(#671),#690,.T.);
#671 = FACE_BOUND('',#672,.T.);
#672 = EDGE_LOOP('',(#673,#681,#688,#689));
#673 = ORIENTED_EDGE('',*,*,#674,.T.);
#674 = EDGE_CURVE('',#456,#675,#677,.T.);
#675 = VERTEX_POINT('',#676);
#676 = CARTESIAN_POINT('',(0.3,-0.23,0.46));
#677 = LINE('',#678,#679);
#678 = CARTESIAN_POINT('',(-0.3,-0.23,0.46));
#679 = VECTOR('',#680,1.);
#680 = DIRECTION('',(1.,0.,0.));
#681 = ORIENTED_EDGE('',*,*,#682,.T.);
#682 = EDGE_CURVE('',#675,#652,#683,.T.);
#683 = CIRCLE('',#684,2.E-02);
#684 = AXIS2_PLACEMENT_3D('',#685,#686,#687);
#685 = CARTESIAN_POINT('',(0.3,-0.21,0.46));
#686 = DIRECTION('',(-1.,0.,0.));
#687 = DIRECTION('',(0.,0.,1.));
#688 = ORIENTED_EDGE('',*,*,#651,.F.);
#689 = ORIENTED_EDGE('',*,*,#463,.F.);
#690 = CYLINDRICAL_SURFACE('',#691,2.E-02);
#691 = AXIS2_PLACEMENT_3D('',#692,#693,#694);
#692 = CARTESIAN_POINT('',(-0.3,-0.21,0.46));
#693 = DIRECTION('',(1.,0.,0.));
#694 = DIRECTION('',(0.,-1.,0.));
#695 = ADVANCED_FACE('',(#696),#707,.F.);
#696 = FACE_BOUND('',#697,.F.);
#697 = EDGE_LOOP('',(#698,#704,#705,#706));
#698 = ORIENTED_EDGE('',*,*,#699,.F.);
#699 = EDGE_CURVE('',#530,#675,#700,.T.);
#700 = LINE('',#701,#702);
#701 = CARTESIAN_POINT('',(0.3,-0.23,2.E-02));
#702 = VECTOR('',#703,1.);
#703 = DIRECTION('',(0.,0.,1.));
#704 = ORIENTED_EDGE('',*,*,#538,.F.);
#705 = ORIENTED_EDGE('',*,*,#455,.T.);
#706 = ORIENTED_EDGE('',*,*,#674,.T.);
#707 = PLANE('',#708);
#708 = AXIS2_PLACEMENT_3D('',#709,#710,#711);
#709 = CARTESIAN_POINT('',(-0.3,-0.23,2.E-02));
#710 = DIRECTION('',(0.,1.,0.));
#711 = DIRECTION('',(0.,-0.,1.));
#712 = ADVANCED_FACE('',(#713,#783),#793,.F.);
#713 = FACE_BOUND('',#714,.F.);
#714 = EDGE_LOOP('',(#715,#725,#734,#742,#751,#759,#768,#776));
#715 = ORIENTED_EDGE('',*,*,#716,.F.);
#716 = EDGE_CURVE('',#717,#719,#721,.T.);
#717 = VERTEX_POINT('',#718);
#718 = CARTESIAN_POINT('',(0.3,-0.25,2.E-02));
#719 = VERTEX_POINT('',#720);
#720 = CARTESIAN_POINT('',(0.3,-0.25,0.48));
#721 = LINE('',#722,#723);
#722 = CARTESIAN_POINT('',(0.3,-0.25,0.));
#723 = VECTOR('',#724,1.);
#724 = DIRECTION('',(0.,0.,1.));
#725 = ORIENTED_EDGE('',*,*,#726,.T.);
#726 = EDGE_CURVE('',#717,#727,#729,.T.);
#727 = VERTEX_POINT('',#728);
#728 = CARTESIAN_POINT('',(0.3,-0.23,0.));
#729 = CIRCLE('',#730,2.E-02);
#730 = AXIS2_PLACEMENT_3D('',#731,#732,#733);
#731 = CARTESIAN_POINT('',(0.3,-0.23,2.E-02));
#732 = DIRECTION('',(1.,0.,-0.));
#733 = DIRECTION('',(0.,0.,1.));
#734 = ORIENTED_EDGE('',*,*,#735,.T.);
#735 = EDGE_CURVE('',#727,#736,#738,.T.);
#736 = VERTEX_POINT('',#737);
#737 = CARTESIAN_POINT('',(0.3,0.23,0.));
#738 = LINE('',#739,#740);
#739 = CARTESIAN_POINT('',(0.3,-0.25,0.));
#740 = VECTOR('',#741,1.);
#741 = DIRECTION('',(0.,1.,0.));
#742 = ORIENTED_EDGE('',*,*,#743,.F.);
#743 = EDGE_CURVE('',#744,#736,#746,.T.);
#744 = VERTEX_POINT('',#745);
#745 = CARTESIAN_POINT('',(0.3,0.25,2.E-02));
#746 = CIRCLE('',#747,2.E-02);
#747 = AXIS2_PLACEMENT_3D('',#748,#749,#750);
#748 = CARTESIAN_POINT('',(0.3,0.23,2.E-02));
#749 = DIRECTION('',(-1.,0.,0.));
#750 = DIRECTION('',(0.,0.,1.));
#751 = ORIENTED_EDGE('',*,*,#752,.T.);
#752 = EDGE_CURVE('',#744,#753,#755,.T.);
#753 = VERTEX_POINT('',#754);
#754 = CARTESIAN_POINT('',(0.3,0.25,0.48));
#755 = LINE('',#756,#757);
#756 = CARTESIAN_POINT('',(0.3,0.25,0.));
#757 = VECTOR('',#758,1.);
#758 = DIRECTION('',(0.,0.,1.));
#759 = ORIENTED_EDGE('',*,*,#760,.T.);
#760 = EDGE_CURVE('',#753,#761,#763,.T.);
#761 = VERTEX_POINT('',#762);
#762 = CARTESIAN_POINT('',(0.3,0.23,0.5));
#763 = CIRCLE('',#764,2.E-02);
#764 = AXIS2_PLACEMENT_3D('',#765,#766,#767);
#765 = CARTESIAN_POINT('',(0.3,0.23,0.48));
#766 = DIRECTION('',(1.,0.,-0.));
#767 = DIRECTION('',(0.,0.,1.));
#768 = ORIENTED_EDGE('',*,*,#769,.F.);
#769 = EDGE_CURVE('',#770,#761,#772,.T.);
#770 = VERTEX_POINT('',#771);
#771 = CARTESIAN_POINT('',(0.3,-0.23,0.5));
#772 = LINE('',#773,#774);
#773 = CARTESIAN_POINT('',(0.3,-0.25,0.5));
#774 = VECTOR('',#775,1.);
#775 = DIRECTION('',(0.,1.,0.));
#776 = ORIENTED_EDGE('',*,*,#777,.F.);
#777 = EDGE_CURVE('',#719,#770,#778,.T.);
#778 = CIRCLE('',#779,2.E-02);
#779 = AXIS2_PLACEMENT_3D('',#780,#781,#782);
#780 = CARTESIAN_POINT('',(0.3,-0.23,0.48));
#781 = DIRECTION('',(-1.,0.,0.));
#782 = DIRECTION('',(0.,0.,1.));
#783 = FACE_BOUND('',#784,.F.);
#784 = EDGE_LOOP('',(#785,#786,#787,#788,#789,#790,#791,#792));
#785 = ORIENTED_EDGE('',*,*,#529,.F.);
#786 = ORIENTED_EDGE('',*,*,#699,.T.);
#787 = ORIENTED_EDGE('',*,*,#682,.T.);
#788 = ORIENTED_EDGE('',*,*,#659,.T.);
#789 = ORIENTED_EDGE('',*,*,#634,.F.);
#790 = ORIENTED_EDGE('',*,*,#601,.F.);
#791 = ORIENTED_EDGE('',*,*,#584,.T.);
#792 = ORIENTED_EDGE('',*,*,#554,.F.);
#793 = PLANE('',#794);
#794 = AXIS2_PLACEMENT_3D('',#795,#796,#797);
#795 = CARTESIAN_POINT('',(0.3,-0.25,0.));
#796 = DIRECTION('',(1.,0.,0.));
#797 = DIRECTION('',(0.,0.,1.));
#798 = ADVANCED_FACE('',(#799),#824,.F.);
#799 = FACE_BOUND('',#800,.F.);
#800 = EDGE_LOOP('',(#801,#811,#817,#818));
#801 = ORIENTED_EDGE('',*,*,#802,.F.);
#802 = EDGE_CURVE('',#803,#805,#807,.T.);
#803 = VERTEX_POINT('',#804);
#804 = CARTESIAN_POINT('',(0.5,-0.25,2.E-02));
#805 = VERTEX_POINT('',#806);
#806 = CARTESIAN_POINT('',(0.5,-0.25,0.48));
#807 = LINE('',#808,#809);
#808 = CARTESIAN_POINT('',(0.5,-0.25,0.));
#809 = VECTOR('',#810,1.);
#810 = DIRECTION('',(0.,0.,1.));
#811 = ORIENTED_EDGE('',*,*,#812,.F.);
#812 = EDGE_CURVE('',#717,#803,#813,.T.);
#813 = LINE('',#814,#815);
#814 = CARTESIAN_POINT('',(0.3,-0.25,2.E-02));
#815 = VECTOR('',#816,1.);
#816 = DIRECTION('',(1.,0.,0.));
#817 = ORIENTED_EDGE('',*,*,#716,.T.);
#818 = ORIENTED_EDGE('',*,*,#819,.T.);
#819 = EDGE_CURVE('',#719,#805,#820,.T.);
#820 = LINE('',#821,#822);
#821 = CARTESIAN_POINT('',(0.3,-0.25,0.48));
#822 = VECTOR('',#823,1.);
#823 = DIRECTION('',(1.,0.,0.));
#824 = PLANE('',#825);
#825 = AXIS2_PLACEMENT_3D('',#826,#827,#828);
#826 = CARTESIAN_POINT('',(0.3,-0.25,0.));
#827 = DIRECTION('',(0.,1.,0.));
#828 = DIRECTION('',(0.,-0.,1.));
#829 = ADVANCED_FACE('',(#830),#849,.T.);
#830 = FACE_BOUND('',#831,.T.);
#831 = EDGE_LOOP('',(#832,#833,#841,#848));
#832 = ORIENTED_EDGE('',*,*,#726,.T.);
#833 = ORIENTED_EDGE('',*,*,#834,.T.);
#834 = EDGE_CURVE('',#727,#835,#837,.T.);
#835 = VERTEX_POINT('',#836);
#836 = CARTESIAN_POINT('',(0.5,-0.23,0.));
#837 = LINE('',#838,#839);
#838 = CARTESIAN_POINT('',(0.3,-0.23,0.));
#839 = VECTOR('',#840,1.);
#840 = DIRECTION('',(1.,0.,0.));
#841 = ORIENTED_EDGE('',*,*,#842,.F.);
#842 = EDGE_CURVE('',#803,#835,#843,.T.);
#843 = CIRCLE('',#844,2.E-02);
#844 = AXIS2_PLACEMENT_3D('',#845,#846,#847);
#845 = CARTESIAN_POINT('',(0.5,-0.23,2.E-02));
#846 = DIRECTION('',(1.,0.,-0.));
#847 = DIRECTION('',(0.,0.,1.));
#848 = ORIENTED_EDGE('',*,*,#812,.F.);
#849 = CYLINDRICAL_SURFACE('',#850,2.E-02);
#850 = AXIS2_PLACEMENT_3D('',#851,#852,#853);
#851 = CARTESIAN_POINT('',(0.3,-0.23,2.E-02));
#852 = DIRECTION('',(1.,0.,0.));
#853 = DIRECTION('',(0.,-1.,0.));
#854 = ADVANCED_FACE('',(#855),#874,.T.);
#855 = FACE_BOUND('',#856,.T.);
#856 = EDGE_LOOP('',(#857,#858,#867,#873));
#857 = ORIENTED_EDGE('',*,*,#819,.T.);
#858 = ORIENTED_EDGE('',*,*,#859,.T.);
#859 = EDGE_CURVE('',#805,#860,#862,.T.);
#860 = VERTEX_POINT('',#861);
#861 = CARTESIAN_POINT('',(0.5,-0.23,0.5));
#862 = CIRCLE('',#863,2.E-02);
#863 = AXIS2_PLACEMENT_3D('',#864,#865,#866);
#864 = CARTESIAN_POINT('',(0.5,-0.23,0.48));
#865 = DIRECTION('',(-1.,0.,0.));
#866 = DIRECTION('',(0.,0.,1.));
#867 = ORIENTED_EDGE('',*,*,#868,.F.);
#868 = EDGE_CURVE('',#770,#860,#869,.T.);
#869 = LINE('',#870,#871);
#870 = CARTESIAN_POINT('',(0.3,-0.23,0.5));
#871 = VECTOR('',#872,1.);
#872 = DIRECTION('',(1.,0.,0.));
#873 = ORIENTED_EDGE('',*,*,#777,.F.);
#874 = CYLINDRICAL_SURFACE('',#875,2.E-02);
#875 = AXIS2_PLACEMENT_3D('',#876,#877,#878);
#876 = CARTESIAN_POINT('',(0.3,-0.23,0.48));
#877 = DIRECTION('',(1.,0.,0.));
#878 = DIRECTION('',(0.,-1.,0.));
#879 = ADVANCED_FACE('',(#880),#898,.F.);
#880 = FACE_BOUND('',#881,.F.);
#881 = EDGE_LOOP('',(#882,#883,#884,#892));
#882 = ORIENTED_EDGE('',*,*,#735,.F.);
#883 = ORIENTED_EDGE('',*,*,#834,.T.);
#884 = ORIENTED_EDGE('',*,*,#885,.T.);
#885 = EDGE_CURVE('',#835,#886,#888,.T.);
#886 = VERTEX_POINT('',#887);
#887 = CARTESIAN_POINT('',(0.5,0.23,0.));
#888 = LINE('',#889,#890);
#889 = CARTESIAN_POINT('',(0.5,-0.25,0.));
#890 = VECTOR('',#891,1.);
#891 = DIRECTION('',(0.,1.,0.));
#892 = ORIENTED_EDGE('',*,*,#893,.F.);
#893 = EDGE_CURVE('',#736,#886,#894,.T.);
#894 = LINE('',#895,#896);
#895 = CARTESIAN_POINT('',(0.3,0.23,0.));
#896 = VECTOR('',#897,1.);
#897 = DIRECTION('',(1.,0.,0.));
#898 = PLANE('',#899);
#899 = AXIS2_PLACEMENT_3D('',#900,#901,#902);
#900 = CARTESIAN_POINT('',(0.3,-0.25,0.));
#901 = DIRECTION('',(0.,0.,1.));
#902 = DIRECTION('',(1.,0.,-0.));
#903 = ADVANCED_FACE('',(#904),#922,.T.);
#904 = FACE_BOUND('',#905,.T.);
#905 = EDGE_LOOP('',(#906,#907,#908,#916));
#906 = ORIENTED_EDGE('',*,*,#769,.F.);
#907 = ORIENTED_EDGE('',*,*,#868,.T.);
#908 = ORIENTED_EDGE('',*,*,#909,.T.);
#909 = EDGE_CURVE('',#860,#910,#912,.T.);
#910 = VERTEX_POINT('',#911);
#911 = CARTESIAN_POINT('',(0.5,0.23,0.5));
#912 = LINE('',#913,#914);
#913 = CARTESIAN_POINT('',(0.5,-0.25,0.5));
#914 = VECTOR('',#915,1.);
#915 = DIRECTION('',(0.,1.,0.));
#916 = ORIENTED_EDGE('',*,*,#917,.F.);
#917 = EDGE_CURVE('',#761,#910,#918,.T.);
#918 = LINE('',#919,#920);
#919 = CARTESIAN_POINT('',(0.3,0.23,0.5));
#920 = VECTOR('',#921,1.);
#921 = DIRECTION('',(1.,0.,0.));
#922 = PLANE('',#923);
#923 = AXIS2_PLACEMENT_3D('',#924,#925,#926);
#924 = CARTESIAN_POINT('',(0.3,-0.25,0.5));
#925 = DIRECTION('',(0.,0.,1.));
#926 = DIRECTION('',(1.,0.,-0.));
#927 = ADVANCED_FACE('',(#928),#947,.T.);
#928 = FACE_BOUND('',#929,.T.);
#929 = EDGE_LOOP('',(#930,#938,#945,#946));
#930 = ORIENTED_EDGE('',*,*,#931,.T.);
#931 = EDGE_CURVE('',#744,#932,#934,.T.);
#932 = VERTEX_POINT('',#933);
#933 = CARTESIAN_POINT('',(0.5,0.25,2.E-02));
#934 = LINE('',#935,#936);
#935 = CARTESIAN_POINT('',(0.3,0.25,2.E-02));
#936 = VECTOR('',#937,1.);
#937 = DIRECTION('',(1.,0.,0.));
#938 = ORIENTED_EDGE('',*,*,#939,.T.);
#939 = EDGE_CURVE('',#932,#886,#940,.T.);
#940 = CIRCLE('',#941,2.E-02);
#941 = AXIS2_PLACEMENT_3D('',#942,#943,#944);
#942 = CARTESIAN_POINT('',(0.5,0.23,2.E-02));
#943 = DIRECTION('',(-1.,0.,0.));
#944 = DIRECTION('',(0.,0.,1.));
#945 = ORIENTED_EDGE('',*,*,#893,.F.);
#946 = ORIENTED_EDGE('',*,*,#743,.F.);
#947 = CYLINDRICAL_SURFACE('',#948,2.E-02);
#948 = AXIS2_PLACEMENT_3D('',#949,#950,#951);
#949 = CARTESIAN_POINT('',(0.3,0.23,2.E-02));
#950 = DIRECTION('',(1.,0.,0.));
#951 = DIRECTION('',(-0.,1.,0.));
#952 = ADVANCED_FACE('',(#953),#972,.T.);
#953 = FACE_BOUND('',#954,.T.);
#954 = EDGE_LOOP('',(#955,#956,#957,#966));
#955 = ORIENTED_EDGE('',*,*,#760,.T.);
#956 = ORIENTED_EDGE('',*,*,#917,.T.);
#957 = ORIENTED_EDGE('',*,*,#958,.F.);
#958 = EDGE_CURVE('',#959,#910,#961,.T.);
#959 = VERTEX_POINT('',#960);
#960 = CARTESIAN_POINT('',(0.5,0.25,0.48));
#961 = CIRCLE('',#962,2.E-02);
#962 = AXIS2_PLACEMENT_3D('',#963,#964,#965);
#963 = CARTESIAN_POINT('',(0.5,0.23,0.48));
#964 = DIRECTION('',(1.,0.,-0.));
#965 = DIRECTION('',(0.,0.,1.));
#966 = ORIENTED_EDGE('',*,*,#967,.F.);
#967 = EDGE_CURVE('',#753,#959,#968,.T.);
#968 = LINE('',#969,#970);
#969 = CARTESIAN_POINT('',(0.3,0.25,0.48));
#970 = VECTOR('',#971,1.);
#971 = DIRECTION('',(1.,0.,0.));
#972 = CYLINDRICAL_SURFACE('',#973,2.E-02);
#973 = AXIS2_PLACEMENT_3D('',#974,#975,#976);
#974 = CARTESIAN_POINT('',(0.3,0.23,0.48));
#975 = DIRECTION('',(1.,0.,0.));
#976 = DIRECTION('',(-0.,1.,0.));
#977 = ADVANCED_FACE('',(#978),#989,.T.);
#978 = FACE_BOUND('',#979,.T.);
#979 = EDGE_LOOP('',(#980,#986,#987,#988));
#980 = ORIENTED_EDGE('',*,*,#981,.F.);
#981 = EDGE_CURVE('',#932,#959,#982,.T.);
#982 = LINE('',#983,#984);
#983 = CARTESIAN_POINT('',(0.5,0.25,0.));
#984 = VECTOR('',#985,1.);
#985 = DIRECTION('',(0.,0.,1.));
#986 = ORIENTED_EDGE('',*,*,#931,.F.);
#987 = ORIENTED_EDGE('',*,*,#752,.T.);
#988 = ORIENTED_EDGE('',*,*,#967,.T.);
#989 = PLANE('',#990);
#990 = AXIS2_PLACEMENT_3D('',#991,#992,#993);
#991 = CARTESIAN_POINT('',(0.3,0.25,0.));
#992 = DIRECTION('',(0.,1.,0.));
#993 = DIRECTION('',(0.,-0.,1.));
#994 = ADVANCED_FACE('',(#995),#1005,.T.);
#995 = FACE_BOUND('',#996,.T.);
#996 = EDGE_LOOP('',(#997,#998,#999,#1000,#1001,#1002,#1003,#1004));
#997 = ORIENTED_EDGE('',*,*,#802,.F.);
#998 = ORIENTED_EDGE('',*,*,#842,.T.);
#999 = ORIENTED_EDGE('',*,*,#885,.T.);
#1000 = ORIENTED_EDGE('',*,*,#939,.F.);
#1001 = ORIENTED_EDGE('',*,*,#981,.T.);
#1002 = ORIENTED_EDGE('',*,*,#958,.T.);
#1003 = ORIENTED_EDGE('',*,*,#909,.F.);
#1004 = ORIENTED_EDGE('',*,*,#859,.F.);
#1005 = PLANE('',#1006);
#1006 = AXIS2_PLACEMENT_3D('',#1007,#1008,#1009);
#1007 = CARTESIAN_POINT('',(0.5,-0.25,0.));
#1008 = DIRECTION('',(1.,0.,0.));
#1009 = DIRECTION('',(0.,0.,1.));
#1010 = ( GEOMETRIC_REPRESENTATION_CONTEXT(3) 
GLOBAL_UNCERTAINTY_ASSIGNED_CONTEXT((#1014)) 
GLOBAL_UNIT_ASSIGNED_CONTEXT((#1011,#1012,#1013)) REPRESENTATION_CONTEXT
('Context #1','3D Context with UNIT and UNCERTAINTY') );
#1011 = ( LENGTH_UNIT() NAMED_UNIT(*) SI_UNIT(.MILLI.,.METRE.) );
#1012 = ( NAMED_UNIT(*) PLANE_ANGLE_UNIT() SI_UNIT($,.RADIAN.) );
#1013 = ( NAMED_UNIT(*) SI_UNIT($,.STERADIAN.) SOLID_ANGLE_UNIT() );
#1014 = UNCERTAINTY_MEASURE_WITH_UNIT(LENGTH_MEASURE(1.E-07),#1011,
  'distance_accuracy_value','confusion accuracy');
#1015 = CONTEXT_DEPENDENT_SHAPE_REPRESENTATION(#1016,#1018);
#1016 = ( REPRESENTATION_RELATIONSHIP('','',#155,#132) 
REPRESENTATION_RELATIONSHIP_WITH_TRANSFORMATION(#1017) 
SHAPE_REPRESENTATION_RELATIONSHIP() );
#1017 = ITEM_DEFINED_TRANSFORMATION('','',#11,#133);
#1018 = PRODUCT_DEFINITION_SHAPE('Placement','Placement of an item',
  #1019);
#1019 = NEXT_ASSEMBLY_USAGE_OCCURRENCE('1','=>[0:1:1:3]','',#127,#150,$
  );
#1020 = PRODUCT_RELATED_PRODUCT_CATEGORY('part',$,(#152));
#1021 = CONTEXT_DEPENDENT_SHAPE_REPRESENTATION(#1022,#1024);
#1022 = ( REPRESENTATION_RELATIONSHIP('','',#132,#10) 
REPRESENTATION_RELATIONSHIP_WITH_TRANSFORMATION(#1023) 
SHAPE_REPRESENTATION_RELATIONSHIP() );
#1023 = ITEM_DEFINED_TRANSFORMATION('','',#11,#19);
#1024 = PRODUCT_DEFINITION_SHAPE('Placement','Placement of an item',
  #1025);
#1025 = NEXT_ASSEMBLY_USAGE_OCCURRENCE('3','C4','',#5,#127,$);
#1026 = SHAPE_DEFINITION_REPRESENTATION(#1027,#1033);
#1027 = PRODUCT_DEFINITION_SHAPE('','',#1028);
#1028 = PRODUCT_DEFINITION('design','',#1029,#1032);
#1029 = PRODUCT_DEFINITION_FORMATION('','',#1030);
#1030 = PRODUCT('PinHeader_1x02_P1.27mm_Vertical',
  'PinHeader_1x02_P1.27mm_Vertical','',(#1031));
#1031 = PRODUCT_CONTEXT('',#2,'mechanical');
#1032 = PRODUCT_DEFINITION_CONTEXT('part definition',#2,'design');
#1033 = SHAPE_REPRESENTATION('',(#11,#1034),#1038);
#1034 = AXIS2_PLACEMENT_3D('',#1035,#1036,#1037);
#1035 = CARTESIAN_POINT('',(0.,0.,0.));
#1036 = DIRECTION('',(0.,0.,1.));
#1037 = DIRECTION('',(1.,0.,-0.));
#1038 = ( GEOMETRIC_REPRESENTATION_CONTEXT(3) 
GLOBAL_UNCERTAINTY_ASSIGNED_CONTEXT((#1042)) 
GLOBAL_UNIT_ASSIGNED_CONTEXT((#1039,#1040,#1041)) REPRESENTATION_CONTEXT
('Context #1','3D Context with UNIT and UNCERTAINTY') );
#1039 = ( LENGTH_UNIT() NAMED_UNIT(*) SI_UNIT(.MILLI.,.METRE.) );
#1040 = ( NAMED_UNIT(*) PLANE_ANGLE_UNIT() SI_UNIT($,.RADIAN.) );
#1041 = ( NAMED_UNIT(*) SI_UNIT($,.STERADIAN.) SOLID_ANGLE_UNIT() );
#1042 = UNCERTAINTY_MEASURE_WITH_UNIT(LENGTH_MEASURE(1.E-07),#1039,
  'distance_accuracy_value','confusion accuracy');
#1043 = CONTEXT_DEPENDENT_SHAPE_REPRESENTATION(#1044,#1046);
#1044 = ( REPRESENTATION_RELATIONSHIP('','',#1033,#10) 
REPRESENTATION_RELATIONSHIP_WITH_TRANSFORMATION(#1045) 
SHAPE_REPRESENTATION_RELATIONSHIP() );
#1045 = ITEM_DEFINED_TRANSFORMATION('','',#11,#23);
#1046 = PRODUCT_DEFINITION_SHAPE('Placement','Placement of an item',
  #1047);
#1047 = NEXT_ASSEMBLY_USAGE_OCCURRENCE('5','M2','',#5,#1028,$);
#1048 = PRODUCT_RELATED_PRODUCT_CATEGORY('part',$,(#1030));
#1049 = SHAPE_DEFINITION_REPRESENTATION(#1050,#1056);
#1050 = PRODUCT_DEFINITION_SHAPE('','',#1051);
#1051 = PRODUCT_DEFINITION('design','',#1052,#1055);
#1052 = PRODUCT_DEFINITION_FORMATION('','',#1053);
#1053 = PRODUCT('PinHeader_1x02_P127mm_Vertical',
  'PinHeader_1x02_P127mm_Vertical','',(#1054));
#1054 = PRODUCT_CONTEXT('',#2,'mechanical');
#1055 = PRODUCT_DEFINITION_CONTEXT('part definition',#2,'design');
#1056 = ADVANCED_BREP_SHAPE_REPRESENTATION('',(#11,#1057),#2489);
#1057 = MANIFOLD_SOLID_BREP('',#1058);
#1058 = CLOSED_SHELL('',(#1059,#1099,#1130,#1161,#1326,#1491,#1508,#1525
    ,#1542,#1559,#1576,#1593,#1610,#1627,#1644,#1661,#1673,#1704,#1728,
    #1752,#1769,#1800,#1824,#1848,#1865,#1896,#1920,#1944,#1961,#1992,
    #2016,#2040,#2057,#2088,#2112,#2136,#2153,#2184,#2208,#2232,#2249,
    #2280,#2304,#2328,#2345,#2376,#2400,#2424,#2441,#2453,#2465,#2477));
#1059 = ADVANCED_FACE('',(#1060),#1094,.F.);
#1060 = FACE_BOUND('',#1061,.F.);
#1061 = EDGE_LOOP('',(#1062,#1072,#1080,#1088));
#1062 = ORIENTED_EDGE('',*,*,#1063,.T.);
#1063 = EDGE_CURVE('',#1064,#1066,#1068,.T.);
#1064 = VERTEX_POINT('',#1065);
#1065 = CARTESIAN_POINT('',(-0.923,0.635,0.));
#1066 = VERTEX_POINT('',#1067);
#1067 = CARTESIAN_POINT('',(-0.923,0.635,1.));
#1068 = LINE('',#1069,#1070);
#1069 = CARTESIAN_POINT('',(-0.923,0.635,0.));
#1070 = VECTOR('',#1071,1.);
#1071 = DIRECTION('',(0.,0.,1.));
#1072 = ORIENTED_EDGE('',*,*,#1073,.T.);
#1073 = EDGE_CURVE('',#1066,#1074,#1076,.T.);
#1074 = VERTEX_POINT('',#1075);
#1075 = CARTESIAN_POINT('',(-1.05,0.508,1.));
#1076 = LINE('',#1077,#1078);
#1077 = CARTESIAN_POINT('',(-0.923,0.635,1.));
#1078 = VECTOR('',#1079,1.);
#1079 = DIRECTION('',(-0.707106781187,-0.707106781187,0.));
#1080 = ORIENTED_EDGE('',*,*,#1081,.F.);
#1081 = EDGE_CURVE('',#1082,#1074,#1084,.T.);
#1082 = VERTEX_POINT('',#1083);
#1083 = CARTESIAN_POINT('',(-1.05,0.508,0.));
#1084 = LINE('',#1085,#1086);
#1085 = CARTESIAN_POINT('',(-1.05,0.508,0.));
#1086 = VECTOR('',#1087,1.);
#1087 = DIRECTION('',(0.,0.,1.));
#1088 = ORIENTED_EDGE('',*,*,#1089,.F.);
#1089 = EDGE_CURVE('',#1064,#1082,#1090,.T.);
#1090 = LINE('',#1091,#1092);
#1091 = CARTESIAN_POINT('',(-0.923,0.635,0.));
#1092 = VECTOR('',#1093,1.);
#1093 = DIRECTION('',(-0.707106781187,-0.707106781187,0.));
#1094 = PLANE('',#1095);
#1095 = AXIS2_PLACEMENT_3D('',#1096,#1097,#1098);
#1096 = CARTESIAN_POINT('',(-0.923,0.635,0.));
#1097 = DIRECTION('',(0.707106781187,-0.707106781187,0.));
#1098 = DIRECTION('',(-0.707106781187,-0.707106781187,0.));
#1099 = ADVANCED_FACE('',(#1100),#1125,.F.);
#1100 = FACE_BOUND('',#1101,.F.);
#1101 = EDGE_LOOP('',(#1102,#1112,#1118,#1119));
#1102 = ORIENTED_EDGE('',*,*,#1103,.T.);
#1103 = EDGE_CURVE('',#1104,#1106,#1108,.T.);
#1104 = VERTEX_POINT('',#1105);
#1105 = CARTESIAN_POINT('',(0.923,0.635,0.));
#1106 = VERTEX_POINT('',#1107);
#1107 = CARTESIAN_POINT('',(0.923,0.635,1.));
#1108 = LINE('',#1109,#1110);
#1109 = CARTESIAN_POINT('',(0.923,0.635,0.));
#1110 = VECTOR('',#1111,1.);
#1111 = DIRECTION('',(0.,0.,1.));
#1112 = ORIENTED_EDGE('',*,*,#1113,.T.);
#1113 = EDGE_CURVE('',#1106,#1066,#1114,.T.);
#1114 = LINE('',#1115,#1116);
#1115 = CARTESIAN_POINT('',(0.923,0.635,1.));
#1116 = VECTOR('',#1117,1.);
#1117 = DIRECTION('',(-1.,0.,0.));
#1118 = ORIENTED_EDGE('',*,*,#1063,.F.);
#1119 = ORIENTED_EDGE('',*,*,#1120,.F.);
#1120 = EDGE_CURVE('',#1104,#1064,#1121,.T.);
#1121 = LINE('',#1122,#1123);
#1122 = CARTESIAN_POINT('',(0.923,0.635,0.));
#1123 = VECTOR('',#1124,1.);
#1124 = DIRECTION('',(-1.,0.,0.));
#1125 = PLANE('',#1126);
#1126 = AXIS2_PLACEMENT_3D('',#1127,#1128,#1129);
#1127 = CARTESIAN_POINT('',(0.923,0.635,0.));
#1128 = DIRECTION('',(0.,-1.,0.));
#1129 = DIRECTION('',(-1.,0.,0.));
#1130 = ADVANCED_FACE('',(#1131),#1156,.F.);
#1131 = FACE_BOUND('',#1132,.F.);
#1132 = EDGE_LOOP('',(#1133,#1134,#1142,#1150));
#1133 = ORIENTED_EDGE('',*,*,#1081,.T.);
#1134 = ORIENTED_EDGE('',*,*,#1135,.T.);
#1135 = EDGE_CURVE('',#1074,#1136,#1138,.T.);
#1136 = VERTEX_POINT('',#1137);
#1137 = CARTESIAN_POINT('',(-1.05,-0.508,1.));
#1138 = LINE('',#1139,#1140);
#1139 = CARTESIAN_POINT('',(-1.05,0.508,1.));
#1140 = VECTOR('',#1141,1.);
#1141 = DIRECTION('',(0.,-1.,0.));
#1142 = ORIENTED_EDGE('',*,*,#1143,.F.);
#1143 = EDGE_CURVE('',#1144,#1136,#1146,.T.);
#1144 = VERTEX_POINT('',#1145);
#1145 = CARTESIAN_POINT('',(-1.05,-0.508,0.));
#1146 = LINE('',#1147,#1148);
#1147 = CARTESIAN_POINT('',(-1.05,-0.508,0.));
#1148 = VECTOR('',#1149,1.);
#1149 = DIRECTION('',(0.,0.,1.));
#1150 = ORIENTED_EDGE('',*,*,#1151,.F.);
#1151 = EDGE_CURVE('',#1082,#1144,#1152,.T.);
#1152 = LINE('',#1153,#1154);
#1153 = CARTESIAN_POINT('',(-1.05,0.508,0.));
#1154 = VECTOR('',#1155,1.);
#1155 = DIRECTION('',(0.,-1.,0.));
#1156 = PLANE('',#1157);
#1157 = AXIS2_PLACEMENT_3D('',#1158,#1159,#1160);
#1158 = CARTESIAN_POINT('',(-1.05,0.508,0.));
#1159 = DIRECTION('',(1.,0.,0.));
#1160 = DIRECTION('',(0.,-1.,0.));
#1161 = ADVANCED_FACE('',(#1162,#1253,#1287),#1321,.F.);
#1162 = FACE_BOUND('',#1163,.F.);
#1163 = EDGE_LOOP('',(#1164,#1165,#1166,#1174,#1182,#1190,#1198,#1206,
    #1214,#1222,#1230,#1238,#1246,#1252));
#1164 = ORIENTED_EDGE('',*,*,#1089,.T.);
#1165 = ORIENTED_EDGE('',*,*,#1151,.T.);
#1166 = ORIENTED_EDGE('',*,*,#1167,.T.);
#1167 = EDGE_CURVE('',#1144,#1168,#1170,.T.);
#1168 = VERTEX_POINT('',#1169);
#1169 = CARTESIAN_POINT('',(-0.923,-0.635,0.));
#1170 = LINE('',#1171,#1172);
#1171 = CARTESIAN_POINT('',(-1.05,-0.508,0.));
#1172 = VECTOR('',#1173,1.);
#1173 = DIRECTION('',(0.707106781187,-0.707106781187,0.));
#1174 = ORIENTED_EDGE('',*,*,#1175,.T.);
#1175 = EDGE_CURVE('',#1168,#1176,#1178,.T.);
#1176 = VERTEX_POINT('',#1177);
#1177 = CARTESIAN_POINT('',(-1.05,-0.762,0.));
#1178 = LINE('',#1179,#1180);
#1179 = CARTESIAN_POINT('',(-0.923,-0.635,0.));
#1180 = VECTOR('',#1181,1.);
#1181 = DIRECTION('',(-0.707106781187,-0.707106781187,0.));
#1182 = ORIENTED_EDGE('',*,*,#1183,.T.);
#1183 = EDGE_CURVE('',#1176,#1184,#1186,.T.);
#1184 = VERTEX_POINT('',#1185);
#1185 = CARTESIAN_POINT('',(-1.05,-1.778,0.));
#1186 = LINE('',#1187,#1188);
#1187 = CARTESIAN_POINT('',(-1.05,-0.762,0.));
#1188 = VECTOR('',#1189,1.);
#1189 = DIRECTION('',(0.,-1.,0.));
#1190 = ORIENTED_EDGE('',*,*,#1191,.T.);
#1191 = EDGE_CURVE('',#1184,#1192,#1194,.T.);
#1192 = VERTEX_POINT('',#1193);
#1193 = CARTESIAN_POINT('',(-0.923,-1.905,0.));
#1194 = LINE('',#1195,#1196);
#1195 = CARTESIAN_POINT('',(-1.05,-1.778,0.));
#1196 = VECTOR('',#1197,1.);
#1197 = DIRECTION('',(0.707106781187,-0.707106781187,0.));
#1198 = ORIENTED_EDGE('',*,*,#1199,.T.);
#1199 = EDGE_CURVE('',#1192,#1200,#1202,.T.);
#1200 = VERTEX_POINT('',#1201);
#1201 = CARTESIAN_POINT('',(0.923,-1.905,0.));
#1202 = LINE('',#1203,#1204);
#1203 = CARTESIAN_POINT('',(-0.923,-1.905,0.));
#1204 = VECTOR('',#1205,1.);
#1205 = DIRECTION('',(1.,0.,0.));
#1206 = ORIENTED_EDGE('',*,*,#1207,.T.);
#1207 = EDGE_CURVE('',#1200,#1208,#1210,.T.);
#1208 = VERTEX_POINT('',#1209);
#1209 = CARTESIAN_POINT('',(1.05,-1.778,0.));
#1210 = LINE('',#1211,#1212);
#1211 = CARTESIAN_POINT('',(0.923,-1.905,0.));
#1212 = VECTOR('',#1213,1.);
#1213 = DIRECTION('',(0.707106781187,0.707106781187,0.));
#1214 = ORIENTED_EDGE('',*,*,#1215,.T.);
#1215 = EDGE_CURVE('',#1208,#1216,#1218,.T.);
#1216 = VERTEX_POINT('',#1217);
#1217 = CARTESIAN_POINT('',(1.05,-0.762,0.));
#1218 = LINE('',#1219,#1220);
#1219 = CARTESIAN_POINT('',(1.05,-1.778,0.));
#1220 = VECTOR('',#1221,1.);
#1221 = DIRECTION('',(0.,1.,0.));
#1222 = ORIENTED_EDGE('',*,*,#1223,.T.);
#1223 = EDGE_CURVE('',#1216,#1224,#1226,.T.);
#1224 = VERTEX_POINT('',#1225);
#1225 = CARTESIAN_POINT('',(0.923,-0.635,0.));
#1226 = LINE('',#1227,#1228);
#1227 = CARTESIAN_POINT('',(1.05,-0.762,0.));
#1228 = VECTOR('',#1229,1.);
#1229 = DIRECTION('',(-0.707106781187,0.707106781187,0.));
#1230 = ORIENTED_EDGE('',*,*,#1231,.T.);
#1231 = EDGE_CURVE('',#1224,#1232,#1234,.T.);
#1232 = VERTEX_POINT('',#1233);
#1233 = CARTESIAN_POINT('',(1.05,-0.508,0.));
#1234 = LINE('',#1235,#1236);
#1235 = CARTESIAN_POINT('',(0.923,-0.635,0.));
#1236 = VECTOR('',#1237,1.);
#1237 = DIRECTION('',(0.707106781187,0.707106781187,0.));
#1238 = ORIENTED_EDGE('',*,*,#1239,.T.);
#1239 = EDGE_CURVE('',#1232,#1240,#1242,.T.);
#1240 = VERTEX_POINT('',#1241);
#1241 = CARTESIAN_POINT('',(1.05,0.508,0.));
#1242 = LINE('',#1243,#1244);
#1243 = CARTESIAN_POINT('',(1.05,-0.508,0.));
#1244 = VECTOR('',#1245,1.);
#1245 = DIRECTION('',(0.,1.,0.));
#1246 = ORIENTED_EDGE('',*,*,#1247,.T.);
#1247 = EDGE_CURVE('',#1240,#1104,#1248,.T.);
#1248 = LINE('',#1249,#1250);
#1249 = CARTESIAN_POINT('',(1.05,0.508,0.));
#1250 = VECTOR('',#1251,1.);
#1251 = DIRECTION('',(-0.707106781187,0.707106781187,0.));
#1252 = ORIENTED_EDGE('',*,*,#1120,.T.);
#1253 = FACE_BOUND('',#1254,.F.);
#1254 = EDGE_LOOP('',(#1255,#1265,#1273,#1281));
#1255 = ORIENTED_EDGE('',*,*,#1256,.F.);
#1256 = EDGE_CURVE('',#1257,#1259,#1261,.T.);
#1257 = VERTEX_POINT('',#1258);
#1258 = CARTESIAN_POINT('',(0.2,-0.2,0.));
#1259 = VERTEX_POINT('',#1260);
#1260 = CARTESIAN_POINT('',(0.2,0.2,0.));
#1261 = LINE('',#1262,#1263);
#1262 = CARTESIAN_POINT('',(0.2,-0.4175,0.));
#1263 = VECTOR('',#1264,1.);
#1264 = DIRECTION('',(0.,1.,0.));
#1265 = ORIENTED_EDGE('',*,*,#1266,.T.);
#1266 = EDGE_CURVE('',#1257,#1267,#1269,.T.);
#1267 = VERTEX_POINT('',#1268);
#1268 = CARTESIAN_POINT('',(-0.2,-0.2,0.));
#1269 = LINE('',#1270,#1271);
#1270 = CARTESIAN_POINT('',(-0.1,-0.2,0.));
#1271 = VECTOR('',#1272,1.);
#1272 = DIRECTION('',(-1.,0.,0.));
#1273 = ORIENTED_EDGE('',*,*,#1274,.T.);
#1274 = EDGE_CURVE('',#1267,#1275,#1277,.T.);
#1275 = VERTEX_POINT('',#1276);
#1276 = CARTESIAN_POINT('',(-0.2,0.2,0.));
#1277 = LINE('',#1278,#1279);
#1278 = CARTESIAN_POINT('',(-0.2,-0.4175,0.));
#1279 = VECTOR('',#1280,1.);
#1280 = DIRECTION('',(0.,1.,0.));
#1281 = ORIENTED_EDGE('',*,*,#1282,.F.);
#1282 = EDGE_CURVE('',#1259,#1275,#1283,.T.);
#1283 = LINE('',#1284,#1285);
#1284 = CARTESIAN_POINT('',(-0.1,0.2,0.));
#1285 = VECTOR('',#1286,1.);
#1286 = DIRECTION('',(-1.,0.,0.));
#1287 = FACE_BOUND('',#1288,.F.);
#1288 = EDGE_LOOP('',(#1289,#1299,#1307,#1315));
#1289 = ORIENTED_EDGE('',*,*,#1290,.T.);
#1290 = EDGE_CURVE('',#1291,#1293,#1295,.T.);
#1291 = VERTEX_POINT('',#1292);
#1292 = CARTESIAN_POINT('',(0.2,-1.47,0.));
#1293 = VERTEX_POINT('',#1294);
#1294 = CARTESIAN_POINT('',(-0.2,-1.47,0.));
#1295 = LINE('',#1296,#1297);
#1296 = CARTESIAN_POINT('',(-0.1,-1.47,0.));
#1297 = VECTOR('',#1298,1.);
#1298 = DIRECTION('',(-1.,0.,0.));
#1299 = ORIENTED_EDGE('',*,*,#1300,.T.);
#1300 = EDGE_CURVE('',#1293,#1301,#1303,.T.);
#1301 = VERTEX_POINT('',#1302);
#1302 = CARTESIAN_POINT('',(-0.2,-1.07,0.));
#1303 = LINE('',#1304,#1305);
#1304 = CARTESIAN_POINT('',(-0.2,-1.0525,0.));
#1305 = VECTOR('',#1306,1.);
#1306 = DIRECTION('',(0.,1.,0.));
#1307 = ORIENTED_EDGE('',*,*,#1308,.F.);
#1308 = EDGE_CURVE('',#1309,#1301,#1311,.T.);
#1309 = VERTEX_POINT('',#1310);
#1310 = CARTESIAN_POINT('',(0.2,-1.07,0.));
#1311 = LINE('',#1312,#1313);
#1312 = CARTESIAN_POINT('',(-0.1,-1.07,0.));
#1313 = VECTOR('',#1314,1.);
#1314 = DIRECTION('',(-1.,0.,0.));
#1315 = ORIENTED_EDGE('',*,*,#1316,.F.);
#1316 = EDGE_CURVE('',#1291,#1309,#1317,.T.);
#1317 = LINE('',#1318,#1319);
#1318 = CARTESIAN_POINT('',(0.2,-1.0525,0.));
#1319 = VECTOR('',#1320,1.);
#1320 = DIRECTION('',(0.,1.,0.));
#1321 = PLANE('',#1322);
#1322 = AXIS2_PLACEMENT_3D('',#1323,#1324,#1325);
#1323 = CARTESIAN_POINT('',(1.207703937354E-17,-0.635,0.));
#1324 = DIRECTION('',(0.,0.,1.));
#1325 = DIRECTION('',(1.,0.,-0.));
#1326 = ADVANCED_FACE('',(#1327,#1418,#1452),#1486,.T.);
#1327 = FACE_BOUND('',#1328,.T.);
#1328 = EDGE_LOOP('',(#1329,#1330,#1331,#1339,#1347,#1355,#1363,#1371,
    #1379,#1387,#1395,#1403,#1411,#1417));
#1329 = ORIENTED_EDGE('',*,*,#1073,.T.);
#1330 = ORIENTED_EDGE('',*,*,#1135,.T.);
#1331 = ORIENTED_EDGE('',*,*,#1332,.T.);
#1332 = EDGE_CURVE('',#1136,#1333,#1335,.T.);
#1333 = VERTEX_POINT('',#1334);
#1334 = CARTESIAN_POINT('',(-0.923,-0.635,1.));
#1335 = LINE('',#1336,#1337);
#1336 = CARTESIAN_POINT('',(-1.05,-0.508,1.));
#1337 = VECTOR('',#1338,1.);
#1338 = DIRECTION('',(0.707106781187,-0.707106781187,0.));
#1339 = ORIENTED_EDGE('',*,*,#1340,.T.);
#1340 = EDGE_CURVE('',#1333,#1341,#1343,.T.);
#1341 = VERTEX_POINT('',#1342);
#1342 = CARTESIAN_POINT('',(-1.05,-0.762,1.));
#1343 = LINE('',#1344,#1345);
#1344 = CARTESIAN_POINT('',(-0.923,-0.635,1.));
#1345 = VECTOR('',#1346,1.);
#1346 = DIRECTION('',(-0.707106781187,-0.707106781187,0.));
#1347 = ORIENTED_EDGE('',*,*,#1348,.T.);
#1348 = EDGE_CURVE('',#1341,#1349,#1351,.T.);
#1349 = VERTEX_POINT('',#1350);
#1350 = CARTESIAN_POINT('',(-1.05,-1.778,1.));
#1351 = LINE('',#1352,#1353);
#1352 = CARTESIAN_POINT('',(-1.05,-0.762,1.));
#1353 = VECTOR('',#1354,1.);
#1354 = DIRECTION('',(0.,-1.,0.));
#1355 = ORIENTED_EDGE('',*,*,#1356,.T.);
#1356 = EDGE_CURVE('',#1349,#1357,#1359,.T.);
#1357 = VERTEX_POINT('',#1358);
#1358 = CARTESIAN_POINT('',(-0.923,-1.905,1.));
#1359 = LINE('',#1360,#1361);
#1360 = CARTESIAN_POINT('',(-1.05,-1.778,1.));
#1361 = VECTOR('',#1362,1.);
#1362 = DIRECTION('',(0.707106781187,-0.707106781187,0.));
#1363 = ORIENTED_EDGE('',*,*,#1364,.T.);
#1364 = EDGE_CURVE('',#1357,#1365,#1367,.T.);
#1365 = VERTEX_POINT('',#1366);
#1366 = CARTESIAN_POINT('',(0.923,-1.905,1.));
#1367 = LINE('',#1368,#1369);
#1368 = CARTESIAN_POINT('',(-0.923,-1.905,1.));
#1369 = VECTOR('',#1370,1.);
#1370 = DIRECTION('',(1.,0.,0.));
#1371 = ORIENTED_EDGE('',*,*,#1372,.T.);
#1372 = EDGE_CURVE('',#1365,#1373,#1375,.T.);
#1373 = VERTEX_POINT('',#1374);
#1374 = CARTESIAN_POINT('',(1.05,-1.778,1.));
#1375 = LINE('',#1376,#1377);
#1376 = CARTESIAN_POINT('',(0.923,-1.905,1.));
#1377 = VECTOR('',#1378,1.);
#1378 = DIRECTION('',(0.707106781187,0.707106781187,0.));
#1379 = ORIENTED_EDGE('',*,*,#1380,.T.);
#1380 = EDGE_CURVE('',#1373,#1381,#1383,.T.);
#1381 = VERTEX_POINT('',#1382);
#1382 = CARTESIAN_POINT('',(1.05,-0.762,1.));
#1383 = LINE('',#1384,#1385);
#1384 = CARTESIAN_POINT('',(1.05,-1.778,1.));
#1385 = VECTOR('',#1386,1.);
#1386 = DIRECTION('',(0.,1.,0.));
#1387 = ORIENTED_EDGE('',*,*,#1388,.T.);
#1388 = EDGE_CURVE('',#1381,#1389,#1391,.T.);
#1389 = VERTEX_POINT('',#1390);
#1390 = CARTESIAN_POINT('',(0.923,-0.635,1.));
#1391 = LINE('',#1392,#1393);
#1392 = CARTESIAN_POINT('',(1.05,-0.762,1.));
#1393 = VECTOR('',#1394,1.);
#1394 = DIRECTION('',(-0.707106781187,0.707106781187,0.));
#1395 = ORIENTED_EDGE('',*,*,#1396,.T.);
#1396 = EDGE_CURVE('',#1389,#1397,#1399,.T.);
#1397 = VERTEX_POINT('',#1398);
#1398 = CARTESIAN_POINT('',(1.05,-0.508,1.));
#1399 = LINE('',#1400,#1401);
#1400 = CARTESIAN_POINT('',(0.923,-0.635,1.));
#1401 = VECTOR('',#1402,1.);
#1402 = DIRECTION('',(0.707106781187,0.707106781187,0.));
#1403 = ORIENTED_EDGE('',*,*,#1404,.T.);
#1404 = EDGE_CURVE('',#1397,#1405,#1407,.T.);
#1405 = VERTEX_POINT('',#1406);
#1406 = CARTESIAN_POINT('',(1.05,0.508,1.));
#1407 = LINE('',#1408,#1409);
#1408 = CARTESIAN_POINT('',(1.05,-0.508,1.));
#1409 = VECTOR('',#1410,1.);
#1410 = DIRECTION('',(0.,1.,0.));
#1411 = ORIENTED_EDGE('',*,*,#1412,.T.);
#1412 = EDGE_CURVE('',#1405,#1106,#1413,.T.);
#1413 = LINE('',#1414,#1415);
#1414 = CARTESIAN_POINT('',(1.05,0.508,1.));
#1415 = VECTOR('',#1416,1.);
#1416 = DIRECTION('',(-0.707106781187,0.707106781187,0.));
#1417 = ORIENTED_EDGE('',*,*,#1113,.T.);
#1418 = FACE_BOUND('',#1419,.T.);
#1419 = EDGE_LOOP('',(#1420,#1430,#1438,#1446));
#1420 = ORIENTED_EDGE('',*,*,#1421,.F.);
#1421 = EDGE_CURVE('',#1422,#1424,#1426,.T.);
#1422 = VERTEX_POINT('',#1423);
#1423 = CARTESIAN_POINT('',(0.2,-0.2,1.));
#1424 = VERTEX_POINT('',#1425);
#1425 = CARTESIAN_POINT('',(0.2,0.2,1.));
#1426 = LINE('',#1427,#1428);
#1427 = CARTESIAN_POINT('',(0.2,-0.4175,1.));
#1428 = VECTOR('',#1429,1.);
#1429 = DIRECTION('',(0.,1.,0.));
#1430 = ORIENTED_EDGE('',*,*,#1431,.T.);
#1431 = EDGE_CURVE('',#1422,#1432,#1434,.T.);
#1432 = VERTEX_POINT('',#1433);
#1433 = CARTESIAN_POINT('',(-0.2,-0.2,1.));
#1434 = LINE('',#1435,#1436);
#1435 = CARTESIAN_POINT('',(-0.1,-0.2,1.));
#1436 = VECTOR('',#1437,1.);
#1437 = DIRECTION('',(-1.,0.,0.));
#1438 = ORIENTED_EDGE('',*,*,#1439,.T.);
#1439 = EDGE_CURVE('',#1432,#1440,#1442,.T.);
#1440 = VERTEX_POINT('',#1441);
#1441 = CARTESIAN_POINT('',(-0.2,0.2,1.));
#1442 = LINE('',#1443,#1444);
#1443 = CARTESIAN_POINT('',(-0.2,-0.4175,1.));
#1444 = VECTOR('',#1445,1.);
#1445 = DIRECTION('',(0.,1.,0.));
#1446 = ORIENTED_EDGE('',*,*,#1447,.F.);
#1447 = EDGE_CURVE('',#1424,#1440,#1448,.T.);
#1448 = LINE('',#1449,#1450);
#1449 = CARTESIAN_POINT('',(-0.1,0.2,1.));
#1450 = VECTOR('',#1451,1.);
#1451 = DIRECTION('',(-1.,0.,0.));
#1452 = FACE_BOUND('',#1453,.T.);
#1453 = EDGE_LOOP('',(#1454,#1464,#1472,#1480));
#1454 = ORIENTED_EDGE('',*,*,#1455,.T.);
#1455 = EDGE_CURVE('',#1456,#1458,#1460,.T.);
#1456 = VERTEX_POINT('',#1457);
#1457 = CARTESIAN_POINT('',(0.2,-1.47,1.));
#1458 = VERTEX_POINT('',#1459);
#1459 = CARTESIAN_POINT('',(-0.2,-1.47,1.));
#1460 = LINE('',#1461,#1462);
#1461 = CARTESIAN_POINT('',(-0.1,-1.47,1.));
#1462 = VECTOR('',#1463,1.);
#1463 = DIRECTION('',(-1.,0.,0.));
#1464 = ORIENTED_EDGE('',*,*,#1465,.T.);
#1465 = EDGE_CURVE('',#1458,#1466,#1468,.T.);
#1466 = VERTEX_POINT('',#1467);
#1467 = CARTESIAN_POINT('',(-0.2,-1.07,1.));
#1468 = LINE('',#1469,#1470);
#1469 = CARTESIAN_POINT('',(-0.2,-1.0525,1.));
#1470 = VECTOR('',#1471,1.);
#1471 = DIRECTION('',(0.,1.,0.));
#1472 = ORIENTED_EDGE('',*,*,#1473,.F.);
#1473 = EDGE_CURVE('',#1474,#1466,#1476,.T.);
#1474 = VERTEX_POINT('',#1475);
#1475 = CARTESIAN_POINT('',(0.2,-1.07,1.));
#1476 = LINE('',#1477,#1478);
#1477 = CARTESIAN_POINT('',(-0.1,-1.07,1.));
#1478 = VECTOR('',#1479,1.);
#1479 = DIRECTION('',(-1.,0.,0.));
#1480 = ORIENTED_EDGE('',*,*,#1481,.F.);
#1481 = EDGE_CURVE('',#1456,#1474,#1482,.T.);
#1482 = LINE('',#1483,#1484);
#1483 = CARTESIAN_POINT('',(0.2,-1.0525,1.));
#1484 = VECTOR('',#1485,1.);
#1485 = DIRECTION('',(0.,1.,0.));
#1486 = PLANE('',#1487);
#1487 = AXIS2_PLACEMENT_3D('',#1488,#1489,#1490);
#1488 = CARTESIAN_POINT('',(1.207703937354E-17,-0.635,1.));
#1489 = DIRECTION('',(0.,0.,1.));
#1490 = DIRECTION('',(1.,0.,-0.));
#1491 = ADVANCED_FACE('',(#1492),#1503,.F.);
#1492 = FACE_BOUND('',#1493,.F.);
#1493 = EDGE_LOOP('',(#1494,#1500,#1501,#1502));
#1494 = ORIENTED_EDGE('',*,*,#1495,.T.);
#1495 = EDGE_CURVE('',#1240,#1405,#1496,.T.);
#1496 = LINE('',#1497,#1498);
#1497 = CARTESIAN_POINT('',(1.05,0.508,0.));
#1498 = VECTOR('',#1499,1.);
#1499 = DIRECTION('',(0.,0.,1.));
#1500 = ORIENTED_EDGE('',*,*,#1412,.T.);
#1501 = ORIENTED_EDGE('',*,*,#1103,.F.);
#1502 = ORIENTED_EDGE('',*,*,#1247,.F.);
#1503 = PLANE('',#1504);
#1504 = AXIS2_PLACEMENT_3D('',#1505,#1506,#1507);
#1505 = CARTESIAN_POINT('',(1.05,0.508,0.));
#1506 = DIRECTION('',(-0.707106781187,-0.707106781187,0.));
#1507 = DIRECTION('',(-0.707106781187,0.707106781187,0.));
#1508 = ADVANCED_FACE('',(#1509),#1520,.F.);
#1509 = FACE_BOUND('',#1510,.F.);
#1510 = EDGE_LOOP('',(#1511,#1512,#1513,#1519));
#1511 = ORIENTED_EDGE('',*,*,#1143,.T.);
#1512 = ORIENTED_EDGE('',*,*,#1332,.T.);
#1513 = ORIENTED_EDGE('',*,*,#1514,.F.);
#1514 = EDGE_CURVE('',#1168,#1333,#1515,.T.);
#1515 = LINE('',#1516,#1517);
#1516 = CARTESIAN_POINT('',(-0.923,-0.635,0.));
#1517 = VECTOR('',#1518,1.);
#1518 = DIRECTION('',(0.,0.,1.));
#1519 = ORIENTED_EDGE('',*,*,#1167,.F.);
#1520 = PLANE('',#1521);
#1521 = AXIS2_PLACEMENT_3D('',#1522,#1523,#1524);
#1522 = CARTESIAN_POINT('',(-1.05,-0.508,0.));
#1523 = DIRECTION('',(0.707106781187,0.707106781187,0.));
#1524 = DIRECTION('',(0.707106781187,-0.707106781187,0.));
#1525 = ADVANCED_FACE('',(#1526),#1537,.F.);
#1526 = FACE_BOUND('',#1527,.F.);
#1527 = EDGE_LOOP('',(#1528,#1534,#1535,#1536));
#1528 = ORIENTED_EDGE('',*,*,#1529,.T.);
#1529 = EDGE_CURVE('',#1232,#1397,#1530,.T.);
#1530 = LINE('',#1531,#1532);
#1531 = CARTESIAN_POINT('',(1.05,-0.508,0.));
#1532 = VECTOR('',#1533,1.);
#1533 = DIRECTION('',(0.,0.,1.));
#1534 = ORIENTED_EDGE('',*,*,#1404,.T.);
#1535 = ORIENTED_EDGE('',*,*,#1495,.F.);
#1536 = ORIENTED_EDGE('',*,*,#1239,.F.);
#1537 = PLANE('',#1538);
#1538 = AXIS2_PLACEMENT_3D('',#1539,#1540,#1541);
#1539 = CARTESIAN_POINT('',(1.05,-0.508,0.));
#1540 = DIRECTION('',(-1.,0.,0.));
#1541 = DIRECTION('',(0.,1.,0.));
#1542 = ADVANCED_FACE('',(#1543),#1554,.F.);
#1543 = FACE_BOUND('',#1544,.F.);
#1544 = EDGE_LOOP('',(#1545,#1546,#1547,#1553));
#1545 = ORIENTED_EDGE('',*,*,#1514,.T.);
#1546 = ORIENTED_EDGE('',*,*,#1340,.T.);
#1547 = ORIENTED_EDGE('',*,*,#1548,.F.);
#1548 = EDGE_CURVE('',#1176,#1341,#1549,.T.);
#1549 = LINE('',#1550,#1551);
#1550 = CARTESIAN_POINT('',(-1.05,-0.762,0.));
#1551 = VECTOR('',#1552,1.);
#1552 = DIRECTION('',(0.,0.,1.));
#1553 = ORIENTED_EDGE('',*,*,#1175,.F.);
#1554 = PLANE('',#1555);
#1555 = AXIS2_PLACEMENT_3D('',#1556,#1557,#1558);
#1556 = CARTESIAN_POINT('',(-0.923,-0.635,0.));
#1557 = DIRECTION('',(0.707106781187,-0.707106781187,0.));
#1558 = DIRECTION('',(-0.707106781187,-0.707106781187,0.));
#1559 = ADVANCED_FACE('',(#1560),#1571,.F.);
#1560 = FACE_BOUND('',#1561,.F.);
#1561 = EDGE_LOOP('',(#1562,#1568,#1569,#1570));
#1562 = ORIENTED_EDGE('',*,*,#1563,.T.);
#1563 = EDGE_CURVE('',#1224,#1389,#1564,.T.);
#1564 = LINE('',#1565,#1566);
#1565 = CARTESIAN_POINT('',(0.923,-0.635,0.));
#1566 = VECTOR('',#1567,1.);
#1567 = DIRECTION('',(0.,0.,1.));
#1568 = ORIENTED_EDGE('',*,*,#1396,.T.);
#1569 = ORIENTED_EDGE('',*,*,#1529,.F.);
#1570 = ORIENTED_EDGE('',*,*,#1231,.F.);
#1571 = PLANE('',#1572);
#1572 = AXIS2_PLACEMENT_3D('',#1573,#1574,#1575);
#1573 = CARTESIAN_POINT('',(0.923,-0.635,0.));
#1574 = DIRECTION('',(-0.707106781187,0.707106781187,0.));
#1575 = DIRECTION('',(0.707106781187,0.707106781187,0.));
#1576 = ADVANCED_FACE('',(#1577),#1588,.F.);
#1577 = FACE_BOUND('',#1578,.F.);
#1578 = EDGE_LOOP('',(#1579,#1580,#1581,#1587));
#1579 = ORIENTED_EDGE('',*,*,#1548,.T.);
#1580 = ORIENTED_EDGE('',*,*,#1348,.T.);
#1581 = ORIENTED_EDGE('',*,*,#1582,.F.);
#1582 = EDGE_CURVE('',#1184,#1349,#1583,.T.);
#1583 = LINE('',#1584,#1585);
#1584 = CARTESIAN_POINT('',(-1.05,-1.778,0.));
#1585 = VECTOR('',#1586,1.);
#1586 = DIRECTION('',(0.,0.,1.));
#1587 = ORIENTED_EDGE('',*,*,#1183,.F.);
#1588 = PLANE('',#1589);
#1589 = AXIS2_PLACEMENT_3D('',#1590,#1591,#1592);
#1590 = CARTESIAN_POINT('',(-1.05,-0.762,0.));
#1591 = DIRECTION('',(1.,0.,0.));
#1592 = DIRECTION('',(0.,-1.,0.));
#1593 = ADVANCED_FACE('',(#1594),#1605,.F.);
#1594 = FACE_BOUND('',#1595,.F.);
#1595 = EDGE_LOOP('',(#1596,#1602,#1603,#1604));
#1596 = ORIENTED_EDGE('',*,*,#1597,.T.);
#1597 = EDGE_CURVE('',#1216,#1381,#1598,.T.);
#1598 = LINE('',#1599,#1600);
#1599 = CARTESIAN_POINT('',(1.05,-0.762,0.));
#1600 = VECTOR('',#1601,1.);
#1601 = DIRECTION('',(0.,0.,1.));
#1602 = ORIENTED_EDGE('',*,*,#1388,.T.);
#1603 = ORIENTED_EDGE('',*,*,#1563,.F.);
#1604 = ORIENTED_EDGE('',*,*,#1223,.F.);
#1605 = PLANE('',#1606);
#1606 = AXIS2_PLACEMENT_3D('',#1607,#1608,#1609);
#1607 = CARTESIAN_POINT('',(1.05,-0.762,0.));
#1608 = DIRECTION('',(-0.707106781187,-0.707106781187,0.));
#1609 = DIRECTION('',(-0.707106781187,0.707106781187,0.));
#1610 = ADVANCED_FACE('',(#1611),#1622,.F.);
#1611 = FACE_BOUND('',#1612,.F.);
#1612 = EDGE_LOOP('',(#1613,#1614,#1615,#1621));
#1613 = ORIENTED_EDGE('',*,*,#1582,.T.);
#1614 = ORIENTED_EDGE('',*,*,#1356,.T.);
#1615 = ORIENTED_EDGE('',*,*,#1616,.F.);
#1616 = EDGE_CURVE('',#1192,#1357,#1617,.T.);
#1617 = LINE('',#1618,#1619);
#1618 = CARTESIAN_POINT('',(-0.923,-1.905,0.));
#1619 = VECTOR('',#1620,1.);
#1620 = DIRECTION('',(0.,0.,1.));
#1621 = ORIENTED_EDGE('',*,*,#1191,.F.);
#1622 = PLANE('',#1623);
#1623 = AXIS2_PLACEMENT_3D('',#1624,#1625,#1626);
#1624 = CARTESIAN_POINT('',(-1.05,-1.778,0.));
#1625 = DIRECTION('',(0.707106781187,0.707106781187,0.));
#1626 = DIRECTION('',(0.707106781187,-0.707106781187,0.));
#1627 = ADVANCED_FACE('',(#1628),#1639,.F.);
#1628 = FACE_BOUND('',#1629,.F.);
#1629 = EDGE_LOOP('',(#1630,#1636,#1637,#1638));
#1630 = ORIENTED_EDGE('',*,*,#1631,.T.);
#1631 = EDGE_CURVE('',#1208,#1373,#1632,.T.);
#1632 = LINE('',#1633,#1634);
#1633 = CARTESIAN_POINT('',(1.05,-1.778,0.));
#1634 = VECTOR('',#1635,1.);
#1635 = DIRECTION('',(0.,0.,1.));
#1636 = ORIENTED_EDGE('',*,*,#1380,.T.);
#1637 = ORIENTED_EDGE('',*,*,#1597,.F.);
#1638 = ORIENTED_EDGE('',*,*,#1215,.F.);
#1639 = PLANE('',#1640);
#1640 = AXIS2_PLACEMENT_3D('',#1641,#1642,#1643);
#1641 = CARTESIAN_POINT('',(1.05,-1.778,0.));
#1642 = DIRECTION('',(-1.,0.,0.));
#1643 = DIRECTION('',(0.,1.,0.));
#1644 = ADVANCED_FACE('',(#1645),#1656,.F.);
#1645 = FACE_BOUND('',#1646,.F.);
#1646 = EDGE_LOOP('',(#1647,#1648,#1649,#1655));
#1647 = ORIENTED_EDGE('',*,*,#1616,.T.);
#1648 = ORIENTED_EDGE('',*,*,#1364,.T.);
#1649 = ORIENTED_EDGE('',*,*,#1650,.F.);
#1650 = EDGE_CURVE('',#1200,#1365,#1651,.T.);
#1651 = LINE('',#1652,#1653);
#1652 = CARTESIAN_POINT('',(0.923,-1.905,0.));
#1653 = VECTOR('',#1654,1.);
#1654 = DIRECTION('',(0.,0.,1.));
#1655 = ORIENTED_EDGE('',*,*,#1199,.F.);
#1656 = PLANE('',#1657);
#1657 = AXIS2_PLACEMENT_3D('',#1658,#1659,#1660);
#1658 = CARTESIAN_POINT('',(-0.923,-1.905,0.));
#1659 = DIRECTION('',(0.,1.,0.));
#1660 = DIRECTION('',(1.,0.,0.));
#1661 = ADVANCED_FACE('',(#1662),#1668,.F.);
#1662 = FACE_BOUND('',#1663,.F.);
#1663 = EDGE_LOOP('',(#1664,#1665,#1666,#1667));
#1664 = ORIENTED_EDGE('',*,*,#1650,.T.);
#1665 = ORIENTED_EDGE('',*,*,#1372,.T.);
#1666 = ORIENTED_EDGE('',*,*,#1631,.F.);
#1667 = ORIENTED_EDGE('',*,*,#1207,.F.);
#1668 = PLANE('',#1669);
#1669 = AXIS2_PLACEMENT_3D('',#1670,#1671,#1672);
#1670 = CARTESIAN_POINT('',(0.923,-1.905,0.));
#1671 = DIRECTION('',(-0.707106781187,0.707106781187,0.));
#1672 = DIRECTION('',(0.707106781187,0.707106781187,0.));
#1673 = ADVANCED_FACE('',(#1674),#1699,.T.);
#1674 = FACE_BOUND('',#1675,.T.);
#1675 = EDGE_LOOP('',(#1676,#1684,#1692,#1698));
#1676 = ORIENTED_EDGE('',*,*,#1677,.F.);
#1677 = EDGE_CURVE('',#1678,#1257,#1680,.T.);
#1678 = VERTEX_POINT('',#1679);
#1679 = CARTESIAN_POINT('',(0.2,-0.2,-2.2));
#1680 = LINE('',#1681,#1682);
#1681 = CARTESIAN_POINT('',(0.2,-0.2,-2.3));
#1682 = VECTOR('',#1683,1.);
#1683 = DIRECTION('',(0.,0.,1.));
#1684 = ORIENTED_EDGE('',*,*,#1685,.T.);
#1685 = EDGE_CURVE('',#1678,#1686,#1688,.T.);
#1686 = VERTEX_POINT('',#1687);
#1687 = CARTESIAN_POINT('',(0.2,0.2,-2.2));
#1688 = LINE('',#1689,#1690);
#1689 = CARTESIAN_POINT('',(0.2,-0.2,-2.2));
#1690 = VECTOR('',#1691,1.);
#1691 = DIRECTION('',(0.,1.,0.));
#1692 = ORIENTED_EDGE('',*,*,#1693,.T.);
#1693 = EDGE_CURVE('',#1686,#1259,#1694,.T.);
#1694 = LINE('',#1695,#1696);
#1695 = CARTESIAN_POINT('',(0.2,0.2,-2.3));
#1696 = VECTOR('',#1697,1.);
#1697 = DIRECTION('',(0.,0.,1.));
#1698 = ORIENTED_EDGE('',*,*,#1256,.F.);
#1699 = PLANE('',#1700);
#1700 = AXIS2_PLACEMENT_3D('',#1701,#1702,#1703);
#1701 = CARTESIAN_POINT('',(0.2,-0.2,-2.3));
#1702 = DIRECTION('',(1.,0.,0.));
#1703 = DIRECTION('',(0.,0.,1.));
#1704 = ADVANCED_FACE('',(#1705),#1723,.T.);
#1705 = FACE_BOUND('',#1706,.T.);
#1706 = EDGE_LOOP('',(#1707,#1708,#1716,#1722));
#1707 = ORIENTED_EDGE('',*,*,#1693,.F.);
#1708 = ORIENTED_EDGE('',*,*,#1709,.F.);
#1709 = EDGE_CURVE('',#1710,#1686,#1712,.T.);
#1710 = VERTEX_POINT('',#1711);
#1711 = CARTESIAN_POINT('',(-0.2,0.2,-2.2));
#1712 = LINE('',#1713,#1714);
#1713 = CARTESIAN_POINT('',(-0.2,0.2,-2.2));
#1714 = VECTOR('',#1715,1.);
#1715 = DIRECTION('',(1.,0.,0.));
#1716 = ORIENTED_EDGE('',*,*,#1717,.T.);
#1717 = EDGE_CURVE('',#1710,#1275,#1718,.T.);
#1718 = LINE('',#1719,#1720);
#1719 = CARTESIAN_POINT('',(-0.2,0.2,-2.3));
#1720 = VECTOR('',#1721,1.);
#1721 = DIRECTION('',(0.,0.,1.));
#1722 = ORIENTED_EDGE('',*,*,#1282,.F.);
#1723 = PLANE('',#1724);
#1724 = AXIS2_PLACEMENT_3D('',#1725,#1726,#1727);
#1725 = CARTESIAN_POINT('',(-0.2,0.2,-2.3));
#1726 = DIRECTION('',(0.,1.,0.));
#1727 = DIRECTION('',(0.,-0.,1.));
#1728 = ADVANCED_FACE('',(#1729),#1747,.F.);
#1729 = FACE_BOUND('',#1730,.F.);
#1730 = EDGE_LOOP('',(#1731,#1739,#1745,#1746));
#1731 = ORIENTED_EDGE('',*,*,#1732,.F.);
#1732 = EDGE_CURVE('',#1733,#1267,#1735,.T.);
#1733 = VERTEX_POINT('',#1734);
#1734 = CARTESIAN_POINT('',(-0.2,-0.2,-2.2));
#1735 = LINE('',#1736,#1737);
#1736 = CARTESIAN_POINT('',(-0.2,-0.2,-2.3));
#1737 = VECTOR('',#1738,1.);
#1738 = DIRECTION('',(0.,0.,1.));
#1739 = ORIENTED_EDGE('',*,*,#1740,.T.);
#1740 = EDGE_CURVE('',#1733,#1710,#1741,.T.);
#1741 = LINE('',#1742,#1743);
#1742 = CARTESIAN_POINT('',(-0.2,-0.2,-2.2));
#1743 = VECTOR('',#1744,1.);
#1744 = DIRECTION('',(0.,1.,0.));
#1745 = ORIENTED_EDGE('',*,*,#1717,.T.);
#1746 = ORIENTED_EDGE('',*,*,#1274,.F.);
#1747 = PLANE('',#1748);
#1748 = AXIS2_PLACEMENT_3D('',#1749,#1750,#1751);
#1749 = CARTESIAN_POINT('',(-0.2,-0.2,-2.3));
#1750 = DIRECTION('',(1.,0.,0.));
#1751 = DIRECTION('',(0.,0.,1.));
#1752 = ADVANCED_FACE('',(#1753),#1764,.F.);
#1753 = FACE_BOUND('',#1754,.F.);
#1754 = EDGE_LOOP('',(#1755,#1756,#1762,#1763));
#1755 = ORIENTED_EDGE('',*,*,#1677,.F.);
#1756 = ORIENTED_EDGE('',*,*,#1757,.F.);
#1757 = EDGE_CURVE('',#1733,#1678,#1758,.T.);
#1758 = LINE('',#1759,#1760);
#1759 = CARTESIAN_POINT('',(-0.2,-0.2,-2.2));
#1760 = VECTOR('',#1761,1.);
#1761 = DIRECTION('',(1.,0.,0.));
#1762 = ORIENTED_EDGE('',*,*,#1732,.T.);
#1763 = ORIENTED_EDGE('',*,*,#1266,.F.);
#1764 = PLANE('',#1765);
#1765 = AXIS2_PLACEMENT_3D('',#1766,#1767,#1768);
#1766 = CARTESIAN_POINT('',(-0.2,-0.2,-2.3));
#1767 = DIRECTION('',(0.,1.,0.));
#1768 = DIRECTION('',(0.,-0.,1.));
#1769 = ADVANCED_FACE('',(#1770),#1795,.F.);
#1770 = FACE_BOUND('',#1771,.F.);
#1771 = EDGE_LOOP('',(#1772,#1780,#1788,#1794));
#1772 = ORIENTED_EDGE('',*,*,#1773,.F.);
#1773 = EDGE_CURVE('',#1774,#1291,#1776,.T.);
#1774 = VERTEX_POINT('',#1775);
#1775 = CARTESIAN_POINT('',(0.2,-1.47,-2.2));
#1776 = LINE('',#1777,#1778);
#1777 = CARTESIAN_POINT('',(0.2,-1.47,-2.3));
#1778 = VECTOR('',#1779,1.);
#1779 = DIRECTION('',(0.,0.,1.));
#1780 = ORIENTED_EDGE('',*,*,#1781,.F.);
#1781 = EDGE_CURVE('',#1782,#1774,#1784,.T.);
#1782 = VERTEX_POINT('',#1783);
#1783 = CARTESIAN_POINT('',(-0.2,-1.47,-2.2));
#1784 = LINE('',#1785,#1786);
#1785 = CARTESIAN_POINT('',(-0.2,-1.47,-2.2));
#1786 = VECTOR('',#1787,1.);
#1787 = DIRECTION('',(1.,0.,0.));
#1788 = ORIENTED_EDGE('',*,*,#1789,.T.);
#1789 = EDGE_CURVE('',#1782,#1293,#1790,.T.);
#1790 = LINE('',#1791,#1792);
#1791 = CARTESIAN_POINT('',(-0.2,-1.47,-2.3));
#1792 = VECTOR('',#1793,1.);
#1793 = DIRECTION('',(0.,0.,1.));
#1794 = ORIENTED_EDGE('',*,*,#1290,.F.);
#1795 = PLANE('',#1796);
#1796 = AXIS2_PLACEMENT_3D('',#1797,#1798,#1799);
#1797 = CARTESIAN_POINT('',(-0.2,-1.47,-2.3));
#1798 = DIRECTION('',(0.,1.,0.));
#1799 = DIRECTION('',(0.,-0.,1.));
#1800 = ADVANCED_FACE('',(#1801),#1819,.T.);
#1801 = FACE_BOUND('',#1802,.T.);
#1802 = EDGE_LOOP('',(#1803,#1804,#1812,#1818));
#1803 = ORIENTED_EDGE('',*,*,#1773,.F.);
#1804 = ORIENTED_EDGE('',*,*,#1805,.T.);
#1805 = EDGE_CURVE('',#1774,#1806,#1808,.T.);
#1806 = VERTEX_POINT('',#1807);
#1807 = CARTESIAN_POINT('',(0.2,-1.07,-2.2));
#1808 = LINE('',#1809,#1810);
#1809 = CARTESIAN_POINT('',(0.2,-1.47,-2.2));
#1810 = VECTOR('',#1811,1.);
#1811 = DIRECTION('',(0.,1.,0.));
#1812 = ORIENTED_EDGE('',*,*,#1813,.T.);
#1813 = EDGE_CURVE('',#1806,#1309,#1814,.T.);
#1814 = LINE('',#1815,#1816);
#1815 = CARTESIAN_POINT('',(0.2,-1.07,-2.3));
#1816 = VECTOR('',#1817,1.);
#1817 = DIRECTION('',(0.,0.,1.));
#1818 = ORIENTED_EDGE('',*,*,#1316,.F.);
#1819 = PLANE('',#1820);
#1820 = AXIS2_PLACEMENT_3D('',#1821,#1822,#1823);
#1821 = CARTESIAN_POINT('',(0.2,-1.47,-2.3));
#1822 = DIRECTION('',(1.,0.,0.));
#1823 = DIRECTION('',(0.,0.,1.));
#1824 = ADVANCED_FACE('',(#1825),#1843,.T.);
#1825 = FACE_BOUND('',#1826,.T.);
#1826 = EDGE_LOOP('',(#1827,#1828,#1836,#1842));
#1827 = ORIENTED_EDGE('',*,*,#1813,.F.);
#1828 = ORIENTED_EDGE('',*,*,#1829,.F.);
#1829 = EDGE_CURVE('',#1830,#1806,#1832,.T.);
#1830 = VERTEX_POINT('',#1831);
#1831 = CARTESIAN_POINT('',(-0.2,-1.07,-2.2));
#1832 = LINE('',#1833,#1834);
#1833 = CARTESIAN_POINT('',(-0.2,-1.07,-2.2));
#1834 = VECTOR('',#1835,1.);
#1835 = DIRECTION('',(1.,0.,0.));
#1836 = ORIENTED_EDGE('',*,*,#1837,.T.);
#1837 = EDGE_CURVE('',#1830,#1301,#1838,.T.);
#1838 = LINE('',#1839,#1840);
#1839 = CARTESIAN_POINT('',(-0.2,-1.07,-2.3));
#1840 = VECTOR('',#1841,1.);
#1841 = DIRECTION('',(0.,0.,1.));
#1842 = ORIENTED_EDGE('',*,*,#1308,.F.);
#1843 = PLANE('',#1844);
#1844 = AXIS2_PLACEMENT_3D('',#1845,#1846,#1847);
#1845 = CARTESIAN_POINT('',(-0.2,-1.07,-2.3));
#1846 = DIRECTION('',(0.,1.,0.));
#1847 = DIRECTION('',(0.,-0.,1.));
#1848 = ADVANCED_FACE('',(#1849),#1860,.F.);
#1849 = FACE_BOUND('',#1850,.F.);
#1850 = EDGE_LOOP('',(#1851,#1852,#1858,#1859));
#1851 = ORIENTED_EDGE('',*,*,#1789,.F.);
#1852 = ORIENTED_EDGE('',*,*,#1853,.T.);
#1853 = EDGE_CURVE('',#1782,#1830,#1854,.T.);
#1854 = LINE('',#1855,#1856);
#1855 = CARTESIAN_POINT('',(-0.2,-1.47,-2.2));
#1856 = VECTOR('',#1857,1.);
#1857 = DIRECTION('',(0.,1.,0.));
#1858 = ORIENTED_EDGE('',*,*,#1837,.T.);
#1859 = ORIENTED_EDGE('',*,*,#1300,.F.);
#1860 = PLANE('',#1861);
#1861 = AXIS2_PLACEMENT_3D('',#1862,#1863,#1864);
#1862 = CARTESIAN_POINT('',(-0.2,-1.47,-2.3));
#1863 = DIRECTION('',(1.,0.,0.));
#1864 = DIRECTION('',(0.,0.,1.));
#1865 = ADVANCED_FACE('',(#1866),#1891,.T.);
#1866 = FACE_BOUND('',#1867,.T.);
#1867 = EDGE_LOOP('',(#1868,#1876,#1877,#1885));
#1868 = ORIENTED_EDGE('',*,*,#1869,.F.);
#1869 = EDGE_CURVE('',#1422,#1870,#1872,.T.);
#1870 = VERTEX_POINT('',#1871);
#1871 = CARTESIAN_POINT('',(0.2,-0.2,3.9));
#1872 = LINE('',#1873,#1874);
#1873 = CARTESIAN_POINT('',(0.2,-0.2,-2.3));
#1874 = VECTOR('',#1875,1.);
#1875 = DIRECTION('',(0.,0.,1.));
#1876 = ORIENTED_EDGE('',*,*,#1421,.T.);
#1877 = ORIENTED_EDGE('',*,*,#1878,.T.);
#1878 = EDGE_CURVE('',#1424,#1879,#1881,.T.);
#1879 = VERTEX_POINT('',#1880);
#1880 = CARTESIAN_POINT('',(0.2,0.2,3.9));
#1881 = LINE('',#1882,#1883);
#1882 = CARTESIAN_POINT('',(0.2,0.2,-2.3));
#1883 = VECTOR('',#1884,1.);
#1884 = DIRECTION('',(0.,0.,1.));
#1885 = ORIENTED_EDGE('',*,*,#1886,.F.);
#1886 = EDGE_CURVE('',#1870,#1879,#1887,.T.);
#1887 = LINE('',#1888,#1889);
#1888 = CARTESIAN_POINT('',(0.2,-0.2,3.9));
#1889 = VECTOR('',#1890,1.);
#1890 = DIRECTION('',(0.,1.,0.));
#1891 = PLANE('',#1892);
#1892 = AXIS2_PLACEMENT_3D('',#1893,#1894,#1895);
#1893 = CARTESIAN_POINT('',(0.2,-0.2,-2.3));
#1894 = DIRECTION('',(1.,0.,0.));
#1895 = DIRECTION('',(0.,0.,1.));
#1896 = ADVANCED_FACE('',(#1897),#1915,.T.);
#1897 = FACE_BOUND('',#1898,.T.);
#1898 = EDGE_LOOP('',(#1899,#1900,#1901,#1909));
#1899 = ORIENTED_EDGE('',*,*,#1878,.F.);
#1900 = ORIENTED_EDGE('',*,*,#1447,.T.);
#1901 = ORIENTED_EDGE('',*,*,#1902,.T.);
#1902 = EDGE_CURVE('',#1440,#1903,#1905,.T.);
#1903 = VERTEX_POINT('',#1904);
#1904 = CARTESIAN_POINT('',(-0.2,0.2,3.9));
#1905 = LINE('',#1906,#1907);
#1906 = CARTESIAN_POINT('',(-0.2,0.2,-2.3));
#1907 = VECTOR('',#1908,1.);
#1908 = DIRECTION('',(0.,0.,1.));
#1909 = ORIENTED_EDGE('',*,*,#1910,.T.);
#1910 = EDGE_CURVE('',#1903,#1879,#1911,.T.);
#1911 = LINE('',#1912,#1913);
#1912 = CARTESIAN_POINT('',(-0.2,0.2,3.9));
#1913 = VECTOR('',#1914,1.);
#1914 = DIRECTION('',(1.,0.,0.));
#1915 = PLANE('',#1916);
#1916 = AXIS2_PLACEMENT_3D('',#1917,#1918,#1919);
#1917 = CARTESIAN_POINT('',(-0.2,0.2,-2.3));
#1918 = DIRECTION('',(0.,1.,0.));
#1919 = DIRECTION('',(0.,-0.,1.));
#1920 = ADVANCED_FACE('',(#1921),#1939,.F.);
#1921 = FACE_BOUND('',#1922,.F.);
#1922 = EDGE_LOOP('',(#1923,#1931,#1932,#1933));
#1923 = ORIENTED_EDGE('',*,*,#1924,.F.);
#1924 = EDGE_CURVE('',#1432,#1925,#1927,.T.);
#1925 = VERTEX_POINT('',#1926);
#1926 = CARTESIAN_POINT('',(-0.2,-0.2,3.9));
#1927 = LINE('',#1928,#1929);
#1928 = CARTESIAN_POINT('',(-0.2,-0.2,-2.3));
#1929 = VECTOR('',#1930,1.);
#1930 = DIRECTION('',(0.,0.,1.));
#1931 = ORIENTED_EDGE('',*,*,#1439,.T.);
#1932 = ORIENTED_EDGE('',*,*,#1902,.T.);
#1933 = ORIENTED_EDGE('',*,*,#1934,.F.);
#1934 = EDGE_CURVE('',#1925,#1903,#1935,.T.);
#1935 = LINE('',#1936,#1937);
#1936 = CARTESIAN_POINT('',(-0.2,-0.2,3.9));
#1937 = VECTOR('',#1938,1.);
#1938 = DIRECTION('',(0.,1.,0.));
#1939 = PLANE('',#1940);
#1940 = AXIS2_PLACEMENT_3D('',#1941,#1942,#1943);
#1941 = CARTESIAN_POINT('',(-0.2,-0.2,-2.3));
#1942 = DIRECTION('',(1.,0.,0.));
#1943 = DIRECTION('',(0.,0.,1.));
#1944 = ADVANCED_FACE('',(#1945),#1956,.F.);
#1945 = FACE_BOUND('',#1946,.F.);
#1946 = EDGE_LOOP('',(#1947,#1948,#1949,#1950));
#1947 = ORIENTED_EDGE('',*,*,#1869,.F.);
#1948 = ORIENTED_EDGE('',*,*,#1431,.T.);
#1949 = ORIENTED_EDGE('',*,*,#1924,.T.);
#1950 = ORIENTED_EDGE('',*,*,#1951,.T.);
#1951 = EDGE_CURVE('',#1925,#1870,#1952,.T.);
#1952 = LINE('',#1953,#1954);
#1953 = CARTESIAN_POINT('',(-0.2,-0.2,3.9));
#1954 = VECTOR('',#1955,1.);
#1955 = DIRECTION('',(1.,0.,0.));
#1956 = PLANE('',#1957);
#1957 = AXIS2_PLACEMENT_3D('',#1958,#1959,#1960);
#1958 = CARTESIAN_POINT('',(-0.2,-0.2,-2.3));
#1959 = DIRECTION('',(0.,1.,0.));
#1960 = DIRECTION('',(0.,-0.,1.));
#1961 = ADVANCED_FACE('',(#1962),#1987,.F.);
#1962 = FACE_BOUND('',#1963,.F.);
#1963 = EDGE_LOOP('',(#1964,#1972,#1973,#1981));
#1964 = ORIENTED_EDGE('',*,*,#1965,.F.);
#1965 = EDGE_CURVE('',#1456,#1966,#1968,.T.);
#1966 = VERTEX_POINT('',#1967);
#1967 = CARTESIAN_POINT('',(0.2,-1.47,3.9));
#1968 = LINE('',#1969,#1970);
#1969 = CARTESIAN_POINT('',(0.2,-1.47,-2.3));
#1970 = VECTOR('',#1971,1.);
#1971 = DIRECTION('',(0.,0.,1.));
#1972 = ORIENTED_EDGE('',*,*,#1455,.T.);
#1973 = ORIENTED_EDGE('',*,*,#1974,.T.);
#1974 = EDGE_CURVE('',#1458,#1975,#1977,.T.);
#1975 = VERTEX_POINT('',#1976);
#1976 = CARTESIAN_POINT('',(-0.2,-1.47,3.9));
#1977 = LINE('',#1978,#1979);
#1978 = CARTESIAN_POINT('',(-0.2,-1.47,-2.3));
#1979 = VECTOR('',#1980,1.);
#1980 = DIRECTION('',(0.,0.,1.));
#1981 = ORIENTED_EDGE('',*,*,#1982,.T.);
#1982 = EDGE_CURVE('',#1975,#1966,#1983,.T.);
#1983 = LINE('',#1984,#1985);
#1984 = CARTESIAN_POINT('',(-0.2,-1.47,3.9));
#1985 = VECTOR('',#1986,1.);
#1986 = DIRECTION('',(1.,0.,0.));
#1987 = PLANE('',#1988);
#1988 = AXIS2_PLACEMENT_3D('',#1989,#1990,#1991);
#1989 = CARTESIAN_POINT('',(-0.2,-1.47,-2.3));
#1990 = DIRECTION('',(0.,1.,0.));
#1991 = DIRECTION('',(0.,-0.,1.));
#1992 = ADVANCED_FACE('',(#1993),#2011,.T.);
#1993 = FACE_BOUND('',#1994,.T.);
#1994 = EDGE_LOOP('',(#1995,#1996,#1997,#2005));
#1995 = ORIENTED_EDGE('',*,*,#1965,.F.);
#1996 = ORIENTED_EDGE('',*,*,#1481,.T.);
#1997 = ORIENTED_EDGE('',*,*,#1998,.T.);
#1998 = EDGE_CURVE('',#1474,#1999,#2001,.T.);
#1999 = VERTEX_POINT('',#2000);
#2000 = CARTESIAN_POINT('',(0.2,-1.07,3.9));
#2001 = LINE('',#2002,#2003);
#2002 = CARTESIAN_POINT('',(0.2,-1.07,-2.3));
#2003 = VECTOR('',#2004,1.);
#2004 = DIRECTION('',(0.,0.,1.));
#2005 = ORIENTED_EDGE('',*,*,#2006,.F.);
#2006 = EDGE_CURVE('',#1966,#1999,#2007,.T.);
#2007 = LINE('',#2008,#2009);
#2008 = CARTESIAN_POINT('',(0.2,-1.47,3.9));
#2009 = VECTOR('',#2010,1.);
#2010 = DIRECTION('',(0.,1.,0.));
#2011 = PLANE('',#2012);
#2012 = AXIS2_PLACEMENT_3D('',#2013,#2014,#2015);
#2013 = CARTESIAN_POINT('',(0.2,-1.47,-2.3));
#2014 = DIRECTION('',(1.,0.,0.));
#2015 = DIRECTION('',(0.,0.,1.));
#2016 = ADVANCED_FACE('',(#2017),#2035,.T.);
#2017 = FACE_BOUND('',#2018,.T.);
#2018 = EDGE_LOOP('',(#2019,#2020,#2021,#2029));
#2019 = ORIENTED_EDGE('',*,*,#1998,.F.);
#2020 = ORIENTED_EDGE('',*,*,#1473,.T.);
#2021 = ORIENTED_EDGE('',*,*,#2022,.T.);
#2022 = EDGE_CURVE('',#1466,#2023,#2025,.T.);
#2023 = VERTEX_POINT('',#2024);
#2024 = CARTESIAN_POINT('',(-0.2,-1.07,3.9));
#2025 = LINE('',#2026,#2027);
#2026 = CARTESIAN_POINT('',(-0.2,-1.07,-2.3));
#2027 = VECTOR('',#2028,1.);
#2028 = DIRECTION('',(0.,0.,1.));
#2029 = ORIENTED_EDGE('',*,*,#2030,.T.);
#2030 = EDGE_CURVE('',#2023,#1999,#2031,.T.);
#2031 = LINE('',#2032,#2033);
#2032 = CARTESIAN_POINT('',(-0.2,-1.07,3.9));
#2033 = VECTOR('',#2034,1.);
#2034 = DIRECTION('',(1.,0.,0.));
#2035 = PLANE('',#2036);
#2036 = AXIS2_PLACEMENT_3D('',#2037,#2038,#2039);
#2037 = CARTESIAN_POINT('',(-0.2,-1.07,-2.3));
#2038 = DIRECTION('',(0.,1.,0.));
#2039 = DIRECTION('',(0.,-0.,1.));
#2040 = ADVANCED_FACE('',(#2041),#2052,.F.);
#2041 = FACE_BOUND('',#2042,.F.);
#2042 = EDGE_LOOP('',(#2043,#2044,#2045,#2046));
#2043 = ORIENTED_EDGE('',*,*,#1974,.F.);
#2044 = ORIENTED_EDGE('',*,*,#1465,.T.);
#2045 = ORIENTED_EDGE('',*,*,#2022,.T.);
#2046 = ORIENTED_EDGE('',*,*,#2047,.F.);
#2047 = EDGE_CURVE('',#1975,#2023,#2048,.T.);
#2048 = LINE('',#2049,#2050);
#2049 = CARTESIAN_POINT('',(-0.2,-1.47,3.9));
#2050 = VECTOR('',#2051,1.);
#2051 = DIRECTION('',(0.,1.,0.));
#2052 = PLANE('',#2053);
#2053 = AXIS2_PLACEMENT_3D('',#2054,#2055,#2056);
#2054 = CARTESIAN_POINT('',(-0.2,-1.47,-2.3));
#2055 = DIRECTION('',(1.,0.,0.));
#2056 = DIRECTION('',(0.,0.,1.));
#2057 = ADVANCED_FACE('',(#2058),#2083,.F.);
#2058 = FACE_BOUND('',#2059,.F.);
#2059 = EDGE_LOOP('',(#2060,#2068,#2069,#2077));
#2060 = ORIENTED_EDGE('',*,*,#2061,.F.);
#2061 = EDGE_CURVE('',#1678,#2062,#2064,.T.);
#2062 = VERTEX_POINT('',#2063);
#2063 = CARTESIAN_POINT('',(0.1,-0.1,-2.3));
#2064 = LINE('',#2065,#2066);
#2065 = CARTESIAN_POINT('',(0.1,-0.1,-2.3));
#2066 = VECTOR('',#2067,1.);
#2067 = DIRECTION('',(-0.57735026919,0.57735026919,-0.57735026919));
#2068 = ORIENTED_EDGE('',*,*,#1685,.T.);
#2069 = ORIENTED_EDGE('',*,*,#2070,.T.);
#2070 = EDGE_CURVE('',#1686,#2071,#2073,.T.);
#2071 = VERTEX_POINT('',#2072);
#2072 = CARTESIAN_POINT('',(0.1,0.1,-2.3));
#2073 = LINE('',#2074,#2075);
#2074 = CARTESIAN_POINT('',(3.333333333333E-02,3.333333333333E-02,
    -2.366666666667));
#2075 = VECTOR('',#2076,1.);
#2076 = DIRECTION('',(-0.57735026919,-0.57735026919,-0.57735026919));
#2077 = ORIENTED_EDGE('',*,*,#2078,.F.);
#2078 = EDGE_CURVE('',#2062,#2071,#2079,.T.);
#2079 = LINE('',#2080,#2081);
#2080 = CARTESIAN_POINT('',(0.1,-0.2,-2.3));
#2081 = VECTOR('',#2082,1.);
#2082 = DIRECTION('',(0.,1.,0.));
#2083 = PLANE('',#2084);
#2084 = AXIS2_PLACEMENT_3D('',#2085,#2086,#2087);
#2085 = CARTESIAN_POINT('',(0.15,-0.2,-2.25));
#2086 = DIRECTION('',(-0.707106781187,1.734896939651E-18,0.707106781187)
  );
#2087 = DIRECTION('',(1.226757390687E-18,1.,-1.226757390687E-18));
#2088 = ADVANCED_FACE('',(#2089),#2107,.F.);
#2089 = FACE_BOUND('',#2090,.T.);
#2090 = EDGE_LOOP('',(#2091,#2099,#2100,#2101));
#2091 = ORIENTED_EDGE('',*,*,#2092,.F.);
#2092 = EDGE_CURVE('',#1710,#2093,#2095,.T.);
#2093 = VERTEX_POINT('',#2094);
#2094 = CARTESIAN_POINT('',(-0.1,0.1,-2.3));
#2095 = LINE('',#2096,#2097);
#2096 = CARTESIAN_POINT('',(-0.1,0.1,-2.3));
#2097 = VECTOR('',#2098,1.);
#2098 = DIRECTION('',(0.57735026919,-0.57735026919,-0.57735026919));
#2099 = ORIENTED_EDGE('',*,*,#1709,.T.);
#2100 = ORIENTED_EDGE('',*,*,#2070,.T.);
#2101 = ORIENTED_EDGE('',*,*,#2102,.F.);
#2102 = EDGE_CURVE('',#2093,#2071,#2103,.T.);
#2103 = LINE('',#2104,#2105);
#2104 = CARTESIAN_POINT('',(-0.2,0.1,-2.3));
#2105 = VECTOR('',#2106,1.);
#2106 = DIRECTION('',(1.,0.,0.));
#2107 = PLANE('',#2108);
#2108 = AXIS2_PLACEMENT_3D('',#2109,#2110,#2111);
#2109 = CARTESIAN_POINT('',(-0.2,0.15,-2.25));
#2110 = DIRECTION('',(-1.734896939651E-18,-0.707106781187,0.707106781187
    ));
#2111 = DIRECTION('',(-1.,1.226757390687E-18,-1.226757390687E-18));
#2112 = ADVANCED_FACE('',(#2113),#2131,.T.);
#2113 = FACE_BOUND('',#2114,.T.);
#2114 = EDGE_LOOP('',(#2115,#2123,#2124,#2125));
#2115 = ORIENTED_EDGE('',*,*,#2116,.F.);
#2116 = EDGE_CURVE('',#1733,#2117,#2119,.T.);
#2117 = VERTEX_POINT('',#2118);
#2118 = CARTESIAN_POINT('',(-0.1,-0.1,-2.3));
#2119 = LINE('',#2120,#2121);
#2120 = CARTESIAN_POINT('',(-0.166666666667,-0.166666666667,
    -2.233333333333));
#2121 = VECTOR('',#2122,1.);
#2122 = DIRECTION('',(0.57735026919,0.57735026919,-0.57735026919));
#2123 = ORIENTED_EDGE('',*,*,#1740,.T.);
#2124 = ORIENTED_EDGE('',*,*,#2092,.T.);
#2125 = ORIENTED_EDGE('',*,*,#2126,.F.);
#2126 = EDGE_CURVE('',#2117,#2093,#2127,.T.);
#2127 = LINE('',#2128,#2129);
#2128 = CARTESIAN_POINT('',(-0.1,-0.2,-2.3));
#2129 = VECTOR('',#2130,1.);
#2130 = DIRECTION('',(0.,1.,0.));
#2131 = PLANE('',#2132);
#2132 = AXIS2_PLACEMENT_3D('',#2133,#2134,#2135);
#2133 = CARTESIAN_POINT('',(-0.15,-0.2,-2.25));
#2134 = DIRECTION('',(-0.707106781187,-1.734896939651E-18,
    -0.707106781187));
#2135 = DIRECTION('',(-1.226757390687E-18,1.,-1.226757390687E-18));
#2136 = ADVANCED_FACE('',(#2137),#2148,.T.);
#2137 = FACE_BOUND('',#2138,.F.);
#2138 = EDGE_LOOP('',(#2139,#2140,#2141,#2142));
#2139 = ORIENTED_EDGE('',*,*,#2116,.F.);
#2140 = ORIENTED_EDGE('',*,*,#1757,.T.);
#2141 = ORIENTED_EDGE('',*,*,#2061,.T.);
#2142 = ORIENTED_EDGE('',*,*,#2143,.F.);
#2143 = EDGE_CURVE('',#2117,#2062,#2144,.T.);
#2144 = LINE('',#2145,#2146);
#2145 = CARTESIAN_POINT('',(-0.2,-0.1,-2.3));
#2146 = VECTOR('',#2147,1.);
#2147 = DIRECTION('',(1.,0.,0.));
#2148 = PLANE('',#2149);
#2149 = AXIS2_PLACEMENT_3D('',#2150,#2151,#2152);
#2150 = CARTESIAN_POINT('',(-0.2,-0.15,-2.25));
#2151 = DIRECTION('',(1.734896939651E-18,-0.707106781187,-0.707106781187
    ));
#2152 = DIRECTION('',(-1.,-1.226757390687E-18,-1.226757390687E-18));
#2153 = ADVANCED_FACE('',(#2154),#2179,.T.);
#2154 = FACE_BOUND('',#2155,.F.);
#2155 = EDGE_LOOP('',(#2156,#2164,#2165,#2173));
#2156 = ORIENTED_EDGE('',*,*,#2157,.F.);
#2157 = EDGE_CURVE('',#1782,#2158,#2160,.T.);
#2158 = VERTEX_POINT('',#2159);
#2159 = CARTESIAN_POINT('',(-0.1,-1.37,-2.3));
#2160 = LINE('',#2161,#2162);
#2161 = CARTESIAN_POINT('',(-0.166666666667,-1.436666666667,
    -2.233333333333));
#2162 = VECTOR('',#2163,1.);
#2163 = DIRECTION('',(0.57735026919,0.57735026919,-0.57735026919));
#2164 = ORIENTED_EDGE('',*,*,#1781,.T.);
#2165 = ORIENTED_EDGE('',*,*,#2166,.T.);
#2166 = EDGE_CURVE('',#1774,#2167,#2169,.T.);
#2167 = VERTEX_POINT('',#2168);
#2168 = CARTESIAN_POINT('',(0.1,-1.37,-2.3));
#2169 = LINE('',#2170,#2171);
#2170 = CARTESIAN_POINT('',(0.1,-1.37,-2.3));
#2171 = VECTOR('',#2172,1.);
#2172 = DIRECTION('',(-0.57735026919,0.57735026919,-0.57735026919));
#2173 = ORIENTED_EDGE('',*,*,#2174,.F.);
#2174 = EDGE_CURVE('',#2158,#2167,#2175,.T.);
#2175 = LINE('',#2176,#2177);
#2176 = CARTESIAN_POINT('',(-0.2,-1.37,-2.3));
#2177 = VECTOR('',#2178,1.);
#2178 = DIRECTION('',(1.,0.,0.));
#2179 = PLANE('',#2180);
#2180 = AXIS2_PLACEMENT_3D('',#2181,#2182,#2183);
#2181 = CARTESIAN_POINT('',(-0.2,-1.42,-2.25));
#2182 = DIRECTION('',(1.734896939651E-18,-0.707106781187,-0.707106781187
    ));
#2183 = DIRECTION('',(-1.,-1.226757390687E-18,-1.226757390687E-18));
#2184 = ADVANCED_FACE('',(#2185),#2203,.F.);
#2185 = FACE_BOUND('',#2186,.F.);
#2186 = EDGE_LOOP('',(#2187,#2188,#2189,#2197));
#2187 = ORIENTED_EDGE('',*,*,#2166,.F.);
#2188 = ORIENTED_EDGE('',*,*,#1805,.T.);
#2189 = ORIENTED_EDGE('',*,*,#2190,.T.);
#2190 = EDGE_CURVE('',#1806,#2191,#2193,.T.);
#2191 = VERTEX_POINT('',#2192);
#2192 = CARTESIAN_POINT('',(0.1,-1.17,-2.3));
#2193 = LINE('',#2194,#2195);
#2194 = CARTESIAN_POINT('',(3.333333333333E-02,-1.236666666667,
    -2.366666666667));
#2195 = VECTOR('',#2196,1.);
#2196 = DIRECTION('',(-0.57735026919,-0.57735026919,-0.57735026919));
#2197 = ORIENTED_EDGE('',*,*,#2198,.F.);
#2198 = EDGE_CURVE('',#2167,#2191,#2199,.T.);
#2199 = LINE('',#2200,#2201);
#2200 = CARTESIAN_POINT('',(0.1,-1.47,-2.3));
#2201 = VECTOR('',#2202,1.);
#2202 = DIRECTION('',(0.,1.,0.));
#2203 = PLANE('',#2204);
#2204 = AXIS2_PLACEMENT_3D('',#2205,#2206,#2207);
#2205 = CARTESIAN_POINT('',(0.15,-1.47,-2.25));
#2206 = DIRECTION('',(-0.707106781187,1.734896939651E-18,0.707106781187)
  );
#2207 = DIRECTION('',(1.226757390687E-18,1.,-1.226757390687E-18));
#2208 = ADVANCED_FACE('',(#2209),#2227,.F.);
#2209 = FACE_BOUND('',#2210,.T.);
#2210 = EDGE_LOOP('',(#2211,#2219,#2220,#2221));
#2211 = ORIENTED_EDGE('',*,*,#2212,.F.);
#2212 = EDGE_CURVE('',#1830,#2213,#2215,.T.);
#2213 = VERTEX_POINT('',#2214);
#2214 = CARTESIAN_POINT('',(-0.1,-1.17,-2.3));
#2215 = LINE('',#2216,#2217);
#2216 = CARTESIAN_POINT('',(-0.1,-1.17,-2.3));
#2217 = VECTOR('',#2218,1.);
#2218 = DIRECTION('',(0.57735026919,-0.57735026919,-0.57735026919));
#2219 = ORIENTED_EDGE('',*,*,#1829,.T.);
#2220 = ORIENTED_EDGE('',*,*,#2190,.T.);
#2221 = ORIENTED_EDGE('',*,*,#2222,.F.);
#2222 = EDGE_CURVE('',#2213,#2191,#2223,.T.);
#2223 = LINE('',#2224,#2225);
#2224 = CARTESIAN_POINT('',(-0.2,-1.17,-2.3));
#2225 = VECTOR('',#2226,1.);
#2226 = DIRECTION('',(1.,0.,0.));
#2227 = PLANE('',#2228);
#2228 = AXIS2_PLACEMENT_3D('',#2229,#2230,#2231);
#2229 = CARTESIAN_POINT('',(-0.2,-1.12,-2.25));
#2230 = DIRECTION('',(-1.734896939651E-18,-0.707106781187,0.707106781187
    ));
#2231 = DIRECTION('',(-1.,1.226757390687E-18,-1.226757390687E-18));
#2232 = ADVANCED_FACE('',(#2233),#2244,.T.);
#2233 = FACE_BOUND('',#2234,.T.);
#2234 = EDGE_LOOP('',(#2235,#2236,#2237,#2238));
#2235 = ORIENTED_EDGE('',*,*,#2157,.F.);
#2236 = ORIENTED_EDGE('',*,*,#1853,.T.);
#2237 = ORIENTED_EDGE('',*,*,#2212,.T.);
#2238 = ORIENTED_EDGE('',*,*,#2239,.F.);
#2239 = EDGE_CURVE('',#2158,#2213,#2240,.T.);
#2240 = LINE('',#2241,#2242);
#2241 = CARTESIAN_POINT('',(-0.1,-1.47,-2.3));
#2242 = VECTOR('',#2243,1.);
#2243 = DIRECTION('',(0.,1.,0.));
#2244 = PLANE('',#2245);
#2245 = AXIS2_PLACEMENT_3D('',#2246,#2247,#2248);
#2246 = CARTESIAN_POINT('',(-0.15,-1.47,-2.25));
#2247 = DIRECTION('',(-0.707106781187,-1.734896939651E-18,
    -0.707106781187));
#2248 = DIRECTION('',(-1.226757390687E-18,1.,-1.226757390687E-18));
#2249 = ADVANCED_FACE('',(#2250),#2275,.T.);
#2250 = FACE_BOUND('',#2251,.T.);
#2251 = EDGE_LOOP('',(#2252,#2260,#2261,#2269));
#2252 = ORIENTED_EDGE('',*,*,#2253,.F.);
#2253 = EDGE_CURVE('',#1870,#2254,#2256,.T.);
#2254 = VERTEX_POINT('',#2255);
#2255 = CARTESIAN_POINT('',(0.1,-0.1,4.));
#2256 = LINE('',#2257,#2258);
#2257 = CARTESIAN_POINT('',(0.1,-0.1,4.));
#2258 = VECTOR('',#2259,1.);
#2259 = DIRECTION('',(-0.57735026919,0.57735026919,0.57735026919));
#2260 = ORIENTED_EDGE('',*,*,#1886,.T.);
#2261 = ORIENTED_EDGE('',*,*,#2262,.T.);
#2262 = EDGE_CURVE('',#1879,#2263,#2265,.T.);
#2263 = VERTEX_POINT('',#2264);
#2264 = CARTESIAN_POINT('',(0.1,0.1,4.));
#2265 = LINE('',#2266,#2267);
#2266 = CARTESIAN_POINT('',(3.333333333333E-02,3.333333333333E-02,
    4.066666666667));
#2267 = VECTOR('',#2268,1.);
#2268 = DIRECTION('',(-0.57735026919,-0.57735026919,0.57735026919));
#2269 = ORIENTED_EDGE('',*,*,#2270,.F.);
#2270 = EDGE_CURVE('',#2254,#2263,#2271,.T.);
#2271 = LINE('',#2272,#2273);
#2272 = CARTESIAN_POINT('',(0.1,-0.2,4.));
#2273 = VECTOR('',#2274,1.);
#2274 = DIRECTION('',(0.,1.,0.));
#2275 = PLANE('',#2276);
#2276 = AXIS2_PLACEMENT_3D('',#2277,#2278,#2279);
#2277 = CARTESIAN_POINT('',(0.15,-0.2,3.95));
#2278 = DIRECTION('',(0.707106781187,-1.734896939651E-18,0.707106781187)
  );
#2279 = DIRECTION('',(1.226757390687E-18,1.,1.226757390687E-18));
#2280 = ADVANCED_FACE('',(#2281),#2299,.T.);
#2281 = FACE_BOUND('',#2282,.F.);
#2282 = EDGE_LOOP('',(#2283,#2291,#2292,#2293));
#2283 = ORIENTED_EDGE('',*,*,#2284,.F.);
#2284 = EDGE_CURVE('',#1903,#2285,#2287,.T.);
#2285 = VERTEX_POINT('',#2286);
#2286 = CARTESIAN_POINT('',(-0.1,0.1,4.));
#2287 = LINE('',#2288,#2289);
#2288 = CARTESIAN_POINT('',(-0.1,0.1,4.));
#2289 = VECTOR('',#2290,1.);
#2290 = DIRECTION('',(0.57735026919,-0.57735026919,0.57735026919));
#2291 = ORIENTED_EDGE('',*,*,#1910,.T.);
#2292 = ORIENTED_EDGE('',*,*,#2262,.T.);
#2293 = ORIENTED_EDGE('',*,*,#2294,.F.);
#2294 = EDGE_CURVE('',#2285,#2263,#2295,.T.);
#2295 = LINE('',#2296,#2297);
#2296 = CARTESIAN_POINT('',(-0.2,0.1,4.));
#2297 = VECTOR('',#2298,1.);
#2298 = DIRECTION('',(1.,0.,0.));
#2299 = PLANE('',#2300);
#2300 = AXIS2_PLACEMENT_3D('',#2301,#2302,#2303);
#2301 = CARTESIAN_POINT('',(-0.2,0.15,3.95));
#2302 = DIRECTION('',(1.734896939651E-18,0.707106781187,0.707106781187)
  );
#2303 = DIRECTION('',(-1.,1.226757390687E-18,1.226757390687E-18));
#2304 = ADVANCED_FACE('',(#2305),#2323,.F.);
#2305 = FACE_BOUND('',#2306,.F.);
#2306 = EDGE_LOOP('',(#2307,#2315,#2316,#2317));
#2307 = ORIENTED_EDGE('',*,*,#2308,.F.);
#2308 = EDGE_CURVE('',#1925,#2309,#2311,.T.);
#2309 = VERTEX_POINT('',#2310);
#2310 = CARTESIAN_POINT('',(-0.1,-0.1,4.));
#2311 = LINE('',#2312,#2313);
#2312 = CARTESIAN_POINT('',(-0.166666666667,-0.166666666667,
    3.933333333333));
#2313 = VECTOR('',#2314,1.);
#2314 = DIRECTION('',(0.57735026919,0.57735026919,0.57735026919));
#2315 = ORIENTED_EDGE('',*,*,#1934,.T.);
#2316 = ORIENTED_EDGE('',*,*,#2284,.T.);
#2317 = ORIENTED_EDGE('',*,*,#2318,.F.);
#2318 = EDGE_CURVE('',#2309,#2285,#2319,.T.);
#2319 = LINE('',#2320,#2321);
#2320 = CARTESIAN_POINT('',(-0.1,-0.2,4.));
#2321 = VECTOR('',#2322,1.);
#2322 = DIRECTION('',(0.,1.,0.));
#2323 = PLANE('',#2324);
#2324 = AXIS2_PLACEMENT_3D('',#2325,#2326,#2327);
#2325 = CARTESIAN_POINT('',(-0.15,-0.2,3.95));
#2326 = DIRECTION('',(0.707106781187,1.734896939651E-18,-0.707106781187)
  );
#2327 = DIRECTION('',(-1.226757390687E-18,1.,1.226757390687E-18));
#2328 = ADVANCED_FACE('',(#2329),#2340,.F.);
#2329 = FACE_BOUND('',#2330,.T.);
#2330 = EDGE_LOOP('',(#2331,#2332,#2333,#2334));
#2331 = ORIENTED_EDGE('',*,*,#2308,.F.);
#2332 = ORIENTED_EDGE('',*,*,#1951,.T.);
#2333 = ORIENTED_EDGE('',*,*,#2253,.T.);
#2334 = ORIENTED_EDGE('',*,*,#2335,.F.);
#2335 = EDGE_CURVE('',#2309,#2254,#2336,.T.);
#2336 = LINE('',#2337,#2338);
#2337 = CARTESIAN_POINT('',(-0.2,-0.1,4.));
#2338 = VECTOR('',#2339,1.);
#2339 = DIRECTION('',(1.,0.,0.));
#2340 = PLANE('',#2341);
#2341 = AXIS2_PLACEMENT_3D('',#2342,#2343,#2344);
#2342 = CARTESIAN_POINT('',(-0.2,-0.15,3.95));
#2343 = DIRECTION('',(-1.734896939651E-18,0.707106781187,-0.707106781187
    ));
#2344 = DIRECTION('',(-1.,-1.226757390687E-18,1.226757390687E-18));
#2345 = ADVANCED_FACE('',(#2346),#2371,.F.);
#2346 = FACE_BOUND('',#2347,.T.);
#2347 = EDGE_LOOP('',(#2348,#2356,#2357,#2365));
#2348 = ORIENTED_EDGE('',*,*,#2349,.F.);
#2349 = EDGE_CURVE('',#1975,#2350,#2352,.T.);
#2350 = VERTEX_POINT('',#2351);
#2351 = CARTESIAN_POINT('',(-0.1,-1.37,4.));
#2352 = LINE('',#2353,#2354);
#2353 = CARTESIAN_POINT('',(-0.166666666667,-1.436666666667,
    3.933333333333));
#2354 = VECTOR('',#2355,1.);
#2355 = DIRECTION('',(0.57735026919,0.57735026919,0.57735026919));
#2356 = ORIENTED_EDGE('',*,*,#1982,.T.);
#2357 = ORIENTED_EDGE('',*,*,#2358,.T.);
#2358 = EDGE_CURVE('',#1966,#2359,#2361,.T.);
#2359 = VERTEX_POINT('',#2360);
#2360 = CARTESIAN_POINT('',(0.1,-1.37,4.));
#2361 = LINE('',#2362,#2363);
#2362 = CARTESIAN_POINT('',(0.1,-1.37,4.));
#2363 = VECTOR('',#2364,1.);
#2364 = DIRECTION('',(-0.57735026919,0.57735026919,0.57735026919));
#2365 = ORIENTED_EDGE('',*,*,#2366,.F.);
#2366 = EDGE_CURVE('',#2350,#2359,#2367,.T.);
#2367 = LINE('',#2368,#2369);
#2368 = CARTESIAN_POINT('',(-0.2,-1.37,4.));
#2369 = VECTOR('',#2370,1.);
#2370 = DIRECTION('',(1.,0.,0.));
#2371 = PLANE('',#2372);
#2372 = AXIS2_PLACEMENT_3D('',#2373,#2374,#2375);
#2373 = CARTESIAN_POINT('',(-0.2,-1.42,3.95));
#2374 = DIRECTION('',(-1.734896939651E-18,0.707106781187,-0.707106781187
    ));
#2375 = DIRECTION('',(-1.,-1.226757390687E-18,1.226757390687E-18));
#2376 = ADVANCED_FACE('',(#2377),#2395,.T.);
#2377 = FACE_BOUND('',#2378,.T.);
#2378 = EDGE_LOOP('',(#2379,#2380,#2381,#2389));
#2379 = ORIENTED_EDGE('',*,*,#2358,.F.);
#2380 = ORIENTED_EDGE('',*,*,#2006,.T.);
#2381 = ORIENTED_EDGE('',*,*,#2382,.T.);
#2382 = EDGE_CURVE('',#1999,#2383,#2385,.T.);
#2383 = VERTEX_POINT('',#2384);
#2384 = CARTESIAN_POINT('',(0.1,-1.17,4.));
#2385 = LINE('',#2386,#2387);
#2386 = CARTESIAN_POINT('',(3.333333333333E-02,-1.236666666667,
    4.066666666667));
#2387 = VECTOR('',#2388,1.);
#2388 = DIRECTION('',(-0.57735026919,-0.57735026919,0.57735026919));
#2389 = ORIENTED_EDGE('',*,*,#2390,.F.);
#2390 = EDGE_CURVE('',#2359,#2383,#2391,.T.);
#2391 = LINE('',#2392,#2393);
#2392 = CARTESIAN_POINT('',(0.1,-1.47,4.));
#2393 = VECTOR('',#2394,1.);
#2394 = DIRECTION('',(0.,1.,0.));
#2395 = PLANE('',#2396);
#2396 = AXIS2_PLACEMENT_3D('',#2397,#2398,#2399);
#2397 = CARTESIAN_POINT('',(0.15,-1.47,3.95));
#2398 = DIRECTION('',(0.707106781187,-1.734896939651E-18,0.707106781187)
  );
#2399 = DIRECTION('',(1.226757390687E-18,1.,1.226757390687E-18));
#2400 = ADVANCED_FACE('',(#2401),#2419,.T.);
#2401 = FACE_BOUND('',#2402,.F.);
#2402 = EDGE_LOOP('',(#2403,#2411,#2412,#2413));
#2403 = ORIENTED_EDGE('',*,*,#2404,.F.);
#2404 = EDGE_CURVE('',#2023,#2405,#2407,.T.);
#2405 = VERTEX_POINT('',#2406);
#2406 = CARTESIAN_POINT('',(-0.1,-1.17,4.));
#2407 = LINE('',#2408,#2409);
#2408 = CARTESIAN_POINT('',(-0.1,-1.17,4.));
#2409 = VECTOR('',#2410,1.);
#2410 = DIRECTION('',(0.57735026919,-0.57735026919,0.57735026919));
#2411 = ORIENTED_EDGE('',*,*,#2030,.T.);
#2412 = ORIENTED_EDGE('',*,*,#2382,.T.);
#2413 = ORIENTED_EDGE('',*,*,#2414,.F.);
#2414 = EDGE_CURVE('',#2405,#2383,#2415,.T.);
#2415 = LINE('',#2416,#2417);
#2416 = CARTESIAN_POINT('',(-0.2,-1.17,4.));
#2417 = VECTOR('',#2418,1.);
#2418 = DIRECTION('',(1.,0.,0.));
#2419 = PLANE('',#2420);
#2420 = AXIS2_PLACEMENT_3D('',#2421,#2422,#2423);
#2421 = CARTESIAN_POINT('',(-0.2,-1.12,3.95));
#2422 = DIRECTION('',(1.734896939651E-18,0.707106781187,0.707106781187)
  );
#2423 = DIRECTION('',(-1.,1.226757390687E-18,1.226757390687E-18));
#2424 = ADVANCED_FACE('',(#2425),#2436,.F.);
#2425 = FACE_BOUND('',#2426,.F.);
#2426 = EDGE_LOOP('',(#2427,#2428,#2429,#2430));
#2427 = ORIENTED_EDGE('',*,*,#2349,.F.);
#2428 = ORIENTED_EDGE('',*,*,#2047,.T.);
#2429 = ORIENTED_EDGE('',*,*,#2404,.T.);
#2430 = ORIENTED_EDGE('',*,*,#2431,.F.);
#2431 = EDGE_CURVE('',#2350,#2405,#2432,.T.);
#2432 = LINE('',#2433,#2434);
#2433 = CARTESIAN_POINT('',(-0.1,-1.47,4.));
#2434 = VECTOR('',#2435,1.);
#2435 = DIRECTION('',(0.,1.,0.));
#2436 = PLANE('',#2437);
#2437 = AXIS2_PLACEMENT_3D('',#2438,#2439,#2440);
#2438 = CARTESIAN_POINT('',(-0.15,-1.47,3.95));
#2439 = DIRECTION('',(0.707106781187,1.734896939651E-18,-0.707106781187)
  );
#2440 = DIRECTION('',(-1.226757390687E-18,1.,1.226757390687E-18));
#2441 = ADVANCED_FACE('',(#2442),#2448,.F.);
#2442 = FACE_BOUND('',#2443,.F.);
#2443 = EDGE_LOOP('',(#2444,#2445,#2446,#2447));
#2444 = ORIENTED_EDGE('',*,*,#2143,.T.);
#2445 = ORIENTED_EDGE('',*,*,#2078,.T.);
#2446 = ORIENTED_EDGE('',*,*,#2102,.F.);
#2447 = ORIENTED_EDGE('',*,*,#2126,.F.);
#2448 = PLANE('',#2449);
#2449 = AXIS2_PLACEMENT_3D('',#2450,#2451,#2452);
#2450 = CARTESIAN_POINT('',(-0.2,-0.2,-2.3));
#2451 = DIRECTION('',(0.,0.,1.));
#2452 = DIRECTION('',(1.,0.,-0.));
#2453 = ADVANCED_FACE('',(#2454),#2460,.F.);
#2454 = FACE_BOUND('',#2455,.F.);
#2455 = EDGE_LOOP('',(#2456,#2457,#2458,#2459));
#2456 = ORIENTED_EDGE('',*,*,#2174,.T.);
#2457 = ORIENTED_EDGE('',*,*,#2198,.T.);
#2458 = ORIENTED_EDGE('',*,*,#2222,.F.);
#2459 = ORIENTED_EDGE('',*,*,#2239,.F.);
#2460 = PLANE('',#2461);
#2461 = AXIS2_PLACEMENT_3D('',#2462,#2463,#2464);
#2462 = CARTESIAN_POINT('',(-0.2,-1.47,-2.3));
#2463 = DIRECTION('',(0.,0.,1.));
#2464 = DIRECTION('',(1.,0.,-0.));
#2465 = ADVANCED_FACE('',(#2466),#2472,.T.);
#2466 = FACE_BOUND('',#2467,.T.);
#2467 = EDGE_LOOP('',(#2468,#2469,#2470,#2471));
#2468 = ORIENTED_EDGE('',*,*,#2318,.F.);
#2469 = ORIENTED_EDGE('',*,*,#2335,.T.);
#2470 = ORIENTED_EDGE('',*,*,#2270,.T.);
#2471 = ORIENTED_EDGE('',*,*,#2294,.F.);
#2472 = PLANE('',#2473);
#2473 = AXIS2_PLACEMENT_3D('',#2474,#2475,#2476);
#2474 = CARTESIAN_POINT('',(-0.2,-0.2,4.));
#2475 = DIRECTION('',(0.,0.,1.));
#2476 = DIRECTION('',(1.,0.,-0.));
#2477 = ADVANCED_FACE('',(#2478),#2484,.T.);
#2478 = FACE_BOUND('',#2479,.T.);
#2479 = EDGE_LOOP('',(#2480,#2481,#2482,#2483));
#2480 = ORIENTED_EDGE('',*,*,#2431,.F.);
#2481 = ORIENTED_EDGE('',*,*,#2366,.T.);
#2482 = ORIENTED_EDGE('',*,*,#2390,.T.);
#2483 = ORIENTED_EDGE('',*,*,#2414,.F.);
#2484 = PLANE('',#2485);
#2485 = AXIS2_PLACEMENT_3D('',#2486,#2487,#2488);
#2486 = CARTESIAN_POINT('',(-0.2,-1.47,4.));
#2487 = DIRECTION('',(0.,0.,1.));
#2488 = DIRECTION('',(1.,0.,-0.));
#2489 = ( GEOMETRIC_REPRESENTATION_CONTEXT(3) 
GLOBAL_UNCERTAINTY_ASSIGNED_CONTEXT((#2493)) 
GLOBAL_UNIT_ASSIGNED_CONTEXT((#2490,#2491,#2492)) REPRESENTATION_CONTEXT
('Context #1','3D Context with UNIT and UNCERTAINTY') );
#2490 = ( LENGTH_UNIT() NAMED_UNIT(*) SI_UNIT(.MILLI.,.METRE.) );
#2491 = ( NAMED_UNIT(*) PLANE_ANGLE_UNIT() SI_UNIT($,.RADIAN.) );
#2492 = ( NAMED_UNIT(*) SI_UNIT($,.STERADIAN.) SOLID_ANGLE_UNIT() );
#2493 = UNCERTAINTY_MEASURE_WITH_UNIT(LENGTH_MEASURE(1.E-07),#2490,
  'distance_accuracy_value','confusion accuracy');
#2494 = CONTEXT_DEPENDENT_SHAPE_REPRESENTATION(#2495,#2497);
#2495 = ( REPRESENTATION_RELATIONSHIP('','',#1056,#1033) 
REPRESENTATION_RELATIONSHIP_WITH_TRANSFORMATION(#2496) 
SHAPE_REPRESENTATION_RELATIONSHIP() );
#2496 = ITEM_DEFINED_TRANSFORMATION('','',#11,#1034);
#2497 = PRODUCT_DEFINITION_SHAPE('Placement','Placement of an item',
  #2498);
#2498 = NEXT_ASSEMBLY_USAGE_OCCURRENCE('4','=>[0:1:1:5]','',#1028,#1051,
  $);
#2499 = PRODUCT_RELATED_PRODUCT_CATEGORY('part',$,(#1053));
#2500 = SHAPE_DEFINITION_REPRESENTATION(#2501,#2507);
#2501 = PRODUCT_DEFINITION_SHAPE('','',#2502);
#2502 = PRODUCT_DEFINITION('design','',#2503,#2506);
#2503 = PRODUCT_DEFINITION_FORMATION('','',#2504);
#2504 = PRODUCT('C_0805_2012Metric','C_0805_2012Metric','',(#2505));
#2505 = PRODUCT_CONTEXT('',#2,'mechanical');
#2506 = PRODUCT_DEFINITION_CONTEXT('part definition',#2,'design');
#2507 = SHAPE_REPRESENTATION('',(#11,#2508),#2512);
#2508 = AXIS2_PLACEMENT_3D('',#2509,#2510,#2511);
#2509 = CARTESIAN_POINT('',(0.,0.,0.));
#2510 = DIRECTION('',(0.,0.,1.));
#2511 = DIRECTION('',(1.,0.,-0.));
#2512 = ( GEOMETRIC_REPRESENTATION_CONTEXT(3) 
GLOBAL_UNCERTAINTY_ASSIGNED_CONTEXT((#2516)) 
GLOBAL_UNIT_ASSIGNED_CONTEXT((#2513,#2514,#2515)) REPRESENTATION_CONTEXT
('Context #1','3D Context with UNIT and UNCERTAINTY') );
#2513 = ( LENGTH_UNIT() NAMED_UNIT(*) SI_UNIT(.MILLI.,.METRE.) );
#2514 = ( NAMED_UNIT(*) PLANE_ANGLE_UNIT() SI_UNIT($,.RADIAN.) );
#2515 = ( NAMED_UNIT(*) SI_UNIT($,.STERADIAN.) SOLID_ANGLE_UNIT() );
#2516 = UNCERTAINTY_MEASURE_WITH_UNIT(LENGTH_MEASURE(1.E-07),#2513,
  'distance_accuracy_value','confusion accuracy');
#2517 = CONTEXT_DEPENDENT_SHAPE_REPRESENTATION(#2518,#2520);
#2518 = ( REPRESENTATION_RELATIONSHIP('','',#2507,#10) 
REPRESENTATION_RELATIONSHIP_WITH_TRANSFORMATION(#2519) 
SHAPE_REPRESENTATION_RELATIONSHIP() );
#2519 = ITEM_DEFINED_TRANSFORMATION('','',#11,#27);
#2520 = PRODUCT_DEFINITION_SHAPE('Placement','Placement of an item',
  #2521);
#2521 = NEXT_ASSEMBLY_USAGE_OCCURRENCE('7','C6','',#5,#2502,$);
#2522 = PRODUCT_RELATED_PRODUCT_CATEGORY('part',$,(#2504));
#2523 = SHAPE_DEFINITION_REPRESENTATION(#2524,#2530);
#2524 = PRODUCT_DEFINITION_SHAPE('','',#2525);
#2525 = PRODUCT_DEFINITION('design','',#2526,#2529);
#2526 = PRODUCT_DEFINITION_FORMATION('','',#2527);
#2527 = PRODUCT('C_0805_2012Metric','C_0805_2012Metric','',(#2528));
#2528 = PRODUCT_CONTEXT('',#2,'mechanical');
#2529 = PRODUCT_DEFINITION_CONTEXT('part definition',#2,'design');
#2530 = ADVANCED_BREP_SHAPE_REPRESENTATION('',(#11,#2531),#3385);
#2531 = MANIFOLD_SOLID_BREP('',#2532);
#2532 = CLOSED_SHELL('',(#2533,#2609,#2640,#2665,#2690,#2714,#2738,#2763
    ,#2788,#2805,#2891,#2923,#2947,#2972,#2996,#3021,#3045,#3070,#3087,
    #3173,#3204,#3229,#3254,#3278,#3302,#3327,#3352,#3369));
#2533 = ADVANCED_FACE('',(#2534),#2604,.F.);
#2534 = FACE_BOUND('',#2535,.F.);
#2535 = EDGE_LOOP('',(#2536,#2546,#2555,#2563,#2572,#2580,#2589,#2597));
#2536 = ORIENTED_EDGE('',*,*,#2537,.F.);
#2537 = EDGE_CURVE('',#2538,#2540,#2542,.T.);
#2538 = VERTEX_POINT('',#2539);
#2539 = CARTESIAN_POINT('',(-1.,-0.625,4.E-02));
#2540 = VERTEX_POINT('',#2541);
#2541 = CARTESIAN_POINT('',(-1.,-0.625,1.21));
#2542 = LINE('',#2543,#2544);
#2543 = CARTESIAN_POINT('',(-1.,-0.625,0.));
#2544 = VECTOR('',#2545,1.);
#2545 = DIRECTION('',(0.,0.,1.));
#2546 = ORIENTED_EDGE('',*,*,#2547,.T.);
#2547 = EDGE_CURVE('',#2538,#2548,#2550,.T.);
#2548 = VERTEX_POINT('',#2549);
#2549 = CARTESIAN_POINT('',(-1.,-0.585,0.));
#2550 = CIRCLE('',#2551,4.E-02);
#2551 = AXIS2_PLACEMENT_3D('',#2552,#2553,#2554);
#2552 = CARTESIAN_POINT('',(-1.,-0.585,4.E-02));
#2553 = DIRECTION('',(1.,0.,-0.));
#2554 = DIRECTION('',(0.,0.,1.));
#2555 = ORIENTED_EDGE('',*,*,#2556,.T.);
#2556 = EDGE_CURVE('',#2548,#2557,#2559,.T.);
#2557 = VERTEX_POINT('',#2558);
#2558 = CARTESIAN_POINT('',(-1.,0.585,0.));
#2559 = LINE('',#2560,#2561);
#2560 = CARTESIAN_POINT('',(-1.,-0.625,0.));
#2561 = VECTOR('',#2562,1.);
#2562 = DIRECTION('',(0.,1.,0.));
#2563 = ORIENTED_EDGE('',*,*,#2564,.F.);
#2564 = EDGE_CURVE('',#2565,#2557,#2567,.T.);
#2565 = VERTEX_POINT('',#2566);
#2566 = CARTESIAN_POINT('',(-1.,0.625,4.E-02));
#2567 = CIRCLE('',#2568,4.E-02);
#2568 = AXIS2_PLACEMENT_3D('',#2569,#2570,#2571);
#2569 = CARTESIAN_POINT('',(-1.,0.585,4.E-02));
#2570 = DIRECTION('',(-1.,0.,0.));
#2571 = DIRECTION('',(0.,0.,1.));
#2572 = ORIENTED_EDGE('',*,*,#2573,.T.);
#2573 = EDGE_CURVE('',#2565,#2574,#2576,.T.);
#2574 = VERTEX_POINT('',#2575);
#2575 = CARTESIAN_POINT('',(-1.,0.625,1.21));
#2576 = LINE('',#2577,#2578);
#2577 = CARTESIAN_POINT('',(-1.,0.625,0.));
#2578 = VECTOR('',#2579,1.);
#2579 = DIRECTION('',(0.,0.,1.));
#2580 = ORIENTED_EDGE('',*,*,#2581,.T.);
#2581 = EDGE_CURVE('',#2574,#2582,#2584,.T.);
#2582 = VERTEX_POINT('',#2583);
#2583 = CARTESIAN_POINT('',(-1.,0.585,1.25));
#2584 = CIRCLE('',#2585,4.E-02);
#2585 = AXIS2_PLACEMENT_3D('',#2586,#2587,#2588);
#2586 = CARTESIAN_POINT('',(-1.,0.585,1.21));
#2587 = DIRECTION('',(1.,0.,-0.));
#2588 = DIRECTION('',(0.,0.,1.));
#2589 = ORIENTED_EDGE('',*,*,#2590,.F.);
#2590 = EDGE_CURVE('',#2591,#2582,#2593,.T.);
#2591 = VERTEX_POINT('',#2592);
#2592 = CARTESIAN_POINT('',(-1.,-0.585,1.25));
#2593 = LINE('',#2594,#2595);
#2594 = CARTESIAN_POINT('',(-1.,-0.625,1.25));
#2595 = VECTOR('',#2596,1.);
#2596 = DIRECTION('',(0.,1.,0.));
#2597 = ORIENTED_EDGE('',*,*,#2598,.F.);
#2598 = EDGE_CURVE('',#2540,#2591,#2599,.T.);
#2599 = CIRCLE('',#2600,4.E-02);
#2600 = AXIS2_PLACEMENT_3D('',#2601,#2602,#2603);
#2601 = CARTESIAN_POINT('',(-1.,-0.585,1.21));
#2602 = DIRECTION('',(-1.,0.,0.));
#2603 = DIRECTION('',(0.,0.,1.));
#2604 = PLANE('',#2605);
#2605 = AXIS2_PLACEMENT_3D('',#2606,#2607,#2608);
#2606 = CARTESIAN_POINT('',(-1.,-0.625,0.));
#2607 = DIRECTION('',(1.,0.,0.));
#2608 = DIRECTION('',(0.,0.,1.));
#2609 = ADVANCED_FACE('',(#2610),#2635,.F.);
#2610 = FACE_BOUND('',#2611,.F.);
#2611 = EDGE_LOOP('',(#2612,#2622,#2628,#2629));
#2612 = ORIENTED_EDGE('',*,*,#2613,.F.);
#2613 = EDGE_CURVE('',#2614,#2616,#2618,.T.);
#2614 = VERTEX_POINT('',#2615);
#2615 = CARTESIAN_POINT('',(-0.6,-0.625,4.E-02));
#2616 = VERTEX_POINT('',#2617);
#2617 = CARTESIAN_POINT('',(-0.6,-0.625,1.21));
#2618 = LINE('',#2619,#2620);
#2619 = CARTESIAN_POINT('',(-0.6,-0.625,0.));
#2620 = VECTOR('',#2621,1.);
#2621 = DIRECTION('',(0.,0.,1.));
#2622 = ORIENTED_EDGE('',*,*,#2623,.F.);
#2623 = EDGE_CURVE('',#2538,#2614,#2624,.T.);
#2624 = LINE('',#2625,#2626);
#2625 = CARTESIAN_POINT('',(-1.,-0.625,4.E-02));
#2626 = VECTOR('',#2627,1.);
#2627 = DIRECTION('',(1.,0.,0.));
#2628 = ORIENTED_EDGE('',*,*,#2537,.T.);
#2629 = ORIENTED_EDGE('',*,*,#2630,.T.);
#2630 = EDGE_CURVE('',#2540,#2616,#2631,.T.);
#2631 = LINE('',#2632,#2633);
#2632 = CARTESIAN_POINT('',(-1.,-0.625,1.21));
#2633 = VECTOR('',#2634,1.);
#2634 = DIRECTION('',(1.,0.,0.));
#2635 = PLANE('',#2636);
#2636 = AXIS2_PLACEMENT_3D('',#2637,#2638,#2639);
#2637 = CARTESIAN_POINT('',(-1.,-0.625,0.));
#2638 = DIRECTION('',(0.,1.,0.));
#2639 = DIRECTION('',(0.,-0.,1.));
#2640 = ADVANCED_FACE('',(#2641),#2660,.T.);
#2641 = FACE_BOUND('',#2642,.T.);
#2642 = EDGE_LOOP('',(#2643,#2644,#2652,#2659));
#2643 = ORIENTED_EDGE('',*,*,#2547,.T.);
#2644 = ORIENTED_EDGE('',*,*,#2645,.T.);
#2645 = EDGE_CURVE('',#2548,#2646,#2648,.T.);
#2646 = VERTEX_POINT('',#2647);
#2647 = CARTESIAN_POINT('',(-0.6,-0.585,0.));
#2648 = LINE('',#2649,#2650);
#2649 = CARTESIAN_POINT('',(-1.,-0.585,0.));
#2650 = VECTOR('',#2651,1.);
#2651 = DIRECTION('',(1.,0.,0.));
#2652 = ORIENTED_EDGE('',*,*,#2653,.F.);
#2653 = EDGE_CURVE('',#2614,#2646,#2654,.T.);
#2654 = CIRCLE('',#2655,4.E-02);
#2655 = AXIS2_PLACEMENT_3D('',#2656,#2657,#2658);
#2656 = CARTESIAN_POINT('',(-0.6,-0.585,4.E-02));
#2657 = DIRECTION('',(1.,0.,-0.));
#2658 = DIRECTION('',(0.,0.,1.));
#2659 = ORIENTED_EDGE('',*,*,#2623,.F.);
#2660 = CYLINDRICAL_SURFACE('',#2661,4.E-02);
#2661 = AXIS2_PLACEMENT_3D('',#2662,#2663,#2664);
#2662 = CARTESIAN_POINT('',(-1.,-0.585,4.E-02));
#2663 = DIRECTION('',(1.,0.,0.));
#2664 = DIRECTION('',(0.,-1.,0.));
#2665 = ADVANCED_FACE('',(#2666),#2685,.T.);
#2666 = FACE_BOUND('',#2667,.T.);
#2667 = EDGE_LOOP('',(#2668,#2669,#2678,#2684));
#2668 = ORIENTED_EDGE('',*,*,#2630,.T.);
#2669 = ORIENTED_EDGE('',*,*,#2670,.T.);
#2670 = EDGE_CURVE('',#2616,#2671,#2673,.T.);
#2671 = VERTEX_POINT('',#2672);
#2672 = CARTESIAN_POINT('',(-0.6,-0.585,1.25));
#2673 = CIRCLE('',#2674,4.E-02);
#2674 = AXIS2_PLACEMENT_3D('',#2675,#2676,#2677);
#2675 = CARTESIAN_POINT('',(-0.6,-0.585,1.21));
#2676 = DIRECTION('',(-1.,0.,0.));
#2677 = DIRECTION('',(0.,0.,1.));
#2678 = ORIENTED_EDGE('',*,*,#2679,.F.);
#2679 = EDGE_CURVE('',#2591,#2671,#2680,.T.);
#2680 = LINE('',#2681,#2682);
#2681 = CARTESIAN_POINT('',(-1.,-0.585,1.25));
#2682 = VECTOR('',#2683,1.);
#2683 = DIRECTION('',(1.,0.,0.));
#2684 = ORIENTED_EDGE('',*,*,#2598,.F.);
#2685 = CYLINDRICAL_SURFACE('',#2686,4.E-02);
#2686 = AXIS2_PLACEMENT_3D('',#2687,#2688,#2689);
#2687 = CARTESIAN_POINT('',(-1.,-0.585,1.21));
#2688 = DIRECTION('',(1.,0.,0.));
#2689 = DIRECTION('',(0.,-1.,0.));
#2690 = ADVANCED_FACE('',(#2691),#2709,.F.);
#2691 = FACE_BOUND('',#2692,.F.);
#2692 = EDGE_LOOP('',(#2693,#2694,#2695,#2703));
#2693 = ORIENTED_EDGE('',*,*,#2556,.F.);
#2694 = ORIENTED_EDGE('',*,*,#2645,.T.);
#2695 = ORIENTED_EDGE('',*,*,#2696,.T.);
#2696 = EDGE_CURVE('',#2646,#2697,#2699,.T.);
#2697 = VERTEX_POINT('',#2698);
#2698 = CARTESIAN_POINT('',(-0.6,0.585,0.));
#2699 = LINE('',#2700,#2701);
#2700 = CARTESIAN_POINT('',(-0.6,-0.625,0.));
#2701 = VECTOR('',#2702,1.);
#2702 = DIRECTION('',(0.,1.,0.));
#2703 = ORIENTED_EDGE('',*,*,#2704,.F.);
#2704 = EDGE_CURVE('',#2557,#2697,#2705,.T.);
#2705 = LINE('',#2706,#2707);
#2706 = CARTESIAN_POINT('',(-1.,0.585,0.));
#2707 = VECTOR('',#2708,1.);
#2708 = DIRECTION('',(1.,0.,0.));
#2709 = PLANE('',#2710);
#2710 = AXIS2_PLACEMENT_3D('',#2711,#2712,#2713);
#2711 = CARTESIAN_POINT('',(-1.,-0.625,0.));
#2712 = DIRECTION('',(0.,0.,1.));
#2713 = DIRECTION('',(1.,0.,-0.));
#2714 = ADVANCED_FACE('',(#2715),#2733,.T.);
#2715 = FACE_BOUND('',#2716,.T.);
#2716 = EDGE_LOOP('',(#2717,#2718,#2719,#2727));
#2717 = ORIENTED_EDGE('',*,*,#2590,.F.);
#2718 = ORIENTED_EDGE('',*,*,#2679,.T.);
#2719 = ORIENTED_EDGE('',*,*,#2720,.T.);
#2720 = EDGE_CURVE('',#2671,#2721,#2723,.T.);
#2721 = VERTEX_POINT('',#2722);
#2722 = CARTESIAN_POINT('',(-0.6,0.585,1.25));
#2723 = LINE('',#2724,#2725);
#2724 = CARTESIAN_POINT('',(-0.6,-0.625,1.25));
#2725 = VECTOR('',#2726,1.);
#2726 = DIRECTION('',(0.,1.,0.));
#2727 = ORIENTED_EDGE('',*,*,#2728,.F.);
#2728 = EDGE_CURVE('',#2582,#2721,#2729,.T.);
#2729 = LINE('',#2730,#2731);
#2730 = CARTESIAN_POINT('',(-1.,0.585,1.25));
#2731 = VECTOR('',#2732,1.);
#2732 = DIRECTION('',(1.,0.,0.));
#2733 = PLANE('',#2734);
#2734 = AXIS2_PLACEMENT_3D('',#2735,#2736,#2737);
#2735 = CARTESIAN_POINT('',(-1.,-0.625,1.25));
#2736 = DIRECTION('',(0.,0.,1.));
#2737 = DIRECTION('',(1.,0.,-0.));
#2738 = ADVANCED_FACE('',(#2739),#2758,.T.);
#2739 = FACE_BOUND('',#2740,.T.);
#2740 = EDGE_LOOP('',(#2741,#2749,#2756,#2757));
#2741 = ORIENTED_EDGE('',*,*,#2742,.T.);
#2742 = EDGE_CURVE('',#2565,#2743,#2745,.T.);
#2743 = VERTEX_POINT('',#2744);
#2744 = CARTESIAN_POINT('',(-0.6,0.625,4.E-02));
#2745 = LINE('',#2746,#2747);
#2746 = CARTESIAN_POINT('',(-1.,0.625,4.E-02));
#2747 = VECTOR('',#2748,1.);
#2748 = DIRECTION('',(1.,0.,0.));
#2749 = ORIENTED_EDGE('',*,*,#2750,.T.);
#2750 = EDGE_CURVE('',#2743,#2697,#2751,.T.);
#2751 = CIRCLE('',#2752,4.E-02);
#2752 = AXIS2_PLACEMENT_3D('',#2753,#2754,#2755);
#2753 = CARTESIAN_POINT('',(-0.6,0.585,4.E-02));
#2754 = DIRECTION('',(-1.,0.,0.));
#2755 = DIRECTION('',(0.,0.,1.));
#2756 = ORIENTED_EDGE('',*,*,#2704,.F.);
#2757 = ORIENTED_EDGE('',*,*,#2564,.F.);
#2758 = CYLINDRICAL_SURFACE('',#2759,4.E-02);
#2759 = AXIS2_PLACEMENT_3D('',#2760,#2761,#2762);
#2760 = CARTESIAN_POINT('',(-1.,0.585,4.E-02));
#2761 = DIRECTION('',(1.,0.,0.));
#2762 = DIRECTION('',(-0.,1.,0.));
#2763 = ADVANCED_FACE('',(#2764),#2783,.T.);
#2764 = FACE_BOUND('',#2765,.T.);
#2765 = EDGE_LOOP('',(#2766,#2767,#2768,#2777));
#2766 = ORIENTED_EDGE('',*,*,#2581,.T.);
#2767 = ORIENTED_EDGE('',*,*,#2728,.T.);
#2768 = ORIENTED_EDGE('',*,*,#2769,.F.);
#2769 = EDGE_CURVE('',#2770,#2721,#2772,.T.);
#2770 = VERTEX_POINT('',#2771);
#2771 = CARTESIAN_POINT('',(-0.6,0.625,1.21));
#2772 = CIRCLE('',#2773,4.E-02);
#2773 = AXIS2_PLACEMENT_3D('',#2774,#2775,#2776);
#2774 = CARTESIAN_POINT('',(-0.6,0.585,1.21));
#2775 = DIRECTION('',(1.,0.,-0.));
#2776 = DIRECTION('',(0.,0.,1.));
#2777 = ORIENTED_EDGE('',*,*,#2778,.F.);
#2778 = EDGE_CURVE('',#2574,#2770,#2779,.T.);
#2779 = LINE('',#2780,#2781);
#2780 = CARTESIAN_POINT('',(-1.,0.625,1.21));
#2781 = VECTOR('',#2782,1.);
#2782 = DIRECTION('',(1.,0.,0.));
#2783 = CYLINDRICAL_SURFACE('',#2784,4.E-02);
#2784 = AXIS2_PLACEMENT_3D('',#2785,#2786,#2787);
#2785 = CARTESIAN_POINT('',(-1.,0.585,1.21));
#2786 = DIRECTION('',(1.,0.,0.));
#2787 = DIRECTION('',(-0.,1.,0.));
#2788 = ADVANCED_FACE('',(#2789),#2800,.T.);
#2789 = FACE_BOUND('',#2790,.T.);
#2790 = EDGE_LOOP('',(#2791,#2797,#2798,#2799));
#2791 = ORIENTED_EDGE('',*,*,#2792,.F.);
#2792 = EDGE_CURVE('',#2743,#2770,#2793,.T.);
#2793 = LINE('',#2794,#2795);
#2794 = CARTESIAN_POINT('',(-0.6,0.625,0.));
#2795 = VECTOR('',#2796,1.);
#2796 = DIRECTION('',(0.,0.,1.));
#2797 = ORIENTED_EDGE('',*,*,#2742,.F.);
#2798 = ORIENTED_EDGE('',*,*,#2573,.T.);
#2799 = ORIENTED_EDGE('',*,*,#2778,.T.);
#2800 = PLANE('',#2801);
#2801 = AXIS2_PLACEMENT_3D('',#2802,#2803,#2804);
#2802 = CARTESIAN_POINT('',(-1.,0.625,0.));
#2803 = DIRECTION('',(0.,1.,0.));
#2804 = DIRECTION('',(0.,-0.,1.));
#2805 = ADVANCED_FACE('',(#2806,#2816),#2886,.T.);
#2806 = FACE_BOUND('',#2807,.T.);
#2807 = EDGE_LOOP('',(#2808,#2809,#2810,#2811,#2812,#2813,#2814,#2815));
#2808 = ORIENTED_EDGE('',*,*,#2613,.F.);
#2809 = ORIENTED_EDGE('',*,*,#2653,.T.);
#2810 = ORIENTED_EDGE('',*,*,#2696,.T.);
#2811 = ORIENTED_EDGE('',*,*,#2750,.F.);
#2812 = ORIENTED_EDGE('',*,*,#2792,.T.);
#2813 = ORIENTED_EDGE('',*,*,#2769,.T.);
#2814 = ORIENTED_EDGE('',*,*,#2720,.F.);
#2815 = ORIENTED_EDGE('',*,*,#2670,.F.);
#2816 = FACE_BOUND('',#2817,.T.);
#2817 = EDGE_LOOP('',(#2818,#2829,#2837,#2846,#2854,#2863,#2871,#2880));
#2818 = ORIENTED_EDGE('',*,*,#2819,.F.);
#2819 = EDGE_CURVE('',#2820,#2822,#2824,.T.);
#2820 = VERTEX_POINT('',#2821);
#2821 = CARTESIAN_POINT('',(-0.6,-0.585,8.E-02));
#2822 = VERTEX_POINT('',#2823);
#2823 = CARTESIAN_POINT('',(-0.6,-0.545,4.E-02));
#2824 = CIRCLE('',#2825,4.E-02);
#2825 = AXIS2_PLACEMENT_3D('',#2826,#2827,#2828);
#2826 = CARTESIAN_POINT('',(-0.6,-0.545,8.E-02));
#2827 = DIRECTION('',(1.,0.,-0.));
#2828 = DIRECTION('',(0.,0.,1.));
#2829 = ORIENTED_EDGE('',*,*,#2830,.T.);
#2830 = EDGE_CURVE('',#2820,#2831,#2833,.T.);
#2831 = VERTEX_POINT('',#2832);
#2832 = CARTESIAN_POINT('',(-0.6,-0.585,1.17));
#2833 = LINE('',#2834,#2835);
#2834 = CARTESIAN_POINT('',(-0.6,-0.585,4.E-02));
#2835 = VECTOR('',#2836,1.);
#2836 = DIRECTION('',(0.,0.,1.));
#2837 = ORIENTED_EDGE('',*,*,#2838,.T.);
#2838 = EDGE_CURVE('',#2831,#2839,#2841,.T.);
#2839 = VERTEX_POINT('',#2840);
#2840 = CARTESIAN_POINT('',(-0.6,-0.545,1.21));
#2841 = CIRCLE('',#2842,4.E-02);
#2842 = AXIS2_PLACEMENT_3D('',#2843,#2844,#2845);
#2843 = CARTESIAN_POINT('',(-0.6,-0.545,1.17));
#2844 = DIRECTION('',(-1.,0.,0.));
#2845 = DIRECTION('',(0.,0.,1.));
#2846 = ORIENTED_EDGE('',*,*,#2847,.T.);
#2847 = EDGE_CURVE('',#2839,#2848,#2850,.T.);
#2848 = VERTEX_POINT('',#2849);
#2849 = CARTESIAN_POINT('',(-0.6,0.545,1.21));
#2850 = LINE('',#2851,#2852);
#2851 = CARTESIAN_POINT('',(-0.6,-0.585,1.21));
#2852 = VECTOR('',#2853,1.);
#2853 = DIRECTION('',(0.,1.,0.));
#2854 = ORIENTED_EDGE('',*,*,#2855,.F.);
#2855 = EDGE_CURVE('',#2856,#2848,#2858,.T.);
#2856 = VERTEX_POINT('',#2857);
#2857 = CARTESIAN_POINT('',(-0.6,0.585,1.17));
#2858 = CIRCLE('',#2859,4.E-02);
#2859 = AXIS2_PLACEMENT_3D('',#2860,#2861,#2862);
#2860 = CARTESIAN_POINT('',(-0.6,0.545,1.17));
#2861 = DIRECTION('',(1.,0.,-0.));
#2862 = DIRECTION('',(0.,0.,1.));
#2863 = ORIENTED_EDGE('',*,*,#2864,.F.);
#2864 = EDGE_CURVE('',#2865,#2856,#2867,.T.);
#2865 = VERTEX_POINT('',#2866);
#2866 = CARTESIAN_POINT('',(-0.6,0.585,8.E-02));
#2867 = LINE('',#2868,#2869);
#2868 = CARTESIAN_POINT('',(-0.6,0.585,4.E-02));
#2869 = VECTOR('',#2870,1.);
#2870 = DIRECTION('',(0.,0.,1.));
#2871 = ORIENTED_EDGE('',*,*,#2872,.T.);
#2872 = EDGE_CURVE('',#2865,#2873,#2875,.T.);
#2873 = VERTEX_POINT('',#2874);
#2874 = CARTESIAN_POINT('',(-0.6,0.545,4.E-02));
#2875 = CIRCLE('',#2876,4.E-02);
#2876 = AXIS2_PLACEMENT_3D('',#2877,#2878,#2879);
#2877 = CARTESIAN_POINT('',(-0.6,0.545,8.E-02));
#2878 = DIRECTION('',(-1.,0.,0.));
#2879 = DIRECTION('',(0.,0.,1.));
#2880 = ORIENTED_EDGE('',*,*,#2881,.F.);
#2881 = EDGE_CURVE('',#2822,#2873,#2882,.T.);
#2882 = LINE('',#2883,#2884);
#2883 = CARTESIAN_POINT('',(-0.6,-0.585,4.E-02));
#2884 = VECTOR('',#2885,1.);
#2885 = DIRECTION('',(0.,1.,0.));
#2886 = PLANE('',#2887);
#2887 = AXIS2_PLACEMENT_3D('',#2888,#2889,#2890);
#2888 = CARTESIAN_POINT('',(-0.6,-0.625,0.));
#2889 = DIRECTION('',(1.,0.,0.));
#2890 = DIRECTION('',(0.,0.,1.));
#2891 = ADVANCED_FACE('',(#2892),#2918,.T.);
#2892 = FACE_BOUND('',#2893,.T.);
#2893 = EDGE_LOOP('',(#2894,#2895,#2903,#2912));
#2894 = ORIENTED_EDGE('',*,*,#2819,.T.);
#2895 = ORIENTED_EDGE('',*,*,#2896,.T.);
#2896 = EDGE_CURVE('',#2822,#2897,#2899,.T.);
#2897 = VERTEX_POINT('',#2898);
#2898 = CARTESIAN_POINT('',(0.6,-0.545,4.E-02));
#2899 = LINE('',#2900,#2901);
#2900 = CARTESIAN_POINT('',(-0.6,-0.545,4.E-02));
#2901 = VECTOR('',#2902,1.);
#2902 = DIRECTION('',(1.,0.,0.));
#2903 = ORIENTED_EDGE('',*,*,#2904,.F.);
#2904 = EDGE_CURVE('',#2905,#2897,#2907,.T.);
#2905 = VERTEX_POINT('',#2906);
#2906 = CARTESIAN_POINT('',(0.6,-0.585,8.E-02));
#2907 = CIRCLE('',#2908,4.E-02);
#2908 = AXIS2_PLACEMENT_3D('',#2909,#2910,#2911);
#2909 = CARTESIAN_POINT('',(0.6,-0.545,8.E-02));
#2910 = DIRECTION('',(1.,0.,-0.));
#2911 = DIRECTION('',(0.,0.,1.));
#2912 = ORIENTED_EDGE('',*,*,#2913,.F.);
#2913 = EDGE_CURVE('',#2820,#2905,#2914,.T.);
#2914 = LINE('',#2915,#2916);
#2915 = CARTESIAN_POINT('',(-0.6,-0.585,8.E-02));
#2916 = VECTOR('',#2917,1.);
#2917 = DIRECTION('',(1.,0.,0.));
#2918 = CYLINDRICAL_SURFACE('',#2919,4.E-02);
#2919 = AXIS2_PLACEMENT_3D('',#2920,#2921,#2922);
#2920 = CARTESIAN_POINT('',(-0.6,-0.545,8.E-02));
#2921 = DIRECTION('',(1.,0.,0.));
#2922 = DIRECTION('',(0.,-1.,0.));
#2923 = ADVANCED_FACE('',(#2924),#2942,.F.);
#2924 = FACE_BOUND('',#2925,.F.);
#2925 = EDGE_LOOP('',(#2926,#2927,#2928,#2936));
#2926 = ORIENTED_EDGE('',*,*,#2881,.F.);
#2927 = ORIENTED_EDGE('',*,*,#2896,.T.);
#2928 = ORIENTED_EDGE('',*,*,#2929,.T.);
#2929 = EDGE_CURVE('',#2897,#2930,#2932,.T.);
#2930 = VERTEX_POINT('',#2931);
#2931 = CARTESIAN_POINT('',(0.6,0.545,4.E-02));
#2932 = LINE('',#2933,#2934);
#2933 = CARTESIAN_POINT('',(0.6,-0.585,4.E-02));
#2934 = VECTOR('',#2935,1.);
#2935 = DIRECTION('',(0.,1.,0.));
#2936 = ORIENTED_EDGE('',*,*,#2937,.F.);
#2937 = EDGE_CURVE('',#2873,#2930,#2938,.T.);
#2938 = LINE('',#2939,#2940);
#2939 = CARTESIAN_POINT('',(-0.6,0.545,4.E-02));
#2940 = VECTOR('',#2941,1.);
#2941 = DIRECTION('',(1.,0.,0.));
#2942 = PLANE('',#2943);
#2943 = AXIS2_PLACEMENT_3D('',#2944,#2945,#2946);
#2944 = CARTESIAN_POINT('',(-0.6,-0.585,4.E-02));
#2945 = DIRECTION('',(0.,0.,1.));
#2946 = DIRECTION('',(1.,0.,-0.));
#2947 = ADVANCED_FACE('',(#2948),#2967,.T.);
#2948 = FACE_BOUND('',#2949,.T.);
#2949 = EDGE_LOOP('',(#2950,#2958,#2965,#2966));
#2950 = ORIENTED_EDGE('',*,*,#2951,.T.);
#2951 = EDGE_CURVE('',#2865,#2952,#2954,.T.);
#2952 = VERTEX_POINT('',#2953);
#2953 = CARTESIAN_POINT('',(0.6,0.585,8.E-02));
#2954 = LINE('',#2955,#2956);
#2955 = CARTESIAN_POINT('',(-0.6,0.585,8.E-02));
#2956 = VECTOR('',#2957,1.);
#2957 = DIRECTION('',(1.,0.,0.));
#2958 = ORIENTED_EDGE('',*,*,#2959,.T.);
#2959 = EDGE_CURVE('',#2952,#2930,#2960,.T.);
#2960 = CIRCLE('',#2961,4.E-02);
#2961 = AXIS2_PLACEMENT_3D('',#2962,#2963,#2964);
#2962 = CARTESIAN_POINT('',(0.6,0.545,8.E-02));
#2963 = DIRECTION('',(-1.,0.,0.));
#2964 = DIRECTION('',(0.,0.,1.));
#2965 = ORIENTED_EDGE('',*,*,#2937,.F.);
#2966 = ORIENTED_EDGE('',*,*,#2872,.F.);
#2967 = CYLINDRICAL_SURFACE('',#2968,4.E-02);
#2968 = AXIS2_PLACEMENT_3D('',#2969,#2970,#2971);
#2969 = CARTESIAN_POINT('',(-0.6,0.545,8.E-02));
#2970 = DIRECTION('',(1.,0.,0.));
#2971 = DIRECTION('',(-0.,1.,0.));
#2972 = ADVANCED_FACE('',(#2973),#2991,.T.);
#2973 = FACE_BOUND('',#2974,.T.);
#2974 = EDGE_LOOP('',(#2975,#2983,#2984,#2985));
#2975 = ORIENTED_EDGE('',*,*,#2976,.F.);
#2976 = EDGE_CURVE('',#2952,#2977,#2979,.T.);
#2977 = VERTEX_POINT('',#2978);
#2978 = CARTESIAN_POINT('',(0.6,0.585,1.17));
#2979 = LINE('',#2980,#2981);
#2980 = CARTESIAN_POINT('',(0.6,0.585,4.E-02));
#2981 = VECTOR('',#2982,1.);
#2982 = DIRECTION('',(0.,0.,1.));
#2983 = ORIENTED_EDGE('',*,*,#2951,.F.);
#2984 = ORIENTED_EDGE('',*,*,#2864,.T.);
#2985 = ORIENTED_EDGE('',*,*,#2986,.T.);
#2986 = EDGE_CURVE('',#2856,#2977,#2987,.T.);
#2987 = LINE('',#2988,#2989);
#2988 = CARTESIAN_POINT('',(-0.6,0.585,1.17));
#2989 = VECTOR('',#2990,1.);
#2990 = DIRECTION('',(1.,0.,0.));
#2991 = PLANE('',#2992);
#2992 = AXIS2_PLACEMENT_3D('',#2993,#2994,#2995);
#2993 = CARTESIAN_POINT('',(-0.6,0.585,4.E-02));
#2994 = DIRECTION('',(0.,1.,0.));
#2995 = DIRECTION('',(0.,-0.,1.));
#2996 = ADVANCED_FACE('',(#2997),#3016,.T.);
#2997 = FACE_BOUND('',#2998,.T.);
#2998 = EDGE_LOOP('',(#2999,#3000,#3008,#3015));
#2999 = ORIENTED_EDGE('',*,*,#2855,.T.);
#3000 = ORIENTED_EDGE('',*,*,#3001,.T.);
#3001 = EDGE_CURVE('',#2848,#3002,#3004,.T.);
#3002 = VERTEX_POINT('',#3003);
#3003 = CARTESIAN_POINT('',(0.6,0.545,1.21));
#3004 = LINE('',#3005,#3006);
#3005 = CARTESIAN_POINT('',(-0.6,0.545,1.21));
#3006 = VECTOR('',#3007,1.);
#3007 = DIRECTION('',(1.,0.,0.));
#3008 = ORIENTED_EDGE('',*,*,#3009,.F.);
#3009 = EDGE_CURVE('',#2977,#3002,#3010,.T.);
#3010 = CIRCLE('',#3011,4.E-02);
#3011 = AXIS2_PLACEMENT_3D('',#3012,#3013,#3014);
#3012 = CARTESIAN_POINT('',(0.6,0.545,1.17));
#3013 = DIRECTION('',(1.,0.,-0.));
#3014 = DIRECTION('',(0.,0.,1.));
#3015 = ORIENTED_EDGE('',*,*,#2986,.F.);
#3016 = CYLINDRICAL_SURFACE('',#3017,4.E-02);
#3017 = AXIS2_PLACEMENT_3D('',#3018,#3019,#3020);
#3018 = CARTESIAN_POINT('',(-0.6,0.545,1.17));
#3019 = DIRECTION('',(1.,0.,0.));
#3020 = DIRECTION('',(-0.,1.,0.));
#3021 = ADVANCED_FACE('',(#3022),#3040,.T.);
#3022 = FACE_BOUND('',#3023,.T.);
#3023 = EDGE_LOOP('',(#3024,#3025,#3033,#3039));
#3024 = ORIENTED_EDGE('',*,*,#2847,.F.);
#3025 = ORIENTED_EDGE('',*,*,#3026,.T.);
#3026 = EDGE_CURVE('',#2839,#3027,#3029,.T.);
#3027 = VERTEX_POINT('',#3028);
#3028 = CARTESIAN_POINT('',(0.6,-0.545,1.21));
#3029 = LINE('',#3030,#3031);
#3030 = CARTESIAN_POINT('',(-0.6,-0.545,1.21));
#3031 = VECTOR('',#3032,1.);
#3032 = DIRECTION('',(1.,0.,0.));
#3033 = ORIENTED_EDGE('',*,*,#3034,.T.);
#3034 = EDGE_CURVE('',#3027,#3002,#3035,.T.);
#3035 = LINE('',#3036,#3037);
#3036 = CARTESIAN_POINT('',(0.6,-0.585,1.21));
#3037 = VECTOR('',#3038,1.);
#3038 = DIRECTION('',(0.,1.,0.));
#3039 = ORIENTED_EDGE('',*,*,#3001,.F.);
#3040 = PLANE('',#3041);
#3041 = AXIS2_PLACEMENT_3D('',#3042,#3043,#3044);
#3042 = CARTESIAN_POINT('',(-0.6,-0.585,1.21));
#3043 = DIRECTION('',(0.,0.,1.));
#3044 = DIRECTION('',(1.,0.,-0.));
#3045 = ADVANCED_FACE('',(#3046),#3065,.T.);
#3046 = FACE_BOUND('',#3047,.T.);
#3047 = EDGE_LOOP('',(#3048,#3056,#3063,#3064));
#3048 = ORIENTED_EDGE('',*,*,#3049,.T.);
#3049 = EDGE_CURVE('',#2831,#3050,#3052,.T.);
#3050 = VERTEX_POINT('',#3051);
#3051 = CARTESIAN_POINT('',(0.6,-0.585,1.17));
#3052 = LINE('',#3053,#3054);
#3053 = CARTESIAN_POINT('',(-0.6,-0.585,1.17));
#3054 = VECTOR('',#3055,1.);
#3055 = DIRECTION('',(1.,0.,0.));
#3056 = ORIENTED_EDGE('',*,*,#3057,.T.);
#3057 = EDGE_CURVE('',#3050,#3027,#3058,.T.);
#3058 = CIRCLE('',#3059,4.E-02);
#3059 = AXIS2_PLACEMENT_3D('',#3060,#3061,#3062);
#3060 = CARTESIAN_POINT('',(0.6,-0.545,1.17));
#3061 = DIRECTION('',(-1.,0.,0.));
#3062 = DIRECTION('',(0.,0.,1.));
#3063 = ORIENTED_EDGE('',*,*,#3026,.F.);
#3064 = ORIENTED_EDGE('',*,*,#2838,.F.);
#3065 = CYLINDRICAL_SURFACE('',#3066,4.E-02);
#3066 = AXIS2_PLACEMENT_3D('',#3067,#3068,#3069);
#3067 = CARTESIAN_POINT('',(-0.6,-0.545,1.17));
#3068 = DIRECTION('',(1.,0.,0.));
#3069 = DIRECTION('',(0.,-1.,0.));
#3070 = ADVANCED_FACE('',(#3071),#3082,.F.);
#3071 = FACE_BOUND('',#3072,.F.);
#3072 = EDGE_LOOP('',(#3073,#3079,#3080,#3081));
#3073 = ORIENTED_EDGE('',*,*,#3074,.F.);
#3074 = EDGE_CURVE('',#2905,#3050,#3075,.T.);
#3075 = LINE('',#3076,#3077);
#3076 = CARTESIAN_POINT('',(0.6,-0.585,4.E-02));
#3077 = VECTOR('',#3078,1.);
#3078 = DIRECTION('',(0.,0.,1.));
#3079 = ORIENTED_EDGE('',*,*,#2913,.F.);
#3080 = ORIENTED_EDGE('',*,*,#2830,.T.);
#3081 = ORIENTED_EDGE('',*,*,#3049,.T.);
#3082 = PLANE('',#3083);
#3083 = AXIS2_PLACEMENT_3D('',#3084,#3085,#3086);
#3084 = CARTESIAN_POINT('',(-0.6,-0.585,4.E-02));
#3085 = DIRECTION('',(0.,1.,0.));
#3086 = DIRECTION('',(0.,-0.,1.));
#3087 = ADVANCED_FACE('',(#3088,#3158),#3168,.F.);
#3088 = FACE_BOUND('',#3089,.F.);
#3089 = EDGE_LOOP('',(#3090,#3100,#3109,#3117,#3126,#3134,#3143,#3151));
#3090 = ORIENTED_EDGE('',*,*,#3091,.F.);
#3091 = EDGE_CURVE('',#3092,#3094,#3096,.T.);
#3092 = VERTEX_POINT('',#3093);
#3093 = CARTESIAN_POINT('',(0.6,-0.625,4.E-02));
#3094 = VERTEX_POINT('',#3095);
#3095 = CARTESIAN_POINT('',(0.6,-0.625,1.21));
#3096 = LINE('',#3097,#3098);
#3097 = CARTESIAN_POINT('',(0.6,-0.625,0.));
#3098 = VECTOR('',#3099,1.);
#3099 = DIRECTION('',(0.,0.,1.));
#3100 = ORIENTED_EDGE('',*,*,#3101,.T.);
#3101 = EDGE_CURVE('',#3092,#3102,#3104,.T.);
#3102 = VERTEX_POINT('',#3103);
#3103 = CARTESIAN_POINT('',(0.6,-0.585,0.));
#3104 = CIRCLE('',#3105,4.E-02);
#3105 = AXIS2_PLACEMENT_3D('',#3106,#3107,#3108);
#3106 = CARTESIAN_POINT('',(0.6,-0.585,4.E-02));
#3107 = DIRECTION('',(1.,0.,-0.));
#3108 = DIRECTION('',(0.,0.,1.));
#3109 = ORIENTED_EDGE('',*,*,#3110,.T.);
#3110 = EDGE_CURVE('',#3102,#3111,#3113,.T.);
#3111 = VERTEX_POINT('',#3112);
#3112 = CARTESIAN_POINT('',(0.6,0.585,0.));
#3113 = LINE('',#3114,#3115);
#3114 = CARTESIAN_POINT('',(0.6,-0.625,0.));
#3115 = VECTOR('',#3116,1.);
#3116 = DIRECTION('',(0.,1.,0.));
#3117 = ORIENTED_EDGE('',*,*,#3118,.F.);
#3118 = EDGE_CURVE('',#3119,#3111,#3121,.T.);
#3119 = VERTEX_POINT('',#3120);
#3120 = CARTESIAN_POINT('',(0.6,0.625,4.E-02));
#3121 = CIRCLE('',#3122,4.E-02);
#3122 = AXIS2_PLACEMENT_3D('',#3123,#3124,#3125);
#3123 = CARTESIAN_POINT('',(0.6,0.585,4.E-02));
#3124 = DIRECTION('',(-1.,0.,0.));
#3125 = DIRECTION('',(0.,0.,1.));
#3126 = ORIENTED_EDGE('',*,*,#3127,.T.);
#3127 = EDGE_CURVE('',#3119,#3128,#3130,.T.);
#3128 = VERTEX_POINT('',#3129);
#3129 = CARTESIAN_POINT('',(0.6,0.625,1.21));
#3130 = LINE('',#3131,#3132);
#3131 = CARTESIAN_POINT('',(0.6,0.625,0.));
#3132 = VECTOR('',#3133,1.);
#3133 = DIRECTION('',(0.,0.,1.));
#3134 = ORIENTED_EDGE('',*,*,#3135,.T.);
#3135 = EDGE_CURVE('',#3128,#3136,#3138,.T.);
#3136 = VERTEX_POINT('',#3137);
#3137 = CARTESIAN_POINT('',(0.6,0.585,1.25));
#3138 = CIRCLE('',#3139,4.E-02);
#3139 = AXIS2_PLACEMENT_3D('',#3140,#3141,#3142);
#3140 = CARTESIAN_POINT('',(0.6,0.585,1.21));
#3141 = DIRECTION('',(1.,0.,-0.));
#3142 = DIRECTION('',(0.,0.,1.));
#3143 = ORIENTED_EDGE('',*,*,#3144,.F.);
#3144 = EDGE_CURVE('',#3145,#3136,#3147,.T.);
#3145 = VERTEX_POINT('',#3146);
#3146 = CARTESIAN_POINT('',(0.6,-0.585,1.25));
#3147 = LINE('',#3148,#3149);
#3148 = CARTESIAN_POINT('',(0.6,-0.625,1.25));
#3149 = VECTOR('',#3150,1.);
#3150 = DIRECTION('',(0.,1.,0.));
#3151 = ORIENTED_EDGE('',*,*,#3152,.F.);
#3152 = EDGE_CURVE('',#3094,#3145,#3153,.T.);
#3153 = CIRCLE('',#3154,4.E-02);
#3154 = AXIS2_PLACEMENT_3D('',#3155,#3156,#3157);
#3155 = CARTESIAN_POINT('',(0.6,-0.585,1.21));
#3156 = DIRECTION('',(-1.,0.,0.));
#3157 = DIRECTION('',(0.,0.,1.));
#3158 = FACE_BOUND('',#3159,.F.);
#3159 = EDGE_LOOP('',(#3160,#3161,#3162,#3163,#3164,#3165,#3166,#3167));
#3160 = ORIENTED_EDGE('',*,*,#2904,.F.);
#3161 = ORIENTED_EDGE('',*,*,#3074,.T.);
#3162 = ORIENTED_EDGE('',*,*,#3057,.T.);
#3163 = ORIENTED_EDGE('',*,*,#3034,.T.);
#3164 = ORIENTED_EDGE('',*,*,#3009,.F.);
#3165 = ORIENTED_EDGE('',*,*,#2976,.F.);
#3166 = ORIENTED_EDGE('',*,*,#2959,.T.);
#3167 = ORIENTED_EDGE('',*,*,#2929,.F.);
#3168 = PLANE('',#3169);
#3169 = AXIS2_PLACEMENT_3D('',#3170,#3171,#3172);
#3170 = CARTESIAN_POINT('',(0.6,-0.625,0.));
#3171 = DIRECTION('',(1.,0.,0.));
#3172 = DIRECTION('',(0.,0.,1.));
#3173 = ADVANCED_FACE('',(#3174),#3199,.F.);
#3174 = FACE_BOUND('',#3175,.F.);
#3175 = EDGE_LOOP('',(#3176,#3186,#3192,#3193));
#3176 = ORIENTED_EDGE('',*,*,#3177,.F.);
#3177 = EDGE_CURVE('',#3178,#3180,#3182,.T.);
#3178 = VERTEX_POINT('',#3179);
#3179 = CARTESIAN_POINT('',(1.,-0.625,4.E-02));
#3180 = VERTEX_POINT('',#3181);
#3181 = CARTESIAN_POINT('',(1.,-0.625,1.21));
#3182 = LINE('',#3183,#3184);
#3183 = CARTESIAN_POINT('',(1.,-0.625,0.));
#3184 = VECTOR('',#3185,1.);
#3185 = DIRECTION('',(0.,0.,1.));
#3186 = ORIENTED_EDGE('',*,*,#3187,.F.);
#3187 = EDGE_CURVE('',#3092,#3178,#3188,.T.);
#3188 = LINE('',#3189,#3190);
#3189 = CARTESIAN_POINT('',(0.6,-0.625,4.E-02));
#3190 = VECTOR('',#3191,1.);
#3191 = DIRECTION('',(1.,0.,0.));
#3192 = ORIENTED_EDGE('',*,*,#3091,.T.);
#3193 = ORIENTED_EDGE('',*,*,#3194,.T.);
#3194 = EDGE_CURVE('',#3094,#3180,#3195,.T.);
#3195 = LINE('',#3196,#3197);
#3196 = CARTESIAN_POINT('',(0.6,-0.625,1.21));
#3197 = VECTOR('',#3198,1.);
#3198 = DIRECTION('',(1.,0.,0.));
#3199 = PLANE('',#3200);
#3200 = AXIS2_PLACEMENT_3D('',#3201,#3202,#3203);
#3201 = CARTESIAN_POINT('',(0.6,-0.625,0.));
#3202 = DIRECTION('',(0.,1.,0.));
#3203 = DIRECTION('',(0.,-0.,1.));
#3204 = ADVANCED_FACE('',(#3205),#3224,.T.);
#3205 = FACE_BOUND('',#3206,.T.);
#3206 = EDGE_LOOP('',(#3207,#3208,#3216,#3223));
#3207 = ORIENTED_EDGE('',*,*,#3101,.T.);
#3208 = ORIENTED_EDGE('',*,*,#3209,.T.);
#3209 = EDGE_CURVE('',#3102,#3210,#3212,.T.);
#3210 = VERTEX_POINT('',#3211);
#3211 = CARTESIAN_POINT('',(1.,-0.585,0.));
#3212 = LINE('',#3213,#3214);
#3213 = CARTESIAN_POINT('',(0.6,-0.585,0.));
#3214 = VECTOR('',#3215,1.);
#3215 = DIRECTION('',(1.,0.,0.));
#3216 = ORIENTED_EDGE('',*,*,#3217,.F.);
#3217 = EDGE_CURVE('',#3178,#3210,#3218,.T.);
#3218 = CIRCLE('',#3219,4.E-02);
#3219 = AXIS2_PLACEMENT_3D('',#3220,#3221,#3222);
#3220 = CARTESIAN_POINT('',(1.,-0.585,4.E-02));
#3221 = DIRECTION('',(1.,0.,-0.));
#3222 = DIRECTION('',(0.,0.,1.));
#3223 = ORIENTED_EDGE('',*,*,#3187,.F.);
#3224 = CYLINDRICAL_SURFACE('',#3225,4.E-02);
#3225 = AXIS2_PLACEMENT_3D('',#3226,#3227,#3228);
#3226 = CARTESIAN_POINT('',(0.6,-0.585,4.E-02));
#3227 = DIRECTION('',(1.,0.,0.));
#3228 = DIRECTION('',(0.,-1.,0.));
#3229 = ADVANCED_FACE('',(#3230),#3249,.T.);
#3230 = FACE_BOUND('',#3231,.T.);
#3231 = EDGE_LOOP('',(#3232,#3233,#3242,#3248));
#3232 = ORIENTED_EDGE('',*,*,#3194,.T.);
#3233 = ORIENTED_EDGE('',*,*,#3234,.T.);
#3234 = EDGE_CURVE('',#3180,#3235,#3237,.T.);
#3235 = VERTEX_POINT('',#3236);
#3236 = CARTESIAN_POINT('',(1.,-0.585,1.25));
#3237 = CIRCLE('',#3238,4.E-02);
#3238 = AXIS2_PLACEMENT_3D('',#3239,#3240,#3241);
#3239 = CARTESIAN_POINT('',(1.,-0.585,1.21));
#3240 = DIRECTION('',(-1.,0.,0.));
#3241 = DIRECTION('',(0.,0.,1.));
#3242 = ORIENTED_EDGE('',*,*,#3243,.F.);
#3243 = EDGE_CURVE('',#3145,#3235,#3244,.T.);
#3244 = LINE('',#3245,#3246);
#3245 = CARTESIAN_POINT('',(0.6,-0.585,1.25));
#3246 = VECTOR('',#3247,1.);
#3247 = DIRECTION('',(1.,0.,0.));
#3248 = ORIENTED_EDGE('',*,*,#3152,.F.);
#3249 = CYLINDRICAL_SURFACE('',#3250,4.E-02);
#3250 = AXIS2_PLACEMENT_3D('',#3251,#3252,#3253);
#3251 = CARTESIAN_POINT('',(0.6,-0.585,1.21));
#3252 = DIRECTION('',(1.,0.,0.));
#3253 = DIRECTION('',(0.,-1.,0.));
#3254 = ADVANCED_FACE('',(#3255),#3273,.F.);
#3255 = FACE_BOUND('',#3256,.F.);
#3256 = EDGE_LOOP('',(#3257,#3258,#3259,#3267));
#3257 = ORIENTED_EDGE('',*,*,#3110,.F.);
#3258 = ORIENTED_EDGE('',*,*,#3209,.T.);
#3259 = ORIENTED_EDGE('',*,*,#3260,.T.);
#3260 = EDGE_CURVE('',#3210,#3261,#3263,.T.);
#3261 = VERTEX_POINT('',#3262);
#3262 = CARTESIAN_POINT('',(1.,0.585,0.));
#3263 = LINE('',#3264,#3265);
#3264 = CARTESIAN_POINT('',(1.,-0.625,0.));
#3265 = VECTOR('',#3266,1.);
#3266 = DIRECTION('',(0.,1.,0.));
#3267 = ORIENTED_EDGE('',*,*,#3268,.F.);
#3268 = EDGE_CURVE('',#3111,#3261,#3269,.T.);
#3269 = LINE('',#3270,#3271);
#3270 = CARTESIAN_POINT('',(0.6,0.585,0.));
#3271 = VECTOR('',#3272,1.);
#3272 = DIRECTION('',(1.,0.,0.));
#3273 = PLANE('',#3274);
#3274 = AXIS2_PLACEMENT_3D('',#3275,#3276,#3277);
#3275 = CARTESIAN_POINT('',(0.6,-0.625,0.));
#3276 = DIRECTION('',(0.,0.,1.));
#3277 = DIRECTION('',(1.,0.,-0.));
#3278 = ADVANCED_FACE('',(#3279),#3297,.T.);
#3279 = FACE_BOUND('',#3280,.T.);
#3280 = EDGE_LOOP('',(#3281,#3282,#3283,#3291));
#3281 = ORIENTED_EDGE('',*,*,#3144,.F.);
#3282 = ORIENTED_EDGE('',*,*,#3243,.T.);
#3283 = ORIENTED_EDGE('',*,*,#3284,.T.);
#3284 = EDGE_CURVE('',#3235,#3285,#3287,.T.);
#3285 = VERTEX_POINT('',#3286);
#3286 = CARTESIAN_POINT('',(1.,0.585,1.25));
#3287 = LINE('',#3288,#3289);
#3288 = CARTESIAN_POINT('',(1.,-0.625,1.25));
#3289 = VECTOR('',#3290,1.);
#3290 = DIRECTION('',(0.,1.,0.));
#3291 = ORIENTED_EDGE('',*,*,#3292,.F.);
#3292 = EDGE_CURVE('',#3136,#3285,#3293,.T.);
#3293 = LINE('',#3294,#3295);
#3294 = CARTESIAN_POINT('',(0.6,0.585,1.25));
#3295 = VECTOR('',#3296,1.);
#3296 = DIRECTION('',(1.,0.,0.));
#3297 = PLANE('',#3298);
#3298 = AXIS2_PLACEMENT_3D('',#3299,#3300,#3301);
#3299 = CARTESIAN_POINT('',(0.6,-0.625,1.25));
#3300 = DIRECTION('',(0.,0.,1.));
#3301 = DIRECTION('',(1.,0.,-0.));
#3302 = ADVANCED_FACE('',(#3303),#3322,.T.);
#3303 = FACE_BOUND('',#3304,.T.);
#3304 = EDGE_LOOP('',(#3305,#3313,#3320,#3321));
#3305 = ORIENTED_EDGE('',*,*,#3306,.T.);
#3306 = EDGE_CURVE('',#3119,#3307,#3309,.T.);
#3307 = VERTEX_POINT('',#3308);
#3308 = CARTESIAN_POINT('',(1.,0.625,4.E-02));
#3309 = LINE('',#3310,#3311);
#3310 = CARTESIAN_POINT('',(0.6,0.625,4.E-02));
#3311 = VECTOR('',#3312,1.);
#3312 = DIRECTION('',(1.,0.,0.));
#3313 = ORIENTED_EDGE('',*,*,#3314,.T.);
#3314 = EDGE_CURVE('',#3307,#3261,#3315,.T.);
#3315 = CIRCLE('',#3316,4.E-02);
#3316 = AXIS2_PLACEMENT_3D('',#3317,#3318,#3319);
#3317 = CARTESIAN_POINT('',(1.,0.585,4.E-02));
#3318 = DIRECTION('',(-1.,0.,0.));
#3319 = DIRECTION('',(0.,0.,1.));
#3320 = ORIENTED_EDGE('',*,*,#3268,.F.);
#3321 = ORIENTED_EDGE('',*,*,#3118,.F.);
#3322 = CYLINDRICAL_SURFACE('',#3323,4.E-02);
#3323 = AXIS2_PLACEMENT_3D('',#3324,#3325,#3326);
#3324 = CARTESIAN_POINT('',(0.6,0.585,4.E-02));
#3325 = DIRECTION('',(1.,0.,0.));
#3326 = DIRECTION('',(-0.,1.,0.));
#3327 = ADVANCED_FACE('',(#3328),#3347,.T.);
#3328 = FACE_BOUND('',#3329,.T.);
#3329 = EDGE_LOOP('',(#3330,#3331,#3332,#3341));
#3330 = ORIENTED_EDGE('',*,*,#3135,.T.);
#3331 = ORIENTED_EDGE('',*,*,#3292,.T.);
#3332 = ORIENTED_EDGE('',*,*,#3333,.F.);
#3333 = EDGE_CURVE('',#3334,#3285,#3336,.T.);
#3334 = VERTEX_POINT('',#3335);
#3335 = CARTESIAN_POINT('',(1.,0.625,1.21));
#3336 = CIRCLE('',#3337,4.E-02);
#3337 = AXIS2_PLACEMENT_3D('',#3338,#3339,#3340);
#3338 = CARTESIAN_POINT('',(1.,0.585,1.21));
#3339 = DIRECTION('',(1.,0.,-0.));
#3340 = DIRECTION('',(0.,0.,1.));
#3341 = ORIENTED_EDGE('',*,*,#3342,.F.);
#3342 = EDGE_CURVE('',#3128,#3334,#3343,.T.);
#3343 = LINE('',#3344,#3345);
#3344 = CARTESIAN_POINT('',(0.6,0.625,1.21));
#3345 = VECTOR('',#3346,1.);
#3346 = DIRECTION('',(1.,0.,0.));
#3347 = CYLINDRICAL_SURFACE('',#3348,4.E-02);
#3348 = AXIS2_PLACEMENT_3D('',#3349,#3350,#3351);
#3349 = CARTESIAN_POINT('',(0.6,0.585,1.21));
#3350 = DIRECTION('',(1.,0.,0.));
#3351 = DIRECTION('',(-0.,1.,0.));
#3352 = ADVANCED_FACE('',(#3353),#3364,.T.);
#3353 = FACE_BOUND('',#3354,.T.);
#3354 = EDGE_LOOP('',(#3355,#3361,#3362,#3363));
#3355 = ORIENTED_EDGE('',*,*,#3356,.F.);
#3356 = EDGE_CURVE('',#3307,#3334,#3357,.T.);
#3357 = LINE('',#3358,#3359);
#3358 = CARTESIAN_POINT('',(1.,0.625,0.));
#3359 = VECTOR('',#3360,1.);
#3360 = DIRECTION('',(0.,0.,1.));
#3361 = ORIENTED_EDGE('',*,*,#3306,.F.);
#3362 = ORIENTED_EDGE('',*,*,#3127,.T.);
#3363 = ORIENTED_EDGE('',*,*,#3342,.T.);
#3364 = PLANE('',#3365);
#3365 = AXIS2_PLACEMENT_3D('',#3366,#3367,#3368);
#3366 = CARTESIAN_POINT('',(0.6,0.625,0.));
#3367 = DIRECTION('',(0.,1.,0.));
#3368 = DIRECTION('',(0.,-0.,1.));
#3369 = ADVANCED_FACE('',(#3370),#3380,.T.);
#3370 = FACE_BOUND('',#3371,.T.);
#3371 = EDGE_LOOP('',(#3372,#3373,#3374,#3375,#3376,#3377,#3378,#3379));
#3372 = ORIENTED_EDGE('',*,*,#3177,.F.);
#3373 = ORIENTED_EDGE('',*,*,#3217,.T.);
#3374 = ORIENTED_EDGE('',*,*,#3260,.T.);
#3375 = ORIENTED_EDGE('',*,*,#3314,.F.);
#3376 = ORIENTED_EDGE('',*,*,#3356,.T.);
#3377 = ORIENTED_EDGE('',*,*,#3333,.T.);
#3378 = ORIENTED_EDGE('',*,*,#3284,.F.);
#3379 = ORIENTED_EDGE('',*,*,#3234,.F.);
#3380 = PLANE('',#3381);
#3381 = AXIS2_PLACEMENT_3D('',#3382,#3383,#3384);
#3382 = CARTESIAN_POINT('',(1.,-0.625,0.));
#3383 = DIRECTION('',(1.,0.,0.));
#3384 = DIRECTION('',(0.,0.,1.));
#3385 = ( GEOMETRIC_REPRESENTATION_CONTEXT(3) 
GLOBAL_UNCERTAINTY_ASSIGNED_CONTEXT((#3389)) 
GLOBAL_UNIT_ASSIGNED_CONTEXT((#3386,#3387,#3388)) REPRESENTATION_CONTEXT
('Context #1','3D Context with UNIT and UNCERTAINTY') );
#3386 = ( LENGTH_UNIT() NAMED_UNIT(*) SI_UNIT(.MILLI.,.METRE.) );
#3387 = ( NAMED_UNIT(*) PLANE_ANGLE_UNIT() SI_UNIT($,.RADIAN.) );
#3388 = ( NAMED_UNIT(*) SI_UNIT($,.STERADIAN.) SOLID_ANGLE_UNIT() );
#3389 = UNCERTAINTY_MEASURE_WITH_UNIT(LENGTH_MEASURE(1.E-07),#3386,
  'distance_accuracy_value','confusion accuracy');
#3390 = CONTEXT_DEPENDENT_SHAPE_REPRESENTATION(#3391,#3393);
#3391 = ( REPRESENTATION_RELATIONSHIP('','',#2530,#2507) 
REPRESENTATION_RELATIONSHIP_WITH_TRANSFORMATION(#3392) 
SHAPE_REPRESENTATION_RELATIONSHIP() );
#3392 = ITEM_DEFINED_TRANSFORMATION('','',#11,#2508);
#3393 = PRODUCT_DEFINITION_SHAPE('Placement','Placement of an item',
  #3394);
#3394 = NEXT_ASSEMBLY_USAGE_OCCURRENCE('6','=>[0:1:1:7]','',#2502,#2525,
  $);
#3395 = PRODUCT_RELATED_PRODUCT_CATEGORY('part',$,(#2527));
#3396 = CONTEXT_DEPENDENT_SHAPE_REPRESENTATION(#3397,#3399);
#3397 = ( REPRESENTATION_RELATIONSHIP('','',#2507,#10) 
REPRESENTATION_RELATIONSHIP_WITH_TRANSFORMATION(#3398) 
SHAPE_REPRESENTATION_RELATIONSHIP() );
#3398 = ITEM_DEFINED_TRANSFORMATION('','',#11,#31);
#3399 = PRODUCT_DEFINITION_SHAPE('Placement','Placement of an item',
  #3400);
#3400 = NEXT_ASSEMBLY_USAGE_OCCURRENCE('8','C13','',#5,#2502,$);
#3401 = CONTEXT_DEPENDENT_SHAPE_REPRESENTATION(#3402,#3404);
#3402 = ( REPRESENTATION_RELATIONSHIP('','',#1033,#10) 
REPRESENTATION_RELATIONSHIP_WITH_TRANSFORMATION(#3403) 
SHAPE_REPRESENTATION_RELATIONSHIP() );
#3403 = ITEM_DEFINED_TRANSFORMATION('','',#11,#35);
#3404 = PRODUCT_DEFINITION_SHAPE('Placement','Placement of an item',
  #3405);
#3405 = NEXT_ASSEMBLY_USAGE_OCCURRENCE('9','M1','',#5,#1028,$);
#3406 = CONTEXT_DEPENDENT_SHAPE_REPRESENTATION(#3407,#3409);
#3407 = ( REPRESENTATION_RELATIONSHIP('','',#132,#10) 
REPRESENTATION_RELATIONSHIP_WITH_TRANSFORMATION(#3408) 
SHAPE_REPRESENTATION_RELATIONSHIP() );
#3408 = ITEM_DEFINED_TRANSFORMATION('','',#11,#39);
#3409 = PRODUCT_DEFINITION_SHAPE('Placement','Placement of an item',
  #3410);
#3410 = NEXT_ASSEMBLY_USAGE_OCCURRENCE('10','C1','',#5,#127,$);
#3411 = SHAPE_DEFINITION_REPRESENTATION(#3412,#3418);
#3412 = PRODUCT_DEFINITION_SHAPE('','',#3413);
#3413 = PRODUCT_DEFINITION('design','',#3414,#3417);
#3414 = PRODUCT_DEFINITION_FORMATION('','',#3415);
#3415 = PRODUCT('SOIC-8_3.9x4.9mm_P1.27mm','SOIC-8_3.9x4.9mm_P1.27mm',''
  ,(#3416));
#3416 = PRODUCT_CONTEXT('',#2,'mechanical');
#3417 = PRODUCT_DEFINITION_CONTEXT('part definition',#2,'design');
#3418 = SHAPE_REPRESENTATION('',(#11,#3419),#3423);
#3419 = AXIS2_PLACEMENT_3D('',#3420,#3421,#3422);
#3420 = CARTESIAN_POINT('',(0.,0.,0.));
#3421 = DIRECTION('',(0.,0.,1.));
#3422 = DIRECTION('',(1.,0.,-0.));
#3423 = ( GEOMETRIC_REPRESENTATION_CONTEXT(3) 
GLOBAL_UNCERTAINTY_ASSIGNED_CONTEXT((#3427)) 
GLOBAL_UNIT_ASSIGNED_CONTEXT((#3424,#3425,#3426)) REPRESENTATION_CONTEXT
('Context #1','3D Context with UNIT and UNCERTAINTY') );
#3424 = ( LENGTH_UNIT() NAMED_UNIT(*) SI_UNIT(.MILLI.,.METRE.) );
#3425 = ( NAMED_UNIT(*) PLANE_ANGLE_UNIT() SI_UNIT($,.RADIAN.) );
#3426 = ( NAMED_UNIT(*) SI_UNIT($,.STERADIAN.) SOLID_ANGLE_UNIT() );
#3427 = UNCERTAINTY_MEASURE_WITH_UNIT(LENGTH_MEASURE(1.E-07),#3424,
  'distance_accuracy_value','confusion accuracy');
#3428 = CONTEXT_DEPENDENT_SHAPE_REPRESENTATION(#3429,#3431);
#3429 = ( REPRESENTATION_RELATIONSHIP('','',#3418,#10) 
REPRESENTATION_RELATIONSHIP_WITH_TRANSFORMATION(#3430) 
SHAPE_REPRESENTATION_RELATIONSHIP() );
#3430 = ITEM_DEFINED_TRANSFORMATION('','',#11,#43);
#3431 = PRODUCT_DEFINITION_SHAPE('Placement','Placement of an item',
  #3432);
#3432 = NEXT_ASSEMBLY_USAGE_OCCURRENCE('12','U3','',#5,#3413,$);
#3433 = PRODUCT_RELATED_PRODUCT_CATEGORY('part',$,(#3415));
#3434 = SHAPE_DEFINITION_REPRESENTATION(#3435,#3441);
#3435 = PRODUCT_DEFINITION_SHAPE('','',#3436);
#3436 = PRODUCT_DEFINITION('design','',#3437,#3440);
#3437 = PRODUCT_DEFINITION_FORMATION('','',#3438);
#3438 = PRODUCT('SOIC-8_3.9x4.9mm_P1.27mm','SOIC-8_3.9x4.9mm_P1.27mm',''
  ,(#3439));
#3439 = PRODUCT_CONTEXT('',#2,'mechanical');
#3440 = PRODUCT_DEFINITION_CONTEXT('part definition',#2,'design');
#3441 = ADVANCED_BREP_SHAPE_REPRESENTATION('',(#11,#3442),#7910);
#3442 = MANIFOLD_SOLID_BREP('',#3443);
#3443 = CLOSED_SHELL('',(#3444,#3482,#3545,#3568,#3597,#3620,#3707,#3794
    ,#3817,#3840,#3857,#3880,#3968,#3984,#4014,#4045,#4076,#4107,#4138,
    #4169,#4200,#4231,#4248,#4265,#4296,#4327,#4358,#4389,#4420,#4451,
    #4482,#4512,#4535,#4558,#4575,#4620,#4706,#4729,#4752,#4775,#4862,
    #4900,#4949,#5041,#5066,#5150,#5172,#5264,#5289,#5373,#5395,#5487,
    #5512,#5596,#5613,#5698,#5723,#5800,#5885,#5910,#5987,#6004,#6096,
    #6121,#6205,#6227,#6319,#6344,#6428,#6450,#6542,#6567,#6651,#6668,
    #6687,#6706,#6725,#6771,#6787,#6806,#6825,#6844,#6860,#6877,#6889,
    #6906,#6923,#6940,#6957,#6974,#6991,#7008,#7020,#7037,#7054,#7071,
    #7088,#7105,#7122,#7139,#7151,#7168,#7185,#7202,#7219,#7236,#7253,
    #7270,#7282,#7299,#7316,#7333,#7350,#7367,#7384,#7396,#7413,#7430,
    #7447,#7464,#7481,#7498,#7510,#7527,#7544,#7561,#7578,#7595,#7612,
    #7629,#7641,#7658,#7675,#7692,#7709,#7726,#7743,#7760,#7772,#7789,
    #7806,#7823,#7840,#7857,#7874,#7891,#7903));
#3444 = ADVANCED_FACE('',(#3445),#3477,.F.);
#3445 = FACE_BOUND('',#3446,.F.);
#3446 = EDGE_LOOP('',(#3447,#3457,#3464,#3472));
#3447 = ORIENTED_EDGE('',*,*,#3448,.T.);
#3448 = EDGE_CURVE('',#3449,#3451,#3453,.T.);
#3449 = VERTEX_POINT('',#3450);
#3450 = CARTESIAN_POINT('',(-1.717585640382,2.335171280765,0.1));
#3451 = VERTEX_POINT('',#3452);
#3452 = CARTESIAN_POINT('',(1.717585640382,2.335171280765,0.1));
#3453 = LINE('',#3454,#3455);
#3454 = CARTESIAN_POINT('',(-1.717585640382,2.335171280765,0.1));
#3455 = VECTOR('',#3456,1.);
#3456 = DIRECTION('',(1.,1.110223024625E-16,0.));
#3457 = ORIENTED_EDGE('',*,*,#3458,.T.);
#3458 = EDGE_CURVE('',#3451,#3459,#3461,.T.);
#3459 = VERTEX_POINT('',#3460);
#3460 = CARTESIAN_POINT('',(1.775,2.45,0.825));
#3461 = B_SPLINE_CURVE_WITH_KNOTS('',1,(#3462,#3463),.UNSPECIFIED.,.F.,
  .F.,(2,2),(0.,1.),.PIECEWISE_BEZIER_KNOTS.);
#3462 = CARTESIAN_POINT('',(1.717585640382,2.335171280765,0.1));
#3463 = CARTESIAN_POINT('',(1.775,2.45,0.825));
#3464 = ORIENTED_EDGE('',*,*,#3465,.F.);
#3465 = EDGE_CURVE('',#3466,#3459,#3468,.T.);
#3466 = VERTEX_POINT('',#3467);
#3467 = CARTESIAN_POINT('',(-1.775,2.45,0.825));
#3468 = LINE('',#3469,#3470);
#3469 = CARTESIAN_POINT('',(-1.775,2.45,0.825));
#3470 = VECTOR('',#3471,1.);
#3471 = DIRECTION('',(1.,1.110223024625E-16,0.));
#3472 = ORIENTED_EDGE('',*,*,#3473,.F.);
#3473 = EDGE_CURVE('',#3449,#3466,#3474,.T.);
#3474 = B_SPLINE_CURVE_WITH_KNOTS('',1,(#3475,#3476),.UNSPECIFIED.,.F.,
  .F.,(2,2),(0.,1.),.PIECEWISE_BEZIER_KNOTS.);
#3475 = CARTESIAN_POINT('',(-1.717585640382,2.335171280765,0.1));
#3476 = CARTESIAN_POINT('',(-1.775,2.45,0.825));
#3477 = B_SPLINE_SURFACE_WITH_KNOTS('',1,1,(
    (#3478,#3479)
    ,(#3480,#3481
    )),.UNSPECIFIED.,.F.,.F.,.F.,(2,2),(2,2),(0.,3.55),(0.,1.),
  .PIECEWISE_BEZIER_KNOTS.);
#3478 = CARTESIAN_POINT('',(-1.717585640382,2.335171280765,0.1));
#3479 = CARTESIAN_POINT('',(-1.775,2.45,0.825));
#3480 = CARTESIAN_POINT('',(1.717585640382,2.335171280765,0.1));
#3481 = CARTESIAN_POINT('',(1.775,2.45,0.825));
#3482 = ADVANCED_FACE('',(#3483),#3540,.F.);
#3483 = FACE_BOUND('',#3484,.T.);
#3484 = EDGE_LOOP('',(#3485,#3486,#3494,#3502,#3510,#3518,#3526,#3534));
#3485 = ORIENTED_EDGE('',*,*,#3448,.T.);
#3486 = ORIENTED_EDGE('',*,*,#3487,.T.);
#3487 = EDGE_CURVE('',#3451,#3488,#3490,.T.);
#3488 = VERTEX_POINT('',#3489);
#3489 = CARTESIAN_POINT('',(1.835171280765,2.217585640382,0.1));
#3490 = LINE('',#3491,#3492);
#3491 = CARTESIAN_POINT('',(1.717585640382,2.335171280765,0.1));
#3492 = VECTOR('',#3493,1.);
#3493 = DIRECTION('',(0.707106781187,-0.707106781187,0.));
#3494 = ORIENTED_EDGE('',*,*,#3495,.T.);
#3495 = EDGE_CURVE('',#3488,#3496,#3498,.T.);
#3496 = VERTEX_POINT('',#3497);
#3497 = CARTESIAN_POINT('',(1.835171280765,-2.217585640382,0.1));
#3498 = LINE('',#3499,#3500);
#3499 = CARTESIAN_POINT('',(1.835171280765,2.217585640382,0.1));
#3500 = VECTOR('',#3501,1.);
#3501 = DIRECTION('',(1.110223024625E-16,-1.,0.));
#3502 = ORIENTED_EDGE('',*,*,#3503,.T.);
#3503 = EDGE_CURVE('',#3496,#3504,#3506,.T.);
#3504 = VERTEX_POINT('',#3505);
#3505 = CARTESIAN_POINT('',(1.717585640382,-2.335171280765,0.1));
#3506 = LINE('',#3507,#3508);
#3507 = CARTESIAN_POINT('',(1.835171280765,-2.217585640382,0.1));
#3508 = VECTOR('',#3509,1.);
#3509 = DIRECTION('',(-0.707106781187,-0.707106781187,0.));
#3510 = ORIENTED_EDGE('',*,*,#3511,.T.);
#3511 = EDGE_CURVE('',#3504,#3512,#3514,.T.);
#3512 = VERTEX_POINT('',#3513);
#3513 = CARTESIAN_POINT('',(-1.717585640382,-2.335171280765,0.1));
#3514 = LINE('',#3515,#3516);
#3515 = CARTESIAN_POINT('',(1.717585640382,-2.335171280765,0.1));
#3516 = VECTOR('',#3517,1.);
#3517 = DIRECTION('',(-1.,-1.110223024625E-16,0.));
#3518 = ORIENTED_EDGE('',*,*,#3519,.T.);
#3519 = EDGE_CURVE('',#3512,#3520,#3522,.T.);
#3520 = VERTEX_POINT('',#3521);
#3521 = CARTESIAN_POINT('',(-1.835171280765,-2.217585640382,0.1));
#3522 = LINE('',#3523,#3524);
#3523 = CARTESIAN_POINT('',(-1.717585640382,-2.335171280765,0.1));
#3524 = VECTOR('',#3525,1.);
#3525 = DIRECTION('',(-0.707106781187,0.707106781187,0.));
#3526 = ORIENTED_EDGE('',*,*,#3527,.T.);
#3527 = EDGE_CURVE('',#3520,#3528,#3530,.T.);
#3528 = VERTEX_POINT('',#3529);
#3529 = CARTESIAN_POINT('',(-1.835171280765,2.217585640382,0.1));
#3530 = LINE('',#3531,#3532);
#3531 = CARTESIAN_POINT('',(-1.835171280765,-2.217585640382,0.1));
#3532 = VECTOR('',#3533,1.);
#3533 = DIRECTION('',(-1.110223024625E-16,1.,0.));
#3534 = ORIENTED_EDGE('',*,*,#3535,.T.);
#3535 = EDGE_CURVE('',#3528,#3449,#3536,.T.);
#3536 = LINE('',#3537,#3538);
#3537 = CARTESIAN_POINT('',(-1.835171280765,2.217585640382,0.1));
#3538 = VECTOR('',#3539,1.);
#3539 = DIRECTION('',(0.707106781187,0.707106781187,0.));
#3540 = PLANE('',#3541);
#3541 = AXIS2_PLACEMENT_3D('',#3542,#3543,#3544);
#3542 = CARTESIAN_POINT('',(-1.717585640382,2.335171280765,0.1));
#3543 = DIRECTION('',(0.,0.,1.));
#3544 = DIRECTION('',(0.592513131498,-0.805560791625,0.));
#3545 = ADVANCED_FACE('',(#3546),#3563,.F.);
#3546 = FACE_BOUND('',#3547,.F.);
#3547 = EDGE_LOOP('',(#3548,#3549,#3556,#3562));
#3548 = ORIENTED_EDGE('',*,*,#3487,.T.);
#3549 = ORIENTED_EDGE('',*,*,#3550,.T.);
#3550 = EDGE_CURVE('',#3488,#3551,#3553,.T.);
#3551 = VERTEX_POINT('',#3552);
#3552 = CARTESIAN_POINT('',(1.95,2.275,0.825));
#3553 = B_SPLINE_CURVE_WITH_KNOTS('',1,(#3554,#3555),.UNSPECIFIED.,.F.,
  .F.,(2,2),(0.,1.),.PIECEWISE_BEZIER_KNOTS.);
#3554 = CARTESIAN_POINT('',(1.835171280765,2.217585640382,0.1));
#3555 = CARTESIAN_POINT('',(1.95,2.275,0.825));
#3556 = ORIENTED_EDGE('',*,*,#3557,.F.);
#3557 = EDGE_CURVE('',#3459,#3551,#3558,.T.);
#3558 = LINE('',#3559,#3560);
#3559 = CARTESIAN_POINT('',(1.775,2.45,0.825));
#3560 = VECTOR('',#3561,1.);
#3561 = DIRECTION('',(0.707106781187,-0.707106781187,0.));
#3562 = ORIENTED_EDGE('',*,*,#3458,.F.);
#3563 = B_SPLINE_SURFACE_WITH_KNOTS('',1,1,(
    (#3564,#3565)
    ,(#3566,#3567
    )),.UNSPECIFIED.,.F.,.F.,.F.,(2,2),(2,2),(0.,0.247487373415),(0.,1.)
  ,.PIECEWISE_BEZIER_KNOTS.);
#3564 = CARTESIAN_POINT('',(1.717585640382,2.335171280765,0.1));
#3565 = CARTESIAN_POINT('',(1.775,2.45,0.825));
#3566 = CARTESIAN_POINT('',(1.835171280765,2.217585640382,0.1));
#3567 = CARTESIAN_POINT('',(1.95,2.275,0.825));
#3568 = ADVANCED_FACE('',(#3569),#3592,.F.);
#3569 = FACE_BOUND('',#3570,.F.);
#3570 = EDGE_LOOP('',(#3571,#3572,#3579,#3587));
#3571 = ORIENTED_EDGE('',*,*,#3465,.T.);
#3572 = ORIENTED_EDGE('',*,*,#3573,.T.);
#3573 = EDGE_CURVE('',#3459,#3574,#3576,.T.);
#3574 = VERTEX_POINT('',#3575);
#3575 = CARTESIAN_POINT('',(1.775,2.45,1.025));
#3576 = B_SPLINE_CURVE_WITH_KNOTS('',1,(#3577,#3578),.UNSPECIFIED.,.F.,
  .F.,(2,2),(0.,1.),.PIECEWISE_BEZIER_KNOTS.);
#3577 = CARTESIAN_POINT('',(1.775,2.45,0.825));
#3578 = CARTESIAN_POINT('',(1.775,2.45,1.025));
#3579 = ORIENTED_EDGE('',*,*,#3580,.F.);
#3580 = EDGE_CURVE('',#3581,#3574,#3583,.T.);
#3581 = VERTEX_POINT('',#3582);
#3582 = CARTESIAN_POINT('',(-1.775,2.45,1.025));
#3583 = LINE('',#3584,#3585);
#3584 = CARTESIAN_POINT('',(-1.775,2.45,1.025));
#3585 = VECTOR('',#3586,1.);
#3586 = DIRECTION('',(1.,1.110223024625E-16,0.));
#3587 = ORIENTED_EDGE('',*,*,#3588,.F.);
#3588 = EDGE_CURVE('',#3466,#3581,#3589,.T.);
#3589 = B_SPLINE_CURVE_WITH_KNOTS('',1,(#3590,#3591),.UNSPECIFIED.,.F.,
  .F.,(2,2),(0.,1.),.PIECEWISE_BEZIER_KNOTS.);
#3590 = CARTESIAN_POINT('',(-1.775,2.45,0.825));
#3591 = CARTESIAN_POINT('',(-1.775,2.45,1.025));
#3592 = PLANE('',#3593);
#3593 = AXIS2_PLACEMENT_3D('',#3594,#3595,#3596);
#3594 = CARTESIAN_POINT('',(-1.775,2.45,1.025));
#3595 = DIRECTION('',(1.110223024625E-16,-1.,0.));
#3596 = DIRECTION('',(1.,1.110223024625E-16,0.));
#3597 = ADVANCED_FACE('',(#3598),#3615,.F.);
#3598 = FACE_BOUND('',#3599,.F.);
#3599 = EDGE_LOOP('',(#3600,#3601,#3602,#3610));
#3600 = ORIENTED_EDGE('',*,*,#3535,.T.);
#3601 = ORIENTED_EDGE('',*,*,#3473,.T.);
#3602 = ORIENTED_EDGE('',*,*,#3603,.F.);
#3603 = EDGE_CURVE('',#3604,#3466,#3606,.T.);
#3604 = VERTEX_POINT('',#3605);
#3605 = CARTESIAN_POINT('',(-1.95,2.275,0.825));
#3606 = LINE('',#3607,#3608);
#3607 = CARTESIAN_POINT('',(-1.95,2.275,0.825));
#3608 = VECTOR('',#3609,1.);
#3609 = DIRECTION('',(0.707106781187,0.707106781187,0.));
#3610 = ORIENTED_EDGE('',*,*,#3611,.F.);
#3611 = EDGE_CURVE('',#3528,#3604,#3612,.T.);
#3612 = B_SPLINE_CURVE_WITH_KNOTS('',1,(#3613,#3614),.UNSPECIFIED.,.F.,
  .F.,(2,2),(0.,1.),.PIECEWISE_BEZIER_KNOTS.);
#3613 = CARTESIAN_POINT('',(-1.835171280765,2.217585640382,0.1));
#3614 = CARTESIAN_POINT('',(-1.95,2.275,0.825));
#3615 = B_SPLINE_SURFACE_WITH_KNOTS('',1,1,(
    (#3616,#3617)
    ,(#3618,#3619
    )),.UNSPECIFIED.,.F.,.F.,.F.,(2,2),(2,2),(0.,0.247487373415),(0.,1.)
  ,.PIECEWISE_BEZIER_KNOTS.);
#3616 = CARTESIAN_POINT('',(-1.835171280765,2.217585640382,0.1));
#3617 = CARTESIAN_POINT('',(-1.95,2.275,0.825));
#3618 = CARTESIAN_POINT('',(-1.717585640382,2.335171280765,0.1));
#3619 = CARTESIAN_POINT('',(-1.775,2.45,0.825));
#3620 = ADVANCED_FACE('',(#3621),#3702,.F.);
#3621 = FACE_BOUND('',#3622,.F.);
#3622 = EDGE_LOOP('',(#3623,#3624,#3625,#3633,#3641,#3649,#3657,#3665,
    #3673,#3681,#3689,#3697));
#3623 = ORIENTED_EDGE('',*,*,#3527,.T.);
#3624 = ORIENTED_EDGE('',*,*,#3611,.T.);
#3625 = ORIENTED_EDGE('',*,*,#3626,.F.);
#3626 = EDGE_CURVE('',#3627,#3604,#3629,.T.);
#3627 = VERTEX_POINT('',#3628);
#3628 = CARTESIAN_POINT('',(-1.95,2.11,0.825));
#3629 = LINE('',#3630,#3631);
#3630 = CARTESIAN_POINT('',(-1.95,-2.275,0.825));
#3631 = VECTOR('',#3632,1.);
#3632 = DIRECTION('',(-1.110223024625E-16,1.,0.));
#3633 = ORIENTED_EDGE('',*,*,#3634,.F.);
#3634 = EDGE_CURVE('',#3635,#3627,#3637,.T.);
#3635 = VERTEX_POINT('',#3636);
#3636 = CARTESIAN_POINT('',(-1.95,1.7,0.825));
#3637 = LINE('',#3638,#3639);
#3638 = CARTESIAN_POINT('',(-1.95,-2.275,0.825));
#3639 = VECTOR('',#3640,1.);
#3640 = DIRECTION('',(-1.110223024625E-16,1.,0.));
#3641 = ORIENTED_EDGE('',*,*,#3642,.F.);
#3642 = EDGE_CURVE('',#3643,#3635,#3645,.T.);
#3643 = VERTEX_POINT('',#3644);
#3644 = CARTESIAN_POINT('',(-1.95,0.84,0.825));
#3645 = LINE('',#3646,#3647);
#3646 = CARTESIAN_POINT('',(-1.95,-2.275,0.825));
#3647 = VECTOR('',#3648,1.);
#3648 = DIRECTION('',(-1.110223024625E-16,1.,0.));
#3649 = ORIENTED_EDGE('',*,*,#3650,.F.);
#3650 = EDGE_CURVE('',#3651,#3643,#3653,.T.);
#3651 = VERTEX_POINT('',#3652);
#3652 = CARTESIAN_POINT('',(-1.95,0.43,0.825));
#3653 = LINE('',#3654,#3655);
#3654 = CARTESIAN_POINT('',(-1.95,-2.275,0.825));
#3655 = VECTOR('',#3656,1.);
#3656 = DIRECTION('',(-1.110223024625E-16,1.,0.));
#3657 = ORIENTED_EDGE('',*,*,#3658,.F.);
#3658 = EDGE_CURVE('',#3659,#3651,#3661,.T.);
#3659 = VERTEX_POINT('',#3660);
#3660 = CARTESIAN_POINT('',(-1.95,-0.43,0.825));
#3661 = LINE('',#3662,#3663);
#3662 = CARTESIAN_POINT('',(-1.95,-2.275,0.825));
#3663 = VECTOR('',#3664,1.);
#3664 = DIRECTION('',(-1.110223024625E-16,1.,0.));
#3665 = ORIENTED_EDGE('',*,*,#3666,.F.);
#3666 = EDGE_CURVE('',#3667,#3659,#3669,.T.);
#3667 = VERTEX_POINT('',#3668);
#3668 = CARTESIAN_POINT('',(-1.95,-0.84,0.825));
#3669 = LINE('',#3670,#3671);
#3670 = CARTESIAN_POINT('',(-1.95,-2.275,0.825));
#3671 = VECTOR('',#3672,1.);
#3672 = DIRECTION('',(-1.110223024625E-16,1.,0.));
#3673 = ORIENTED_EDGE('',*,*,#3674,.F.);
#3674 = EDGE_CURVE('',#3675,#3667,#3677,.T.);
#3675 = VERTEX_POINT('',#3676);
#3676 = CARTESIAN_POINT('',(-1.95,-1.7,0.825));
#3677 = LINE('',#3678,#3679);
#3678 = CARTESIAN_POINT('',(-1.95,-2.275,0.825));
#3679 = VECTOR('',#3680,1.);
#3680 = DIRECTION('',(-1.110223024625E-16,1.,0.));
#3681 = ORIENTED_EDGE('',*,*,#3682,.F.);
#3682 = EDGE_CURVE('',#3683,#3675,#3685,.T.);
#3683 = VERTEX_POINT('',#3684);
#3684 = CARTESIAN_POINT('',(-1.95,-2.11,0.825));
#3685 = LINE('',#3686,#3687);
#3686 = CARTESIAN_POINT('',(-1.95,-2.275,0.825));
#3687 = VECTOR('',#3688,1.);
#3688 = DIRECTION('',(-1.110223024625E-16,1.,0.));
#3689 = ORIENTED_EDGE('',*,*,#3690,.F.);
#3690 = EDGE_CURVE('',#3691,#3683,#3693,.T.);
#3691 = VERTEX_POINT('',#3692);
#3692 = CARTESIAN_POINT('',(-1.95,-2.275,0.825));
#3693 = LINE('',#3694,#3695);
#3694 = CARTESIAN_POINT('',(-1.95,-2.275,0.825));
#3695 = VECTOR('',#3696,1.);
#3696 = DIRECTION('',(-1.110223024625E-16,1.,0.));
#3697 = ORIENTED_EDGE('',*,*,#3698,.F.);
#3698 = EDGE_CURVE('',#3520,#3691,#3699,.T.);
#3699 = B_SPLINE_CURVE_WITH_KNOTS('',1,(#3700,#3701),.UNSPECIFIED.,.F.,
  .F.,(2,2),(0.,1.),.PIECEWISE_BEZIER_KNOTS.);
#3700 = CARTESIAN_POINT('',(-1.835171280765,-2.217585640382,0.1));
#3701 = CARTESIAN_POINT('',(-1.95,-2.275,0.825));
#3702 = B_SPLINE_SURFACE_WITH_KNOTS('',1,1,(
    (#3703,#3704)
    ,(#3705,#3706
    )),.UNSPECIFIED.,.F.,.F.,.F.,(2,2),(2,2),(0.,4.55),(0.,1.),
  .PIECEWISE_BEZIER_KNOTS.);
#3703 = CARTESIAN_POINT('',(-1.835171280765,-2.217585640382,0.1));
#3704 = CARTESIAN_POINT('',(-1.95,-2.275,0.825));
#3705 = CARTESIAN_POINT('',(-1.835171280765,2.217585640382,0.1));
#3706 = CARTESIAN_POINT('',(-1.95,2.275,0.825));
#3707 = ADVANCED_FACE('',(#3708),#3789,.F.);
#3708 = FACE_BOUND('',#3709,.F.);
#3709 = EDGE_LOOP('',(#3710,#3711,#3718,#3726,#3734,#3742,#3750,#3758,
    #3766,#3774,#3782,#3788));
#3710 = ORIENTED_EDGE('',*,*,#3495,.T.);
#3711 = ORIENTED_EDGE('',*,*,#3712,.T.);
#3712 = EDGE_CURVE('',#3496,#3713,#3715,.T.);
#3713 = VERTEX_POINT('',#3714);
#3714 = CARTESIAN_POINT('',(1.95,-2.275,0.825));
#3715 = B_SPLINE_CURVE_WITH_KNOTS('',1,(#3716,#3717),.UNSPECIFIED.,.F.,
  .F.,(2,2),(0.,1.),.PIECEWISE_BEZIER_KNOTS.);
#3716 = CARTESIAN_POINT('',(1.835171280765,-2.217585640382,0.1));
#3717 = CARTESIAN_POINT('',(1.95,-2.275,0.825));
#3718 = ORIENTED_EDGE('',*,*,#3719,.F.);
#3719 = EDGE_CURVE('',#3720,#3713,#3722,.T.);
#3720 = VERTEX_POINT('',#3721);
#3721 = CARTESIAN_POINT('',(1.95,-2.11,0.825));
#3722 = LINE('',#3723,#3724);
#3723 = CARTESIAN_POINT('',(1.95,2.275,0.825));
#3724 = VECTOR('',#3725,1.);
#3725 = DIRECTION('',(1.110223024625E-16,-1.,0.));
#3726 = ORIENTED_EDGE('',*,*,#3727,.F.);
#3727 = EDGE_CURVE('',#3728,#3720,#3730,.T.);
#3728 = VERTEX_POINT('',#3729);
#3729 = CARTESIAN_POINT('',(1.95,-1.7,0.825));
#3730 = LINE('',#3731,#3732);
#3731 = CARTESIAN_POINT('',(1.95,2.275,0.825));
#3732 = VECTOR('',#3733,1.);
#3733 = DIRECTION('',(1.110223024625E-16,-1.,0.));
#3734 = ORIENTED_EDGE('',*,*,#3735,.F.);
#3735 = EDGE_CURVE('',#3736,#3728,#3738,.T.);
#3736 = VERTEX_POINT('',#3737);
#3737 = CARTESIAN_POINT('',(1.95,-0.84,0.825));
#3738 = LINE('',#3739,#3740);
#3739 = CARTESIAN_POINT('',(1.95,2.275,0.825));
#3740 = VECTOR('',#3741,1.);
#3741 = DIRECTION('',(1.110223024625E-16,-1.,0.));
#3742 = ORIENTED_EDGE('',*,*,#3743,.F.);
#3743 = EDGE_CURVE('',#3744,#3736,#3746,.T.);
#3744 = VERTEX_POINT('',#3745);
#3745 = CARTESIAN_POINT('',(1.95,-0.43,0.825));
#3746 = LINE('',#3747,#3748);
#3747 = CARTESIAN_POINT('',(1.95,2.275,0.825));
#3748 = VECTOR('',#3749,1.);
#3749 = DIRECTION('',(1.110223024625E-16,-1.,0.));
#3750 = ORIENTED_EDGE('',*,*,#3751,.F.);
#3751 = EDGE_CURVE('',#3752,#3744,#3754,.T.);
#3752 = VERTEX_POINT('',#3753);
#3753 = CARTESIAN_POINT('',(1.95,0.43,0.825));
#3754 = LINE('',#3755,#3756);
#3755 = CARTESIAN_POINT('',(1.95,2.275,0.825));
#3756 = VECTOR('',#3757,1.);
#3757 = DIRECTION('',(1.110223024625E-16,-1.,0.));
#3758 = ORIENTED_EDGE('',*,*,#3759,.F.);
#3759 = EDGE_CURVE('',#3760,#3752,#3762,.T.);
#3760 = VERTEX_POINT('',#3761);
#3761 = CARTESIAN_POINT('',(1.95,0.84,0.825));
#3762 = LINE('',#3763,#3764);
#3763 = CARTESIAN_POINT('',(1.95,2.275,0.825));
#3764 = VECTOR('',#3765,1.);
#3765 = DIRECTION('',(1.110223024625E-16,-1.,0.));
#3766 = ORIENTED_EDGE('',*,*,#3767,.F.);
#3767 = EDGE_CURVE('',#3768,#3760,#3770,.T.);
#3768 = VERTEX_POINT('',#3769);
#3769 = CARTESIAN_POINT('',(1.95,1.7,0.825));
#3770 = LINE('',#3771,#3772);
#3771 = CARTESIAN_POINT('',(1.95,2.275,0.825));
#3772 = VECTOR('',#3773,1.);
#3773 = DIRECTION('',(1.110223024625E-16,-1.,0.));
#3774 = ORIENTED_EDGE('',*,*,#3775,.F.);
#3775 = EDGE_CURVE('',#3776,#3768,#3778,.T.);
#3776 = VERTEX_POINT('',#3777);
#3777 = CARTESIAN_POINT('',(1.95,2.11,0.825));
#3778 = LINE('',#3779,#3780);
#3779 = CARTESIAN_POINT('',(1.95,2.275,0.825));
#3780 = VECTOR('',#3781,1.);
#3781 = DIRECTION('',(1.110223024625E-16,-1.,0.));
#3782 = ORIENTED_EDGE('',*,*,#3783,.F.);
#3783 = EDGE_CURVE('',#3551,#3776,#3784,.T.);
#3784 = LINE('',#3785,#3786);
#3785 = CARTESIAN_POINT('',(1.95,2.275,0.825));
#3786 = VECTOR('',#3787,1.);
#3787 = DIRECTION('',(1.110223024625E-16,-1.,0.));
#3788 = ORIENTED_EDGE('',*,*,#3550,.F.);
#3789 = B_SPLINE_SURFACE_WITH_KNOTS('',1,1,(
    (#3790,#3791)
    ,(#3792,#3793
    )),.UNSPECIFIED.,.F.,.F.,.F.,(2,2),(2,2),(0.,4.55),(0.,1.),
  .PIECEWISE_BEZIER_KNOTS.);
#3790 = CARTESIAN_POINT('',(1.835171280765,2.217585640382,0.1));
#3791 = CARTESIAN_POINT('',(1.95,2.275,0.825));
#3792 = CARTESIAN_POINT('',(1.835171280765,-2.217585640382,0.1));
#3793 = CARTESIAN_POINT('',(1.95,-2.275,0.825));
#3794 = ADVANCED_FACE('',(#3795),#3812,.F.);
#3795 = FACE_BOUND('',#3796,.F.);
#3796 = EDGE_LOOP('',(#3797,#3798,#3799,#3807));
#3797 = ORIENTED_EDGE('',*,*,#3519,.T.);
#3798 = ORIENTED_EDGE('',*,*,#3698,.T.);
#3799 = ORIENTED_EDGE('',*,*,#3800,.F.);
#3800 = EDGE_CURVE('',#3801,#3691,#3803,.T.);
#3801 = VERTEX_POINT('',#3802);
#3802 = CARTESIAN_POINT('',(-1.775,-2.45,0.825));
#3803 = LINE('',#3804,#3805);
#3804 = CARTESIAN_POINT('',(-1.775,-2.45,0.825));
#3805 = VECTOR('',#3806,1.);
#3806 = DIRECTION('',(-0.707106781187,0.707106781187,0.));
#3807 = ORIENTED_EDGE('',*,*,#3808,.F.);
#3808 = EDGE_CURVE('',#3512,#3801,#3809,.T.);
#3809 = B_SPLINE_CURVE_WITH_KNOTS('',1,(#3810,#3811),.UNSPECIFIED.,.F.,
  .F.,(2,2),(0.,1.),.PIECEWISE_BEZIER_KNOTS.);
#3810 = CARTESIAN_POINT('',(-1.717585640382,-2.335171280765,0.1));
#3811 = CARTESIAN_POINT('',(-1.775,-2.45,0.825));
#3812 = B_SPLINE_SURFACE_WITH_KNOTS('',1,1,(
    (#3813,#3814)
    ,(#3815,#3816
    )),.UNSPECIFIED.,.F.,.F.,.F.,(2,2),(2,2),(0.,0.247487373415),(0.,1.)
  ,.PIECEWISE_BEZIER_KNOTS.);
#3813 = CARTESIAN_POINT('',(-1.717585640382,-2.335171280765,0.1));
#3814 = CARTESIAN_POINT('',(-1.775,-2.45,0.825));
#3815 = CARTESIAN_POINT('',(-1.835171280765,-2.217585640382,0.1));
#3816 = CARTESIAN_POINT('',(-1.95,-2.275,0.825));
#3817 = ADVANCED_FACE('',(#3818),#3835,.F.);
#3818 = FACE_BOUND('',#3819,.F.);
#3819 = EDGE_LOOP('',(#3820,#3821,#3828,#3834));
#3820 = ORIENTED_EDGE('',*,*,#3503,.T.);
#3821 = ORIENTED_EDGE('',*,*,#3822,.T.);
#3822 = EDGE_CURVE('',#3504,#3823,#3825,.T.);
#3823 = VERTEX_POINT('',#3824);
#3824 = CARTESIAN_POINT('',(1.775,-2.45,0.825));
#3825 = B_SPLINE_CURVE_WITH_KNOTS('',1,(#3826,#3827),.UNSPECIFIED.,.F.,
  .F.,(2,2),(0.,1.),.PIECEWISE_BEZIER_KNOTS.);
#3826 = CARTESIAN_POINT('',(1.717585640382,-2.335171280765,0.1));
#3827 = CARTESIAN_POINT('',(1.775,-2.45,0.825));
#3828 = ORIENTED_EDGE('',*,*,#3829,.F.);
#3829 = EDGE_CURVE('',#3713,#3823,#3830,.T.);
#3830 = LINE('',#3831,#3832);
#3831 = CARTESIAN_POINT('',(1.95,-2.275,0.825));
#3832 = VECTOR('',#3833,1.);
#3833 = DIRECTION('',(-0.707106781187,-0.707106781187,0.));
#3834 = ORIENTED_EDGE('',*,*,#3712,.F.);
#3835 = B_SPLINE_SURFACE_WITH_KNOTS('',1,1,(
    (#3836,#3837)
    ,(#3838,#3839
    )),.UNSPECIFIED.,.F.,.F.,.F.,(2,2),(2,2),(0.,0.247487373415),(0.,1.)
  ,.PIECEWISE_BEZIER_KNOTS.);
#3836 = CARTESIAN_POINT('',(1.835171280765,-2.217585640382,0.1));
#3837 = CARTESIAN_POINT('',(1.95,-2.275,0.825));
#3838 = CARTESIAN_POINT('',(1.717585640382,-2.335171280765,0.1));
#3839 = CARTESIAN_POINT('',(1.775,-2.45,0.825));
#3840 = ADVANCED_FACE('',(#3841),#3852,.F.);
#3841 = FACE_BOUND('',#3842,.F.);
#3842 = EDGE_LOOP('',(#3843,#3844,#3845,#3851));
#3843 = ORIENTED_EDGE('',*,*,#3511,.T.);
#3844 = ORIENTED_EDGE('',*,*,#3808,.T.);
#3845 = ORIENTED_EDGE('',*,*,#3846,.F.);
#3846 = EDGE_CURVE('',#3823,#3801,#3847,.T.);
#3847 = LINE('',#3848,#3849);
#3848 = CARTESIAN_POINT('',(1.775,-2.45,0.825));
#3849 = VECTOR('',#3850,1.);
#3850 = DIRECTION('',(-1.,-1.110223024625E-16,0.));
#3851 = ORIENTED_EDGE('',*,*,#3822,.F.);
#3852 = B_SPLINE_SURFACE_WITH_KNOTS('',1,1,(
    (#3853,#3854)
    ,(#3855,#3856
    )),.UNSPECIFIED.,.F.,.F.,.F.,(2,2),(2,2),(0.,3.55),(0.,1.),
  .PIECEWISE_BEZIER_KNOTS.);
#3853 = CARTESIAN_POINT('',(1.717585640382,-2.335171280765,0.1));
#3854 = CARTESIAN_POINT('',(1.775,-2.45,0.825));
#3855 = CARTESIAN_POINT('',(-1.717585640382,-2.335171280765,0.1));
#3856 = CARTESIAN_POINT('',(-1.775,-2.45,0.825));
#3857 = ADVANCED_FACE('',(#3858),#3875,.F.);
#3858 = FACE_BOUND('',#3859,.F.);
#3859 = EDGE_LOOP('',(#3860,#3861,#3868,#3874));
#3860 = ORIENTED_EDGE('',*,*,#3557,.T.);
#3861 = ORIENTED_EDGE('',*,*,#3862,.T.);
#3862 = EDGE_CURVE('',#3551,#3863,#3865,.T.);
#3863 = VERTEX_POINT('',#3864);
#3864 = CARTESIAN_POINT('',(1.95,2.275,1.025));
#3865 = B_SPLINE_CURVE_WITH_KNOTS('',1,(#3866,#3867),.UNSPECIFIED.,.F.,
  .F.,(2,2),(0.,1.),.PIECEWISE_BEZIER_KNOTS.);
#3866 = CARTESIAN_POINT('',(1.95,2.275,0.825));
#3867 = CARTESIAN_POINT('',(1.95,2.275,1.025));
#3868 = ORIENTED_EDGE('',*,*,#3869,.F.);
#3869 = EDGE_CURVE('',#3574,#3863,#3870,.T.);
#3870 = LINE('',#3871,#3872);
#3871 = CARTESIAN_POINT('',(1.775,2.45,1.025));
#3872 = VECTOR('',#3873,1.);
#3873 = DIRECTION('',(0.707106781187,-0.707106781187,0.));
#3874 = ORIENTED_EDGE('',*,*,#3573,.F.);
#3875 = PLANE('',#3876);
#3876 = AXIS2_PLACEMENT_3D('',#3877,#3878,#3879);
#3877 = CARTESIAN_POINT('',(1.775,2.45,1.025));
#3878 = DIRECTION('',(-0.707106781187,-0.707106781187,0.));
#3879 = DIRECTION('',(0.707106781187,-0.707106781187,0.));
#3880 = ADVANCED_FACE('',(#3881),#3963,.F.);
#3881 = FACE_BOUND('',#3882,.F.);
#3882 = EDGE_LOOP('',(#3883,#3891,#3892,#3893,#3901,#3909,#3917,#3925,
    #3933,#3941,#3949,#3957));
#3883 = ORIENTED_EDGE('',*,*,#3884,.T.);
#3884 = EDGE_CURVE('',#3885,#3581,#3887,.T.);
#3885 = VERTEX_POINT('',#3886);
#3886 = CARTESIAN_POINT('',(-1.95,2.275,1.025));
#3887 = LINE('',#3888,#3889);
#3888 = CARTESIAN_POINT('',(-1.95,2.275,1.025));
#3889 = VECTOR('',#3890,1.);
#3890 = DIRECTION('',(0.707106781187,0.707106781187,0.));
#3891 = ORIENTED_EDGE('',*,*,#3580,.T.);
#3892 = ORIENTED_EDGE('',*,*,#3869,.T.);
#3893 = ORIENTED_EDGE('',*,*,#3894,.T.);
#3894 = EDGE_CURVE('',#3863,#3895,#3897,.T.);
#3895 = VERTEX_POINT('',#3896);
#3896 = CARTESIAN_POINT('',(1.95,2.11,1.025));
#3897 = LINE('',#3898,#3899);
#3898 = CARTESIAN_POINT('',(1.95,2.275,1.025));
#3899 = VECTOR('',#3900,1.);
#3900 = DIRECTION('',(1.110223024625E-16,-1.,0.));
#3901 = ORIENTED_EDGE('',*,*,#3902,.T.);
#3902 = EDGE_CURVE('',#3895,#3903,#3905,.T.);
#3903 = VERTEX_POINT('',#3904);
#3904 = CARTESIAN_POINT('',(1.875,2.11,1.025));
#3905 = LINE('',#3906,#3907);
#3906 = CARTESIAN_POINT('',(2.25,2.11,1.025));
#3907 = VECTOR('',#3908,1.);
#3908 = DIRECTION('',(-1.,-1.110223024625E-16,0.));
#3909 = ORIENTED_EDGE('',*,*,#3910,.F.);
#3910 = EDGE_CURVE('',#3911,#3903,#3913,.T.);
#3911 = VERTEX_POINT('',#3912);
#3912 = CARTESIAN_POINT('',(1.875,2.2375,1.025));
#3913 = LINE('',#3914,#3915);
#3914 = CARTESIAN_POINT('',(1.875,2.2375,1.025));
#3915 = VECTOR('',#3916,1.);
#3916 = DIRECTION('',(1.110223024625E-16,-1.,0.));
#3917 = ORIENTED_EDGE('',*,*,#3918,.F.);
#3918 = EDGE_CURVE('',#3919,#3911,#3921,.T.);
#3919 = VERTEX_POINT('',#3920);
#3920 = CARTESIAN_POINT('',(1.7375,2.375,1.025));
#3921 = LINE('',#3922,#3923);
#3922 = CARTESIAN_POINT('',(1.7375,2.375,1.025));
#3923 = VECTOR('',#3924,1.);
#3924 = DIRECTION('',(0.707106781187,-0.707106781187,0.));
#3925 = ORIENTED_EDGE('',*,*,#3926,.F.);
#3926 = EDGE_CURVE('',#3927,#3919,#3929,.T.);
#3927 = VERTEX_POINT('',#3928);
#3928 = CARTESIAN_POINT('',(-1.7375,2.375,1.025));
#3929 = LINE('',#3930,#3931);
#3930 = CARTESIAN_POINT('',(-1.7375,2.375,1.025));
#3931 = VECTOR('',#3932,1.);
#3932 = DIRECTION('',(1.,1.110223024625E-16,0.));
#3933 = ORIENTED_EDGE('',*,*,#3934,.F.);
#3934 = EDGE_CURVE('',#3935,#3927,#3937,.T.);
#3935 = VERTEX_POINT('',#3936);
#3936 = CARTESIAN_POINT('',(-1.875,2.2375,1.025));
#3937 = LINE('',#3938,#3939);
#3938 = CARTESIAN_POINT('',(-1.875,2.2375,1.025));
#3939 = VECTOR('',#3940,1.);
#3940 = DIRECTION('',(0.707106781187,0.707106781187,0.));
#3941 = ORIENTED_EDGE('',*,*,#3942,.F.);
#3942 = EDGE_CURVE('',#3943,#3935,#3945,.T.);
#3943 = VERTEX_POINT('',#3944);
#3944 = CARTESIAN_POINT('',(-1.875,2.11,1.025));
#3945 = LINE('',#3946,#3947);
#3946 = CARTESIAN_POINT('',(-1.875,-2.2375,1.025));
#3947 = VECTOR('',#3948,1.);
#3948 = DIRECTION('',(-1.110223024625E-16,1.,0.));
#3949 = ORIENTED_EDGE('',*,*,#3950,.F.);
#3950 = EDGE_CURVE('',#3951,#3943,#3953,.T.);
#3951 = VERTEX_POINT('',#3952);
#3952 = CARTESIAN_POINT('',(-1.95,2.11,1.025));
#3953 = LINE('',#3954,#3955);
#3954 = CARTESIAN_POINT('',(-2.25,2.11,1.025));
#3955 = VECTOR('',#3956,1.);
#3956 = DIRECTION('',(1.,-1.144237745222E-17,0.));
#3957 = ORIENTED_EDGE('',*,*,#3958,.T.);
#3958 = EDGE_CURVE('',#3951,#3885,#3959,.T.);
#3959 = LINE('',#3960,#3961);
#3960 = CARTESIAN_POINT('',(-1.95,-2.275,1.025));
#3961 = VECTOR('',#3962,1.);
#3962 = DIRECTION('',(-1.110223024625E-16,1.,0.));
#3963 = PLANE('',#3964);
#3964 = AXIS2_PLACEMENT_3D('',#3965,#3966,#3967);
#3965 = CARTESIAN_POINT('',(-3.027078129022E-16,2.4125,1.025));
#3966 = DIRECTION('',(2.007919022429E-31,-7.713306628828E-27,-1.));
#3967 = DIRECTION('',(1.,1.112083013911E-16,2.00791902242E-31));
#3968 = ADVANCED_FACE('',(#3969),#3979,.F.);
#3969 = FACE_BOUND('',#3970,.F.);
#3970 = EDGE_LOOP('',(#3971,#3972,#3973,#3974));
#3971 = ORIENTED_EDGE('',*,*,#3603,.T.);
#3972 = ORIENTED_EDGE('',*,*,#3588,.T.);
#3973 = ORIENTED_EDGE('',*,*,#3884,.F.);
#3974 = ORIENTED_EDGE('',*,*,#3975,.F.);
#3975 = EDGE_CURVE('',#3604,#3885,#3976,.T.);
#3976 = B_SPLINE_CURVE_WITH_KNOTS('',1,(#3977,#3978),.UNSPECIFIED.,.F.,
  .F.,(2,2),(0.,1.),.PIECEWISE_BEZIER_KNOTS.);
#3977 = CARTESIAN_POINT('',(-1.95,2.275,0.825));
#3978 = CARTESIAN_POINT('',(-1.95,2.275,1.025));
#3979 = PLANE('',#3980);
#3980 = AXIS2_PLACEMENT_3D('',#3981,#3982,#3983);
#3981 = CARTESIAN_POINT('',(-1.95,2.275,1.025));
#3982 = DIRECTION('',(0.707106781187,-0.707106781187,0.));
#3983 = DIRECTION('',(0.707106781187,0.707106781187,0.));
#3984 = ADVANCED_FACE('',(#3985),#4009,.F.);
#3985 = FACE_BOUND('',#3986,.F.);
#3986 = EDGE_LOOP('',(#3987,#3994,#3995,#4003));
#3987 = ORIENTED_EDGE('',*,*,#3988,.F.);
#3988 = EDGE_CURVE('',#3691,#3989,#3991,.T.);
#3989 = VERTEX_POINT('',#3990);
#3990 = CARTESIAN_POINT('',(-1.95,-2.275,1.025));
#3991 = B_SPLINE_CURVE_WITH_KNOTS('',1,(#3992,#3993),.UNSPECIFIED.,.F.,
  .F.,(2,2),(0.,1.),.PIECEWISE_BEZIER_KNOTS.);
#3992 = CARTESIAN_POINT('',(-1.95,-2.275,0.825));
#3993 = CARTESIAN_POINT('',(-1.95,-2.275,1.025));
#3994 = ORIENTED_EDGE('',*,*,#3690,.T.);
#3995 = ORIENTED_EDGE('',*,*,#3996,.T.);
#3996 = EDGE_CURVE('',#3683,#3997,#3999,.T.);
#3997 = VERTEX_POINT('',#3998);
#3998 = CARTESIAN_POINT('',(-1.95,-2.11,1.025));
#3999 = LINE('',#4000,#4001);
#4000 = CARTESIAN_POINT('',(-1.95,-2.11,0.786976568901));
#4001 = VECTOR('',#4002,1.);
#4002 = DIRECTION('',(0.,0.,1.));
#4003 = ORIENTED_EDGE('',*,*,#4004,.F.);
#4004 = EDGE_CURVE('',#3989,#3997,#4005,.T.);
#4005 = LINE('',#4006,#4007);
#4006 = CARTESIAN_POINT('',(-1.95,-2.275,1.025));
#4007 = VECTOR('',#4008,1.);
#4008 = DIRECTION('',(-1.110223024625E-16,1.,0.));
#4009 = PLANE('',#4010);
#4010 = AXIS2_PLACEMENT_3D('',#4011,#4012,#4013);
#4011 = CARTESIAN_POINT('',(-1.95,-2.275,1.025));
#4012 = DIRECTION('',(1.,1.110223024625E-16,0.));
#4013 = DIRECTION('',(-1.110223024625E-16,1.,0.));
#4014 = ADVANCED_FACE('',(#4015),#4040,.F.);
#4015 = FACE_BOUND('',#4016,.F.);
#4016 = EDGE_LOOP('',(#4017,#4025,#4026,#4034));
#4017 = ORIENTED_EDGE('',*,*,#4018,.F.);
#4018 = EDGE_CURVE('',#3683,#4019,#4021,.T.);
#4019 = VERTEX_POINT('',#4020);
#4020 = CARTESIAN_POINT('',(-2.25,-2.11,0.825));
#4021 = LINE('',#4022,#4023);
#4022 = CARTESIAN_POINT('',(-1.8,-2.11,0.825));
#4023 = VECTOR('',#4024,1.);
#4024 = DIRECTION('',(-1.,1.144237745222E-17,0.));
#4025 = ORIENTED_EDGE('',*,*,#3682,.T.);
#4026 = ORIENTED_EDGE('',*,*,#4027,.T.);
#4027 = EDGE_CURVE('',#3675,#4028,#4030,.T.);
#4028 = VERTEX_POINT('',#4029);
#4029 = CARTESIAN_POINT('',(-2.25,-1.7,0.825));
#4030 = LINE('',#4031,#4032);
#4031 = CARTESIAN_POINT('',(-1.8,-1.7,0.825));
#4032 = VECTOR('',#4033,1.);
#4033 = DIRECTION('',(-1.,1.144237745222E-17,0.));
#4034 = ORIENTED_EDGE('',*,*,#4035,.F.);
#4035 = EDGE_CURVE('',#4019,#4028,#4036,.T.);
#4036 = LINE('',#4037,#4038);
#4037 = CARTESIAN_POINT('',(-2.25,-2.11,0.825));
#4038 = VECTOR('',#4039,1.);
#4039 = DIRECTION('',(1.144237745222E-17,1.,0.));
#4040 = PLANE('',#4041);
#4041 = AXIS2_PLACEMENT_3D('',#4042,#4043,#4044);
#4042 = CARTESIAN_POINT('',(-1.8,-2.11,0.825));
#4043 = DIRECTION('',(0.,0.,1.));
#4044 = DIRECTION('',(-1.,1.144237745222E-17,0.));
#4045 = ADVANCED_FACE('',(#4046),#4071,.F.);
#4046 = FACE_BOUND('',#4047,.F.);
#4047 = EDGE_LOOP('',(#4048,#4056,#4057,#4065));
#4048 = ORIENTED_EDGE('',*,*,#4049,.F.);
#4049 = EDGE_CURVE('',#3675,#4050,#4052,.T.);
#4050 = VERTEX_POINT('',#4051);
#4051 = CARTESIAN_POINT('',(-1.95,-1.7,1.025));
#4052 = LINE('',#4053,#4054);
#4053 = CARTESIAN_POINT('',(-1.95,-1.7,0.786976568901));
#4054 = VECTOR('',#4055,1.);
#4055 = DIRECTION('',(0.,0.,1.));
#4056 = ORIENTED_EDGE('',*,*,#3674,.T.);
#4057 = ORIENTED_EDGE('',*,*,#4058,.T.);
#4058 = EDGE_CURVE('',#3667,#4059,#4061,.T.);
#4059 = VERTEX_POINT('',#4060);
#4060 = CARTESIAN_POINT('',(-1.95,-0.84,1.025));
#4061 = LINE('',#4062,#4063);
#4062 = CARTESIAN_POINT('',(-1.95,-0.84,0.786976568901));
#4063 = VECTOR('',#4064,1.);
#4064 = DIRECTION('',(0.,0.,1.));
#4065 = ORIENTED_EDGE('',*,*,#4066,.F.);
#4066 = EDGE_CURVE('',#4050,#4059,#4067,.T.);
#4067 = LINE('',#4068,#4069);
#4068 = CARTESIAN_POINT('',(-1.95,-2.275,1.025));
#4069 = VECTOR('',#4070,1.);
#4070 = DIRECTION('',(-1.110223024625E-16,1.,0.));
#4071 = PLANE('',#4072);
#4072 = AXIS2_PLACEMENT_3D('',#4073,#4074,#4075);
#4073 = CARTESIAN_POINT('',(-1.95,-2.275,1.025));
#4074 = DIRECTION('',(1.,1.110223024625E-16,0.));
#4075 = DIRECTION('',(-1.110223024625E-16,1.,0.));
#4076 = ADVANCED_FACE('',(#4077),#4102,.F.);
#4077 = FACE_BOUND('',#4078,.F.);
#4078 = EDGE_LOOP('',(#4079,#4087,#4088,#4096));
#4079 = ORIENTED_EDGE('',*,*,#4080,.F.);
#4080 = EDGE_CURVE('',#3667,#4081,#4083,.T.);
#4081 = VERTEX_POINT('',#4082);
#4082 = CARTESIAN_POINT('',(-2.25,-0.84,0.825));
#4083 = LINE('',#4084,#4085);
#4084 = CARTESIAN_POINT('',(-1.8,-0.84,0.825));
#4085 = VECTOR('',#4086,1.);
#4086 = DIRECTION('',(-1.,1.144237745222E-17,0.));
#4087 = ORIENTED_EDGE('',*,*,#3666,.T.);
#4088 = ORIENTED_EDGE('',*,*,#4089,.T.);
#4089 = EDGE_CURVE('',#3659,#4090,#4092,.T.);
#4090 = VERTEX_POINT('',#4091);
#4091 = CARTESIAN_POINT('',(-2.25,-0.43,0.825));
#4092 = LINE('',#4093,#4094);
#4093 = CARTESIAN_POINT('',(-1.8,-0.43,0.825));
#4094 = VECTOR('',#4095,1.);
#4095 = DIRECTION('',(-1.,1.144237745222E-17,0.));
#4096 = ORIENTED_EDGE('',*,*,#4097,.F.);
#4097 = EDGE_CURVE('',#4081,#4090,#4098,.T.);
#4098 = LINE('',#4099,#4100);
#4099 = CARTESIAN_POINT('',(-2.25,-0.84,0.825));
#4100 = VECTOR('',#4101,1.);
#4101 = DIRECTION('',(1.144237745222E-17,1.,0.));
#4102 = PLANE('',#4103);
#4103 = AXIS2_PLACEMENT_3D('',#4104,#4105,#4106);
#4104 = CARTESIAN_POINT('',(-1.8,-0.84,0.825));
#4105 = DIRECTION('',(0.,0.,1.));
#4106 = DIRECTION('',(-1.,1.144237745222E-17,0.));
#4107 = ADVANCED_FACE('',(#4108),#4133,.F.);
#4108 = FACE_BOUND('',#4109,.F.);
#4109 = EDGE_LOOP('',(#4110,#4118,#4119,#4127));
#4110 = ORIENTED_EDGE('',*,*,#4111,.F.);
#4111 = EDGE_CURVE('',#3659,#4112,#4114,.T.);
#4112 = VERTEX_POINT('',#4113);
#4113 = CARTESIAN_POINT('',(-1.95,-0.43,1.025));
#4114 = LINE('',#4115,#4116);
#4115 = CARTESIAN_POINT('',(-1.95,-0.43,0.786976568901));
#4116 = VECTOR('',#4117,1.);
#4117 = DIRECTION('',(0.,0.,1.));
#4118 = ORIENTED_EDGE('',*,*,#3658,.T.);
#4119 = ORIENTED_EDGE('',*,*,#4120,.T.);
#4120 = EDGE_CURVE('',#3651,#4121,#4123,.T.);
#4121 = VERTEX_POINT('',#4122);
#4122 = CARTESIAN_POINT('',(-1.95,0.43,1.025));
#4123 = LINE('',#4124,#4125);
#4124 = CARTESIAN_POINT('',(-1.95,0.43,0.786976568901));
#4125 = VECTOR('',#4126,1.);
#4126 = DIRECTION('',(0.,0.,1.));
#4127 = ORIENTED_EDGE('',*,*,#4128,.F.);
#4128 = EDGE_CURVE('',#4112,#4121,#4129,.T.);
#4129 = LINE('',#4130,#4131);
#4130 = CARTESIAN_POINT('',(-1.95,-2.275,1.025));
#4131 = VECTOR('',#4132,1.);
#4132 = DIRECTION('',(-1.110223024625E-16,1.,0.));
#4133 = PLANE('',#4134);
#4134 = AXIS2_PLACEMENT_3D('',#4135,#4136,#4137);
#4135 = CARTESIAN_POINT('',(-1.95,-2.275,1.025));
#4136 = DIRECTION('',(1.,1.110223024625E-16,0.));
#4137 = DIRECTION('',(-1.110223024625E-16,1.,0.));
#4138 = ADVANCED_FACE('',(#4139),#4164,.F.);
#4139 = FACE_BOUND('',#4140,.F.);
#4140 = EDGE_LOOP('',(#4141,#4149,#4150,#4158));
#4141 = ORIENTED_EDGE('',*,*,#4142,.F.);
#4142 = EDGE_CURVE('',#3651,#4143,#4145,.T.);
#4143 = VERTEX_POINT('',#4144);
#4144 = CARTESIAN_POINT('',(-2.25,0.43,0.825));
#4145 = LINE('',#4146,#4147);
#4146 = CARTESIAN_POINT('',(-1.8,0.43,0.825));
#4147 = VECTOR('',#4148,1.);
#4148 = DIRECTION('',(-1.,1.144237745222E-17,0.));
#4149 = ORIENTED_EDGE('',*,*,#3650,.T.);
#4150 = ORIENTED_EDGE('',*,*,#4151,.T.);
#4151 = EDGE_CURVE('',#3643,#4152,#4154,.T.);
#4152 = VERTEX_POINT('',#4153);
#4153 = CARTESIAN_POINT('',(-2.25,0.84,0.825));
#4154 = LINE('',#4155,#4156);
#4155 = CARTESIAN_POINT('',(-1.8,0.84,0.825));
#4156 = VECTOR('',#4157,1.);
#4157 = DIRECTION('',(-1.,1.144237745222E-17,0.));
#4158 = ORIENTED_EDGE('',*,*,#4159,.F.);
#4159 = EDGE_CURVE('',#4143,#4152,#4160,.T.);
#4160 = LINE('',#4161,#4162);
#4161 = CARTESIAN_POINT('',(-2.25,0.43,0.825));
#4162 = VECTOR('',#4163,1.);
#4163 = DIRECTION('',(1.144237745222E-17,1.,0.));
#4164 = PLANE('',#4165);
#4165 = AXIS2_PLACEMENT_3D('',#4166,#4167,#4168);
#4166 = CARTESIAN_POINT('',(-1.8,0.43,0.825));
#4167 = DIRECTION('',(0.,0.,1.));
#4168 = DIRECTION('',(-1.,1.144237745222E-17,0.));
#4169 = ADVANCED_FACE('',(#4170),#4195,.F.);
#4170 = FACE_BOUND('',#4171,.F.);
#4171 = EDGE_LOOP('',(#4172,#4180,#4181,#4189));
#4172 = ORIENTED_EDGE('',*,*,#4173,.F.);
#4173 = EDGE_CURVE('',#3643,#4174,#4176,.T.);
#4174 = VERTEX_POINT('',#4175);
#4175 = CARTESIAN_POINT('',(-1.95,0.84,1.025));
#4176 = LINE('',#4177,#4178);
#4177 = CARTESIAN_POINT('',(-1.95,0.84,0.786976568901));
#4178 = VECTOR('',#4179,1.);
#4179 = DIRECTION('',(0.,0.,1.));
#4180 = ORIENTED_EDGE('',*,*,#3642,.T.);
#4181 = ORIENTED_EDGE('',*,*,#4182,.T.);
#4182 = EDGE_CURVE('',#3635,#4183,#4185,.T.);
#4183 = VERTEX_POINT('',#4184);
#4184 = CARTESIAN_POINT('',(-1.95,1.7,1.025));
#4185 = LINE('',#4186,#4187);
#4186 = CARTESIAN_POINT('',(-1.95,1.7,0.786976568901));
#4187 = VECTOR('',#4188,1.);
#4188 = DIRECTION('',(0.,0.,1.));
#4189 = ORIENTED_EDGE('',*,*,#4190,.F.);
#4190 = EDGE_CURVE('',#4174,#4183,#4191,.T.);
#4191 = LINE('',#4192,#4193);
#4192 = CARTESIAN_POINT('',(-1.95,-2.275,1.025));
#4193 = VECTOR('',#4194,1.);
#4194 = DIRECTION('',(-1.110223024625E-16,1.,0.));
#4195 = PLANE('',#4196);
#4196 = AXIS2_PLACEMENT_3D('',#4197,#4198,#4199);
#4197 = CARTESIAN_POINT('',(-1.95,-2.275,1.025));
#4198 = DIRECTION('',(1.,1.110223024625E-16,0.));
#4199 = DIRECTION('',(-1.110223024625E-16,1.,0.));
#4200 = ADVANCED_FACE('',(#4201),#4226,.F.);
#4201 = FACE_BOUND('',#4202,.F.);
#4202 = EDGE_LOOP('',(#4203,#4211,#4212,#4220));
#4203 = ORIENTED_EDGE('',*,*,#4204,.F.);
#4204 = EDGE_CURVE('',#3635,#4205,#4207,.T.);
#4205 = VERTEX_POINT('',#4206);
#4206 = CARTESIAN_POINT('',(-2.25,1.7,0.825));
#4207 = LINE('',#4208,#4209);
#4208 = CARTESIAN_POINT('',(-1.8,1.7,0.825));
#4209 = VECTOR('',#4210,1.);
#4210 = DIRECTION('',(-1.,1.144237745222E-17,0.));
#4211 = ORIENTED_EDGE('',*,*,#3634,.T.);
#4212 = ORIENTED_EDGE('',*,*,#4213,.T.);
#4213 = EDGE_CURVE('',#3627,#4214,#4216,.T.);
#4214 = VERTEX_POINT('',#4215);
#4215 = CARTESIAN_POINT('',(-2.25,2.11,0.825));
#4216 = LINE('',#4217,#4218);
#4217 = CARTESIAN_POINT('',(-1.8,2.11,0.825));
#4218 = VECTOR('',#4219,1.);
#4219 = DIRECTION('',(-1.,1.144237745222E-17,0.));
#4220 = ORIENTED_EDGE('',*,*,#4221,.F.);
#4221 = EDGE_CURVE('',#4205,#4214,#4222,.T.);
#4222 = LINE('',#4223,#4224);
#4223 = CARTESIAN_POINT('',(-2.25,1.7,0.825));
#4224 = VECTOR('',#4225,1.);
#4225 = DIRECTION('',(1.144237745222E-17,1.,0.));
#4226 = PLANE('',#4227);
#4227 = AXIS2_PLACEMENT_3D('',#4228,#4229,#4230);
#4228 = CARTESIAN_POINT('',(-1.8,1.7,0.825));
#4229 = DIRECTION('',(0.,0.,1.));
#4230 = DIRECTION('',(-1.,1.144237745222E-17,0.));
#4231 = ADVANCED_FACE('',(#4232),#4243,.F.);
#4232 = FACE_BOUND('',#4233,.F.);
#4233 = EDGE_LOOP('',(#4234,#4240,#4241,#4242));
#4234 = ORIENTED_EDGE('',*,*,#4235,.F.);
#4235 = EDGE_CURVE('',#3627,#3951,#4236,.T.);
#4236 = LINE('',#4237,#4238);
#4237 = CARTESIAN_POINT('',(-1.95,2.11,0.786976568901));
#4238 = VECTOR('',#4239,1.);
#4239 = DIRECTION('',(0.,0.,1.));
#4240 = ORIENTED_EDGE('',*,*,#3626,.T.);
#4241 = ORIENTED_EDGE('',*,*,#3975,.T.);
#4242 = ORIENTED_EDGE('',*,*,#3958,.F.);
#4243 = PLANE('',#4244);
#4244 = AXIS2_PLACEMENT_3D('',#4245,#4246,#4247);
#4245 = CARTESIAN_POINT('',(-1.95,-2.275,1.025));
#4246 = DIRECTION('',(1.,1.110223024625E-16,0.));
#4247 = DIRECTION('',(-1.110223024625E-16,1.,0.));
#4248 = ADVANCED_FACE('',(#4249),#4260,.F.);
#4249 = FACE_BOUND('',#4250,.F.);
#4250 = EDGE_LOOP('',(#4251,#4252,#4253,#4259));
#4251 = ORIENTED_EDGE('',*,*,#3862,.F.);
#4252 = ORIENTED_EDGE('',*,*,#3783,.T.);
#4253 = ORIENTED_EDGE('',*,*,#4254,.T.);
#4254 = EDGE_CURVE('',#3776,#3895,#4255,.T.);
#4255 = LINE('',#4256,#4257);
#4256 = CARTESIAN_POINT('',(1.95,2.11,0.786976568901));
#4257 = VECTOR('',#4258,1.);
#4258 = DIRECTION('',(0.,0.,1.));
#4259 = ORIENTED_EDGE('',*,*,#3894,.F.);
#4260 = PLANE('',#4261);
#4261 = AXIS2_PLACEMENT_3D('',#4262,#4263,#4264);
#4262 = CARTESIAN_POINT('',(1.95,2.275,1.025));
#4263 = DIRECTION('',(-1.,-1.110223024625E-16,0.));
#4264 = DIRECTION('',(1.110223024625E-16,-1.,0.));
#4265 = ADVANCED_FACE('',(#4266),#4291,.F.);
#4266 = FACE_BOUND('',#4267,.F.);
#4267 = EDGE_LOOP('',(#4268,#4276,#4277,#4285));
#4268 = ORIENTED_EDGE('',*,*,#4269,.F.);
#4269 = EDGE_CURVE('',#3776,#4270,#4272,.T.);
#4270 = VERTEX_POINT('',#4271);
#4271 = CARTESIAN_POINT('',(2.25,2.11,0.825));
#4272 = LINE('',#4273,#4274);
#4273 = CARTESIAN_POINT('',(1.8,2.11,0.825));
#4274 = VECTOR('',#4275,1.);
#4275 = DIRECTION('',(1.,1.110223024625E-16,0.));
#4276 = ORIENTED_EDGE('',*,*,#3775,.T.);
#4277 = ORIENTED_EDGE('',*,*,#4278,.T.);
#4278 = EDGE_CURVE('',#3768,#4279,#4281,.T.);
#4279 = VERTEX_POINT('',#4280);
#4280 = CARTESIAN_POINT('',(2.25,1.7,0.825));
#4281 = LINE('',#4282,#4283);
#4282 = CARTESIAN_POINT('',(1.8,1.7,0.825));
#4283 = VECTOR('',#4284,1.);
#4284 = DIRECTION('',(1.,1.110223024625E-16,0.));
#4285 = ORIENTED_EDGE('',*,*,#4286,.F.);
#4286 = EDGE_CURVE('',#4270,#4279,#4287,.T.);
#4287 = LINE('',#4288,#4289);
#4288 = CARTESIAN_POINT('',(2.25,2.11,0.825));
#4289 = VECTOR('',#4290,1.);
#4290 = DIRECTION('',(1.110223024625E-16,-1.,0.));
#4291 = PLANE('',#4292);
#4292 = AXIS2_PLACEMENT_3D('',#4293,#4294,#4295);
#4293 = CARTESIAN_POINT('',(1.8,2.11,0.825));
#4294 = DIRECTION('',(0.,0.,1.));
#4295 = DIRECTION('',(1.,1.110223024625E-16,-0.));
#4296 = ADVANCED_FACE('',(#4297),#4322,.F.);
#4297 = FACE_BOUND('',#4298,.F.);
#4298 = EDGE_LOOP('',(#4299,#4307,#4308,#4316));
#4299 = ORIENTED_EDGE('',*,*,#4300,.F.);
#4300 = EDGE_CURVE('',#3768,#4301,#4303,.T.);
#4301 = VERTEX_POINT('',#4302);
#4302 = CARTESIAN_POINT('',(1.95,1.7,1.025));
#4303 = LINE('',#4304,#4305);
#4304 = CARTESIAN_POINT('',(1.95,1.7,0.786976568901));
#4305 = VECTOR('',#4306,1.);
#4306 = DIRECTION('',(0.,0.,1.));
#4307 = ORIENTED_EDGE('',*,*,#3767,.T.);
#4308 = ORIENTED_EDGE('',*,*,#4309,.T.);
#4309 = EDGE_CURVE('',#3760,#4310,#4312,.T.);
#4310 = VERTEX_POINT('',#4311);
#4311 = CARTESIAN_POINT('',(1.95,0.84,1.025));
#4312 = LINE('',#4313,#4314);
#4313 = CARTESIAN_POINT('',(1.95,0.84,0.786976568901));
#4314 = VECTOR('',#4315,1.);
#4315 = DIRECTION('',(0.,0.,1.));
#4316 = ORIENTED_EDGE('',*,*,#4317,.F.);
#4317 = EDGE_CURVE('',#4301,#4310,#4318,.T.);
#4318 = LINE('',#4319,#4320);
#4319 = CARTESIAN_POINT('',(1.95,2.275,1.025));
#4320 = VECTOR('',#4321,1.);
#4321 = DIRECTION('',(1.110223024625E-16,-1.,0.));
#4322 = PLANE('',#4323);
#4323 = AXIS2_PLACEMENT_3D('',#4324,#4325,#4326);
#4324 = CARTESIAN_POINT('',(1.95,2.275,1.025));
#4325 = DIRECTION('',(-1.,-1.110223024625E-16,0.));
#4326 = DIRECTION('',(1.110223024625E-16,-1.,0.));
#4327 = ADVANCED_FACE('',(#4328),#4353,.F.);
#4328 = FACE_BOUND('',#4329,.F.);
#4329 = EDGE_LOOP('',(#4330,#4338,#4339,#4347));
#4330 = ORIENTED_EDGE('',*,*,#4331,.F.);
#4331 = EDGE_CURVE('',#3760,#4332,#4334,.T.);
#4332 = VERTEX_POINT('',#4333);
#4333 = CARTESIAN_POINT('',(2.25,0.84,0.825));
#4334 = LINE('',#4335,#4336);
#4335 = CARTESIAN_POINT('',(1.8,0.84,0.825));
#4336 = VECTOR('',#4337,1.);
#4337 = DIRECTION('',(1.,1.110223024625E-16,0.));
#4338 = ORIENTED_EDGE('',*,*,#3759,.T.);
#4339 = ORIENTED_EDGE('',*,*,#4340,.T.);
#4340 = EDGE_CURVE('',#3752,#4341,#4343,.T.);
#4341 = VERTEX_POINT('',#4342);
#4342 = CARTESIAN_POINT('',(2.25,0.43,0.825));
#4343 = LINE('',#4344,#4345);
#4344 = CARTESIAN_POINT('',(1.8,0.43,0.825));
#4345 = VECTOR('',#4346,1.);
#4346 = DIRECTION('',(1.,1.110223024625E-16,0.));
#4347 = ORIENTED_EDGE('',*,*,#4348,.F.);
#4348 = EDGE_CURVE('',#4332,#4341,#4349,.T.);
#4349 = LINE('',#4350,#4351);
#4350 = CARTESIAN_POINT('',(2.25,0.84,0.825));
#4351 = VECTOR('',#4352,1.);
#4352 = DIRECTION('',(1.110223024625E-16,-1.,0.));
#4353 = PLANE('',#4354);
#4354 = AXIS2_PLACEMENT_3D('',#4355,#4356,#4357);
#4355 = CARTESIAN_POINT('',(1.8,0.84,0.825));
#4356 = DIRECTION('',(0.,0.,1.));
#4357 = DIRECTION('',(1.,1.110223024625E-16,-0.));
#4358 = ADVANCED_FACE('',(#4359),#4384,.F.);
#4359 = FACE_BOUND('',#4360,.F.);
#4360 = EDGE_LOOP('',(#4361,#4369,#4370,#4378));
#4361 = ORIENTED_EDGE('',*,*,#4362,.F.);
#4362 = EDGE_CURVE('',#3752,#4363,#4365,.T.);
#4363 = VERTEX_POINT('',#4364);
#4364 = CARTESIAN_POINT('',(1.95,0.43,1.025));
#4365 = LINE('',#4366,#4367);
#4366 = CARTESIAN_POINT('',(1.95,0.43,0.786976568901));
#4367 = VECTOR('',#4368,1.);
#4368 = DIRECTION('',(0.,0.,1.));
#4369 = ORIENTED_EDGE('',*,*,#3751,.T.);
#4370 = ORIENTED_EDGE('',*,*,#4371,.T.);
#4371 = EDGE_CURVE('',#3744,#4372,#4374,.T.);
#4372 = VERTEX_POINT('',#4373);
#4373 = CARTESIAN_POINT('',(1.95,-0.43,1.025));
#4374 = LINE('',#4375,#4376);
#4375 = CARTESIAN_POINT('',(1.95,-0.43,0.786976568901));
#4376 = VECTOR('',#4377,1.);
#4377 = DIRECTION('',(0.,0.,1.));
#4378 = ORIENTED_EDGE('',*,*,#4379,.F.);
#4379 = EDGE_CURVE('',#4363,#4372,#4380,.T.);
#4380 = LINE('',#4381,#4382);
#4381 = CARTESIAN_POINT('',(1.95,2.275,1.025));
#4382 = VECTOR('',#4383,1.);
#4383 = DIRECTION('',(1.110223024625E-16,-1.,0.));
#4384 = PLANE('',#4385);
#4385 = AXIS2_PLACEMENT_3D('',#4386,#4387,#4388);
#4386 = CARTESIAN_POINT('',(1.95,2.275,1.025));
#4387 = DIRECTION('',(-1.,-1.110223024625E-16,0.));
#4388 = DIRECTION('',(1.110223024625E-16,-1.,0.));
#4389 = ADVANCED_FACE('',(#4390),#4415,.F.);
#4390 = FACE_BOUND('',#4391,.F.);
#4391 = EDGE_LOOP('',(#4392,#4400,#4401,#4409));
#4392 = ORIENTED_EDGE('',*,*,#4393,.F.);
#4393 = EDGE_CURVE('',#3744,#4394,#4396,.T.);
#4394 = VERTEX_POINT('',#4395);
#4395 = CARTESIAN_POINT('',(2.25,-0.43,0.825));
#4396 = LINE('',#4397,#4398);
#4397 = CARTESIAN_POINT('',(1.8,-0.43,0.825));
#4398 = VECTOR('',#4399,1.);
#4399 = DIRECTION('',(1.,1.110223024625E-16,0.));
#4400 = ORIENTED_EDGE('',*,*,#3743,.T.);
#4401 = ORIENTED_EDGE('',*,*,#4402,.T.);
#4402 = EDGE_CURVE('',#3736,#4403,#4405,.T.);
#4403 = VERTEX_POINT('',#4404);
#4404 = CARTESIAN_POINT('',(2.25,-0.84,0.825));
#4405 = LINE('',#4406,#4407);
#4406 = CARTESIAN_POINT('',(1.8,-0.84,0.825));
#4407 = VECTOR('',#4408,1.);
#4408 = DIRECTION('',(1.,1.110223024625E-16,0.));
#4409 = ORIENTED_EDGE('',*,*,#4410,.F.);
#4410 = EDGE_CURVE('',#4394,#4403,#4411,.T.);
#4411 = LINE('',#4412,#4413);
#4412 = CARTESIAN_POINT('',(2.25,-0.43,0.825));
#4413 = VECTOR('',#4414,1.);
#4414 = DIRECTION('',(1.110223024625E-16,-1.,0.));
#4415 = PLANE('',#4416);
#4416 = AXIS2_PLACEMENT_3D('',#4417,#4418,#4419);
#4417 = CARTESIAN_POINT('',(1.8,-0.43,0.825));
#4418 = DIRECTION('',(0.,0.,1.));
#4419 = DIRECTION('',(1.,1.110223024625E-16,-0.));
#4420 = ADVANCED_FACE('',(#4421),#4446,.F.);
#4421 = FACE_BOUND('',#4422,.F.);
#4422 = EDGE_LOOP('',(#4423,#4431,#4432,#4440));
#4423 = ORIENTED_EDGE('',*,*,#4424,.F.);
#4424 = EDGE_CURVE('',#3736,#4425,#4427,.T.);
#4425 = VERTEX_POINT('',#4426);
#4426 = CARTESIAN_POINT('',(1.95,-0.84,1.025));
#4427 = LINE('',#4428,#4429);
#4428 = CARTESIAN_POINT('',(1.95,-0.84,0.786976568901));
#4429 = VECTOR('',#4430,1.);
#4430 = DIRECTION('',(0.,0.,1.));
#4431 = ORIENTED_EDGE('',*,*,#3735,.T.);
#4432 = ORIENTED_EDGE('',*,*,#4433,.T.);
#4433 = EDGE_CURVE('',#3728,#4434,#4436,.T.);
#4434 = VERTEX_POINT('',#4435);
#4435 = CARTESIAN_POINT('',(1.95,-1.7,1.025));
#4436 = LINE('',#4437,#4438);
#4437 = CARTESIAN_POINT('',(1.95,-1.7,0.786976568901));
#4438 = VECTOR('',#4439,1.);
#4439 = DIRECTION('',(0.,0.,1.));
#4440 = ORIENTED_EDGE('',*,*,#4441,.F.);
#4441 = EDGE_CURVE('',#4425,#4434,#4442,.T.);
#4442 = LINE('',#4443,#4444);
#4443 = CARTESIAN_POINT('',(1.95,2.275,1.025));
#4444 = VECTOR('',#4445,1.);
#4445 = DIRECTION('',(1.110223024625E-16,-1.,0.));
#4446 = PLANE('',#4447);
#4447 = AXIS2_PLACEMENT_3D('',#4448,#4449,#4450);
#4448 = CARTESIAN_POINT('',(1.95,2.275,1.025));
#4449 = DIRECTION('',(-1.,-1.110223024625E-16,0.));
#4450 = DIRECTION('',(1.110223024625E-16,-1.,0.));
#4451 = ADVANCED_FACE('',(#4452),#4477,.F.);
#4452 = FACE_BOUND('',#4453,.F.);
#4453 = EDGE_LOOP('',(#4454,#4462,#4463,#4471));
#4454 = ORIENTED_EDGE('',*,*,#4455,.F.);
#4455 = EDGE_CURVE('',#3728,#4456,#4458,.T.);
#4456 = VERTEX_POINT('',#4457);
#4457 = CARTESIAN_POINT('',(2.25,-1.7,0.825));
#4458 = LINE('',#4459,#4460);
#4459 = CARTESIAN_POINT('',(1.8,-1.7,0.825));
#4460 = VECTOR('',#4461,1.);
#4461 = DIRECTION('',(1.,1.110223024625E-16,0.));
#4462 = ORIENTED_EDGE('',*,*,#3727,.T.);
#4463 = ORIENTED_EDGE('',*,*,#4464,.T.);
#4464 = EDGE_CURVE('',#3720,#4465,#4467,.T.);
#4465 = VERTEX_POINT('',#4466);
#4466 = CARTESIAN_POINT('',(2.25,-2.11,0.825));
#4467 = LINE('',#4468,#4469);
#4468 = CARTESIAN_POINT('',(1.8,-2.11,0.825));
#4469 = VECTOR('',#4470,1.);
#4470 = DIRECTION('',(1.,1.110223024625E-16,0.));
#4471 = ORIENTED_EDGE('',*,*,#4472,.F.);
#4472 = EDGE_CURVE('',#4456,#4465,#4473,.T.);
#4473 = LINE('',#4474,#4475);
#4474 = CARTESIAN_POINT('',(2.25,-1.7,0.825));
#4475 = VECTOR('',#4476,1.);
#4476 = DIRECTION('',(1.110223024625E-16,-1.,0.));
#4477 = PLANE('',#4478);
#4478 = AXIS2_PLACEMENT_3D('',#4479,#4480,#4481);
#4479 = CARTESIAN_POINT('',(1.8,-1.7,0.825));
#4480 = DIRECTION('',(0.,0.,1.));
#4481 = DIRECTION('',(1.,1.110223024625E-16,-0.));
#4482 = ADVANCED_FACE('',(#4483),#4507,.F.);
#4483 = FACE_BOUND('',#4484,.F.);
#4484 = EDGE_LOOP('',(#4485,#4493,#4494,#4501));
#4485 = ORIENTED_EDGE('',*,*,#4486,.F.);
#4486 = EDGE_CURVE('',#3720,#4487,#4489,.T.);
#4487 = VERTEX_POINT('',#4488);
#4488 = CARTESIAN_POINT('',(1.95,-2.11,1.025));
#4489 = LINE('',#4490,#4491);
#4490 = CARTESIAN_POINT('',(1.95,-2.11,0.786976568901));
#4491 = VECTOR('',#4492,1.);
#4492 = DIRECTION('',(0.,0.,1.));
#4493 = ORIENTED_EDGE('',*,*,#3719,.T.);
#4494 = ORIENTED_EDGE('',*,*,#4495,.T.);
#4495 = EDGE_CURVE('',#3713,#4496,#4498,.T.);
#4496 = VERTEX_POINT('',#4497);
#4497 = CARTESIAN_POINT('',(1.95,-2.275,1.025));
#4498 = B_SPLINE_CURVE_WITH_KNOTS('',1,(#4499,#4500),.UNSPECIFIED.,.F.,
  .F.,(2,2),(0.,1.),.PIECEWISE_BEZIER_KNOTS.);
#4499 = CARTESIAN_POINT('',(1.95,-2.275,0.825));
#4500 = CARTESIAN_POINT('',(1.95,-2.275,1.025));
#4501 = ORIENTED_EDGE('',*,*,#4502,.F.);
#4502 = EDGE_CURVE('',#4487,#4496,#4503,.T.);
#4503 = LINE('',#4504,#4505);
#4504 = CARTESIAN_POINT('',(1.95,2.275,1.025));
#4505 = VECTOR('',#4506,1.);
#4506 = DIRECTION('',(1.110223024625E-16,-1.,0.));
#4507 = PLANE('',#4508);
#4508 = AXIS2_PLACEMENT_3D('',#4509,#4510,#4511);
#4509 = CARTESIAN_POINT('',(1.95,2.275,1.025));
#4510 = DIRECTION('',(-1.,-1.110223024625E-16,0.));
#4511 = DIRECTION('',(1.110223024625E-16,-1.,0.));
#4512 = ADVANCED_FACE('',(#4513),#4530,.F.);
#4513 = FACE_BOUND('',#4514,.F.);
#4514 = EDGE_LOOP('',(#4515,#4516,#4517,#4525));
#4515 = ORIENTED_EDGE('',*,*,#3800,.T.);
#4516 = ORIENTED_EDGE('',*,*,#3988,.T.);
#4517 = ORIENTED_EDGE('',*,*,#4518,.F.);
#4518 = EDGE_CURVE('',#4519,#3989,#4521,.T.);
#4519 = VERTEX_POINT('',#4520);
#4520 = CARTESIAN_POINT('',(-1.775,-2.45,1.025));
#4521 = LINE('',#4522,#4523);
#4522 = CARTESIAN_POINT('',(-1.775,-2.45,1.025));
#4523 = VECTOR('',#4524,1.);
#4524 = DIRECTION('',(-0.707106781187,0.707106781187,0.));
#4525 = ORIENTED_EDGE('',*,*,#4526,.F.);
#4526 = EDGE_CURVE('',#3801,#4519,#4527,.T.);
#4527 = B_SPLINE_CURVE_WITH_KNOTS('',1,(#4528,#4529),.UNSPECIFIED.,.F.,
  .F.,(2,2),(0.,1.),.PIECEWISE_BEZIER_KNOTS.);
#4528 = CARTESIAN_POINT('',(-1.775,-2.45,0.825));
#4529 = CARTESIAN_POINT('',(-1.775,-2.45,1.025));
#4530 = PLANE('',#4531);
#4531 = AXIS2_PLACEMENT_3D('',#4532,#4533,#4534);
#4532 = CARTESIAN_POINT('',(-1.775,-2.45,1.025));
#4533 = DIRECTION('',(0.707106781187,0.707106781187,0.));
#4534 = DIRECTION('',(-0.707106781187,0.707106781187,0.));
#4535 = ADVANCED_FACE('',(#4536),#4553,.F.);
#4536 = FACE_BOUND('',#4537,.F.);
#4537 = EDGE_LOOP('',(#4538,#4539,#4546,#4552));
#4538 = ORIENTED_EDGE('',*,*,#3829,.T.);
#4539 = ORIENTED_EDGE('',*,*,#4540,.T.);
#4540 = EDGE_CURVE('',#3823,#4541,#4543,.T.);
#4541 = VERTEX_POINT('',#4542);
#4542 = CARTESIAN_POINT('',(1.775,-2.45,1.025));
#4543 = B_SPLINE_CURVE_WITH_KNOTS('',1,(#4544,#4545),.UNSPECIFIED.,.F.,
  .F.,(2,2),(0.,1.),.PIECEWISE_BEZIER_KNOTS.);
#4544 = CARTESIAN_POINT('',(1.775,-2.45,0.825));
#4545 = CARTESIAN_POINT('',(1.775,-2.45,1.025));
#4546 = ORIENTED_EDGE('',*,*,#4547,.F.);
#4547 = EDGE_CURVE('',#4496,#4541,#4548,.T.);
#4548 = LINE('',#4549,#4550);
#4549 = CARTESIAN_POINT('',(1.95,-2.275,1.025));
#4550 = VECTOR('',#4551,1.);
#4551 = DIRECTION('',(-0.707106781187,-0.707106781187,0.));
#4552 = ORIENTED_EDGE('',*,*,#4495,.F.);
#4553 = PLANE('',#4554);
#4554 = AXIS2_PLACEMENT_3D('',#4555,#4556,#4557);
#4555 = CARTESIAN_POINT('',(1.95,-2.275,1.025));
#4556 = DIRECTION('',(-0.707106781187,0.707106781187,0.));
#4557 = DIRECTION('',(-0.707106781187,-0.707106781187,0.));
#4558 = ADVANCED_FACE('',(#4559),#4570,.F.);
#4559 = FACE_BOUND('',#4560,.F.);
#4560 = EDGE_LOOP('',(#4561,#4562,#4563,#4569));
#4561 = ORIENTED_EDGE('',*,*,#3846,.T.);
#4562 = ORIENTED_EDGE('',*,*,#4526,.T.);
#4563 = ORIENTED_EDGE('',*,*,#4564,.F.);
#4564 = EDGE_CURVE('',#4541,#4519,#4565,.T.);
#4565 = LINE('',#4566,#4567);
#4566 = CARTESIAN_POINT('',(1.775,-2.45,1.025));
#4567 = VECTOR('',#4568,1.);
#4568 = DIRECTION('',(-1.,-1.110223024625E-16,0.));
#4569 = ORIENTED_EDGE('',*,*,#4540,.F.);
#4570 = PLANE('',#4571);
#4571 = AXIS2_PLACEMENT_3D('',#4572,#4573,#4574);
#4572 = CARTESIAN_POINT('',(1.775,-2.45,1.025));
#4573 = DIRECTION('',(-1.110223024625E-16,1.,0.));
#4574 = DIRECTION('',(-1.,-1.110223024625E-16,0.));
#4575 = ADVANCED_FACE('',(#4576),#4615,.F.);
#4576 = FACE_BOUND('',#4577,.F.);
#4577 = EDGE_LOOP('',(#4578,#4586,#4594,#4600,#4601,#4609));
#4578 = ORIENTED_EDGE('',*,*,#4579,.F.);
#4579 = EDGE_CURVE('',#4580,#4183,#4582,.T.);
#4580 = VERTEX_POINT('',#4581);
#4581 = CARTESIAN_POINT('',(-2.25,1.7,1.025));
#4582 = LINE('',#4583,#4584);
#4583 = CARTESIAN_POINT('',(-2.25,1.7,1.025));
#4584 = VECTOR('',#4585,1.);
#4585 = DIRECTION('',(1.,-1.144237745222E-17,0.));
#4586 = ORIENTED_EDGE('',*,*,#4587,.T.);
#4587 = EDGE_CURVE('',#4580,#4588,#4590,.T.);
#4588 = VERTEX_POINT('',#4589);
#4589 = CARTESIAN_POINT('',(-2.25,2.11,1.025));
#4590 = LINE('',#4591,#4592);
#4591 = CARTESIAN_POINT('',(-2.25,1.7,1.025));
#4592 = VECTOR('',#4593,1.);
#4593 = DIRECTION('',(1.144237745222E-17,1.,0.));
#4594 = ORIENTED_EDGE('',*,*,#4595,.T.);
#4595 = EDGE_CURVE('',#4588,#3951,#4596,.T.);
#4596 = LINE('',#4597,#4598);
#4597 = CARTESIAN_POINT('',(-2.25,2.11,1.025));
#4598 = VECTOR('',#4599,1.);
#4599 = DIRECTION('',(1.,-1.144237745222E-17,0.));
#4600 = ORIENTED_EDGE('',*,*,#3950,.T.);
#4601 = ORIENTED_EDGE('',*,*,#4602,.F.);
#4602 = EDGE_CURVE('',#4603,#3943,#4605,.T.);
#4603 = VERTEX_POINT('',#4604);
#4604 = CARTESIAN_POINT('',(-1.875,1.7,1.025));
#4605 = LINE('',#4606,#4607);
#4606 = CARTESIAN_POINT('',(-1.875,-2.2375,1.025));
#4607 = VECTOR('',#4608,1.);
#4608 = DIRECTION('',(-1.110223024625E-16,1.,0.));
#4609 = ORIENTED_EDGE('',*,*,#4610,.F.);
#4610 = EDGE_CURVE('',#4183,#4603,#4611,.T.);
#4611 = LINE('',#4612,#4613);
#4612 = CARTESIAN_POINT('',(-2.25,1.7,1.025));
#4613 = VECTOR('',#4614,1.);
#4614 = DIRECTION('',(1.,-1.144237745222E-17,0.));
#4615 = PLANE('',#4616);
#4616 = AXIS2_PLACEMENT_3D('',#4617,#4618,#4619);
#4617 = CARTESIAN_POINT('',(-2.25,1.7,1.025));
#4618 = DIRECTION('',(0.,0.,-1.));
#4619 = DIRECTION('',(1.,-1.144237745222E-17,0.));
#4620 = ADVANCED_FACE('',(#4621),#4701,.F.);
#4621 = FACE_BOUND('',#4622,.F.);
#4622 = EDGE_LOOP('',(#4623,#4633,#4641,#4649,#4657,#4665,#4673,#4679,
    #4680,#4681,#4688,#4696));
#4623 = ORIENTED_EDGE('',*,*,#4624,.T.);
#4624 = EDGE_CURVE('',#4625,#4627,#4629,.T.);
#4625 = VERTEX_POINT('',#4626);
#4626 = CARTESIAN_POINT('',(-1.875,-2.2375,1.025));
#4627 = VERTEX_POINT('',#4628);
#4628 = CARTESIAN_POINT('',(-1.875,-2.11,1.025));
#4629 = LINE('',#4630,#4631);
#4630 = CARTESIAN_POINT('',(-1.875,-2.2375,1.025));
#4631 = VECTOR('',#4632,1.);
#4632 = DIRECTION('',(-1.110223024625E-16,1.,0.));
#4633 = ORIENTED_EDGE('',*,*,#4634,.T.);
#4634 = EDGE_CURVE('',#4627,#4635,#4637,.T.);
#4635 = VERTEX_POINT('',#4636);
#4636 = CARTESIAN_POINT('',(-1.875,-1.7,1.025));
#4637 = LINE('',#4638,#4639);
#4638 = CARTESIAN_POINT('',(-1.875,-2.2375,1.025));
#4639 = VECTOR('',#4640,1.);
#4640 = DIRECTION('',(-1.110223024625E-16,1.,0.));
#4641 = ORIENTED_EDGE('',*,*,#4642,.T.);
#4642 = EDGE_CURVE('',#4635,#4643,#4645,.T.);
#4643 = VERTEX_POINT('',#4644);
#4644 = CARTESIAN_POINT('',(-1.875,-0.84,1.025));
#4645 = LINE('',#4646,#4647);
#4646 = CARTESIAN_POINT('',(-1.875,-2.2375,1.025));
#4647 = VECTOR('',#4648,1.);
#4648 = DIRECTION('',(-1.110223024625E-16,1.,0.));
#4649 = ORIENTED_EDGE('',*,*,#4650,.T.);
#4650 = EDGE_CURVE('',#4643,#4651,#4653,.T.);
#4651 = VERTEX_POINT('',#4652);
#4652 = CARTESIAN_POINT('',(-1.875,-0.43,1.025));
#4653 = LINE('',#4654,#4655);
#4654 = CARTESIAN_POINT('',(-1.875,-2.2375,1.025));
#4655 = VECTOR('',#4656,1.);
#4656 = DIRECTION('',(-1.110223024625E-16,1.,0.));
#4657 = ORIENTED_EDGE('',*,*,#4658,.T.);
#4658 = EDGE_CURVE('',#4651,#4659,#4661,.T.);
#4659 = VERTEX_POINT('',#4660);
#4660 = CARTESIAN_POINT('',(-1.875,0.43,1.025));
#4661 = LINE('',#4662,#4663);
#4662 = CARTESIAN_POINT('',(-1.875,-2.2375,1.025));
#4663 = VECTOR('',#4664,1.);
#4664 = DIRECTION('',(-1.110223024625E-16,1.,0.));
#4665 = ORIENTED_EDGE('',*,*,#4666,.T.);
#4666 = EDGE_CURVE('',#4659,#4667,#4669,.T.);
#4667 = VERTEX_POINT('',#4668);
#4668 = CARTESIAN_POINT('',(-1.875,0.84,1.025));
#4669 = LINE('',#4670,#4671);
#4670 = CARTESIAN_POINT('',(-1.875,-2.2375,1.025));
#4671 = VECTOR('',#4672,1.);
#4672 = DIRECTION('',(-1.110223024625E-16,1.,0.));
#4673 = ORIENTED_EDGE('',*,*,#4674,.T.);
#4674 = EDGE_CURVE('',#4667,#4603,#4675,.T.);
#4675 = LINE('',#4676,#4677);
#4676 = CARTESIAN_POINT('',(-1.875,-2.2375,1.025));
#4677 = VECTOR('',#4678,1.);
#4678 = DIRECTION('',(-1.110223024625E-16,1.,0.));
#4679 = ORIENTED_EDGE('',*,*,#4602,.T.);
#4680 = ORIENTED_EDGE('',*,*,#3942,.T.);
#4681 = ORIENTED_EDGE('',*,*,#4682,.T.);
#4682 = EDGE_CURVE('',#3935,#4683,#4685,.T.);
#4683 = VERTEX_POINT('',#4684);
#4684 = CARTESIAN_POINT('',(-1.760171280765,2.180085640382,1.75));
#4685 = B_SPLINE_CURVE_WITH_KNOTS('',1,(#4686,#4687),.UNSPECIFIED.,.F.,
  .F.,(2,2),(0.,1.),.PIECEWISE_BEZIER_KNOTS.);
#4686 = CARTESIAN_POINT('',(-1.875,2.2375,1.025));
#4687 = CARTESIAN_POINT('',(-1.760171280765,2.180085640382,1.75));
#4688 = ORIENTED_EDGE('',*,*,#4689,.F.);
#4689 = EDGE_CURVE('',#4690,#4683,#4692,.T.);
#4690 = VERTEX_POINT('',#4691);
#4691 = CARTESIAN_POINT('',(-1.760171280765,-2.180085640382,1.75));
#4692 = LINE('',#4693,#4694);
#4693 = CARTESIAN_POINT('',(-1.760171280765,-2.180085640382,1.75));
#4694 = VECTOR('',#4695,1.);
#4695 = DIRECTION('',(-1.110223024625E-16,1.,0.));
#4696 = ORIENTED_EDGE('',*,*,#4697,.F.);
#4697 = EDGE_CURVE('',#4625,#4690,#4698,.T.);
#4698 = B_SPLINE_CURVE_WITH_KNOTS('',1,(#4699,#4700),.UNSPECIFIED.,.F.,
  .F.,(2,2),(0.,1.),.PIECEWISE_BEZIER_KNOTS.);
#4699 = CARTESIAN_POINT('',(-1.875,-2.2375,1.025));
#4700 = CARTESIAN_POINT('',(-1.760171280765,-2.180085640382,1.75));
#4701 = B_SPLINE_SURFACE_WITH_KNOTS('',1,1,(
    (#4702,#4703)
    ,(#4704,#4705
    )),.UNSPECIFIED.,.F.,.F.,.F.,(2,2),(2,2),(0.,4.475),(0.,1.),
  .PIECEWISE_BEZIER_KNOTS.);
#4702 = CARTESIAN_POINT('',(-1.875,-2.2375,1.025));
#4703 = CARTESIAN_POINT('',(-1.760171280765,-2.180085640382,1.75));
#4704 = CARTESIAN_POINT('',(-1.875,2.2375,1.025));
#4705 = CARTESIAN_POINT('',(-1.760171280765,2.180085640382,1.75));
#4706 = ADVANCED_FACE('',(#4707),#4724,.F.);
#4707 = FACE_BOUND('',#4708,.F.);
#4708 = EDGE_LOOP('',(#4709,#4710,#4717,#4723));
#4709 = ORIENTED_EDGE('',*,*,#3934,.T.);
#4710 = ORIENTED_EDGE('',*,*,#4711,.T.);
#4711 = EDGE_CURVE('',#3927,#4712,#4714,.T.);
#4712 = VERTEX_POINT('',#4713);
#4713 = CARTESIAN_POINT('',(-1.680085640382,2.260171280765,1.75));
#4714 = B_SPLINE_CURVE_WITH_KNOTS('',1,(#4715,#4716),.UNSPECIFIED.,.F.,
  .F.,(2,2),(0.,1.),.PIECEWISE_BEZIER_KNOTS.);
#4715 = CARTESIAN_POINT('',(-1.7375,2.375,1.025));
#4716 = CARTESIAN_POINT('',(-1.680085640382,2.260171280765,1.75));
#4717 = ORIENTED_EDGE('',*,*,#4718,.F.);
#4718 = EDGE_CURVE('',#4683,#4712,#4719,.T.);
#4719 = LINE('',#4720,#4721);
#4720 = CARTESIAN_POINT('',(-1.760171280765,2.180085640382,1.75));
#4721 = VECTOR('',#4722,1.);
#4722 = DIRECTION('',(0.707106781187,0.707106781187,0.));
#4723 = ORIENTED_EDGE('',*,*,#4682,.F.);
#4724 = B_SPLINE_SURFACE_WITH_KNOTS('',1,1,(
    (#4725,#4726)
    ,(#4727,#4728
    )),.UNSPECIFIED.,.F.,.F.,.F.,(2,2),(2,2),(0.,0.194454364826),(0.,1.)
  ,.PIECEWISE_BEZIER_KNOTS.);
#4725 = CARTESIAN_POINT('',(-1.875,2.2375,1.025));
#4726 = CARTESIAN_POINT('',(-1.760171280765,2.180085640382,1.75));
#4727 = CARTESIAN_POINT('',(-1.7375,2.375,1.025));
#4728 = CARTESIAN_POINT('',(-1.680085640382,2.260171280765,1.75));
#4729 = ADVANCED_FACE('',(#4730),#4747,.F.);
#4730 = FACE_BOUND('',#4731,.F.);
#4731 = EDGE_LOOP('',(#4732,#4733,#4740,#4746));
#4732 = ORIENTED_EDGE('',*,*,#3926,.T.);
#4733 = ORIENTED_EDGE('',*,*,#4734,.T.);
#4734 = EDGE_CURVE('',#3919,#4735,#4737,.T.);
#4735 = VERTEX_POINT('',#4736);
#4736 = CARTESIAN_POINT('',(1.680085640382,2.260171280765,1.75));
#4737 = B_SPLINE_CURVE_WITH_KNOTS('',1,(#4738,#4739),.UNSPECIFIED.,.F.,
  .F.,(2,2),(0.,1.),.PIECEWISE_BEZIER_KNOTS.);
#4738 = CARTESIAN_POINT('',(1.7375,2.375,1.025));
#4739 = CARTESIAN_POINT('',(1.680085640382,2.260171280765,1.75));
#4740 = ORIENTED_EDGE('',*,*,#4741,.F.);
#4741 = EDGE_CURVE('',#4712,#4735,#4742,.T.);
#4742 = LINE('',#4743,#4744);
#4743 = CARTESIAN_POINT('',(-1.680085640382,2.260171280765,1.75));
#4744 = VECTOR('',#4745,1.);
#4745 = DIRECTION('',(1.,1.110223024625E-16,0.));
#4746 = ORIENTED_EDGE('',*,*,#4711,.F.);
#4747 = B_SPLINE_SURFACE_WITH_KNOTS('',1,1,(
    (#4748,#4749)
    ,(#4750,#4751
    )),.UNSPECIFIED.,.F.,.F.,.F.,(2,2),(2,2),(0.,3.475),(0.,1.),
  .PIECEWISE_BEZIER_KNOTS.);
#4748 = CARTESIAN_POINT('',(-1.7375,2.375,1.025));
#4749 = CARTESIAN_POINT('',(-1.680085640382,2.260171280765,1.75));
#4750 = CARTESIAN_POINT('',(1.7375,2.375,1.025));
#4751 = CARTESIAN_POINT('',(1.680085640382,2.260171280765,1.75));
#4752 = ADVANCED_FACE('',(#4753),#4770,.F.);
#4753 = FACE_BOUND('',#4754,.F.);
#4754 = EDGE_LOOP('',(#4755,#4756,#4763,#4769));
#4755 = ORIENTED_EDGE('',*,*,#3918,.T.);
#4756 = ORIENTED_EDGE('',*,*,#4757,.T.);
#4757 = EDGE_CURVE('',#3911,#4758,#4760,.T.);
#4758 = VERTEX_POINT('',#4759);
#4759 = CARTESIAN_POINT('',(1.760171280765,2.180085640382,1.75));
#4760 = B_SPLINE_CURVE_WITH_KNOTS('',1,(#4761,#4762),.UNSPECIFIED.,.F.,
  .F.,(2,2),(0.,1.),.PIECEWISE_BEZIER_KNOTS.);
#4761 = CARTESIAN_POINT('',(1.875,2.2375,1.025));
#4762 = CARTESIAN_POINT('',(1.760171280765,2.180085640382,1.75));
#4763 = ORIENTED_EDGE('',*,*,#4764,.F.);
#4764 = EDGE_CURVE('',#4735,#4758,#4765,.T.);
#4765 = LINE('',#4766,#4767);
#4766 = CARTESIAN_POINT('',(1.680085640382,2.260171280765,1.75));
#4767 = VECTOR('',#4768,1.);
#4768 = DIRECTION('',(0.707106781187,-0.707106781187,0.));
#4769 = ORIENTED_EDGE('',*,*,#4734,.F.);
#4770 = B_SPLINE_SURFACE_WITH_KNOTS('',1,1,(
    (#4771,#4772)
    ,(#4773,#4774
    )),.UNSPECIFIED.,.F.,.F.,.F.,(2,2),(2,2),(0.,0.194454364826),(0.,1.)
  ,.PIECEWISE_BEZIER_KNOTS.);
#4771 = CARTESIAN_POINT('',(1.7375,2.375,1.025));
#4772 = CARTESIAN_POINT('',(1.680085640382,2.260171280765,1.75));
#4773 = CARTESIAN_POINT('',(1.875,2.2375,1.025));
#4774 = CARTESIAN_POINT('',(1.760171280765,2.180085640382,1.75));
#4775 = ADVANCED_FACE('',(#4776),#4857,.F.);
#4776 = FACE_BOUND('',#4777,.F.);
#4777 = EDGE_LOOP('',(#4778,#4779,#4787,#4795,#4803,#4811,#4819,#4827,
    #4835,#4843,#4850,#4856));
#4778 = ORIENTED_EDGE('',*,*,#3910,.T.);
#4779 = ORIENTED_EDGE('',*,*,#4780,.T.);
#4780 = EDGE_CURVE('',#3903,#4781,#4783,.T.);
#4781 = VERTEX_POINT('',#4782);
#4782 = CARTESIAN_POINT('',(1.875,1.7,1.025));
#4783 = LINE('',#4784,#4785);
#4784 = CARTESIAN_POINT('',(1.875,2.2375,1.025));
#4785 = VECTOR('',#4786,1.);
#4786 = DIRECTION('',(1.110223024625E-16,-1.,0.));
#4787 = ORIENTED_EDGE('',*,*,#4788,.T.);
#4788 = EDGE_CURVE('',#4781,#4789,#4791,.T.);
#4789 = VERTEX_POINT('',#4790);
#4790 = CARTESIAN_POINT('',(1.875,0.84,1.025));
#4791 = LINE('',#4792,#4793);
#4792 = CARTESIAN_POINT('',(1.875,2.2375,1.025));
#4793 = VECTOR('',#4794,1.);
#4794 = DIRECTION('',(1.110223024625E-16,-1.,0.));
#4795 = ORIENTED_EDGE('',*,*,#4796,.T.);
#4796 = EDGE_CURVE('',#4789,#4797,#4799,.T.);
#4797 = VERTEX_POINT('',#4798);
#4798 = CARTESIAN_POINT('',(1.875,0.43,1.025));
#4799 = LINE('',#4800,#4801);
#4800 = CARTESIAN_POINT('',(1.875,2.2375,1.025));
#4801 = VECTOR('',#4802,1.);
#4802 = DIRECTION('',(1.110223024625E-16,-1.,0.));
#4803 = ORIENTED_EDGE('',*,*,#4804,.T.);
#4804 = EDGE_CURVE('',#4797,#4805,#4807,.T.);
#4805 = VERTEX_POINT('',#4806);
#4806 = CARTESIAN_POINT('',(1.875,-0.43,1.025));
#4807 = LINE('',#4808,#4809);
#4808 = CARTESIAN_POINT('',(1.875,2.2375,1.025));
#4809 = VECTOR('',#4810,1.);
#4810 = DIRECTION('',(1.110223024625E-16,-1.,0.));
#4811 = ORIENTED_EDGE('',*,*,#4812,.T.);
#4812 = EDGE_CURVE('',#4805,#4813,#4815,.T.);
#4813 = VERTEX_POINT('',#4814);
#4814 = CARTESIAN_POINT('',(1.875,-0.84,1.025));
#4815 = LINE('',#4816,#4817);
#4816 = CARTESIAN_POINT('',(1.875,2.2375,1.025));
#4817 = VECTOR('',#4818,1.);
#4818 = DIRECTION('',(1.110223024625E-16,-1.,0.));
#4819 = ORIENTED_EDGE('',*,*,#4820,.T.);
#4820 = EDGE_CURVE('',#4813,#4821,#4823,.T.);
#4821 = VERTEX_POINT('',#4822);
#4822 = CARTESIAN_POINT('',(1.875,-1.7,1.025));
#4823 = LINE('',#4824,#4825);
#4824 = CARTESIAN_POINT('',(1.875,2.2375,1.025));
#4825 = VECTOR('',#4826,1.);
#4826 = DIRECTION('',(1.110223024625E-16,-1.,0.));
#4827 = ORIENTED_EDGE('',*,*,#4828,.T.);
#4828 = EDGE_CURVE('',#4821,#4829,#4831,.T.);
#4829 = VERTEX_POINT('',#4830);
#4830 = CARTESIAN_POINT('',(1.875,-2.11,1.025));
#4831 = LINE('',#4832,#4833);
#4832 = CARTESIAN_POINT('',(1.875,2.2375,1.025));
#4833 = VECTOR('',#4834,1.);
#4834 = DIRECTION('',(1.110223024625E-16,-1.,0.));
#4835 = ORIENTED_EDGE('',*,*,#4836,.T.);
#4836 = EDGE_CURVE('',#4829,#4837,#4839,.T.);
#4837 = VERTEX_POINT('',#4838);
#4838 = CARTESIAN_POINT('',(1.875,-2.2375,1.025));
#4839 = LINE('',#4840,#4841);
#4840 = CARTESIAN_POINT('',(1.875,2.2375,1.025));
#4841 = VECTOR('',#4842,1.);
#4842 = DIRECTION('',(1.110223024625E-16,-1.,0.));
#4843 = ORIENTED_EDGE('',*,*,#4844,.T.);
#4844 = EDGE_CURVE('',#4837,#4845,#4847,.T.);
#4845 = VERTEX_POINT('',#4846);
#4846 = CARTESIAN_POINT('',(1.760171280765,-2.180085640382,1.75));
#4847 = B_SPLINE_CURVE_WITH_KNOTS('',1,(#4848,#4849),.UNSPECIFIED.,.F.,
  .F.,(2,2),(0.,1.),.PIECEWISE_BEZIER_KNOTS.);
#4848 = CARTESIAN_POINT('',(1.875,-2.2375,1.025));
#4849 = CARTESIAN_POINT('',(1.760171280765,-2.180085640382,1.75));
#4850 = ORIENTED_EDGE('',*,*,#4851,.F.);
#4851 = EDGE_CURVE('',#4758,#4845,#4852,.T.);
#4852 = LINE('',#4853,#4854);
#4853 = CARTESIAN_POINT('',(1.760171280765,2.180085640382,1.75));
#4854 = VECTOR('',#4855,1.);
#4855 = DIRECTION('',(1.110223024625E-16,-1.,0.));
#4856 = ORIENTED_EDGE('',*,*,#4757,.F.);
#4857 = B_SPLINE_SURFACE_WITH_KNOTS('',1,1,(
    (#4858,#4859)
    ,(#4860,#4861
    )),.UNSPECIFIED.,.F.,.F.,.F.,(2,2),(2,2),(0.,4.475),(0.,1.),
  .PIECEWISE_BEZIER_KNOTS.);
#4858 = CARTESIAN_POINT('',(1.875,2.2375,1.025));
#4859 = CARTESIAN_POINT('',(1.760171280765,2.180085640382,1.75));
#4860 = CARTESIAN_POINT('',(1.875,-2.2375,1.025));
#4861 = CARTESIAN_POINT('',(1.760171280765,-2.180085640382,1.75));
#4862 = ADVANCED_FACE('',(#4863),#4895,.F.);
#4863 = FACE_BOUND('',#4864,.F.);
#4864 = EDGE_LOOP('',(#4865,#4873,#4881,#4887,#4893,#4894));
#4865 = ORIENTED_EDGE('',*,*,#4866,.F.);
#4866 = EDGE_CURVE('',#4867,#3895,#4869,.T.);
#4867 = VERTEX_POINT('',#4868);
#4868 = CARTESIAN_POINT('',(2.25,2.11,1.025));
#4869 = LINE('',#4870,#4871);
#4870 = CARTESIAN_POINT('',(2.25,2.11,1.025));
#4871 = VECTOR('',#4872,1.);
#4872 = DIRECTION('',(-1.,-1.110223024625E-16,0.));
#4873 = ORIENTED_EDGE('',*,*,#4874,.T.);
#4874 = EDGE_CURVE('',#4867,#4875,#4877,.T.);
#4875 = VERTEX_POINT('',#4876);
#4876 = CARTESIAN_POINT('',(2.25,1.7,1.025));
#4877 = LINE('',#4878,#4879);
#4878 = CARTESIAN_POINT('',(2.25,2.11,1.025));
#4879 = VECTOR('',#4880,1.);
#4880 = DIRECTION('',(1.110223024625E-16,-1.,0.));
#4881 = ORIENTED_EDGE('',*,*,#4882,.T.);
#4882 = EDGE_CURVE('',#4875,#4301,#4883,.T.);
#4883 = LINE('',#4884,#4885);
#4884 = CARTESIAN_POINT('',(2.25,1.7,1.025));
#4885 = VECTOR('',#4886,1.);
#4886 = DIRECTION('',(-1.,-1.110223024625E-16,0.));
#4887 = ORIENTED_EDGE('',*,*,#4888,.T.);
#4888 = EDGE_CURVE('',#4301,#4781,#4889,.T.);
#4889 = LINE('',#4890,#4891);
#4890 = CARTESIAN_POINT('',(2.25,1.7,1.025));
#4891 = VECTOR('',#4892,1.);
#4892 = DIRECTION('',(-1.,-1.110223024625E-16,0.));
#4893 = ORIENTED_EDGE('',*,*,#4780,.F.);
#4894 = ORIENTED_EDGE('',*,*,#3902,.F.);
#4895 = PLANE('',#4896);
#4896 = AXIS2_PLACEMENT_3D('',#4897,#4898,#4899);
#4897 = CARTESIAN_POINT('',(2.25,2.11,1.025));
#4898 = DIRECTION('',(0.,0.,-1.));
#4899 = DIRECTION('',(-1.,-1.110223024625E-16,-0.));
#4900 = ADVANCED_FACE('',(#4901),#4944,.F.);
#4901 = FACE_BOUND('',#4902,.F.);
#4902 = EDGE_LOOP('',(#4903,#4904,#4910,#4911,#4919,#4927,#4933,#4934,
    #4940,#4941,#4942,#4943));
#4903 = ORIENTED_EDGE('',*,*,#4004,.T.);
#4904 = ORIENTED_EDGE('',*,*,#4905,.T.);
#4905 = EDGE_CURVE('',#3997,#4627,#4906,.T.);
#4906 = LINE('',#4907,#4908);
#4907 = CARTESIAN_POINT('',(-2.25,-2.11,1.025));
#4908 = VECTOR('',#4909,1.);
#4909 = DIRECTION('',(1.,-1.144237745222E-17,0.));
#4910 = ORIENTED_EDGE('',*,*,#4624,.F.);
#4911 = ORIENTED_EDGE('',*,*,#4912,.F.);
#4912 = EDGE_CURVE('',#4913,#4625,#4915,.T.);
#4913 = VERTEX_POINT('',#4914);
#4914 = CARTESIAN_POINT('',(-1.7375,-2.375,1.025));
#4915 = LINE('',#4916,#4917);
#4916 = CARTESIAN_POINT('',(-1.7375,-2.375,1.025));
#4917 = VECTOR('',#4918,1.);
#4918 = DIRECTION('',(-0.707106781187,0.707106781187,0.));
#4919 = ORIENTED_EDGE('',*,*,#4920,.F.);
#4920 = EDGE_CURVE('',#4921,#4913,#4923,.T.);
#4921 = VERTEX_POINT('',#4922);
#4922 = CARTESIAN_POINT('',(1.7375,-2.375,1.025));
#4923 = LINE('',#4924,#4925);
#4924 = CARTESIAN_POINT('',(1.7375,-2.375,1.025));
#4925 = VECTOR('',#4926,1.);
#4926 = DIRECTION('',(-1.,-1.110223024625E-16,0.));
#4927 = ORIENTED_EDGE('',*,*,#4928,.F.);
#4928 = EDGE_CURVE('',#4837,#4921,#4929,.T.);
#4929 = LINE('',#4930,#4931);
#4930 = CARTESIAN_POINT('',(1.875,-2.2375,1.025));
#4931 = VECTOR('',#4932,1.);
#4932 = DIRECTION('',(-0.707106781187,-0.707106781187,0.));
#4933 = ORIENTED_EDGE('',*,*,#4836,.F.);
#4934 = ORIENTED_EDGE('',*,*,#4935,.F.);
#4935 = EDGE_CURVE('',#4487,#4829,#4936,.T.);
#4936 = LINE('',#4937,#4938);
#4937 = CARTESIAN_POINT('',(2.25,-2.11,1.025));
#4938 = VECTOR('',#4939,1.);
#4939 = DIRECTION('',(-1.,-1.110223024625E-16,0.));
#4940 = ORIENTED_EDGE('',*,*,#4502,.T.);
#4941 = ORIENTED_EDGE('',*,*,#4547,.T.);
#4942 = ORIENTED_EDGE('',*,*,#4564,.T.);
#4943 = ORIENTED_EDGE('',*,*,#4518,.T.);
#4944 = PLANE('',#4945);
#4945 = AXIS2_PLACEMENT_3D('',#4946,#4947,#4948);
#4946 = CARTESIAN_POINT('',(-3.027078129022E-16,2.4125,1.025));
#4947 = DIRECTION('',(2.007919022429E-31,-7.713306628828E-27,-1.));
#4948 = DIRECTION('',(1.,1.112083013911E-16,2.00791902242E-31));
#4949 = ADVANCED_FACE('',(#4950),#5036,.F.);
#4950 = FACE_BOUND('',#4951,.F.);
#4951 = EDGE_LOOP('',(#4952,#4953,#4954,#4963,#4971,#4980,#4988,#4996,
    #5004,#5013,#5021,#5030));
#4952 = ORIENTED_EDGE('',*,*,#3996,.F.);
#4953 = ORIENTED_EDGE('',*,*,#4018,.T.);
#4954 = ORIENTED_EDGE('',*,*,#4955,.T.);
#4955 = EDGE_CURVE('',#4019,#4956,#4958,.T.);
#4956 = VERTEX_POINT('',#4957);
#4957 = CARTESIAN_POINT('',(-2.348480775301,-2.11,0.742364817767));
#4958 = CIRCLE('',#4959,0.1);
#4959 = AXIS2_PLACEMENT_3D('',#4960,#4961,#4962);
#4960 = CARTESIAN_POINT('',(-2.25,-2.11,0.725));
#4961 = DIRECTION('',(-1.144237745222E-17,-1.,3.284293275761E-47));
#4962 = DIRECTION('',(-4.440892098501E-15,5.081436361563E-32,1.));
#4963 = ORIENTED_EDGE('',*,*,#4964,.T.);
#4964 = EDGE_CURVE('',#4956,#4965,#4967,.T.);
#4965 = VERTEX_POINT('',#4966);
#4966 = CARTESIAN_POINT('',(-2.429496640897,-2.11,0.2479055467));
#4967 = LINE('',#4968,#4969);
#4968 = CARTESIAN_POINT('',(-2.348480775301,-2.11,0.742364817767));
#4969 = VECTOR('',#4970,1.);
#4970 = DIRECTION('',(-0.161691392282,1.85013394127E-18,-0.986841372087)
  );
#4971 = ORIENTED_EDGE('',*,*,#4972,.T.);
#4972 = EDGE_CURVE('',#4965,#4973,#4975,.T.);
#4973 = VERTEX_POINT('',#4974);
#4974 = CARTESIAN_POINT('',(-2.724938966801,-2.11,-1.665334536938E-16));
#4975 = CIRCLE('',#4976,0.3);
#4976 = AXIS2_PLACEMENT_3D('',#4977,#4978,#4979);
#4977 = CARTESIAN_POINT('',(-2.724938966801,-2.11,0.3));
#4978 = DIRECTION('',(1.144237745222E-17,1.,7.703719777549E-34));
#4979 = DIRECTION('',(0.984807753012,-1.126854202784E-17,-0.173648177667
    ));
#4980 = ORIENTED_EDGE('',*,*,#4981,.T.);
#4981 = EDGE_CURVE('',#4973,#4982,#4984,.T.);
#4982 = VERTEX_POINT('',#4983);
#4983 = CARTESIAN_POINT('',(-3.,-2.11,-1.665334536938E-16));
#4984 = LINE('',#4985,#4986);
#4985 = CARTESIAN_POINT('',(-2.724938966801,-2.11,-1.665334536938E-16));
#4986 = VECTOR('',#4987,1.);
#4987 = DIRECTION('',(-1.,1.144237745222E-17,0.));
#4988 = ORIENTED_EDGE('',*,*,#4989,.T.);
#4989 = EDGE_CURVE('',#4982,#4990,#4992,.T.);
#4990 = VERTEX_POINT('',#4991);
#4991 = CARTESIAN_POINT('',(-3.,-2.11,0.2));
#4992 = LINE('',#4993,#4994);
#4993 = CARTESIAN_POINT('',(-3.,-2.11,-1.665334536938E-16));
#4994 = VECTOR('',#4995,1.);
#4995 = DIRECTION('',(0.,0.,1.));
#4996 = ORIENTED_EDGE('',*,*,#4997,.T.);
#4997 = EDGE_CURVE('',#4990,#4998,#5000,.T.);
#4998 = VERTEX_POINT('',#4999);
#4999 = CARTESIAN_POINT('',(-2.724938966801,-2.11,0.2));
#5000 = LINE('',#5001,#5002);
#5001 = CARTESIAN_POINT('',(-3.,-2.11,0.2));
#5002 = VECTOR('',#5003,1.);
#5003 = DIRECTION('',(1.,-1.144237745222E-17,0.));
#5004 = ORIENTED_EDGE('',*,*,#5005,.T.);
#5005 = EDGE_CURVE('',#4998,#5006,#5008,.T.);
#5006 = VERTEX_POINT('',#5007);
#5007 = CARTESIAN_POINT('',(-2.6264581915,-2.11,0.282635182233));
#5008 = CIRCLE('',#5009,0.1);
#5009 = AXIS2_PLACEMENT_3D('',#5010,#5011,#5012);
#5010 = CARTESIAN_POINT('',(-2.724938966801,-2.11,0.3));
#5011 = DIRECTION('',(-1.144237745222E-17,-1.,-0.));
#5012 = DIRECTION('',(0.,0.,-1.));
#5013 = ORIENTED_EDGE('',*,*,#5014,.T.);
#5014 = EDGE_CURVE('',#5006,#5015,#5017,.T.);
#5015 = VERTEX_POINT('',#5016);
#5016 = CARTESIAN_POINT('',(-2.545442325904,-2.11,0.7770944533));
#5017 = LINE('',#5018,#5019);
#5018 = CARTESIAN_POINT('',(-2.6264581915,-2.11,0.282635182233));
#5019 = VECTOR('',#5020,1.);
#5020 = DIRECTION('',(0.161691392282,-1.85013394127E-18,0.986841372087)
  );
#5021 = ORIENTED_EDGE('',*,*,#5022,.T.);
#5022 = EDGE_CURVE('',#5015,#5023,#5025,.T.);
#5023 = VERTEX_POINT('',#5024);
#5024 = CARTESIAN_POINT('',(-2.25,-2.11,1.025));
#5025 = CIRCLE('',#5026,0.3);
#5026 = AXIS2_PLACEMENT_3D('',#5027,#5028,#5029);
#5027 = CARTESIAN_POINT('',(-2.25,-2.11,0.725));
#5028 = DIRECTION('',(1.144237745222E-17,1.,7.703719777549E-34));
#5029 = DIRECTION('',(-0.984807753012,1.126854202784E-17,0.173648177667)
  );
#5030 = ORIENTED_EDGE('',*,*,#5031,.T.);
#5031 = EDGE_CURVE('',#5023,#3997,#5032,.T.);
#5032 = LINE('',#5033,#5034);
#5033 = CARTESIAN_POINT('',(-2.25,-2.11,1.025));
#5034 = VECTOR('',#5035,1.);
#5035 = DIRECTION('',(1.,-1.144237745222E-17,0.));
#5036 = PLANE('',#5037);
#5037 = AXIS2_PLACEMENT_3D('',#5038,#5039,#5040);
#5038 = CARTESIAN_POINT('',(-2.42560961319,-2.11,0.548953137803));
#5039 = DIRECTION('',(1.144237745222E-17,1.,0.));
#5040 = DIRECTION('',(0.,-0.,1.));
#5041 = ADVANCED_FACE('',(#5042),#5061,.F.);
#5042 = FACE_BOUND('',#5043,.F.);
#5043 = EDGE_LOOP('',(#5044,#5045,#5054,#5060));
#5044 = ORIENTED_EDGE('',*,*,#4035,.T.);
#5045 = ORIENTED_EDGE('',*,*,#5046,.T.);
#5046 = EDGE_CURVE('',#4028,#5047,#5049,.T.);
#5047 = VERTEX_POINT('',#5048);
#5048 = CARTESIAN_POINT('',(-2.348480775301,-1.7,0.742364817767));
#5049 = CIRCLE('',#5050,0.1);
#5050 = AXIS2_PLACEMENT_3D('',#5051,#5052,#5053);
#5051 = CARTESIAN_POINT('',(-2.25,-1.7,0.725));
#5052 = DIRECTION('',(-1.144237745222E-17,-1.,3.284293275761E-47));
#5053 = DIRECTION('',(-4.440892098501E-15,5.081436361563E-32,1.));
#5054 = ORIENTED_EDGE('',*,*,#5055,.F.);
#5055 = EDGE_CURVE('',#4956,#5047,#5056,.T.);
#5056 = LINE('',#5057,#5058);
#5057 = CARTESIAN_POINT('',(-2.348480775301,-2.11,0.742364817767));
#5058 = VECTOR('',#5059,1.);
#5059 = DIRECTION('',(1.144237745222E-17,1.,0.));
#5060 = ORIENTED_EDGE('',*,*,#4955,.F.);
#5061 = CYLINDRICAL_SURFACE('',#5062,0.1);
#5062 = AXIS2_PLACEMENT_3D('',#5063,#5064,#5065);
#5063 = CARTESIAN_POINT('',(-2.25,-2.11,0.725));
#5064 = DIRECTION('',(-1.144237745222E-17,-1.,0.));
#5065 = DIRECTION('',(-4.440892098501E-15,5.081436361563E-32,1.));
#5066 = ADVANCED_FACE('',(#5067),#5145,.T.);
#5067 = FACE_BOUND('',#5068,.T.);
#5068 = EDGE_LOOP('',(#5069,#5070,#5071,#5072,#5080,#5089,#5097,#5105,
    #5113,#5122,#5130,#5139));
#5069 = ORIENTED_EDGE('',*,*,#4049,.F.);
#5070 = ORIENTED_EDGE('',*,*,#4027,.T.);
#5071 = ORIENTED_EDGE('',*,*,#5046,.T.);
#5072 = ORIENTED_EDGE('',*,*,#5073,.T.);
#5073 = EDGE_CURVE('',#5047,#5074,#5076,.T.);
#5074 = VERTEX_POINT('',#5075);
#5075 = CARTESIAN_POINT('',(-2.429496640897,-1.7,0.2479055467));
#5076 = LINE('',#5077,#5078);
#5077 = CARTESIAN_POINT('',(-2.348480775301,-1.7,0.742364817767));
#5078 = VECTOR('',#5079,1.);
#5079 = DIRECTION('',(-0.161691392282,1.85013394127E-18,-0.986841372087)
  );
#5080 = ORIENTED_EDGE('',*,*,#5081,.T.);
#5081 = EDGE_CURVE('',#5074,#5082,#5084,.T.);
#5082 = VERTEX_POINT('',#5083);
#5083 = CARTESIAN_POINT('',(-2.724938966801,-1.7,-1.665334536938E-16));
#5084 = CIRCLE('',#5085,0.3);
#5085 = AXIS2_PLACEMENT_3D('',#5086,#5087,#5088);
#5086 = CARTESIAN_POINT('',(-2.724938966801,-1.7,0.3));
#5087 = DIRECTION('',(1.144237745222E-17,1.,7.703719777549E-34));
#5088 = DIRECTION('',(0.984807753012,-1.126854202784E-17,-0.173648177667
    ));
#5089 = ORIENTED_EDGE('',*,*,#5090,.T.);
#5090 = EDGE_CURVE('',#5082,#5091,#5093,.T.);
#5091 = VERTEX_POINT('',#5092);
#5092 = CARTESIAN_POINT('',(-3.,-1.7,-1.665334536938E-16));
#5093 = LINE('',#5094,#5095);
#5094 = CARTESIAN_POINT('',(-2.724938966801,-1.7,-1.665334536938E-16));
#5095 = VECTOR('',#5096,1.);
#5096 = DIRECTION('',(-1.,1.144237745222E-17,0.));
#5097 = ORIENTED_EDGE('',*,*,#5098,.T.);
#5098 = EDGE_CURVE('',#5091,#5099,#5101,.T.);
#5099 = VERTEX_POINT('',#5100);
#5100 = CARTESIAN_POINT('',(-3.,-1.7,0.2));
#5101 = LINE('',#5102,#5103);
#5102 = CARTESIAN_POINT('',(-3.,-1.7,-1.665334536938E-16));
#5103 = VECTOR('',#5104,1.);
#5104 = DIRECTION('',(0.,0.,1.));
#5105 = ORIENTED_EDGE('',*,*,#5106,.T.);
#5106 = EDGE_CURVE('',#5099,#5107,#5109,.T.);
#5107 = VERTEX_POINT('',#5108);
#5108 = CARTESIAN_POINT('',(-2.724938966801,-1.7,0.2));
#5109 = LINE('',#5110,#5111);
#5110 = CARTESIAN_POINT('',(-3.,-1.7,0.2));
#5111 = VECTOR('',#5112,1.);
#5112 = DIRECTION('',(1.,-1.144237745222E-17,0.));
#5113 = ORIENTED_EDGE('',*,*,#5114,.T.);
#5114 = EDGE_CURVE('',#5107,#5115,#5117,.T.);
#5115 = VERTEX_POINT('',#5116);
#5116 = CARTESIAN_POINT('',(-2.6264581915,-1.7,0.282635182233));
#5117 = CIRCLE('',#5118,0.1);
#5118 = AXIS2_PLACEMENT_3D('',#5119,#5120,#5121);
#5119 = CARTESIAN_POINT('',(-2.724938966801,-1.7,0.3));
#5120 = DIRECTION('',(-1.144237745222E-17,-1.,-0.));
#5121 = DIRECTION('',(0.,0.,-1.));
#5122 = ORIENTED_EDGE('',*,*,#5123,.T.);
#5123 = EDGE_CURVE('',#5115,#5124,#5126,.T.);
#5124 = VERTEX_POINT('',#5125);
#5125 = CARTESIAN_POINT('',(-2.545442325904,-1.7,0.7770944533));
#5126 = LINE('',#5127,#5128);
#5127 = CARTESIAN_POINT('',(-2.6264581915,-1.7,0.282635182233));
#5128 = VECTOR('',#5129,1.);
#5129 = DIRECTION('',(0.161691392282,-1.85013394127E-18,0.986841372087)
  );
#5130 = ORIENTED_EDGE('',*,*,#5131,.T.);
#5131 = EDGE_CURVE('',#5124,#5132,#5134,.T.);
#5132 = VERTEX_POINT('',#5133);
#5133 = CARTESIAN_POINT('',(-2.25,-1.7,1.025));
#5134 = CIRCLE('',#5135,0.3);
#5135 = AXIS2_PLACEMENT_3D('',#5136,#5137,#5138);
#5136 = CARTESIAN_POINT('',(-2.25,-1.7,0.725));
#5137 = DIRECTION('',(1.144237745222E-17,1.,7.703719777549E-34));
#5138 = DIRECTION('',(-0.984807753012,1.126854202784E-17,0.173648177667)
  );
#5139 = ORIENTED_EDGE('',*,*,#5140,.T.);
#5140 = EDGE_CURVE('',#5132,#4050,#5141,.T.);
#5141 = LINE('',#5142,#5143);
#5142 = CARTESIAN_POINT('',(-2.25,-1.7,1.025));
#5143 = VECTOR('',#5144,1.);
#5144 = DIRECTION('',(1.,-1.144237745222E-17,0.));
#5145 = PLANE('',#5146);
#5146 = AXIS2_PLACEMENT_3D('',#5147,#5148,#5149);
#5147 = CARTESIAN_POINT('',(-2.42560961319,-1.7,0.548953137803));
#5148 = DIRECTION('',(1.144237745222E-17,1.,0.));
#5149 = DIRECTION('',(0.,-0.,1.));
#5150 = ADVANCED_FACE('',(#5151),#5167,.F.);
#5151 = FACE_BOUND('',#5152,.F.);
#5152 = EDGE_LOOP('',(#5153,#5154,#5160,#5161));
#5153 = ORIENTED_EDGE('',*,*,#4066,.T.);
#5154 = ORIENTED_EDGE('',*,*,#5155,.T.);
#5155 = EDGE_CURVE('',#4059,#4643,#5156,.T.);
#5156 = LINE('',#5157,#5158);
#5157 = CARTESIAN_POINT('',(-2.25,-0.84,1.025));
#5158 = VECTOR('',#5159,1.);
#5159 = DIRECTION('',(1.,-1.144237745222E-17,0.));
#5160 = ORIENTED_EDGE('',*,*,#4642,.F.);
#5161 = ORIENTED_EDGE('',*,*,#5162,.F.);
#5162 = EDGE_CURVE('',#4050,#4635,#5163,.T.);
#5163 = LINE('',#5164,#5165);
#5164 = CARTESIAN_POINT('',(-2.25,-1.7,1.025));
#5165 = VECTOR('',#5166,1.);
#5166 = DIRECTION('',(1.,-1.144237745222E-17,0.));
#5167 = PLANE('',#5168);
#5168 = AXIS2_PLACEMENT_3D('',#5169,#5170,#5171);
#5169 = CARTESIAN_POINT('',(-3.027078129022E-16,2.4125,1.025));
#5170 = DIRECTION('',(2.007919022429E-31,-7.713306628828E-27,-1.));
#5171 = DIRECTION('',(1.,1.112083013911E-16,2.00791902242E-31));
#5172 = ADVANCED_FACE('',(#5173),#5259,.F.);
#5173 = FACE_BOUND('',#5174,.F.);
#5174 = EDGE_LOOP('',(#5175,#5176,#5177,#5186,#5194,#5203,#5211,#5219,
    #5227,#5236,#5244,#5253));
#5175 = ORIENTED_EDGE('',*,*,#4058,.F.);
#5176 = ORIENTED_EDGE('',*,*,#4080,.T.);
#5177 = ORIENTED_EDGE('',*,*,#5178,.T.);
#5178 = EDGE_CURVE('',#4081,#5179,#5181,.T.);
#5179 = VERTEX_POINT('',#5180);
#5180 = CARTESIAN_POINT('',(-2.348480775301,-0.84,0.742364817767));
#5181 = CIRCLE('',#5182,0.1);
#5182 = AXIS2_PLACEMENT_3D('',#5183,#5184,#5185);
#5183 = CARTESIAN_POINT('',(-2.25,-0.84,0.725));
#5184 = DIRECTION('',(-1.144237745222E-17,-1.,3.284293275761E-47));
#5185 = DIRECTION('',(-4.440892098501E-15,5.081436361563E-32,1.));
#5186 = ORIENTED_EDGE('',*,*,#5187,.T.);
#5187 = EDGE_CURVE('',#5179,#5188,#5190,.T.);
#5188 = VERTEX_POINT('',#5189);
#5189 = CARTESIAN_POINT('',(-2.429496640897,-0.84,0.2479055467));
#5190 = LINE('',#5191,#5192);
#5191 = CARTESIAN_POINT('',(-2.348480775301,-0.84,0.742364817767));
#5192 = VECTOR('',#5193,1.);
#5193 = DIRECTION('',(-0.161691392282,1.85013394127E-18,-0.986841372087)
  );
#5194 = ORIENTED_EDGE('',*,*,#5195,.T.);
#5195 = EDGE_CURVE('',#5188,#5196,#5198,.T.);
#5196 = VERTEX_POINT('',#5197);
#5197 = CARTESIAN_POINT('',(-2.724938966801,-0.84,-1.665334536938E-16));
#5198 = CIRCLE('',#5199,0.3);
#5199 = AXIS2_PLACEMENT_3D('',#5200,#5201,#5202);
#5200 = CARTESIAN_POINT('',(-2.724938966801,-0.84,0.3));
#5201 = DIRECTION('',(1.144237745222E-17,1.,7.703719777549E-34));
#5202 = DIRECTION('',(0.984807753012,-1.126854202784E-17,-0.173648177667
    ));
#5203 = ORIENTED_EDGE('',*,*,#5204,.T.);
#5204 = EDGE_CURVE('',#5196,#5205,#5207,.T.);
#5205 = VERTEX_POINT('',#5206);
#5206 = CARTESIAN_POINT('',(-3.,-0.84,-1.665334536938E-16));
#5207 = LINE('',#5208,#5209);
#5208 = CARTESIAN_POINT('',(-2.724938966801,-0.84,-1.665334536938E-16));
#5209 = VECTOR('',#5210,1.);
#5210 = DIRECTION('',(-1.,1.144237745222E-17,0.));
#5211 = ORIENTED_EDGE('',*,*,#5212,.T.);
#5212 = EDGE_CURVE('',#5205,#5213,#5215,.T.);
#5213 = VERTEX_POINT('',#5214);
#5214 = CARTESIAN_POINT('',(-3.,-0.84,0.2));
#5215 = LINE('',#5216,#5217);
#5216 = CARTESIAN_POINT('',(-3.,-0.84,-1.665334536938E-16));
#5217 = VECTOR('',#5218,1.);
#5218 = DIRECTION('',(0.,0.,1.));
#5219 = ORIENTED_EDGE('',*,*,#5220,.T.);
#5220 = EDGE_CURVE('',#5213,#5221,#5223,.T.);
#5221 = VERTEX_POINT('',#5222);
#5222 = CARTESIAN_POINT('',(-2.724938966801,-0.84,0.2));
#5223 = LINE('',#5224,#5225);
#5224 = CARTESIAN_POINT('',(-3.,-0.84,0.2));
#5225 = VECTOR('',#5226,1.);
#5226 = DIRECTION('',(1.,-1.144237745222E-17,0.));
#5227 = ORIENTED_EDGE('',*,*,#5228,.T.);
#5228 = EDGE_CURVE('',#5221,#5229,#5231,.T.);
#5229 = VERTEX_POINT('',#5230);
#5230 = CARTESIAN_POINT('',(-2.6264581915,-0.84,0.282635182233));
#5231 = CIRCLE('',#5232,0.1);
#5232 = AXIS2_PLACEMENT_3D('',#5233,#5234,#5235);
#5233 = CARTESIAN_POINT('',(-2.724938966801,-0.84,0.3));
#5234 = DIRECTION('',(-1.144237745222E-17,-1.,-0.));
#5235 = DIRECTION('',(0.,0.,-1.));
#5236 = ORIENTED_EDGE('',*,*,#5237,.T.);
#5237 = EDGE_CURVE('',#5229,#5238,#5240,.T.);
#5238 = VERTEX_POINT('',#5239);
#5239 = CARTESIAN_POINT('',(-2.545442325904,-0.84,0.7770944533));
#5240 = LINE('',#5241,#5242);
#5241 = CARTESIAN_POINT('',(-2.6264581915,-0.84,0.282635182233));
#5242 = VECTOR('',#5243,1.);
#5243 = DIRECTION('',(0.161691392282,-1.85013394127E-18,0.986841372087)
  );
#5244 = ORIENTED_EDGE('',*,*,#5245,.T.);
#5245 = EDGE_CURVE('',#5238,#5246,#5248,.T.);
#5246 = VERTEX_POINT('',#5247);
#5247 = CARTESIAN_POINT('',(-2.25,-0.84,1.025));
#5248 = CIRCLE('',#5249,0.3);
#5249 = AXIS2_PLACEMENT_3D('',#5250,#5251,#5252);
#5250 = CARTESIAN_POINT('',(-2.25,-0.84,0.725));
#5251 = DIRECTION('',(1.144237745222E-17,1.,7.703719777549E-34));
#5252 = DIRECTION('',(-0.984807753012,1.126854202784E-17,0.173648177667)
  );
#5253 = ORIENTED_EDGE('',*,*,#5254,.T.);
#5254 = EDGE_CURVE('',#5246,#4059,#5255,.T.);
#5255 = LINE('',#5256,#5257);
#5256 = CARTESIAN_POINT('',(-2.25,-0.84,1.025));
#5257 = VECTOR('',#5258,1.);
#5258 = DIRECTION('',(1.,-1.144237745222E-17,0.));
#5259 = PLANE('',#5260);
#5260 = AXIS2_PLACEMENT_3D('',#5261,#5262,#5263);
#5261 = CARTESIAN_POINT('',(-2.42560961319,-0.84,0.548953137803));
#5262 = DIRECTION('',(1.144237745222E-17,1.,0.));
#5263 = DIRECTION('',(0.,-0.,1.));
#5264 = ADVANCED_FACE('',(#5265),#5284,.F.);
#5265 = FACE_BOUND('',#5266,.F.);
#5266 = EDGE_LOOP('',(#5267,#5268,#5277,#5283));
#5267 = ORIENTED_EDGE('',*,*,#4097,.T.);
#5268 = ORIENTED_EDGE('',*,*,#5269,.T.);
#5269 = EDGE_CURVE('',#4090,#5270,#5272,.T.);
#5270 = VERTEX_POINT('',#5271);
#5271 = CARTESIAN_POINT('',(-2.348480775301,-0.43,0.742364817767));
#5272 = CIRCLE('',#5273,0.1);
#5273 = AXIS2_PLACEMENT_3D('',#5274,#5275,#5276);
#5274 = CARTESIAN_POINT('',(-2.25,-0.43,0.725));
#5275 = DIRECTION('',(-1.144237745222E-17,-1.,3.284293275761E-47));
#5276 = DIRECTION('',(-4.440892098501E-15,5.081436361563E-32,1.));
#5277 = ORIENTED_EDGE('',*,*,#5278,.F.);
#5278 = EDGE_CURVE('',#5179,#5270,#5279,.T.);
#5279 = LINE('',#5280,#5281);
#5280 = CARTESIAN_POINT('',(-2.348480775301,-0.84,0.742364817767));
#5281 = VECTOR('',#5282,1.);
#5282 = DIRECTION('',(1.144237745222E-17,1.,0.));
#5283 = ORIENTED_EDGE('',*,*,#5178,.F.);
#5284 = CYLINDRICAL_SURFACE('',#5285,0.1);
#5285 = AXIS2_PLACEMENT_3D('',#5286,#5287,#5288);
#5286 = CARTESIAN_POINT('',(-2.25,-0.84,0.725));
#5287 = DIRECTION('',(-1.144237745222E-17,-1.,0.));
#5288 = DIRECTION('',(-4.440892098501E-15,5.081436361563E-32,1.));
#5289 = ADVANCED_FACE('',(#5290),#5368,.T.);
#5290 = FACE_BOUND('',#5291,.T.);
#5291 = EDGE_LOOP('',(#5292,#5293,#5294,#5295,#5303,#5312,#5320,#5328,
    #5336,#5345,#5353,#5362));
#5292 = ORIENTED_EDGE('',*,*,#4111,.F.);
#5293 = ORIENTED_EDGE('',*,*,#4089,.T.);
#5294 = ORIENTED_EDGE('',*,*,#5269,.T.);
#5295 = ORIENTED_EDGE('',*,*,#5296,.T.);
#5296 = EDGE_CURVE('',#5270,#5297,#5299,.T.);
#5297 = VERTEX_POINT('',#5298);
#5298 = CARTESIAN_POINT('',(-2.429496640897,-0.43,0.2479055467));
#5299 = LINE('',#5300,#5301);
#5300 = CARTESIAN_POINT('',(-2.348480775301,-0.43,0.742364817767));
#5301 = VECTOR('',#5302,1.);
#5302 = DIRECTION('',(-0.161691392282,1.85013394127E-18,-0.986841372087)
  );
#5303 = ORIENTED_EDGE('',*,*,#5304,.T.);
#5304 = EDGE_CURVE('',#5297,#5305,#5307,.T.);
#5305 = VERTEX_POINT('',#5306);
#5306 = CARTESIAN_POINT('',(-2.724938966801,-0.43,-1.665334536938E-16));
#5307 = CIRCLE('',#5308,0.3);
#5308 = AXIS2_PLACEMENT_3D('',#5309,#5310,#5311);
#5309 = CARTESIAN_POINT('',(-2.724938966801,-0.43,0.3));
#5310 = DIRECTION('',(1.144237745222E-17,1.,7.703719777549E-34));
#5311 = DIRECTION('',(0.984807753012,-1.126854202784E-17,-0.173648177667
    ));
#5312 = ORIENTED_EDGE('',*,*,#5313,.T.);
#5313 = EDGE_CURVE('',#5305,#5314,#5316,.T.);
#5314 = VERTEX_POINT('',#5315);
#5315 = CARTESIAN_POINT('',(-3.,-0.43,-1.665334536938E-16));
#5316 = LINE('',#5317,#5318);
#5317 = CARTESIAN_POINT('',(-2.724938966801,-0.43,-1.665334536938E-16));
#5318 = VECTOR('',#5319,1.);
#5319 = DIRECTION('',(-1.,1.144237745222E-17,0.));
#5320 = ORIENTED_EDGE('',*,*,#5321,.T.);
#5321 = EDGE_CURVE('',#5314,#5322,#5324,.T.);
#5322 = VERTEX_POINT('',#5323);
#5323 = CARTESIAN_POINT('',(-3.,-0.43,0.2));
#5324 = LINE('',#5325,#5326);
#5325 = CARTESIAN_POINT('',(-3.,-0.43,-1.665334536938E-16));
#5326 = VECTOR('',#5327,1.);
#5327 = DIRECTION('',(0.,0.,1.));
#5328 = ORIENTED_EDGE('',*,*,#5329,.T.);
#5329 = EDGE_CURVE('',#5322,#5330,#5332,.T.);
#5330 = VERTEX_POINT('',#5331);
#5331 = CARTESIAN_POINT('',(-2.724938966801,-0.43,0.2));
#5332 = LINE('',#5333,#5334);
#5333 = CARTESIAN_POINT('',(-3.,-0.43,0.2));
#5334 = VECTOR('',#5335,1.);
#5335 = DIRECTION('',(1.,-1.144237745222E-17,0.));
#5336 = ORIENTED_EDGE('',*,*,#5337,.T.);
#5337 = EDGE_CURVE('',#5330,#5338,#5340,.T.);
#5338 = VERTEX_POINT('',#5339);
#5339 = CARTESIAN_POINT('',(-2.6264581915,-0.43,0.282635182233));
#5340 = CIRCLE('',#5341,0.1);
#5341 = AXIS2_PLACEMENT_3D('',#5342,#5343,#5344);
#5342 = CARTESIAN_POINT('',(-2.724938966801,-0.43,0.3));
#5343 = DIRECTION('',(-1.144237745222E-17,-1.,-0.));
#5344 = DIRECTION('',(0.,0.,-1.));
#5345 = ORIENTED_EDGE('',*,*,#5346,.T.);
#5346 = EDGE_CURVE('',#5338,#5347,#5349,.T.);
#5347 = VERTEX_POINT('',#5348);
#5348 = CARTESIAN_POINT('',(-2.545442325904,-0.43,0.7770944533));
#5349 = LINE('',#5350,#5351);
#5350 = CARTESIAN_POINT('',(-2.6264581915,-0.43,0.282635182233));
#5351 = VECTOR('',#5352,1.);
#5352 = DIRECTION('',(0.161691392282,-1.85013394127E-18,0.986841372087)
  );
#5353 = ORIENTED_EDGE('',*,*,#5354,.T.);
#5354 = EDGE_CURVE('',#5347,#5355,#5357,.T.);
#5355 = VERTEX_POINT('',#5356);
#5356 = CARTESIAN_POINT('',(-2.25,-0.43,1.025));
#5357 = CIRCLE('',#5358,0.3);
#5358 = AXIS2_PLACEMENT_3D('',#5359,#5360,#5361);
#5359 = CARTESIAN_POINT('',(-2.25,-0.43,0.725));
#5360 = DIRECTION('',(1.144237745222E-17,1.,7.703719777549E-34));
#5361 = DIRECTION('',(-0.984807753012,1.126854202784E-17,0.173648177667)
  );
#5362 = ORIENTED_EDGE('',*,*,#5363,.T.);
#5363 = EDGE_CURVE('',#5355,#4112,#5364,.T.);
#5364 = LINE('',#5365,#5366);
#5365 = CARTESIAN_POINT('',(-2.25,-0.43,1.025));
#5366 = VECTOR('',#5367,1.);
#5367 = DIRECTION('',(1.,-1.144237745222E-17,0.));
#5368 = PLANE('',#5369);
#5369 = AXIS2_PLACEMENT_3D('',#5370,#5371,#5372);
#5370 = CARTESIAN_POINT('',(-2.42560961319,-0.43,0.548953137803));
#5371 = DIRECTION('',(1.144237745222E-17,1.,0.));
#5372 = DIRECTION('',(0.,-0.,1.));
#5373 = ADVANCED_FACE('',(#5374),#5390,.F.);
#5374 = FACE_BOUND('',#5375,.F.);
#5375 = EDGE_LOOP('',(#5376,#5377,#5383,#5384));
#5376 = ORIENTED_EDGE('',*,*,#4128,.T.);
#5377 = ORIENTED_EDGE('',*,*,#5378,.T.);
#5378 = EDGE_CURVE('',#4121,#4659,#5379,.T.);
#5379 = LINE('',#5380,#5381);
#5380 = CARTESIAN_POINT('',(-2.25,0.43,1.025));
#5381 = VECTOR('',#5382,1.);
#5382 = DIRECTION('',(1.,-1.144237745222E-17,0.));
#5383 = ORIENTED_EDGE('',*,*,#4658,.F.);
#5384 = ORIENTED_EDGE('',*,*,#5385,.F.);
#5385 = EDGE_CURVE('',#4112,#4651,#5386,.T.);
#5386 = LINE('',#5387,#5388);
#5387 = CARTESIAN_POINT('',(-2.25,-0.43,1.025));
#5388 = VECTOR('',#5389,1.);
#5389 = DIRECTION('',(1.,-1.144237745222E-17,0.));
#5390 = PLANE('',#5391);
#5391 = AXIS2_PLACEMENT_3D('',#5392,#5393,#5394);
#5392 = CARTESIAN_POINT('',(-3.027078129022E-16,2.4125,1.025));
#5393 = DIRECTION('',(2.007919022429E-31,-7.713306628828E-27,-1.));
#5394 = DIRECTION('',(1.,1.112083013911E-16,2.00791902242E-31));
#5395 = ADVANCED_FACE('',(#5396),#5482,.F.);
#5396 = FACE_BOUND('',#5397,.F.);
#5397 = EDGE_LOOP('',(#5398,#5399,#5400,#5409,#5417,#5426,#5434,#5442,
    #5450,#5459,#5467,#5476));
#5398 = ORIENTED_EDGE('',*,*,#4120,.F.);
#5399 = ORIENTED_EDGE('',*,*,#4142,.T.);
#5400 = ORIENTED_EDGE('',*,*,#5401,.T.);
#5401 = EDGE_CURVE('',#4143,#5402,#5404,.T.);
#5402 = VERTEX_POINT('',#5403);
#5403 = CARTESIAN_POINT('',(-2.348480775301,0.43,0.742364817767));
#5404 = CIRCLE('',#5405,0.1);
#5405 = AXIS2_PLACEMENT_3D('',#5406,#5407,#5408);
#5406 = CARTESIAN_POINT('',(-2.25,0.43,0.725));
#5407 = DIRECTION('',(-1.144237745222E-17,-1.,3.284293275761E-47));
#5408 = DIRECTION('',(-4.440892098501E-15,5.081436361563E-32,1.));
#5409 = ORIENTED_EDGE('',*,*,#5410,.T.);
#5410 = EDGE_CURVE('',#5402,#5411,#5413,.T.);
#5411 = VERTEX_POINT('',#5412);
#5412 = CARTESIAN_POINT('',(-2.429496640897,0.43,0.2479055467));
#5413 = LINE('',#5414,#5415);
#5414 = CARTESIAN_POINT('',(-2.348480775301,0.43,0.742364817767));
#5415 = VECTOR('',#5416,1.);
#5416 = DIRECTION('',(-0.161691392282,1.85013394127E-18,-0.986841372087)
  );
#5417 = ORIENTED_EDGE('',*,*,#5418,.T.);
#5418 = EDGE_CURVE('',#5411,#5419,#5421,.T.);
#5419 = VERTEX_POINT('',#5420);
#5420 = CARTESIAN_POINT('',(-2.724938966801,0.43,-1.665334536938E-16));
#5421 = CIRCLE('',#5422,0.3);
#5422 = AXIS2_PLACEMENT_3D('',#5423,#5424,#5425);
#5423 = CARTESIAN_POINT('',(-2.724938966801,0.43,0.3));
#5424 = DIRECTION('',(1.144237745222E-17,1.,7.703719777549E-34));
#5425 = DIRECTION('',(0.984807753012,-1.126854202784E-17,-0.173648177667
    ));
#5426 = ORIENTED_EDGE('',*,*,#5427,.T.);
#5427 = EDGE_CURVE('',#5419,#5428,#5430,.T.);
#5428 = VERTEX_POINT('',#5429);
#5429 = CARTESIAN_POINT('',(-3.,0.43,-1.665334536938E-16));
#5430 = LINE('',#5431,#5432);
#5431 = CARTESIAN_POINT('',(-2.724938966801,0.43,-1.665334536938E-16));
#5432 = VECTOR('',#5433,1.);
#5433 = DIRECTION('',(-1.,1.144237745222E-17,0.));
#5434 = ORIENTED_EDGE('',*,*,#5435,.T.);
#5435 = EDGE_CURVE('',#5428,#5436,#5438,.T.);
#5436 = VERTEX_POINT('',#5437);
#5437 = CARTESIAN_POINT('',(-3.,0.43,0.2));
#5438 = LINE('',#5439,#5440);
#5439 = CARTESIAN_POINT('',(-3.,0.43,-1.665334536938E-16));
#5440 = VECTOR('',#5441,1.);
#5441 = DIRECTION('',(0.,0.,1.));
#5442 = ORIENTED_EDGE('',*,*,#5443,.T.);
#5443 = EDGE_CURVE('',#5436,#5444,#5446,.T.);
#5444 = VERTEX_POINT('',#5445);
#5445 = CARTESIAN_POINT('',(-2.724938966801,0.43,0.2));
#5446 = LINE('',#5447,#5448);
#5447 = CARTESIAN_POINT('',(-3.,0.43,0.2));
#5448 = VECTOR('',#5449,1.);
#5449 = DIRECTION('',(1.,-1.144237745222E-17,0.));
#5450 = ORIENTED_EDGE('',*,*,#5451,.T.);
#5451 = EDGE_CURVE('',#5444,#5452,#5454,.T.);
#5452 = VERTEX_POINT('',#5453);
#5453 = CARTESIAN_POINT('',(-2.6264581915,0.43,0.282635182233));
#5454 = CIRCLE('',#5455,0.1);
#5455 = AXIS2_PLACEMENT_3D('',#5456,#5457,#5458);
#5456 = CARTESIAN_POINT('',(-2.724938966801,0.43,0.3));
#5457 = DIRECTION('',(-1.144237745222E-17,-1.,-0.));
#5458 = DIRECTION('',(0.,0.,-1.));
#5459 = ORIENTED_EDGE('',*,*,#5460,.T.);
#5460 = EDGE_CURVE('',#5452,#5461,#5463,.T.);
#5461 = VERTEX_POINT('',#5462);
#5462 = CARTESIAN_POINT('',(-2.545442325904,0.43,0.7770944533));
#5463 = LINE('',#5464,#5465);
#5464 = CARTESIAN_POINT('',(-2.6264581915,0.43,0.282635182233));
#5465 = VECTOR('',#5466,1.);
#5466 = DIRECTION('',(0.161691392282,-1.85013394127E-18,0.986841372087)
  );
#5467 = ORIENTED_EDGE('',*,*,#5468,.T.);
#5468 = EDGE_CURVE('',#5461,#5469,#5471,.T.);
#5469 = VERTEX_POINT('',#5470);
#5470 = CARTESIAN_POINT('',(-2.25,0.43,1.025));
#5471 = CIRCLE('',#5472,0.3);
#5472 = AXIS2_PLACEMENT_3D('',#5473,#5474,#5475);
#5473 = CARTESIAN_POINT('',(-2.25,0.43,0.725));
#5474 = DIRECTION('',(1.144237745222E-17,1.,7.703719777549E-34));
#5475 = DIRECTION('',(-0.984807753012,1.126854202784E-17,0.173648177667)
  );
#5476 = ORIENTED_EDGE('',*,*,#5477,.T.);
#5477 = EDGE_CURVE('',#5469,#4121,#5478,.T.);
#5478 = LINE('',#5479,#5480);
#5479 = CARTESIAN_POINT('',(-2.25,0.43,1.025));
#5480 = VECTOR('',#5481,1.);
#5481 = DIRECTION('',(1.,-1.144237745222E-17,0.));
#5482 = PLANE('',#5483);
#5483 = AXIS2_PLACEMENT_3D('',#5484,#5485,#5486);
#5484 = CARTESIAN_POINT('',(-2.42560961319,0.43,0.548953137803));
#5485 = DIRECTION('',(1.144237745222E-17,1.,0.));
#5486 = DIRECTION('',(0.,-0.,1.));
#5487 = ADVANCED_FACE('',(#5488),#5507,.F.);
#5488 = FACE_BOUND('',#5489,.F.);
#5489 = EDGE_LOOP('',(#5490,#5491,#5500,#5506));
#5490 = ORIENTED_EDGE('',*,*,#4159,.T.);
#5491 = ORIENTED_EDGE('',*,*,#5492,.T.);
#5492 = EDGE_CURVE('',#4152,#5493,#5495,.T.);
#5493 = VERTEX_POINT('',#5494);
#5494 = CARTESIAN_POINT('',(-2.348480775301,0.84,0.742364817767));
#5495 = CIRCLE('',#5496,0.1);
#5496 = AXIS2_PLACEMENT_3D('',#5497,#5498,#5499);
#5497 = CARTESIAN_POINT('',(-2.25,0.84,0.725));
#5498 = DIRECTION('',(-1.144237745222E-17,-1.,3.284293275761E-47));
#5499 = DIRECTION('',(-4.440892098501E-15,5.081436361563E-32,1.));
#5500 = ORIENTED_EDGE('',*,*,#5501,.F.);
#5501 = EDGE_CURVE('',#5402,#5493,#5502,.T.);
#5502 = LINE('',#5503,#5504);
#5503 = CARTESIAN_POINT('',(-2.348480775301,0.43,0.742364817767));
#5504 = VECTOR('',#5505,1.);
#5505 = DIRECTION('',(1.144237745222E-17,1.,0.));
#5506 = ORIENTED_EDGE('',*,*,#5401,.F.);
#5507 = CYLINDRICAL_SURFACE('',#5508,0.1);
#5508 = AXIS2_PLACEMENT_3D('',#5509,#5510,#5511);
#5509 = CARTESIAN_POINT('',(-2.25,0.43,0.725));
#5510 = DIRECTION('',(-1.144237745222E-17,-1.,0.));
#5511 = DIRECTION('',(-4.440892098501E-15,5.081436361563E-32,1.));
#5512 = ADVANCED_FACE('',(#5513),#5591,.T.);
#5513 = FACE_BOUND('',#5514,.T.);
#5514 = EDGE_LOOP('',(#5515,#5516,#5517,#5518,#5526,#5535,#5543,#5551,
    #5559,#5568,#5576,#5585));
#5515 = ORIENTED_EDGE('',*,*,#4173,.F.);
#5516 = ORIENTED_EDGE('',*,*,#4151,.T.);
#5517 = ORIENTED_EDGE('',*,*,#5492,.T.);
#5518 = ORIENTED_EDGE('',*,*,#5519,.T.);
#5519 = EDGE_CURVE('',#5493,#5520,#5522,.T.);
#5520 = VERTEX_POINT('',#5521);
#5521 = CARTESIAN_POINT('',(-2.429496640897,0.84,0.2479055467));
#5522 = LINE('',#5523,#5524);
#5523 = CARTESIAN_POINT('',(-2.348480775301,0.84,0.742364817767));
#5524 = VECTOR('',#5525,1.);
#5525 = DIRECTION('',(-0.161691392282,1.85013394127E-18,-0.986841372087)
  );
#5526 = ORIENTED_EDGE('',*,*,#5527,.T.);
#5527 = EDGE_CURVE('',#5520,#5528,#5530,.T.);
#5528 = VERTEX_POINT('',#5529);
#5529 = CARTESIAN_POINT('',(-2.724938966801,0.84,-1.665334536938E-16));
#5530 = CIRCLE('',#5531,0.3);
#5531 = AXIS2_PLACEMENT_3D('',#5532,#5533,#5534);
#5532 = CARTESIAN_POINT('',(-2.724938966801,0.84,0.3));
#5533 = DIRECTION('',(1.144237745222E-17,1.,7.703719777549E-34));
#5534 = DIRECTION('',(0.984807753012,-1.126854202784E-17,-0.173648177667
    ));
#5535 = ORIENTED_EDGE('',*,*,#5536,.T.);
#5536 = EDGE_CURVE('',#5528,#5537,#5539,.T.);
#5537 = VERTEX_POINT('',#5538);
#5538 = CARTESIAN_POINT('',(-3.,0.84,-1.665334536938E-16));
#5539 = LINE('',#5540,#5541);
#5540 = CARTESIAN_POINT('',(-2.724938966801,0.84,-1.665334536938E-16));
#5541 = VECTOR('',#5542,1.);
#5542 = DIRECTION('',(-1.,1.144237745222E-17,0.));
#5543 = ORIENTED_EDGE('',*,*,#5544,.T.);
#5544 = EDGE_CURVE('',#5537,#5545,#5547,.T.);
#5545 = VERTEX_POINT('',#5546);
#5546 = CARTESIAN_POINT('',(-3.,0.84,0.2));
#5547 = LINE('',#5548,#5549);
#5548 = CARTESIAN_POINT('',(-3.,0.84,-1.665334536938E-16));
#5549 = VECTOR('',#5550,1.);
#5550 = DIRECTION('',(0.,0.,1.));
#5551 = ORIENTED_EDGE('',*,*,#5552,.T.);
#5552 = EDGE_CURVE('',#5545,#5553,#5555,.T.);
#5553 = VERTEX_POINT('',#5554);
#5554 = CARTESIAN_POINT('',(-2.724938966801,0.84,0.2));
#5555 = LINE('',#5556,#5557);
#5556 = CARTESIAN_POINT('',(-3.,0.84,0.2));
#5557 = VECTOR('',#5558,1.);
#5558 = DIRECTION('',(1.,-1.144237745222E-17,0.));
#5559 = ORIENTED_EDGE('',*,*,#5560,.T.);
#5560 = EDGE_CURVE('',#5553,#5561,#5563,.T.);
#5561 = VERTEX_POINT('',#5562);
#5562 = CARTESIAN_POINT('',(-2.6264581915,0.84,0.282635182233));
#5563 = CIRCLE('',#5564,0.1);
#5564 = AXIS2_PLACEMENT_3D('',#5565,#5566,#5567);
#5565 = CARTESIAN_POINT('',(-2.724938966801,0.84,0.3));
#5566 = DIRECTION('',(-1.144237745222E-17,-1.,-0.));
#5567 = DIRECTION('',(0.,0.,-1.));
#5568 = ORIENTED_EDGE('',*,*,#5569,.T.);
#5569 = EDGE_CURVE('',#5561,#5570,#5572,.T.);
#5570 = VERTEX_POINT('',#5571);
#5571 = CARTESIAN_POINT('',(-2.545442325904,0.84,0.7770944533));
#5572 = LINE('',#5573,#5574);
#5573 = CARTESIAN_POINT('',(-2.6264581915,0.84,0.282635182233));
#5574 = VECTOR('',#5575,1.);
#5575 = DIRECTION('',(0.161691392282,-1.85013394127E-18,0.986841372087)
  );
#5576 = ORIENTED_EDGE('',*,*,#5577,.T.);
#5577 = EDGE_CURVE('',#5570,#5578,#5580,.T.);
#5578 = VERTEX_POINT('',#5579);
#5579 = CARTESIAN_POINT('',(-2.25,0.84,1.025));
#5580 = CIRCLE('',#5581,0.3);
#5581 = AXIS2_PLACEMENT_3D('',#5582,#5583,#5584);
#5582 = CARTESIAN_POINT('',(-2.25,0.84,0.725));
#5583 = DIRECTION('',(1.144237745222E-17,1.,7.703719777549E-34));
#5584 = DIRECTION('',(-0.984807753012,1.126854202784E-17,0.173648177667)
  );
#5585 = ORIENTED_EDGE('',*,*,#5586,.T.);
#5586 = EDGE_CURVE('',#5578,#4174,#5587,.T.);
#5587 = LINE('',#5588,#5589);
#5588 = CARTESIAN_POINT('',(-2.25,0.84,1.025));
#5589 = VECTOR('',#5590,1.);
#5590 = DIRECTION('',(1.,-1.144237745222E-17,0.));
#5591 = PLANE('',#5592);
#5592 = AXIS2_PLACEMENT_3D('',#5593,#5594,#5595);
#5593 = CARTESIAN_POINT('',(-2.42560961319,0.84,0.548953137803));
#5594 = DIRECTION('',(1.144237745222E-17,1.,0.));
#5595 = DIRECTION('',(0.,-0.,1.));
#5596 = ADVANCED_FACE('',(#5597),#5608,.F.);
#5597 = FACE_BOUND('',#5598,.F.);
#5598 = EDGE_LOOP('',(#5599,#5600,#5601,#5602));
#5599 = ORIENTED_EDGE('',*,*,#4190,.T.);
#5600 = ORIENTED_EDGE('',*,*,#4610,.T.);
#5601 = ORIENTED_EDGE('',*,*,#4674,.F.);
#5602 = ORIENTED_EDGE('',*,*,#5603,.F.);
#5603 = EDGE_CURVE('',#4174,#4667,#5604,.T.);
#5604 = LINE('',#5605,#5606);
#5605 = CARTESIAN_POINT('',(-2.25,0.84,1.025));
#5606 = VECTOR('',#5607,1.);
#5607 = DIRECTION('',(1.,-1.144237745222E-17,0.));
#5608 = PLANE('',#5609);
#5609 = AXIS2_PLACEMENT_3D('',#5610,#5611,#5612);
#5610 = CARTESIAN_POINT('',(-3.027078129022E-16,2.4125,1.025));
#5611 = DIRECTION('',(2.007919022429E-31,-7.713306628828E-27,-1.));
#5612 = DIRECTION('',(1.,1.112083013911E-16,2.00791902242E-31));
#5613 = ADVANCED_FACE('',(#5614),#5693,.F.);
#5614 = FACE_BOUND('',#5615,.F.);
#5615 = EDGE_LOOP('',(#5616,#5617,#5618,#5627,#5635,#5644,#5652,#5660,
    #5668,#5677,#5685,#5692));
#5616 = ORIENTED_EDGE('',*,*,#4182,.F.);
#5617 = ORIENTED_EDGE('',*,*,#4204,.T.);
#5618 = ORIENTED_EDGE('',*,*,#5619,.T.);
#5619 = EDGE_CURVE('',#4205,#5620,#5622,.T.);
#5620 = VERTEX_POINT('',#5621);
#5621 = CARTESIAN_POINT('',(-2.348480775301,1.7,0.742364817767));
#5622 = CIRCLE('',#5623,0.1);
#5623 = AXIS2_PLACEMENT_3D('',#5624,#5625,#5626);
#5624 = CARTESIAN_POINT('',(-2.25,1.7,0.725));
#5625 = DIRECTION('',(-1.144237745222E-17,-1.,3.284293275761E-47));
#5626 = DIRECTION('',(-4.440892098501E-15,5.081436361563E-32,1.));
#5627 = ORIENTED_EDGE('',*,*,#5628,.T.);
#5628 = EDGE_CURVE('',#5620,#5629,#5631,.T.);
#5629 = VERTEX_POINT('',#5630);
#5630 = CARTESIAN_POINT('',(-2.429496640897,1.7,0.2479055467));
#5631 = LINE('',#5632,#5633);
#5632 = CARTESIAN_POINT('',(-2.348480775301,1.7,0.742364817767));
#5633 = VECTOR('',#5634,1.);
#5634 = DIRECTION('',(-0.161691392282,1.85013394127E-18,-0.986841372087)
  );
#5635 = ORIENTED_EDGE('',*,*,#5636,.T.);
#5636 = EDGE_CURVE('',#5629,#5637,#5639,.T.);
#5637 = VERTEX_POINT('',#5638);
#5638 = CARTESIAN_POINT('',(-2.724938966801,1.7,-1.665334536938E-16));
#5639 = CIRCLE('',#5640,0.3);
#5640 = AXIS2_PLACEMENT_3D('',#5641,#5642,#5643);
#5641 = CARTESIAN_POINT('',(-2.724938966801,1.7,0.3));
#5642 = DIRECTION('',(1.144237745222E-17,1.,7.703719777549E-34));
#5643 = DIRECTION('',(0.984807753012,-1.126854202784E-17,-0.173648177667
    ));
#5644 = ORIENTED_EDGE('',*,*,#5645,.T.);
#5645 = EDGE_CURVE('',#5637,#5646,#5648,.T.);
#5646 = VERTEX_POINT('',#5647);
#5647 = CARTESIAN_POINT('',(-3.,1.7,-1.665334536938E-16));
#5648 = LINE('',#5649,#5650);
#5649 = CARTESIAN_POINT('',(-2.724938966801,1.7,-1.665334536938E-16));
#5650 = VECTOR('',#5651,1.);
#5651 = DIRECTION('',(-1.,1.144237745222E-17,0.));
#5652 = ORIENTED_EDGE('',*,*,#5653,.T.);
#5653 = EDGE_CURVE('',#5646,#5654,#5656,.T.);
#5654 = VERTEX_POINT('',#5655);
#5655 = CARTESIAN_POINT('',(-3.,1.7,0.2));
#5656 = LINE('',#5657,#5658);
#5657 = CARTESIAN_POINT('',(-3.,1.7,-1.665334536938E-16));
#5658 = VECTOR('',#5659,1.);
#5659 = DIRECTION('',(0.,0.,1.));
#5660 = ORIENTED_EDGE('',*,*,#5661,.T.);
#5661 = EDGE_CURVE('',#5654,#5662,#5664,.T.);
#5662 = VERTEX_POINT('',#5663);
#5663 = CARTESIAN_POINT('',(-2.724938966801,1.7,0.2));
#5664 = LINE('',#5665,#5666);
#5665 = CARTESIAN_POINT('',(-3.,1.7,0.2));
#5666 = VECTOR('',#5667,1.);
#5667 = DIRECTION('',(1.,-1.144237745222E-17,0.));
#5668 = ORIENTED_EDGE('',*,*,#5669,.T.);
#5669 = EDGE_CURVE('',#5662,#5670,#5672,.T.);
#5670 = VERTEX_POINT('',#5671);
#5671 = CARTESIAN_POINT('',(-2.6264581915,1.7,0.282635182233));
#5672 = CIRCLE('',#5673,0.1);
#5673 = AXIS2_PLACEMENT_3D('',#5674,#5675,#5676);
#5674 = CARTESIAN_POINT('',(-2.724938966801,1.7,0.3));
#5675 = DIRECTION('',(-1.144237745222E-17,-1.,-0.));
#5676 = DIRECTION('',(0.,0.,-1.));
#5677 = ORIENTED_EDGE('',*,*,#5678,.T.);
#5678 = EDGE_CURVE('',#5670,#5679,#5681,.T.);
#5679 = VERTEX_POINT('',#5680);
#5680 = CARTESIAN_POINT('',(-2.545442325904,1.7,0.7770944533));
#5681 = LINE('',#5682,#5683);
#5682 = CARTESIAN_POINT('',(-2.6264581915,1.7,0.282635182233));
#5683 = VECTOR('',#5684,1.);
#5684 = DIRECTION('',(0.161691392282,-1.85013394127E-18,0.986841372087)
  );
#5685 = ORIENTED_EDGE('',*,*,#5686,.T.);
#5686 = EDGE_CURVE('',#5679,#4580,#5687,.T.);
#5687 = CIRCLE('',#5688,0.3);
#5688 = AXIS2_PLACEMENT_3D('',#5689,#5690,#5691);
#5689 = CARTESIAN_POINT('',(-2.25,1.7,0.725));
#5690 = DIRECTION('',(1.144237745222E-17,1.,7.703719777549E-34));
#5691 = DIRECTION('',(-0.984807753012,1.126854202784E-17,0.173648177667)
  );
#5692 = ORIENTED_EDGE('',*,*,#4579,.T.);
#5693 = PLANE('',#5694);
#5694 = AXIS2_PLACEMENT_3D('',#5695,#5696,#5697);
#5695 = CARTESIAN_POINT('',(-2.42560961319,1.7,0.548953137803));
#5696 = DIRECTION('',(1.144237745222E-17,1.,0.));
#5697 = DIRECTION('',(0.,-0.,1.));
#5698 = ADVANCED_FACE('',(#5699),#5718,.F.);
#5699 = FACE_BOUND('',#5700,.F.);
#5700 = EDGE_LOOP('',(#5701,#5702,#5711,#5717));
#5701 = ORIENTED_EDGE('',*,*,#4221,.T.);
#5702 = ORIENTED_EDGE('',*,*,#5703,.T.);
#5703 = EDGE_CURVE('',#4214,#5704,#5706,.T.);
#5704 = VERTEX_POINT('',#5705);
#5705 = CARTESIAN_POINT('',(-2.348480775301,2.11,0.742364817767));
#5706 = CIRCLE('',#5707,0.1);
#5707 = AXIS2_PLACEMENT_3D('',#5708,#5709,#5710);
#5708 = CARTESIAN_POINT('',(-2.25,2.11,0.725));
#5709 = DIRECTION('',(-1.144237745222E-17,-1.,3.284293275761E-47));
#5710 = DIRECTION('',(-4.440892098501E-15,5.081436361563E-32,1.));
#5711 = ORIENTED_EDGE('',*,*,#5712,.F.);
#5712 = EDGE_CURVE('',#5620,#5704,#5713,.T.);
#5713 = LINE('',#5714,#5715);
#5714 = CARTESIAN_POINT('',(-2.348480775301,1.7,0.742364817767));
#5715 = VECTOR('',#5716,1.);
#5716 = DIRECTION('',(1.144237745222E-17,1.,0.));
#5717 = ORIENTED_EDGE('',*,*,#5619,.F.);
#5718 = CYLINDRICAL_SURFACE('',#5719,0.1);
#5719 = AXIS2_PLACEMENT_3D('',#5720,#5721,#5722);
#5720 = CARTESIAN_POINT('',(-2.25,1.7,0.725));
#5721 = DIRECTION('',(-1.144237745222E-17,-1.,0.));
#5722 = DIRECTION('',(-4.440892098501E-15,5.081436361563E-32,1.));
#5723 = ADVANCED_FACE('',(#5724),#5795,.T.);
#5724 = FACE_BOUND('',#5725,.T.);
#5725 = EDGE_LOOP('',(#5726,#5727,#5728,#5729,#5737,#5746,#5754,#5762,
    #5770,#5779,#5787,#5794));
#5726 = ORIENTED_EDGE('',*,*,#4235,.F.);
#5727 = ORIENTED_EDGE('',*,*,#4213,.T.);
#5728 = ORIENTED_EDGE('',*,*,#5703,.T.);
#5729 = ORIENTED_EDGE('',*,*,#5730,.T.);
#5730 = EDGE_CURVE('',#5704,#5731,#5733,.T.);
#5731 = VERTEX_POINT('',#5732);
#5732 = CARTESIAN_POINT('',(-2.429496640897,2.11,0.2479055467));
#5733 = LINE('',#5734,#5735);
#5734 = CARTESIAN_POINT('',(-2.348480775301,2.11,0.742364817767));
#5735 = VECTOR('',#5736,1.);
#5736 = DIRECTION('',(-0.161691392282,1.85013394127E-18,-0.986841372087)
  );
#5737 = ORIENTED_EDGE('',*,*,#5738,.T.);
#5738 = EDGE_CURVE('',#5731,#5739,#5741,.T.);
#5739 = VERTEX_POINT('',#5740);
#5740 = CARTESIAN_POINT('',(-2.724938966801,2.11,-1.665334536938E-16));
#5741 = CIRCLE('',#5742,0.3);
#5742 = AXIS2_PLACEMENT_3D('',#5743,#5744,#5745);
#5743 = CARTESIAN_POINT('',(-2.724938966801,2.11,0.3));
#5744 = DIRECTION('',(1.144237745222E-17,1.,7.703719777549E-34));
#5745 = DIRECTION('',(0.984807753012,-1.126854202784E-17,-0.173648177667
    ));
#5746 = ORIENTED_EDGE('',*,*,#5747,.T.);
#5747 = EDGE_CURVE('',#5739,#5748,#5750,.T.);
#5748 = VERTEX_POINT('',#5749);
#5749 = CARTESIAN_POINT('',(-3.,2.11,-1.665334536938E-16));
#5750 = LINE('',#5751,#5752);
#5751 = CARTESIAN_POINT('',(-2.724938966801,2.11,-1.665334536938E-16));
#5752 = VECTOR('',#5753,1.);
#5753 = DIRECTION('',(-1.,1.144237745222E-17,0.));
#5754 = ORIENTED_EDGE('',*,*,#5755,.T.);
#5755 = EDGE_CURVE('',#5748,#5756,#5758,.T.);
#5756 = VERTEX_POINT('',#5757);
#5757 = CARTESIAN_POINT('',(-3.,2.11,0.2));
#5758 = LINE('',#5759,#5760);
#5759 = CARTESIAN_POINT('',(-3.,2.11,-1.665334536938E-16));
#5760 = VECTOR('',#5761,1.);
#5761 = DIRECTION('',(0.,0.,1.));
#5762 = ORIENTED_EDGE('',*,*,#5763,.T.);
#5763 = EDGE_CURVE('',#5756,#5764,#5766,.T.);
#5764 = VERTEX_POINT('',#5765);
#5765 = CARTESIAN_POINT('',(-2.724938966801,2.11,0.2));
#5766 = LINE('',#5767,#5768);
#5767 = CARTESIAN_POINT('',(-3.,2.11,0.2));
#5768 = VECTOR('',#5769,1.);
#5769 = DIRECTION('',(1.,-1.144237745222E-17,0.));
#5770 = ORIENTED_EDGE('',*,*,#5771,.T.);
#5771 = EDGE_CURVE('',#5764,#5772,#5774,.T.);
#5772 = VERTEX_POINT('',#5773);
#5773 = CARTESIAN_POINT('',(-2.6264581915,2.11,0.282635182233));
#5774 = CIRCLE('',#5775,0.1);
#5775 = AXIS2_PLACEMENT_3D('',#5776,#5777,#5778);
#5776 = CARTESIAN_POINT('',(-2.724938966801,2.11,0.3));
#5777 = DIRECTION('',(-1.144237745222E-17,-1.,-0.));
#5778 = DIRECTION('',(0.,0.,-1.));
#5779 = ORIENTED_EDGE('',*,*,#5780,.T.);
#5780 = EDGE_CURVE('',#5772,#5781,#5783,.T.);
#5781 = VERTEX_POINT('',#5782);
#5782 = CARTESIAN_POINT('',(-2.545442325904,2.11,0.7770944533));
#5783 = LINE('',#5784,#5785);
#5784 = CARTESIAN_POINT('',(-2.6264581915,2.11,0.282635182233));
#5785 = VECTOR('',#5786,1.);
#5786 = DIRECTION('',(0.161691392282,-1.85013394127E-18,0.986841372087)
  );
#5787 = ORIENTED_EDGE('',*,*,#5788,.T.);
#5788 = EDGE_CURVE('',#5781,#4588,#5789,.T.);
#5789 = CIRCLE('',#5790,0.3);
#5790 = AXIS2_PLACEMENT_3D('',#5791,#5792,#5793);
#5791 = CARTESIAN_POINT('',(-2.25,2.11,0.725));
#5792 = DIRECTION('',(1.144237745222E-17,1.,7.703719777549E-34));
#5793 = DIRECTION('',(-0.984807753012,1.126854202784E-17,0.173648177667)
  );
#5794 = ORIENTED_EDGE('',*,*,#4595,.T.);
#5795 = PLANE('',#5796);
#5796 = AXIS2_PLACEMENT_3D('',#5797,#5798,#5799);
#5797 = CARTESIAN_POINT('',(-2.42560961319,2.11,0.548953137803));
#5798 = DIRECTION('',(1.144237745222E-17,1.,0.));
#5799 = DIRECTION('',(0.,-0.,1.));
#5800 = ADVANCED_FACE('',(#5801),#5880,.F.);
#5801 = FACE_BOUND('',#5802,.F.);
#5802 = EDGE_LOOP('',(#5803,#5804,#5805,#5814,#5822,#5831,#5839,#5847,
    #5855,#5864,#5872,#5879));
#5803 = ORIENTED_EDGE('',*,*,#4254,.F.);
#5804 = ORIENTED_EDGE('',*,*,#4269,.T.);
#5805 = ORIENTED_EDGE('',*,*,#5806,.T.);
#5806 = EDGE_CURVE('',#4270,#5807,#5809,.T.);
#5807 = VERTEX_POINT('',#5808);
#5808 = CARTESIAN_POINT('',(2.348480775301,2.11,0.742364817767));
#5809 = CIRCLE('',#5810,0.1);
#5810 = AXIS2_PLACEMENT_3D('',#5811,#5812,#5813);
#5811 = CARTESIAN_POINT('',(2.25,2.11,0.725));
#5812 = DIRECTION('',(-1.110223024625E-16,1.,0.));
#5813 = DIRECTION('',(4.440892098501E-15,4.930380657631E-31,1.));
#5814 = ORIENTED_EDGE('',*,*,#5815,.T.);
#5815 = EDGE_CURVE('',#5807,#5816,#5818,.T.);
#5816 = VERTEX_POINT('',#5817);
#5817 = CARTESIAN_POINT('',(2.429496640897,2.11,0.2479055467));
#5818 = LINE('',#5819,#5820);
#5819 = CARTESIAN_POINT('',(2.348480775301,2.11,0.742364817767));
#5820 = VECTOR('',#5821,1.);
#5821 = DIRECTION('',(0.161691392282,1.795135065956E-17,-0.986841372087)
  );
#5822 = ORIENTED_EDGE('',*,*,#5823,.T.);
#5823 = EDGE_CURVE('',#5816,#5824,#5826,.T.);
#5824 = VERTEX_POINT('',#5825);
#5825 = CARTESIAN_POINT('',(2.724938966801,2.11,-1.665334536938E-16));
#5826 = CIRCLE('',#5827,0.3);
#5827 = AXIS2_PLACEMENT_3D('',#5828,#5829,#5830);
#5828 = CARTESIAN_POINT('',(2.724938966801,2.11,0.3));
#5829 = DIRECTION('',(1.110223024625E-16,-1.,0.));
#5830 = DIRECTION('',(-0.984807753012,-1.093356242223E-16,
    -0.173648177667));
#5831 = ORIENTED_EDGE('',*,*,#5832,.T.);
#5832 = EDGE_CURVE('',#5824,#5833,#5835,.T.);
#5833 = VERTEX_POINT('',#5834);
#5834 = CARTESIAN_POINT('',(3.,2.11,-1.665334536938E-16));
#5835 = LINE('',#5836,#5837);
#5836 = CARTESIAN_POINT('',(2.724938966801,2.11,-1.665334536938E-16));
#5837 = VECTOR('',#5838,1.);
#5838 = DIRECTION('',(1.,1.110223024625E-16,0.));
#5839 = ORIENTED_EDGE('',*,*,#5840,.T.);
#5840 = EDGE_CURVE('',#5833,#5841,#5843,.T.);
#5841 = VERTEX_POINT('',#5842);
#5842 = CARTESIAN_POINT('',(3.,2.11,0.2));
#5843 = LINE('',#5844,#5845);
#5844 = CARTESIAN_POINT('',(3.,2.11,-1.665334536938E-16));
#5845 = VECTOR('',#5846,1.);
#5846 = DIRECTION('',(0.,0.,1.));
#5847 = ORIENTED_EDGE('',*,*,#5848,.T.);
#5848 = EDGE_CURVE('',#5841,#5849,#5851,.T.);
#5849 = VERTEX_POINT('',#5850);
#5850 = CARTESIAN_POINT('',(2.724938966801,2.11,0.2));
#5851 = LINE('',#5852,#5853);
#5852 = CARTESIAN_POINT('',(3.,2.11,0.2));
#5853 = VECTOR('',#5854,1.);
#5854 = DIRECTION('',(-1.,-1.110223024625E-16,0.));
#5855 = ORIENTED_EDGE('',*,*,#5856,.T.);
#5856 = EDGE_CURVE('',#5849,#5857,#5859,.T.);
#5857 = VERTEX_POINT('',#5858);
#5858 = CARTESIAN_POINT('',(2.6264581915,2.11,0.282635182233));
#5859 = CIRCLE('',#5860,0.1);
#5860 = AXIS2_PLACEMENT_3D('',#5861,#5862,#5863);
#5861 = CARTESIAN_POINT('',(2.724938966801,2.11,0.3));
#5862 = DIRECTION('',(-1.110223024625E-16,1.,0.));
#5863 = DIRECTION('',(0.,0.,-1.));
#5864 = ORIENTED_EDGE('',*,*,#5865,.T.);
#5865 = EDGE_CURVE('',#5857,#5866,#5868,.T.);
#5866 = VERTEX_POINT('',#5867);
#5867 = CARTESIAN_POINT('',(2.545442325904,2.11,0.7770944533));
#5868 = LINE('',#5869,#5870);
#5869 = CARTESIAN_POINT('',(2.6264581915,2.11,0.282635182233));
#5870 = VECTOR('',#5871,1.);
#5871 = DIRECTION('',(-0.161691392282,-1.795135065956E-17,0.986841372087
    ));
#5872 = ORIENTED_EDGE('',*,*,#5873,.T.);
#5873 = EDGE_CURVE('',#5866,#4867,#5874,.T.);
#5874 = CIRCLE('',#5875,0.3);
#5875 = AXIS2_PLACEMENT_3D('',#5876,#5877,#5878);
#5876 = CARTESIAN_POINT('',(2.25,2.11,0.725));
#5877 = DIRECTION('',(1.110223024625E-16,-1.,0.));
#5878 = DIRECTION('',(0.984807753012,1.093356242223E-16,0.173648177667)
  );
#5879 = ORIENTED_EDGE('',*,*,#4866,.T.);
#5880 = PLANE('',#5881);
#5881 = AXIS2_PLACEMENT_3D('',#5882,#5883,#5884);
#5882 = CARTESIAN_POINT('',(2.42560961319,2.11,0.548953137803));
#5883 = DIRECTION('',(1.110223024625E-16,-1.,0.));
#5884 = DIRECTION('',(0.,0.,1.));
#5885 = ADVANCED_FACE('',(#5886),#5905,.F.);
#5886 = FACE_BOUND('',#5887,.F.);
#5887 = EDGE_LOOP('',(#5888,#5889,#5898,#5904));
#5888 = ORIENTED_EDGE('',*,*,#4286,.T.);
#5889 = ORIENTED_EDGE('',*,*,#5890,.T.);
#5890 = EDGE_CURVE('',#4279,#5891,#5893,.T.);
#5891 = VERTEX_POINT('',#5892);
#5892 = CARTESIAN_POINT('',(2.348480775301,1.7,0.742364817767));
#5893 = CIRCLE('',#5894,0.1);
#5894 = AXIS2_PLACEMENT_3D('',#5895,#5896,#5897);
#5895 = CARTESIAN_POINT('',(2.25,1.7,0.725));
#5896 = DIRECTION('',(-1.110223024625E-16,1.,0.));
#5897 = DIRECTION('',(4.440892098501E-15,4.930380657631E-31,1.));
#5898 = ORIENTED_EDGE('',*,*,#5899,.F.);
#5899 = EDGE_CURVE('',#5807,#5891,#5900,.T.);
#5900 = LINE('',#5901,#5902);
#5901 = CARTESIAN_POINT('',(2.348480775301,2.11,0.742364817767));
#5902 = VECTOR('',#5903,1.);
#5903 = DIRECTION('',(1.110223024625E-16,-1.,0.));
#5904 = ORIENTED_EDGE('',*,*,#5806,.F.);
#5905 = CYLINDRICAL_SURFACE('',#5906,0.1);
#5906 = AXIS2_PLACEMENT_3D('',#5907,#5908,#5909);
#5907 = CARTESIAN_POINT('',(2.25,2.11,0.725));
#5908 = DIRECTION('',(-1.110223024625E-16,1.,0.));
#5909 = DIRECTION('',(4.440892098501E-15,4.930380657631E-31,1.));
#5910 = ADVANCED_FACE('',(#5911),#5982,.T.);
#5911 = FACE_BOUND('',#5912,.T.);
#5912 = EDGE_LOOP('',(#5913,#5914,#5915,#5916,#5924,#5933,#5941,#5949,
    #5957,#5966,#5974,#5981));
#5913 = ORIENTED_EDGE('',*,*,#4300,.F.);
#5914 = ORIENTED_EDGE('',*,*,#4278,.T.);
#5915 = ORIENTED_EDGE('',*,*,#5890,.T.);
#5916 = ORIENTED_EDGE('',*,*,#5917,.T.);
#5917 = EDGE_CURVE('',#5891,#5918,#5920,.T.);
#5918 = VERTEX_POINT('',#5919);
#5919 = CARTESIAN_POINT('',(2.429496640897,1.7,0.2479055467));
#5920 = LINE('',#5921,#5922);
#5921 = CARTESIAN_POINT('',(2.348480775301,1.7,0.742364817767));
#5922 = VECTOR('',#5923,1.);
#5923 = DIRECTION('',(0.161691392282,1.795135065956E-17,-0.986841372087)
  );
#5924 = ORIENTED_EDGE('',*,*,#5925,.T.);
#5925 = EDGE_CURVE('',#5918,#5926,#5928,.T.);
#5926 = VERTEX_POINT('',#5927);
#5927 = CARTESIAN_POINT('',(2.724938966801,1.7,-1.665334536938E-16));
#5928 = CIRCLE('',#5929,0.3);
#5929 = AXIS2_PLACEMENT_3D('',#5930,#5931,#5932);
#5930 = CARTESIAN_POINT('',(2.724938966801,1.7,0.3));
#5931 = DIRECTION('',(1.110223024625E-16,-1.,0.));
#5932 = DIRECTION('',(-0.984807753012,-1.093356242223E-16,
    -0.173648177667));
#5933 = ORIENTED_EDGE('',*,*,#5934,.T.);
#5934 = EDGE_CURVE('',#5926,#5935,#5937,.T.);
#5935 = VERTEX_POINT('',#5936);
#5936 = CARTESIAN_POINT('',(3.,1.7,-1.665334536938E-16));
#5937 = LINE('',#5938,#5939);
#5938 = CARTESIAN_POINT('',(2.724938966801,1.7,-1.665334536938E-16));
#5939 = VECTOR('',#5940,1.);
#5940 = DIRECTION('',(1.,1.110223024625E-16,0.));
#5941 = ORIENTED_EDGE('',*,*,#5942,.T.);
#5942 = EDGE_CURVE('',#5935,#5943,#5945,.T.);
#5943 = VERTEX_POINT('',#5944);
#5944 = CARTESIAN_POINT('',(3.,1.7,0.2));
#5945 = LINE('',#5946,#5947);
#5946 = CARTESIAN_POINT('',(3.,1.7,-1.665334536938E-16));
#5947 = VECTOR('',#5948,1.);
#5948 = DIRECTION('',(0.,0.,1.));
#5949 = ORIENTED_EDGE('',*,*,#5950,.T.);
#5950 = EDGE_CURVE('',#5943,#5951,#5953,.T.);
#5951 = VERTEX_POINT('',#5952);
#5952 = CARTESIAN_POINT('',(2.724938966801,1.7,0.2));
#5953 = LINE('',#5954,#5955);
#5954 = CARTESIAN_POINT('',(3.,1.7,0.2));
#5955 = VECTOR('',#5956,1.);
#5956 = DIRECTION('',(-1.,-1.110223024625E-16,0.));
#5957 = ORIENTED_EDGE('',*,*,#5958,.T.);
#5958 = EDGE_CURVE('',#5951,#5959,#5961,.T.);
#5959 = VERTEX_POINT('',#5960);
#5960 = CARTESIAN_POINT('',(2.6264581915,1.7,0.282635182233));
#5961 = CIRCLE('',#5962,0.1);
#5962 = AXIS2_PLACEMENT_3D('',#5963,#5964,#5965);
#5963 = CARTESIAN_POINT('',(2.724938966801,1.7,0.3));
#5964 = DIRECTION('',(-1.110223024625E-16,1.,0.));
#5965 = DIRECTION('',(0.,0.,-1.));
#5966 = ORIENTED_EDGE('',*,*,#5967,.T.);
#5967 = EDGE_CURVE('',#5959,#5968,#5970,.T.);
#5968 = VERTEX_POINT('',#5969);
#5969 = CARTESIAN_POINT('',(2.545442325904,1.7,0.7770944533));
#5970 = LINE('',#5971,#5972);
#5971 = CARTESIAN_POINT('',(2.6264581915,1.7,0.282635182233));
#5972 = VECTOR('',#5973,1.);
#5973 = DIRECTION('',(-0.161691392282,-1.795135065956E-17,0.986841372087
    ));
#5974 = ORIENTED_EDGE('',*,*,#5975,.T.);
#5975 = EDGE_CURVE('',#5968,#4875,#5976,.T.);
#5976 = CIRCLE('',#5977,0.3);
#5977 = AXIS2_PLACEMENT_3D('',#5978,#5979,#5980);
#5978 = CARTESIAN_POINT('',(2.25,1.7,0.725));
#5979 = DIRECTION('',(1.110223024625E-16,-1.,0.));
#5980 = DIRECTION('',(0.984807753012,1.093356242223E-16,0.173648177667)
  );
#5981 = ORIENTED_EDGE('',*,*,#4882,.T.);
#5982 = PLANE('',#5983);
#5983 = AXIS2_PLACEMENT_3D('',#5984,#5985,#5986);
#5984 = CARTESIAN_POINT('',(2.42560961319,1.7,0.548953137803));
#5985 = DIRECTION('',(1.110223024625E-16,-1.,0.));
#5986 = DIRECTION('',(0.,0.,1.));
#5987 = ADVANCED_FACE('',(#5988),#5999,.F.);
#5988 = FACE_BOUND('',#5989,.F.);
#5989 = EDGE_LOOP('',(#5990,#5991,#5992,#5998));
#5990 = ORIENTED_EDGE('',*,*,#4888,.F.);
#5991 = ORIENTED_EDGE('',*,*,#4317,.T.);
#5992 = ORIENTED_EDGE('',*,*,#5993,.T.);
#5993 = EDGE_CURVE('',#4310,#4789,#5994,.T.);
#5994 = LINE('',#5995,#5996);
#5995 = CARTESIAN_POINT('',(2.25,0.84,1.025));
#5996 = VECTOR('',#5997,1.);
#5997 = DIRECTION('',(-1.,-1.110223024625E-16,0.));
#5998 = ORIENTED_EDGE('',*,*,#4788,.F.);
#5999 = PLANE('',#6000);
#6000 = AXIS2_PLACEMENT_3D('',#6001,#6002,#6003);
#6001 = CARTESIAN_POINT('',(-3.027078129022E-16,2.4125,1.025));
#6002 = DIRECTION('',(2.007919022429E-31,-7.713306628828E-27,-1.));
#6003 = DIRECTION('',(1.,1.112083013911E-16,2.00791902242E-31));
#6004 = ADVANCED_FACE('',(#6005),#6091,.F.);
#6005 = FACE_BOUND('',#6006,.F.);
#6006 = EDGE_LOOP('',(#6007,#6008,#6009,#6018,#6026,#6035,#6043,#6051,
    #6059,#6068,#6076,#6085));
#6007 = ORIENTED_EDGE('',*,*,#4309,.F.);
#6008 = ORIENTED_EDGE('',*,*,#4331,.T.);
#6009 = ORIENTED_EDGE('',*,*,#6010,.T.);
#6010 = EDGE_CURVE('',#4332,#6011,#6013,.T.);
#6011 = VERTEX_POINT('',#6012);
#6012 = CARTESIAN_POINT('',(2.348480775301,0.84,0.742364817767));
#6013 = CIRCLE('',#6014,0.1);
#6014 = AXIS2_PLACEMENT_3D('',#6015,#6016,#6017);
#6015 = CARTESIAN_POINT('',(2.25,0.84,0.725));
#6016 = DIRECTION('',(-1.110223024625E-16,1.,0.));
#6017 = DIRECTION('',(4.440892098501E-15,4.930380657631E-31,1.));
#6018 = ORIENTED_EDGE('',*,*,#6019,.T.);
#6019 = EDGE_CURVE('',#6011,#6020,#6022,.T.);
#6020 = VERTEX_POINT('',#6021);
#6021 = CARTESIAN_POINT('',(2.429496640897,0.84,0.2479055467));
#6022 = LINE('',#6023,#6024);
#6023 = CARTESIAN_POINT('',(2.348480775301,0.84,0.742364817767));
#6024 = VECTOR('',#6025,1.);
#6025 = DIRECTION('',(0.161691392282,1.795135065956E-17,-0.986841372087)
  );
#6026 = ORIENTED_EDGE('',*,*,#6027,.T.);
#6027 = EDGE_CURVE('',#6020,#6028,#6030,.T.);
#6028 = VERTEX_POINT('',#6029);
#6029 = CARTESIAN_POINT('',(2.724938966801,0.84,-1.665334536938E-16));
#6030 = CIRCLE('',#6031,0.3);
#6031 = AXIS2_PLACEMENT_3D('',#6032,#6033,#6034);
#6032 = CARTESIAN_POINT('',(2.724938966801,0.84,0.3));
#6033 = DIRECTION('',(1.110223024625E-16,-1.,0.));
#6034 = DIRECTION('',(-0.984807753012,-1.093356242223E-16,
    -0.173648177667));
#6035 = ORIENTED_EDGE('',*,*,#6036,.T.);
#6036 = EDGE_CURVE('',#6028,#6037,#6039,.T.);
#6037 = VERTEX_POINT('',#6038);
#6038 = CARTESIAN_POINT('',(3.,0.84,-1.665334536938E-16));
#6039 = LINE('',#6040,#6041);
#6040 = CARTESIAN_POINT('',(2.724938966801,0.84,-1.665334536938E-16));
#6041 = VECTOR('',#6042,1.);
#6042 = DIRECTION('',(1.,1.110223024625E-16,0.));
#6043 = ORIENTED_EDGE('',*,*,#6044,.T.);
#6044 = EDGE_CURVE('',#6037,#6045,#6047,.T.);
#6045 = VERTEX_POINT('',#6046);
#6046 = CARTESIAN_POINT('',(3.,0.84,0.2));
#6047 = LINE('',#6048,#6049);
#6048 = CARTESIAN_POINT('',(3.,0.84,-1.665334536938E-16));
#6049 = VECTOR('',#6050,1.);
#6050 = DIRECTION('',(0.,0.,1.));
#6051 = ORIENTED_EDGE('',*,*,#6052,.T.);
#6052 = EDGE_CURVE('',#6045,#6053,#6055,.T.);
#6053 = VERTEX_POINT('',#6054);
#6054 = CARTESIAN_POINT('',(2.724938966801,0.84,0.2));
#6055 = LINE('',#6056,#6057);
#6056 = CARTESIAN_POINT('',(3.,0.84,0.2));
#6057 = VECTOR('',#6058,1.);
#6058 = DIRECTION('',(-1.,-1.110223024625E-16,0.));
#6059 = ORIENTED_EDGE('',*,*,#6060,.T.);
#6060 = EDGE_CURVE('',#6053,#6061,#6063,.T.);
#6061 = VERTEX_POINT('',#6062);
#6062 = CARTESIAN_POINT('',(2.6264581915,0.84,0.282635182233));
#6063 = CIRCLE('',#6064,0.1);
#6064 = AXIS2_PLACEMENT_3D('',#6065,#6066,#6067);
#6065 = CARTESIAN_POINT('',(2.724938966801,0.84,0.3));
#6066 = DIRECTION('',(-1.110223024625E-16,1.,0.));
#6067 = DIRECTION('',(0.,0.,-1.));
#6068 = ORIENTED_EDGE('',*,*,#6069,.T.);
#6069 = EDGE_CURVE('',#6061,#6070,#6072,.T.);
#6070 = VERTEX_POINT('',#6071);
#6071 = CARTESIAN_POINT('',(2.545442325904,0.84,0.7770944533));
#6072 = LINE('',#6073,#6074);
#6073 = CARTESIAN_POINT('',(2.6264581915,0.84,0.282635182233));
#6074 = VECTOR('',#6075,1.);
#6075 = DIRECTION('',(-0.161691392282,-1.795135065956E-17,0.986841372087
    ));
#6076 = ORIENTED_EDGE('',*,*,#6077,.T.);
#6077 = EDGE_CURVE('',#6070,#6078,#6080,.T.);
#6078 = VERTEX_POINT('',#6079);
#6079 = CARTESIAN_POINT('',(2.25,0.84,1.025));
#6080 = CIRCLE('',#6081,0.3);
#6081 = AXIS2_PLACEMENT_3D('',#6082,#6083,#6084);
#6082 = CARTESIAN_POINT('',(2.25,0.84,0.725));
#6083 = DIRECTION('',(1.110223024625E-16,-1.,0.));
#6084 = DIRECTION('',(0.984807753012,1.093356242223E-16,0.173648177667)
  );
#6085 = ORIENTED_EDGE('',*,*,#6086,.T.);
#6086 = EDGE_CURVE('',#6078,#4310,#6087,.T.);
#6087 = LINE('',#6088,#6089);
#6088 = CARTESIAN_POINT('',(2.25,0.84,1.025));
#6089 = VECTOR('',#6090,1.);
#6090 = DIRECTION('',(-1.,-1.110223024625E-16,0.));
#6091 = PLANE('',#6092);
#6092 = AXIS2_PLACEMENT_3D('',#6093,#6094,#6095);
#6093 = CARTESIAN_POINT('',(2.42560961319,0.84,0.548953137803));
#6094 = DIRECTION('',(1.110223024625E-16,-1.,0.));
#6095 = DIRECTION('',(0.,0.,1.));
#6096 = ADVANCED_FACE('',(#6097),#6116,.F.);
#6097 = FACE_BOUND('',#6098,.F.);
#6098 = EDGE_LOOP('',(#6099,#6100,#6109,#6115));
#6099 = ORIENTED_EDGE('',*,*,#4348,.T.);
#6100 = ORIENTED_EDGE('',*,*,#6101,.T.);
#6101 = EDGE_CURVE('',#4341,#6102,#6104,.T.);
#6102 = VERTEX_POINT('',#6103);
#6103 = CARTESIAN_POINT('',(2.348480775301,0.43,0.742364817767));
#6104 = CIRCLE('',#6105,0.1);
#6105 = AXIS2_PLACEMENT_3D('',#6106,#6107,#6108);
#6106 = CARTESIAN_POINT('',(2.25,0.43,0.725));
#6107 = DIRECTION('',(-1.110223024625E-16,1.,0.));
#6108 = DIRECTION('',(4.440892098501E-15,4.930380657631E-31,1.));
#6109 = ORIENTED_EDGE('',*,*,#6110,.F.);
#6110 = EDGE_CURVE('',#6011,#6102,#6111,.T.);
#6111 = LINE('',#6112,#6113);
#6112 = CARTESIAN_POINT('',(2.348480775301,0.84,0.742364817767));
#6113 = VECTOR('',#6114,1.);
#6114 = DIRECTION('',(1.110223024625E-16,-1.,0.));
#6115 = ORIENTED_EDGE('',*,*,#6010,.F.);
#6116 = CYLINDRICAL_SURFACE('',#6117,0.1);
#6117 = AXIS2_PLACEMENT_3D('',#6118,#6119,#6120);
#6118 = CARTESIAN_POINT('',(2.25,0.84,0.725));
#6119 = DIRECTION('',(-1.110223024625E-16,1.,0.));
#6120 = DIRECTION('',(4.440892098501E-15,4.930380657631E-31,1.));
#6121 = ADVANCED_FACE('',(#6122),#6200,.T.);
#6122 = FACE_BOUND('',#6123,.T.);
#6123 = EDGE_LOOP('',(#6124,#6125,#6126,#6127,#6135,#6144,#6152,#6160,
    #6168,#6177,#6185,#6194));
#6124 = ORIENTED_EDGE('',*,*,#4362,.F.);
#6125 = ORIENTED_EDGE('',*,*,#4340,.T.);
#6126 = ORIENTED_EDGE('',*,*,#6101,.T.);
#6127 = ORIENTED_EDGE('',*,*,#6128,.T.);
#6128 = EDGE_CURVE('',#6102,#6129,#6131,.T.);
#6129 = VERTEX_POINT('',#6130);
#6130 = CARTESIAN_POINT('',(2.429496640897,0.43,0.2479055467));
#6131 = LINE('',#6132,#6133);
#6132 = CARTESIAN_POINT('',(2.348480775301,0.43,0.742364817767));
#6133 = VECTOR('',#6134,1.);
#6134 = DIRECTION('',(0.161691392282,1.795135065956E-17,-0.986841372087)
  );
#6135 = ORIENTED_EDGE('',*,*,#6136,.T.);
#6136 = EDGE_CURVE('',#6129,#6137,#6139,.T.);
#6137 = VERTEX_POINT('',#6138);
#6138 = CARTESIAN_POINT('',(2.724938966801,0.43,-1.665334536938E-16));
#6139 = CIRCLE('',#6140,0.3);
#6140 = AXIS2_PLACEMENT_3D('',#6141,#6142,#6143);
#6141 = CARTESIAN_POINT('',(2.724938966801,0.43,0.3));
#6142 = DIRECTION('',(1.110223024625E-16,-1.,0.));
#6143 = DIRECTION('',(-0.984807753012,-1.093356242223E-16,
    -0.173648177667));
#6144 = ORIENTED_EDGE('',*,*,#6145,.T.);
#6145 = EDGE_CURVE('',#6137,#6146,#6148,.T.);
#6146 = VERTEX_POINT('',#6147);
#6147 = CARTESIAN_POINT('',(3.,0.43,-1.665334536938E-16));
#6148 = LINE('',#6149,#6150);
#6149 = CARTESIAN_POINT('',(2.724938966801,0.43,-1.665334536938E-16));
#6150 = VECTOR('',#6151,1.);
#6151 = DIRECTION('',(1.,1.110223024625E-16,0.));
#6152 = ORIENTED_EDGE('',*,*,#6153,.T.);
#6153 = EDGE_CURVE('',#6146,#6154,#6156,.T.);
#6154 = VERTEX_POINT('',#6155);
#6155 = CARTESIAN_POINT('',(3.,0.43,0.2));
#6156 = LINE('',#6157,#6158);
#6157 = CARTESIAN_POINT('',(3.,0.43,-1.665334536938E-16));
#6158 = VECTOR('',#6159,1.);
#6159 = DIRECTION('',(0.,0.,1.));
#6160 = ORIENTED_EDGE('',*,*,#6161,.T.);
#6161 = EDGE_CURVE('',#6154,#6162,#6164,.T.);
#6162 = VERTEX_POINT('',#6163);
#6163 = CARTESIAN_POINT('',(2.724938966801,0.43,0.2));
#6164 = LINE('',#6165,#6166);
#6165 = CARTESIAN_POINT('',(3.,0.43,0.2));
#6166 = VECTOR('',#6167,1.);
#6167 = DIRECTION('',(-1.,-1.110223024625E-16,0.));
#6168 = ORIENTED_EDGE('',*,*,#6169,.T.);
#6169 = EDGE_CURVE('',#6162,#6170,#6172,.T.);
#6170 = VERTEX_POINT('',#6171);
#6171 = CARTESIAN_POINT('',(2.6264581915,0.43,0.282635182233));
#6172 = CIRCLE('',#6173,0.1);
#6173 = AXIS2_PLACEMENT_3D('',#6174,#6175,#6176);
#6174 = CARTESIAN_POINT('',(2.724938966801,0.43,0.3));
#6175 = DIRECTION('',(-1.110223024625E-16,1.,0.));
#6176 = DIRECTION('',(0.,0.,-1.));
#6177 = ORIENTED_EDGE('',*,*,#6178,.T.);
#6178 = EDGE_CURVE('',#6170,#6179,#6181,.T.);
#6179 = VERTEX_POINT('',#6180);
#6180 = CARTESIAN_POINT('',(2.545442325904,0.43,0.7770944533));
#6181 = LINE('',#6182,#6183);
#6182 = CARTESIAN_POINT('',(2.6264581915,0.43,0.282635182233));
#6183 = VECTOR('',#6184,1.);
#6184 = DIRECTION('',(-0.161691392282,-1.795135065956E-17,0.986841372087
    ));
#6185 = ORIENTED_EDGE('',*,*,#6186,.T.);
#6186 = EDGE_CURVE('',#6179,#6187,#6189,.T.);
#6187 = VERTEX_POINT('',#6188);
#6188 = CARTESIAN_POINT('',(2.25,0.43,1.025));
#6189 = CIRCLE('',#6190,0.3);
#6190 = AXIS2_PLACEMENT_3D('',#6191,#6192,#6193);
#6191 = CARTESIAN_POINT('',(2.25,0.43,0.725));
#6192 = DIRECTION('',(1.110223024625E-16,-1.,0.));
#6193 = DIRECTION('',(0.984807753012,1.093356242223E-16,0.173648177667)
  );
#6194 = ORIENTED_EDGE('',*,*,#6195,.T.);
#6195 = EDGE_CURVE('',#6187,#4363,#6196,.T.);
#6196 = LINE('',#6197,#6198);
#6197 = CARTESIAN_POINT('',(2.25,0.43,1.025));
#6198 = VECTOR('',#6199,1.);
#6199 = DIRECTION('',(-1.,-1.110223024625E-16,0.));
#6200 = PLANE('',#6201);
#6201 = AXIS2_PLACEMENT_3D('',#6202,#6203,#6204);
#6202 = CARTESIAN_POINT('',(2.42560961319,0.43,0.548953137803));
#6203 = DIRECTION('',(1.110223024625E-16,-1.,0.));
#6204 = DIRECTION('',(0.,0.,1.));
#6205 = ADVANCED_FACE('',(#6206),#6222,.F.);
#6206 = FACE_BOUND('',#6207,.F.);
#6207 = EDGE_LOOP('',(#6208,#6214,#6215,#6221));
#6208 = ORIENTED_EDGE('',*,*,#6209,.F.);
#6209 = EDGE_CURVE('',#4363,#4797,#6210,.T.);
#6210 = LINE('',#6211,#6212);
#6211 = CARTESIAN_POINT('',(2.25,0.43,1.025));
#6212 = VECTOR('',#6213,1.);
#6213 = DIRECTION('',(-1.,-1.110223024625E-16,0.));
#6214 = ORIENTED_EDGE('',*,*,#4379,.T.);
#6215 = ORIENTED_EDGE('',*,*,#6216,.T.);
#6216 = EDGE_CURVE('',#4372,#4805,#6217,.T.);
#6217 = LINE('',#6218,#6219);
#6218 = CARTESIAN_POINT('',(2.25,-0.43,1.025));
#6219 = VECTOR('',#6220,1.);
#6220 = DIRECTION('',(-1.,-1.110223024625E-16,0.));
#6221 = ORIENTED_EDGE('',*,*,#4804,.F.);
#6222 = PLANE('',#6223);
#6223 = AXIS2_PLACEMENT_3D('',#6224,#6225,#6226);
#6224 = CARTESIAN_POINT('',(-3.027078129022E-16,2.4125,1.025));
#6225 = DIRECTION('',(2.007919022429E-31,-7.713306628828E-27,-1.));
#6226 = DIRECTION('',(1.,1.112083013911E-16,2.00791902242E-31));
#6227 = ADVANCED_FACE('',(#6228),#6314,.F.);
#6228 = FACE_BOUND('',#6229,.F.);
#6229 = EDGE_LOOP('',(#6230,#6231,#6232,#6241,#6249,#6258,#6266,#6274,
    #6282,#6291,#6299,#6308));
#6230 = ORIENTED_EDGE('',*,*,#4371,.F.);
#6231 = ORIENTED_EDGE('',*,*,#4393,.T.);
#6232 = ORIENTED_EDGE('',*,*,#6233,.T.);
#6233 = EDGE_CURVE('',#4394,#6234,#6236,.T.);
#6234 = VERTEX_POINT('',#6235);
#6235 = CARTESIAN_POINT('',(2.348480775301,-0.43,0.742364817767));
#6236 = CIRCLE('',#6237,0.1);
#6237 = AXIS2_PLACEMENT_3D('',#6238,#6239,#6240);
#6238 = CARTESIAN_POINT('',(2.25,-0.43,0.725));
#6239 = DIRECTION('',(-1.110223024625E-16,1.,0.));
#6240 = DIRECTION('',(4.440892098501E-15,4.930380657631E-31,1.));
#6241 = ORIENTED_EDGE('',*,*,#6242,.T.);
#6242 = EDGE_CURVE('',#6234,#6243,#6245,.T.);
#6243 = VERTEX_POINT('',#6244);
#6244 = CARTESIAN_POINT('',(2.429496640897,-0.43,0.2479055467));
#6245 = LINE('',#6246,#6247);
#6246 = CARTESIAN_POINT('',(2.348480775301,-0.43,0.742364817767));
#6247 = VECTOR('',#6248,1.);
#6248 = DIRECTION('',(0.161691392282,1.795135065956E-17,-0.986841372087)
  );
#6249 = ORIENTED_EDGE('',*,*,#6250,.T.);
#6250 = EDGE_CURVE('',#6243,#6251,#6253,.T.);
#6251 = VERTEX_POINT('',#6252);
#6252 = CARTESIAN_POINT('',(2.724938966801,-0.43,-1.665334536938E-16));
#6253 = CIRCLE('',#6254,0.3);
#6254 = AXIS2_PLACEMENT_3D('',#6255,#6256,#6257);
#6255 = CARTESIAN_POINT('',(2.724938966801,-0.43,0.3));
#6256 = DIRECTION('',(1.110223024625E-16,-1.,0.));
#6257 = DIRECTION('',(-0.984807753012,-1.093356242223E-16,
    -0.173648177667));
#6258 = ORIENTED_EDGE('',*,*,#6259,.T.);
#6259 = EDGE_CURVE('',#6251,#6260,#6262,.T.);
#6260 = VERTEX_POINT('',#6261);
#6261 = CARTESIAN_POINT('',(3.,-0.43,-1.665334536938E-16));
#6262 = LINE('',#6263,#6264);
#6263 = CARTESIAN_POINT('',(2.724938966801,-0.43,-1.665334536938E-16));
#6264 = VECTOR('',#6265,1.);
#6265 = DIRECTION('',(1.,1.110223024625E-16,0.));
#6266 = ORIENTED_EDGE('',*,*,#6267,.T.);
#6267 = EDGE_CURVE('',#6260,#6268,#6270,.T.);
#6268 = VERTEX_POINT('',#6269);
#6269 = CARTESIAN_POINT('',(3.,-0.43,0.2));
#6270 = LINE('',#6271,#6272);
#6271 = CARTESIAN_POINT('',(3.,-0.43,-1.665334536938E-16));
#6272 = VECTOR('',#6273,1.);
#6273 = DIRECTION('',(0.,0.,1.));
#6274 = ORIENTED_EDGE('',*,*,#6275,.T.);
#6275 = EDGE_CURVE('',#6268,#6276,#6278,.T.);
#6276 = VERTEX_POINT('',#6277);
#6277 = CARTESIAN_POINT('',(2.724938966801,-0.43,0.2));
#6278 = LINE('',#6279,#6280);
#6279 = CARTESIAN_POINT('',(3.,-0.43,0.2));
#6280 = VECTOR('',#6281,1.);
#6281 = DIRECTION('',(-1.,-1.110223024625E-16,0.));
#6282 = ORIENTED_EDGE('',*,*,#6283,.T.);
#6283 = EDGE_CURVE('',#6276,#6284,#6286,.T.);
#6284 = VERTEX_POINT('',#6285);
#6285 = CARTESIAN_POINT('',(2.6264581915,-0.43,0.282635182233));
#6286 = CIRCLE('',#6287,0.1);
#6287 = AXIS2_PLACEMENT_3D('',#6288,#6289,#6290);
#6288 = CARTESIAN_POINT('',(2.724938966801,-0.43,0.3));
#6289 = DIRECTION('',(-1.110223024625E-16,1.,0.));
#6290 = DIRECTION('',(0.,0.,-1.));
#6291 = ORIENTED_EDGE('',*,*,#6292,.T.);
#6292 = EDGE_CURVE('',#6284,#6293,#6295,.T.);
#6293 = VERTEX_POINT('',#6294);
#6294 = CARTESIAN_POINT('',(2.545442325904,-0.43,0.7770944533));
#6295 = LINE('',#6296,#6297);
#6296 = CARTESIAN_POINT('',(2.6264581915,-0.43,0.282635182233));
#6297 = VECTOR('',#6298,1.);
#6298 = DIRECTION('',(-0.161691392282,-1.795135065956E-17,0.986841372087
    ));
#6299 = ORIENTED_EDGE('',*,*,#6300,.T.);
#6300 = EDGE_CURVE('',#6293,#6301,#6303,.T.);
#6301 = VERTEX_POINT('',#6302);
#6302 = CARTESIAN_POINT('',(2.25,-0.43,1.025));
#6303 = CIRCLE('',#6304,0.3);
#6304 = AXIS2_PLACEMENT_3D('',#6305,#6306,#6307);
#6305 = CARTESIAN_POINT('',(2.25,-0.43,0.725));
#6306 = DIRECTION('',(1.110223024625E-16,-1.,0.));
#6307 = DIRECTION('',(0.984807753012,1.093356242223E-16,0.173648177667)
  );
#6308 = ORIENTED_EDGE('',*,*,#6309,.T.);
#6309 = EDGE_CURVE('',#6301,#4372,#6310,.T.);
#6310 = LINE('',#6311,#6312);
#6311 = CARTESIAN_POINT('',(2.25,-0.43,1.025));
#6312 = VECTOR('',#6313,1.);
#6313 = DIRECTION('',(-1.,-1.110223024625E-16,0.));
#6314 = PLANE('',#6315);
#6315 = AXIS2_PLACEMENT_3D('',#6316,#6317,#6318);
#6316 = CARTESIAN_POINT('',(2.42560961319,-0.43,0.548953137803));
#6317 = DIRECTION('',(1.110223024625E-16,-1.,0.));
#6318 = DIRECTION('',(0.,0.,1.));
#6319 = ADVANCED_FACE('',(#6320),#6339,.F.);
#6320 = FACE_BOUND('',#6321,.F.);
#6321 = EDGE_LOOP('',(#6322,#6323,#6332,#6338));
#6322 = ORIENTED_EDGE('',*,*,#4410,.T.);
#6323 = ORIENTED_EDGE('',*,*,#6324,.T.);
#6324 = EDGE_CURVE('',#4403,#6325,#6327,.T.);
#6325 = VERTEX_POINT('',#6326);
#6326 = CARTESIAN_POINT('',(2.348480775301,-0.84,0.742364817767));
#6327 = CIRCLE('',#6328,0.1);
#6328 = AXIS2_PLACEMENT_3D('',#6329,#6330,#6331);
#6329 = CARTESIAN_POINT('',(2.25,-0.84,0.725));
#6330 = DIRECTION('',(-1.110223024625E-16,1.,0.));
#6331 = DIRECTION('',(4.440892098501E-15,4.930380657631E-31,1.));
#6332 = ORIENTED_EDGE('',*,*,#6333,.F.);
#6333 = EDGE_CURVE('',#6234,#6325,#6334,.T.);
#6334 = LINE('',#6335,#6336);
#6335 = CARTESIAN_POINT('',(2.348480775301,-0.43,0.742364817767));
#6336 = VECTOR('',#6337,1.);
#6337 = DIRECTION('',(1.110223024625E-16,-1.,0.));
#6338 = ORIENTED_EDGE('',*,*,#6233,.F.);
#6339 = CYLINDRICAL_SURFACE('',#6340,0.1);
#6340 = AXIS2_PLACEMENT_3D('',#6341,#6342,#6343);
#6341 = CARTESIAN_POINT('',(2.25,-0.43,0.725));
#6342 = DIRECTION('',(-1.110223024625E-16,1.,0.));
#6343 = DIRECTION('',(4.440892098501E-15,4.930380657631E-31,1.));
#6344 = ADVANCED_FACE('',(#6345),#6423,.T.);
#6345 = FACE_BOUND('',#6346,.T.);
#6346 = EDGE_LOOP('',(#6347,#6348,#6349,#6350,#6358,#6367,#6375,#6383,
    #6391,#6400,#6408,#6417));
#6347 = ORIENTED_EDGE('',*,*,#4424,.F.);
#6348 = ORIENTED_EDGE('',*,*,#4402,.T.);
#6349 = ORIENTED_EDGE('',*,*,#6324,.T.);
#6350 = ORIENTED_EDGE('',*,*,#6351,.T.);
#6351 = EDGE_CURVE('',#6325,#6352,#6354,.T.);
#6352 = VERTEX_POINT('',#6353);
#6353 = CARTESIAN_POINT('',(2.429496640897,-0.84,0.2479055467));
#6354 = LINE('',#6355,#6356);
#6355 = CARTESIAN_POINT('',(2.348480775301,-0.84,0.742364817767));
#6356 = VECTOR('',#6357,1.);
#6357 = DIRECTION('',(0.161691392282,1.795135065956E-17,-0.986841372087)
  );
#6358 = ORIENTED_EDGE('',*,*,#6359,.T.);
#6359 = EDGE_CURVE('',#6352,#6360,#6362,.T.);
#6360 = VERTEX_POINT('',#6361);
#6361 = CARTESIAN_POINT('',(2.724938966801,-0.84,-1.665334536938E-16));
#6362 = CIRCLE('',#6363,0.3);
#6363 = AXIS2_PLACEMENT_3D('',#6364,#6365,#6366);
#6364 = CARTESIAN_POINT('',(2.724938966801,-0.84,0.3));
#6365 = DIRECTION('',(1.110223024625E-16,-1.,0.));
#6366 = DIRECTION('',(-0.984807753012,-1.093356242223E-16,
    -0.173648177667));
#6367 = ORIENTED_EDGE('',*,*,#6368,.T.);
#6368 = EDGE_CURVE('',#6360,#6369,#6371,.T.);
#6369 = VERTEX_POINT('',#6370);
#6370 = CARTESIAN_POINT('',(3.,-0.84,-1.665334536938E-16));
#6371 = LINE('',#6372,#6373);
#6372 = CARTESIAN_POINT('',(2.724938966801,-0.84,-1.665334536938E-16));
#6373 = VECTOR('',#6374,1.);
#6374 = DIRECTION('',(1.,1.110223024625E-16,0.));
#6375 = ORIENTED_EDGE('',*,*,#6376,.T.);
#6376 = EDGE_CURVE('',#6369,#6377,#6379,.T.);
#6377 = VERTEX_POINT('',#6378);
#6378 = CARTESIAN_POINT('',(3.,-0.84,0.2));
#6379 = LINE('',#6380,#6381);
#6380 = CARTESIAN_POINT('',(3.,-0.84,-1.665334536938E-16));
#6381 = VECTOR('',#6382,1.);
#6382 = DIRECTION('',(0.,0.,1.));
#6383 = ORIENTED_EDGE('',*,*,#6384,.T.);
#6384 = EDGE_CURVE('',#6377,#6385,#6387,.T.);
#6385 = VERTEX_POINT('',#6386);
#6386 = CARTESIAN_POINT('',(2.724938966801,-0.84,0.2));
#6387 = LINE('',#6388,#6389);
#6388 = CARTESIAN_POINT('',(3.,-0.84,0.2));
#6389 = VECTOR('',#6390,1.);
#6390 = DIRECTION('',(-1.,-1.110223024625E-16,0.));
#6391 = ORIENTED_EDGE('',*,*,#6392,.T.);
#6392 = EDGE_CURVE('',#6385,#6393,#6395,.T.);
#6393 = VERTEX_POINT('',#6394);
#6394 = CARTESIAN_POINT('',(2.6264581915,-0.84,0.282635182233));
#6395 = CIRCLE('',#6396,0.1);
#6396 = AXIS2_PLACEMENT_3D('',#6397,#6398,#6399);
#6397 = CARTESIAN_POINT('',(2.724938966801,-0.84,0.3));
#6398 = DIRECTION('',(-1.110223024625E-16,1.,0.));
#6399 = DIRECTION('',(0.,0.,-1.));
#6400 = ORIENTED_EDGE('',*,*,#6401,.T.);
#6401 = EDGE_CURVE('',#6393,#6402,#6404,.T.);
#6402 = VERTEX_POINT('',#6403);
#6403 = CARTESIAN_POINT('',(2.545442325904,-0.84,0.7770944533));
#6404 = LINE('',#6405,#6406);
#6405 = CARTESIAN_POINT('',(2.6264581915,-0.84,0.282635182233));
#6406 = VECTOR('',#6407,1.);
#6407 = DIRECTION('',(-0.161691392282,-1.795135065956E-17,0.986841372087
    ));
#6408 = ORIENTED_EDGE('',*,*,#6409,.T.);
#6409 = EDGE_CURVE('',#6402,#6410,#6412,.T.);
#6410 = VERTEX_POINT('',#6411);
#6411 = CARTESIAN_POINT('',(2.25,-0.84,1.025));
#6412 = CIRCLE('',#6413,0.3);
#6413 = AXIS2_PLACEMENT_3D('',#6414,#6415,#6416);
#6414 = CARTESIAN_POINT('',(2.25,-0.84,0.725));
#6415 = DIRECTION('',(1.110223024625E-16,-1.,0.));
#6416 = DIRECTION('',(0.984807753012,1.093356242223E-16,0.173648177667)
  );
#6417 = ORIENTED_EDGE('',*,*,#6418,.T.);
#6418 = EDGE_CURVE('',#6410,#4425,#6419,.T.);
#6419 = LINE('',#6420,#6421);
#6420 = CARTESIAN_POINT('',(2.25,-0.84,1.025));
#6421 = VECTOR('',#6422,1.);
#6422 = DIRECTION('',(-1.,-1.110223024625E-16,0.));
#6423 = PLANE('',#6424);
#6424 = AXIS2_PLACEMENT_3D('',#6425,#6426,#6427);
#6425 = CARTESIAN_POINT('',(2.42560961319,-0.84,0.548953137803));
#6426 = DIRECTION('',(1.110223024625E-16,-1.,0.));
#6427 = DIRECTION('',(0.,0.,1.));
#6428 = ADVANCED_FACE('',(#6429),#6445,.F.);
#6429 = FACE_BOUND('',#6430,.F.);
#6430 = EDGE_LOOP('',(#6431,#6437,#6438,#6444));
#6431 = ORIENTED_EDGE('',*,*,#6432,.F.);
#6432 = EDGE_CURVE('',#4425,#4813,#6433,.T.);
#6433 = LINE('',#6434,#6435);
#6434 = CARTESIAN_POINT('',(2.25,-0.84,1.025));
#6435 = VECTOR('',#6436,1.);
#6436 = DIRECTION('',(-1.,-1.110223024625E-16,0.));
#6437 = ORIENTED_EDGE('',*,*,#4441,.T.);
#6438 = ORIENTED_EDGE('',*,*,#6439,.T.);
#6439 = EDGE_CURVE('',#4434,#4821,#6440,.T.);
#6440 = LINE('',#6441,#6442);
#6441 = CARTESIAN_POINT('',(2.25,-1.7,1.025));
#6442 = VECTOR('',#6443,1.);
#6443 = DIRECTION('',(-1.,-1.110223024625E-16,0.));
#6444 = ORIENTED_EDGE('',*,*,#4820,.F.);
#6445 = PLANE('',#6446);
#6446 = AXIS2_PLACEMENT_3D('',#6447,#6448,#6449);
#6447 = CARTESIAN_POINT('',(-3.027078129022E-16,2.4125,1.025));
#6448 = DIRECTION('',(2.007919022429E-31,-7.713306628828E-27,-1.));
#6449 = DIRECTION('',(1.,1.112083013911E-16,2.00791902242E-31));
#6450 = ADVANCED_FACE('',(#6451),#6537,.F.);
#6451 = FACE_BOUND('',#6452,.F.);
#6452 = EDGE_LOOP('',(#6453,#6454,#6455,#6464,#6472,#6481,#6489,#6497,
    #6505,#6514,#6522,#6531));
#6453 = ORIENTED_EDGE('',*,*,#4433,.F.);
#6454 = ORIENTED_EDGE('',*,*,#4455,.T.);
#6455 = ORIENTED_EDGE('',*,*,#6456,.T.);
#6456 = EDGE_CURVE('',#4456,#6457,#6459,.T.);
#6457 = VERTEX_POINT('',#6458);
#6458 = CARTESIAN_POINT('',(2.348480775301,-1.7,0.742364817767));
#6459 = CIRCLE('',#6460,0.1);
#6460 = AXIS2_PLACEMENT_3D('',#6461,#6462,#6463);
#6461 = CARTESIAN_POINT('',(2.25,-1.7,0.725));
#6462 = DIRECTION('',(-1.110223024625E-16,1.,0.));
#6463 = DIRECTION('',(4.440892098501E-15,4.930380657631E-31,1.));
#6464 = ORIENTED_EDGE('',*,*,#6465,.T.);
#6465 = EDGE_CURVE('',#6457,#6466,#6468,.T.);
#6466 = VERTEX_POINT('',#6467);
#6467 = CARTESIAN_POINT('',(2.429496640897,-1.7,0.2479055467));
#6468 = LINE('',#6469,#6470);
#6469 = CARTESIAN_POINT('',(2.348480775301,-1.7,0.742364817767));
#6470 = VECTOR('',#6471,1.);
#6471 = DIRECTION('',(0.161691392282,1.795135065956E-17,-0.986841372087)
  );
#6472 = ORIENTED_EDGE('',*,*,#6473,.T.);
#6473 = EDGE_CURVE('',#6466,#6474,#6476,.T.);
#6474 = VERTEX_POINT('',#6475);
#6475 = CARTESIAN_POINT('',(2.724938966801,-1.7,-1.665334536938E-16));
#6476 = CIRCLE('',#6477,0.3);
#6477 = AXIS2_PLACEMENT_3D('',#6478,#6479,#6480);
#6478 = CARTESIAN_POINT('',(2.724938966801,-1.7,0.3));
#6479 = DIRECTION('',(1.110223024625E-16,-1.,0.));
#6480 = DIRECTION('',(-0.984807753012,-1.093356242223E-16,
    -0.173648177667));
#6481 = ORIENTED_EDGE('',*,*,#6482,.T.);
#6482 = EDGE_CURVE('',#6474,#6483,#6485,.T.);
#6483 = VERTEX_POINT('',#6484);
#6484 = CARTESIAN_POINT('',(3.,-1.7,-1.665334536938E-16));
#6485 = LINE('',#6486,#6487);
#6486 = CARTESIAN_POINT('',(2.724938966801,-1.7,-1.665334536938E-16));
#6487 = VECTOR('',#6488,1.);
#6488 = DIRECTION('',(1.,1.110223024625E-16,0.));
#6489 = ORIENTED_EDGE('',*,*,#6490,.T.);
#6490 = EDGE_CURVE('',#6483,#6491,#6493,.T.);
#6491 = VERTEX_POINT('',#6492);
#6492 = CARTESIAN_POINT('',(3.,-1.7,0.2));
#6493 = LINE('',#6494,#6495);
#6494 = CARTESIAN_POINT('',(3.,-1.7,-1.665334536938E-16));
#6495 = VECTOR('',#6496,1.);
#6496 = DIRECTION('',(0.,0.,1.));
#6497 = ORIENTED_EDGE('',*,*,#6498,.T.);
#6498 = EDGE_CURVE('',#6491,#6499,#6501,.T.);
#6499 = VERTEX_POINT('',#6500);
#6500 = CARTESIAN_POINT('',(2.724938966801,-1.7,0.2));
#6501 = LINE('',#6502,#6503);
#6502 = CARTESIAN_POINT('',(3.,-1.7,0.2));
#6503 = VECTOR('',#6504,1.);
#6504 = DIRECTION('',(-1.,-1.110223024625E-16,0.));
#6505 = ORIENTED_EDGE('',*,*,#6506,.T.);
#6506 = EDGE_CURVE('',#6499,#6507,#6509,.T.);
#6507 = VERTEX_POINT('',#6508);
#6508 = CARTESIAN_POINT('',(2.6264581915,-1.7,0.282635182233));
#6509 = CIRCLE('',#6510,0.1);
#6510 = AXIS2_PLACEMENT_3D('',#6511,#6512,#6513);
#6511 = CARTESIAN_POINT('',(2.724938966801,-1.7,0.3));
#6512 = DIRECTION('',(-1.110223024625E-16,1.,0.));
#6513 = DIRECTION('',(0.,0.,-1.));
#6514 = ORIENTED_EDGE('',*,*,#6515,.T.);
#6515 = EDGE_CURVE('',#6507,#6516,#6518,.T.);
#6516 = VERTEX_POINT('',#6517);
#6517 = CARTESIAN_POINT('',(2.545442325904,-1.7,0.7770944533));
#6518 = LINE('',#6519,#6520);
#6519 = CARTESIAN_POINT('',(2.6264581915,-1.7,0.282635182233));
#6520 = VECTOR('',#6521,1.);
#6521 = DIRECTION('',(-0.161691392282,-1.795135065956E-17,0.986841372087
    ));
#6522 = ORIENTED_EDGE('',*,*,#6523,.T.);
#6523 = EDGE_CURVE('',#6516,#6524,#6526,.T.);
#6524 = VERTEX_POINT('',#6525);
#6525 = CARTESIAN_POINT('',(2.25,-1.7,1.025));
#6526 = CIRCLE('',#6527,0.3);
#6527 = AXIS2_PLACEMENT_3D('',#6528,#6529,#6530);
#6528 = CARTESIAN_POINT('',(2.25,-1.7,0.725));
#6529 = DIRECTION('',(1.110223024625E-16,-1.,0.));
#6530 = DIRECTION('',(0.984807753012,1.093356242223E-16,0.173648177667)
  );
#6531 = ORIENTED_EDGE('',*,*,#6532,.T.);
#6532 = EDGE_CURVE('',#6524,#4434,#6533,.T.);
#6533 = LINE('',#6534,#6535);
#6534 = CARTESIAN_POINT('',(2.25,-1.7,1.025));
#6535 = VECTOR('',#6536,1.);
#6536 = DIRECTION('',(-1.,-1.110223024625E-16,0.));
#6537 = PLANE('',#6538);
#6538 = AXIS2_PLACEMENT_3D('',#6539,#6540,#6541);
#6539 = CARTESIAN_POINT('',(2.42560961319,-1.7,0.548953137803));
#6540 = DIRECTION('',(1.110223024625E-16,-1.,0.));
#6541 = DIRECTION('',(0.,0.,1.));
#6542 = ADVANCED_FACE('',(#6543),#6562,.F.);
#6543 = FACE_BOUND('',#6544,.F.);
#6544 = EDGE_LOOP('',(#6545,#6546,#6555,#6561));
#6545 = ORIENTED_EDGE('',*,*,#4472,.T.);
#6546 = ORIENTED_EDGE('',*,*,#6547,.T.);
#6547 = EDGE_CURVE('',#4465,#6548,#6550,.T.);
#6548 = VERTEX_POINT('',#6549);
#6549 = CARTESIAN_POINT('',(2.348480775301,-2.11,0.742364817767));
#6550 = CIRCLE('',#6551,0.1);
#6551 = AXIS2_PLACEMENT_3D('',#6552,#6553,#6554);
#6552 = CARTESIAN_POINT('',(2.25,-2.11,0.725));
#6553 = DIRECTION('',(-1.110223024625E-16,1.,0.));
#6554 = DIRECTION('',(4.440892098501E-15,4.930380657631E-31,1.));
#6555 = ORIENTED_EDGE('',*,*,#6556,.F.);
#6556 = EDGE_CURVE('',#6457,#6548,#6557,.T.);
#6557 = LINE('',#6558,#6559);
#6558 = CARTESIAN_POINT('',(2.348480775301,-1.7,0.742364817767));
#6559 = VECTOR('',#6560,1.);
#6560 = DIRECTION('',(1.110223024625E-16,-1.,0.));
#6561 = ORIENTED_EDGE('',*,*,#6456,.F.);
#6562 = CYLINDRICAL_SURFACE('',#6563,0.1);
#6563 = AXIS2_PLACEMENT_3D('',#6564,#6565,#6566);
#6564 = CARTESIAN_POINT('',(2.25,-1.7,0.725));
#6565 = DIRECTION('',(-1.110223024625E-16,1.,0.));
#6566 = DIRECTION('',(4.440892098501E-15,4.930380657631E-31,1.));
#6567 = ADVANCED_FACE('',(#6568),#6646,.T.);
#6568 = FACE_BOUND('',#6569,.T.);
#6569 = EDGE_LOOP('',(#6570,#6571,#6572,#6573,#6581,#6590,#6598,#6606,
    #6614,#6623,#6631,#6640));
#6570 = ORIENTED_EDGE('',*,*,#4486,.F.);
#6571 = ORIENTED_EDGE('',*,*,#4464,.T.);
#6572 = ORIENTED_EDGE('',*,*,#6547,.T.);
#6573 = ORIENTED_EDGE('',*,*,#6574,.T.);
#6574 = EDGE_CURVE('',#6548,#6575,#6577,.T.);
#6575 = VERTEX_POINT('',#6576);
#6576 = CARTESIAN_POINT('',(2.429496640897,-2.11,0.2479055467));
#6577 = LINE('',#6578,#6579);
#6578 = CARTESIAN_POINT('',(2.348480775301,-2.11,0.742364817767));
#6579 = VECTOR('',#6580,1.);
#6580 = DIRECTION('',(0.161691392282,1.795135065956E-17,-0.986841372087)
  );
#6581 = ORIENTED_EDGE('',*,*,#6582,.T.);
#6582 = EDGE_CURVE('',#6575,#6583,#6585,.T.);
#6583 = VERTEX_POINT('',#6584);
#6584 = CARTESIAN_POINT('',(2.724938966801,-2.11,-1.665334536938E-16));
#6585 = CIRCLE('',#6586,0.3);
#6586 = AXIS2_PLACEMENT_3D('',#6587,#6588,#6589);
#6587 = CARTESIAN_POINT('',(2.724938966801,-2.11,0.3));
#6588 = DIRECTION('',(1.110223024625E-16,-1.,0.));
#6589 = DIRECTION('',(-0.984807753012,-1.093356242223E-16,
    -0.173648177667));
#6590 = ORIENTED_EDGE('',*,*,#6591,.T.);
#6591 = EDGE_CURVE('',#6583,#6592,#6594,.T.);
#6592 = VERTEX_POINT('',#6593);
#6593 = CARTESIAN_POINT('',(3.,-2.11,-1.665334536938E-16));
#6594 = LINE('',#6595,#6596);
#6595 = CARTESIAN_POINT('',(2.724938966801,-2.11,-1.665334536938E-16));
#6596 = VECTOR('',#6597,1.);
#6597 = DIRECTION('',(1.,1.110223024625E-16,0.));
#6598 = ORIENTED_EDGE('',*,*,#6599,.T.);
#6599 = EDGE_CURVE('',#6592,#6600,#6602,.T.);
#6600 = VERTEX_POINT('',#6601);
#6601 = CARTESIAN_POINT('',(3.,-2.11,0.2));
#6602 = LINE('',#6603,#6604);
#6603 = CARTESIAN_POINT('',(3.,-2.11,-1.665334536938E-16));
#6604 = VECTOR('',#6605,1.);
#6605 = DIRECTION('',(0.,0.,1.));
#6606 = ORIENTED_EDGE('',*,*,#6607,.T.);
#6607 = EDGE_CURVE('',#6600,#6608,#6610,.T.);
#6608 = VERTEX_POINT('',#6609);
#6609 = CARTESIAN_POINT('',(2.724938966801,-2.11,0.2));
#6610 = LINE('',#6611,#6612);
#6611 = CARTESIAN_POINT('',(3.,-2.11,0.2));
#6612 = VECTOR('',#6613,1.);
#6613 = DIRECTION('',(-1.,-1.110223024625E-16,0.));
#6614 = ORIENTED_EDGE('',*,*,#6615,.T.);
#6615 = EDGE_CURVE('',#6608,#6616,#6618,.T.);
#6616 = VERTEX_POINT('',#6617);
#6617 = CARTESIAN_POINT('',(2.6264581915,-2.11,0.282635182233));
#6618 = CIRCLE('',#6619,0.1);
#6619 = AXIS2_PLACEMENT_3D('',#6620,#6621,#6622);
#6620 = CARTESIAN_POINT('',(2.724938966801,-2.11,0.3));
#6621 = DIRECTION('',(-1.110223024625E-16,1.,0.));
#6622 = DIRECTION('',(0.,0.,-1.));
#6623 = ORIENTED_EDGE('',*,*,#6624,.T.);
#6624 = EDGE_CURVE('',#6616,#6625,#6627,.T.);
#6625 = VERTEX_POINT('',#6626);
#6626 = CARTESIAN_POINT('',(2.545442325904,-2.11,0.7770944533));
#6627 = LINE('',#6628,#6629);
#6628 = CARTESIAN_POINT('',(2.6264581915,-2.11,0.282635182233));
#6629 = VECTOR('',#6630,1.);
#6630 = DIRECTION('',(-0.161691392282,-1.795135065956E-17,0.986841372087
    ));
#6631 = ORIENTED_EDGE('',*,*,#6632,.T.);
#6632 = EDGE_CURVE('',#6625,#6633,#6635,.T.);
#6633 = VERTEX_POINT('',#6634);
#6634 = CARTESIAN_POINT('',(2.25,-2.11,1.025));
#6635 = CIRCLE('',#6636,0.3);
#6636 = AXIS2_PLACEMENT_3D('',#6637,#6638,#6639);
#6637 = CARTESIAN_POINT('',(2.25,-2.11,0.725));
#6638 = DIRECTION('',(1.110223024625E-16,-1.,0.));
#6639 = DIRECTION('',(0.984807753012,1.093356242223E-16,0.173648177667)
  );
#6640 = ORIENTED_EDGE('',*,*,#6641,.T.);
#6641 = EDGE_CURVE('',#6633,#4487,#6642,.T.);
#6642 = LINE('',#6643,#6644);
#6643 = CARTESIAN_POINT('',(2.25,-2.11,1.025));
#6644 = VECTOR('',#6645,1.);
#6645 = DIRECTION('',(-1.,-1.110223024625E-16,0.));
#6646 = PLANE('',#6647);
#6647 = AXIS2_PLACEMENT_3D('',#6648,#6649,#6650);
#6648 = CARTESIAN_POINT('',(2.42560961319,-2.11,0.548953137803));
#6649 = DIRECTION('',(1.110223024625E-16,-1.,0.));
#6650 = DIRECTION('',(0.,0.,1.));
#6651 = ADVANCED_FACE('',(#6652),#6663,.T.);
#6652 = FACE_BOUND('',#6653,.T.);
#6653 = EDGE_LOOP('',(#6654,#6655,#6656,#6657));
#6654 = ORIENTED_EDGE('',*,*,#5686,.T.);
#6655 = ORIENTED_EDGE('',*,*,#4587,.T.);
#6656 = ORIENTED_EDGE('',*,*,#5788,.F.);
#6657 = ORIENTED_EDGE('',*,*,#6658,.F.);
#6658 = EDGE_CURVE('',#5679,#5781,#6659,.T.);
#6659 = LINE('',#6660,#6661);
#6660 = CARTESIAN_POINT('',(-2.545442325904,1.7,0.7770944533));
#6661 = VECTOR('',#6662,1.);
#6662 = DIRECTION('',(1.144237745222E-17,1.,0.));
#6663 = CYLINDRICAL_SURFACE('',#6664,0.3);
#6664 = AXIS2_PLACEMENT_3D('',#6665,#6666,#6667);
#6665 = CARTESIAN_POINT('',(-2.25,1.7,0.725));
#6666 = DIRECTION('',(-1.144237745222E-17,-1.,0.));
#6667 = DIRECTION('',(-0.984807753012,1.126854202784E-17,0.173648177667)
  );
#6668 = ADVANCED_FACE('',(#6669),#6682,.F.);
#6669 = FACE_BOUND('',#6670,.F.);
#6670 = EDGE_LOOP('',(#6671,#6672,#6678,#6679,#6680,#6681));
#6671 = ORIENTED_EDGE('',*,*,#5031,.F.);
#6672 = ORIENTED_EDGE('',*,*,#6673,.T.);
#6673 = EDGE_CURVE('',#5023,#5132,#6674,.T.);
#6674 = LINE('',#6675,#6676);
#6675 = CARTESIAN_POINT('',(-2.25,-2.11,1.025));
#6676 = VECTOR('',#6677,1.);
#6677 = DIRECTION('',(1.144237745222E-17,1.,0.));
#6678 = ORIENTED_EDGE('',*,*,#5140,.T.);
#6679 = ORIENTED_EDGE('',*,*,#5162,.T.);
#6680 = ORIENTED_EDGE('',*,*,#4634,.F.);
#6681 = ORIENTED_EDGE('',*,*,#4905,.F.);
#6682 = PLANE('',#6683);
#6683 = AXIS2_PLACEMENT_3D('',#6684,#6685,#6686);
#6684 = CARTESIAN_POINT('',(-2.25,-2.11,1.025));
#6685 = DIRECTION('',(0.,0.,-1.));
#6686 = DIRECTION('',(1.,-1.144237745222E-17,0.));
#6687 = ADVANCED_FACE('',(#6688),#6701,.F.);
#6688 = FACE_BOUND('',#6689,.F.);
#6689 = EDGE_LOOP('',(#6690,#6691,#6697,#6698,#6699,#6700));
#6690 = ORIENTED_EDGE('',*,*,#5254,.F.);
#6691 = ORIENTED_EDGE('',*,*,#6692,.T.);
#6692 = EDGE_CURVE('',#5246,#5355,#6693,.T.);
#6693 = LINE('',#6694,#6695);
#6694 = CARTESIAN_POINT('',(-2.25,-0.84,1.025));
#6695 = VECTOR('',#6696,1.);
#6696 = DIRECTION('',(1.144237745222E-17,1.,0.));
#6697 = ORIENTED_EDGE('',*,*,#5363,.T.);
#6698 = ORIENTED_EDGE('',*,*,#5385,.T.);
#6699 = ORIENTED_EDGE('',*,*,#4650,.F.);
#6700 = ORIENTED_EDGE('',*,*,#5155,.F.);
#6701 = PLANE('',#6702);
#6702 = AXIS2_PLACEMENT_3D('',#6703,#6704,#6705);
#6703 = CARTESIAN_POINT('',(-2.25,-0.84,1.025));
#6704 = DIRECTION('',(0.,0.,-1.));
#6705 = DIRECTION('',(1.,-1.144237745222E-17,0.));
#6706 = ADVANCED_FACE('',(#6707),#6720,.F.);
#6707 = FACE_BOUND('',#6708,.F.);
#6708 = EDGE_LOOP('',(#6709,#6710,#6716,#6717,#6718,#6719));
#6709 = ORIENTED_EDGE('',*,*,#5477,.F.);
#6710 = ORIENTED_EDGE('',*,*,#6711,.T.);
#6711 = EDGE_CURVE('',#5469,#5578,#6712,.T.);
#6712 = LINE('',#6713,#6714);
#6713 = CARTESIAN_POINT('',(-2.25,0.43,1.025));
#6714 = VECTOR('',#6715,1.);
#6715 = DIRECTION('',(1.144237745222E-17,1.,0.));
#6716 = ORIENTED_EDGE('',*,*,#5586,.T.);
#6717 = ORIENTED_EDGE('',*,*,#5603,.T.);
#6718 = ORIENTED_EDGE('',*,*,#4666,.F.);
#6719 = ORIENTED_EDGE('',*,*,#5378,.F.);
#6720 = PLANE('',#6721);
#6721 = AXIS2_PLACEMENT_3D('',#6722,#6723,#6724);
#6722 = CARTESIAN_POINT('',(-2.25,0.43,1.025));
#6723 = DIRECTION('',(0.,0.,-1.));
#6724 = DIRECTION('',(1.,-1.144237745222E-17,0.));
#6725 = ADVANCED_FACE('',(#6726,#6755),#6766,.F.);
#6726 = FACE_BOUND('',#6727,.F.);
#6727 = EDGE_LOOP('',(#6728,#6729,#6730,#6731,#6739,#6747,#6753,#6754));
#6728 = ORIENTED_EDGE('',*,*,#4741,.T.);
#6729 = ORIENTED_EDGE('',*,*,#4764,.T.);
#6730 = ORIENTED_EDGE('',*,*,#4851,.T.);
#6731 = ORIENTED_EDGE('',*,*,#6732,.T.);
#6732 = EDGE_CURVE('',#4845,#6733,#6735,.T.);
#6733 = VERTEX_POINT('',#6734);
#6734 = CARTESIAN_POINT('',(1.680085640382,-2.260171280765,1.75));
#6735 = LINE('',#6736,#6737);
#6736 = CARTESIAN_POINT('',(1.760171280765,-2.180085640382,1.75));
#6737 = VECTOR('',#6738,1.);
#6738 = DIRECTION('',(-0.707106781187,-0.707106781187,0.));
#6739 = ORIENTED_EDGE('',*,*,#6740,.T.);
#6740 = EDGE_CURVE('',#6733,#6741,#6743,.T.);
#6741 = VERTEX_POINT('',#6742);
#6742 = CARTESIAN_POINT('',(-1.680085640382,-2.260171280765,1.75));
#6743 = LINE('',#6744,#6745);
#6744 = CARTESIAN_POINT('',(1.680085640382,-2.260171280765,1.75));
#6745 = VECTOR('',#6746,1.);
#6746 = DIRECTION('',(-1.,-1.110223024625E-16,0.));
#6747 = ORIENTED_EDGE('',*,*,#6748,.T.);
#6748 = EDGE_CURVE('',#6741,#4690,#6749,.T.);
#6749 = LINE('',#6750,#6751);
#6750 = CARTESIAN_POINT('',(-1.680085640382,-2.260171280765,1.75));
#6751 = VECTOR('',#6752,1.);
#6752 = DIRECTION('',(-0.707106781187,0.707106781187,0.));
#6753 = ORIENTED_EDGE('',*,*,#4689,.T.);
#6754 = ORIENTED_EDGE('',*,*,#4718,.T.);
#6755 = FACE_BOUND('',#6756,.F.);
#6756 = EDGE_LOOP('',(#6757));
#6757 = ORIENTED_EDGE('',*,*,#6758,.F.);
#6758 = EDGE_CURVE('',#6759,#6759,#6761,.T.);
#6759 = VERTEX_POINT('',#6760);
#6760 = CARTESIAN_POINT('',(-1.110171280765,1.310171280765,1.75));
#6761 = CIRCLE('',#6762,0.3);
#6762 = AXIS2_PLACEMENT_3D('',#6763,#6764,#6765);
#6763 = CARTESIAN_POINT('',(-1.110171280765,1.610171280765,1.75));
#6764 = DIRECTION('',(0.,-0.,-1.));
#6765 = DIRECTION('',(1.110223024625E-16,-1.,0.));
#6766 = PLANE('',#6767);
#6767 = AXIS2_PLACEMENT_3D('',#6768,#6769,#6770);
#6768 = CARTESIAN_POINT('',(-1.680085640382,2.260171280765,1.75));
#6769 = DIRECTION('',(0.,0.,-1.));
#6770 = DIRECTION('',(0.596575959062,-0.802556617983,0.));
#6771 = ADVANCED_FACE('',(#6772),#6782,.F.);
#6772 = FACE_BOUND('',#6773,.F.);
#6773 = EDGE_LOOP('',(#6774,#6775,#6776,#6777));
#6774 = ORIENTED_EDGE('',*,*,#4912,.T.);
#6775 = ORIENTED_EDGE('',*,*,#4697,.T.);
#6776 = ORIENTED_EDGE('',*,*,#6748,.F.);
#6777 = ORIENTED_EDGE('',*,*,#6778,.F.);
#6778 = EDGE_CURVE('',#4913,#6741,#6779,.T.);
#6779 = B_SPLINE_CURVE_WITH_KNOTS('',1,(#6780,#6781),.UNSPECIFIED.,.F.,
  .F.,(2,2),(0.,1.),.PIECEWISE_BEZIER_KNOTS.);
#6780 = CARTESIAN_POINT('',(-1.7375,-2.375,1.025));
#6781 = CARTESIAN_POINT('',(-1.680085640382,-2.260171280765,1.75));
#6782 = B_SPLINE_SURFACE_WITH_KNOTS('',1,1,(
    (#6783,#6784)
    ,(#6785,#6786
    )),.UNSPECIFIED.,.F.,.F.,.F.,(2,2),(2,2),(0.,0.194454364826),(0.,1.)
  ,.PIECEWISE_BEZIER_KNOTS.);
#6783 = CARTESIAN_POINT('',(-1.7375,-2.375,1.025));
#6784 = CARTESIAN_POINT('',(-1.680085640382,-2.260171280765,1.75));
#6785 = CARTESIAN_POINT('',(-1.875,-2.2375,1.025));
#6786 = CARTESIAN_POINT('',(-1.760171280765,-2.180085640382,1.75));
#6787 = ADVANCED_FACE('',(#6788),#6801,.F.);
#6788 = FACE_BOUND('',#6789,.F.);
#6789 = EDGE_LOOP('',(#6790,#6791,#6797,#6798,#6799,#6800));
#6790 = ORIENTED_EDGE('',*,*,#6086,.F.);
#6791 = ORIENTED_EDGE('',*,*,#6792,.T.);
#6792 = EDGE_CURVE('',#6078,#6187,#6793,.T.);
#6793 = LINE('',#6794,#6795);
#6794 = CARTESIAN_POINT('',(2.25,0.84,1.025));
#6795 = VECTOR('',#6796,1.);
#6796 = DIRECTION('',(1.110223024625E-16,-1.,0.));
#6797 = ORIENTED_EDGE('',*,*,#6195,.T.);
#6798 = ORIENTED_EDGE('',*,*,#6209,.T.);
#6799 = ORIENTED_EDGE('',*,*,#4796,.F.);
#6800 = ORIENTED_EDGE('',*,*,#5993,.F.);
#6801 = PLANE('',#6802);
#6802 = AXIS2_PLACEMENT_3D('',#6803,#6804,#6805);
#6803 = CARTESIAN_POINT('',(2.25,0.84,1.025));
#6804 = DIRECTION('',(0.,0.,-1.));
#6805 = DIRECTION('',(-1.,-1.110223024625E-16,-0.));
#6806 = ADVANCED_FACE('',(#6807),#6820,.F.);
#6807 = FACE_BOUND('',#6808,.F.);
#6808 = EDGE_LOOP('',(#6809,#6810,#6816,#6817,#6818,#6819));
#6809 = ORIENTED_EDGE('',*,*,#6309,.F.);
#6810 = ORIENTED_EDGE('',*,*,#6811,.T.);
#6811 = EDGE_CURVE('',#6301,#6410,#6812,.T.);
#6812 = LINE('',#6813,#6814);
#6813 = CARTESIAN_POINT('',(2.25,-0.43,1.025));
#6814 = VECTOR('',#6815,1.);
#6815 = DIRECTION('',(1.110223024625E-16,-1.,0.));
#6816 = ORIENTED_EDGE('',*,*,#6418,.T.);
#6817 = ORIENTED_EDGE('',*,*,#6432,.T.);
#6818 = ORIENTED_EDGE('',*,*,#4812,.F.);
#6819 = ORIENTED_EDGE('',*,*,#6216,.F.);
#6820 = PLANE('',#6821);
#6821 = AXIS2_PLACEMENT_3D('',#6822,#6823,#6824);
#6822 = CARTESIAN_POINT('',(2.25,-0.43,1.025));
#6823 = DIRECTION('',(0.,0.,-1.));
#6824 = DIRECTION('',(-1.,-1.110223024625E-16,-0.));
#6825 = ADVANCED_FACE('',(#6826),#6839,.F.);
#6826 = FACE_BOUND('',#6827,.F.);
#6827 = EDGE_LOOP('',(#6828,#6829,#6835,#6836,#6837,#6838));
#6828 = ORIENTED_EDGE('',*,*,#6532,.F.);
#6829 = ORIENTED_EDGE('',*,*,#6830,.T.);
#6830 = EDGE_CURVE('',#6524,#6633,#6831,.T.);
#6831 = LINE('',#6832,#6833);
#6832 = CARTESIAN_POINT('',(2.25,-1.7,1.025));
#6833 = VECTOR('',#6834,1.);
#6834 = DIRECTION('',(1.110223024625E-16,-1.,0.));
#6835 = ORIENTED_EDGE('',*,*,#6641,.T.);
#6836 = ORIENTED_EDGE('',*,*,#4935,.T.);
#6837 = ORIENTED_EDGE('',*,*,#4828,.F.);
#6838 = ORIENTED_EDGE('',*,*,#6439,.F.);
#6839 = PLANE('',#6840);
#6840 = AXIS2_PLACEMENT_3D('',#6841,#6842,#6843);
#6841 = CARTESIAN_POINT('',(2.25,-1.7,1.025));
#6842 = DIRECTION('',(0.,0.,-1.));
#6843 = DIRECTION('',(-1.,-1.110223024625E-16,-0.));
#6844 = ADVANCED_FACE('',(#6845),#6855,.F.);
#6845 = FACE_BOUND('',#6846,.F.);
#6846 = EDGE_LOOP('',(#6847,#6848,#6853,#6854));
#6847 = ORIENTED_EDGE('',*,*,#4928,.T.);
#6848 = ORIENTED_EDGE('',*,*,#6849,.T.);
#6849 = EDGE_CURVE('',#4921,#6733,#6850,.T.);
#6850 = B_SPLINE_CURVE_WITH_KNOTS('',1,(#6851,#6852),.UNSPECIFIED.,.F.,
  .F.,(2,2),(0.,1.),.PIECEWISE_BEZIER_KNOTS.);
#6851 = CARTESIAN_POINT('',(1.7375,-2.375,1.025));
#6852 = CARTESIAN_POINT('',(1.680085640382,-2.260171280765,1.75));
#6853 = ORIENTED_EDGE('',*,*,#6732,.F.);
#6854 = ORIENTED_EDGE('',*,*,#4844,.F.);
#6855 = B_SPLINE_SURFACE_WITH_KNOTS('',1,1,(
    (#6856,#6857)
    ,(#6858,#6859
    )),.UNSPECIFIED.,.F.,.F.,.F.,(2,2),(2,2),(0.,0.194454364826),(0.,1.)
  ,.PIECEWISE_BEZIER_KNOTS.);
#6856 = CARTESIAN_POINT('',(1.875,-2.2375,1.025));
#6857 = CARTESIAN_POINT('',(1.760171280765,-2.180085640382,1.75));
#6858 = CARTESIAN_POINT('',(1.7375,-2.375,1.025));
#6859 = CARTESIAN_POINT('',(1.680085640382,-2.260171280765,1.75));
#6860 = ADVANCED_FACE('',(#6861),#6872,.T.);
#6861 = FACE_BOUND('',#6862,.T.);
#6862 = EDGE_LOOP('',(#6863,#6864,#6865,#6866));
#6863 = ORIENTED_EDGE('',*,*,#5873,.T.);
#6864 = ORIENTED_EDGE('',*,*,#4874,.T.);
#6865 = ORIENTED_EDGE('',*,*,#5975,.F.);
#6866 = ORIENTED_EDGE('',*,*,#6867,.F.);
#6867 = EDGE_CURVE('',#5866,#5968,#6868,.T.);
#6868 = LINE('',#6869,#6870);
#6869 = CARTESIAN_POINT('',(2.545442325904,2.11,0.7770944533));
#6870 = VECTOR('',#6871,1.);
#6871 = DIRECTION('',(1.110223024625E-16,-1.,0.));
#6872 = CYLINDRICAL_SURFACE('',#6873,0.3);
#6873 = AXIS2_PLACEMENT_3D('',#6874,#6875,#6876);
#6874 = CARTESIAN_POINT('',(2.25,2.11,0.725));
#6875 = DIRECTION('',(-1.110223024625E-16,1.,0.));
#6876 = DIRECTION('',(0.984807753012,1.093356242223E-16,0.173648177667)
  );
#6877 = ADVANCED_FACE('',(#6878),#6884,.F.);
#6878 = FACE_BOUND('',#6879,.F.);
#6879 = EDGE_LOOP('',(#6880,#6881,#6882,#6883));
#6880 = ORIENTED_EDGE('',*,*,#4920,.T.);
#6881 = ORIENTED_EDGE('',*,*,#6778,.T.);
#6882 = ORIENTED_EDGE('',*,*,#6740,.F.);
#6883 = ORIENTED_EDGE('',*,*,#6849,.F.);
#6884 = B_SPLINE_SURFACE_WITH_KNOTS('',1,1,(
    (#6885,#6886)
    ,(#6887,#6888
    )),.UNSPECIFIED.,.F.,.F.,.F.,(2,2),(2,2),(0.,3.475),(0.,1.),
  .PIECEWISE_BEZIER_KNOTS.);
#6885 = CARTESIAN_POINT('',(1.7375,-2.375,1.025));
#6886 = CARTESIAN_POINT('',(1.680085640382,-2.260171280765,1.75));
#6887 = CARTESIAN_POINT('',(-1.7375,-2.375,1.025));
#6888 = CARTESIAN_POINT('',(-1.680085640382,-2.260171280765,1.75));
#6889 = ADVANCED_FACE('',(#6890),#6901,.T.);
#6890 = FACE_BOUND('',#6891,.T.);
#6891 = EDGE_LOOP('',(#6892,#6893,#6894,#6895));
#6892 = ORIENTED_EDGE('',*,*,#5022,.T.);
#6893 = ORIENTED_EDGE('',*,*,#6673,.T.);
#6894 = ORIENTED_EDGE('',*,*,#5131,.F.);
#6895 = ORIENTED_EDGE('',*,*,#6896,.F.);
#6896 = EDGE_CURVE('',#5015,#5124,#6897,.T.);
#6897 = LINE('',#6898,#6899);
#6898 = CARTESIAN_POINT('',(-2.545442325904,-2.11,0.7770944533));
#6899 = VECTOR('',#6900,1.);
#6900 = DIRECTION('',(1.144237745222E-17,1.,0.));
#6901 = CYLINDRICAL_SURFACE('',#6902,0.3);
#6902 = AXIS2_PLACEMENT_3D('',#6903,#6904,#6905);
#6903 = CARTESIAN_POINT('',(-2.25,-2.11,0.725));
#6904 = DIRECTION('',(-1.144237745222E-17,-1.,0.));
#6905 = DIRECTION('',(-0.984807753012,1.126854202784E-17,0.173648177667)
  );
#6906 = ADVANCED_FACE('',(#6907),#6918,.F.);
#6907 = FACE_BOUND('',#6908,.F.);
#6908 = EDGE_LOOP('',(#6909,#6915,#6916,#6917));
#6909 = ORIENTED_EDGE('',*,*,#6910,.T.);
#6910 = EDGE_CURVE('',#5006,#5115,#6911,.T.);
#6911 = LINE('',#6912,#6913);
#6912 = CARTESIAN_POINT('',(-2.6264581915,-2.11,0.282635182233));
#6913 = VECTOR('',#6914,1.);
#6914 = DIRECTION('',(1.144237745222E-17,1.,0.));
#6915 = ORIENTED_EDGE('',*,*,#5123,.T.);
#6916 = ORIENTED_EDGE('',*,*,#6896,.F.);
#6917 = ORIENTED_EDGE('',*,*,#5014,.F.);
#6918 = PLANE('',#6919);
#6919 = AXIS2_PLACEMENT_3D('',#6920,#6921,#6922);
#6920 = CARTESIAN_POINT('',(-2.6264581915,-2.11,0.282635182233));
#6921 = DIRECTION('',(0.986841372087,-1.129181146488E-17,-0.161691392282
    ));
#6922 = DIRECTION('',(0.161691392282,-1.85013394127E-18,0.986841372087)
  );
#6923 = ADVANCED_FACE('',(#6924),#6935,.F.);
#6924 = FACE_BOUND('',#6925,.F.);
#6925 = EDGE_LOOP('',(#6926,#6932,#6933,#6934));
#6926 = ORIENTED_EDGE('',*,*,#6927,.T.);
#6927 = EDGE_CURVE('',#4998,#5107,#6928,.T.);
#6928 = LINE('',#6929,#6930);
#6929 = CARTESIAN_POINT('',(-2.724938966801,-2.11,0.2));
#6930 = VECTOR('',#6931,1.);
#6931 = DIRECTION('',(1.144237745222E-17,1.,0.));
#6932 = ORIENTED_EDGE('',*,*,#5114,.T.);
#6933 = ORIENTED_EDGE('',*,*,#6910,.F.);
#6934 = ORIENTED_EDGE('',*,*,#5005,.F.);
#6935 = CYLINDRICAL_SURFACE('',#6936,0.1);
#6936 = AXIS2_PLACEMENT_3D('',#6937,#6938,#6939);
#6937 = CARTESIAN_POINT('',(-2.724938966801,-2.11,0.3));
#6938 = DIRECTION('',(-1.144237745222E-17,-1.,0.));
#6939 = DIRECTION('',(-0.,0.,-1.));
#6940 = ADVANCED_FACE('',(#6941),#6952,.F.);
#6941 = FACE_BOUND('',#6942,.F.);
#6942 = EDGE_LOOP('',(#6943,#6949,#6950,#6951));
#6943 = ORIENTED_EDGE('',*,*,#6944,.T.);
#6944 = EDGE_CURVE('',#4990,#5099,#6945,.T.);
#6945 = LINE('',#6946,#6947);
#6946 = CARTESIAN_POINT('',(-3.,-2.11,0.2));
#6947 = VECTOR('',#6948,1.);
#6948 = DIRECTION('',(1.144237745222E-17,1.,0.));
#6949 = ORIENTED_EDGE('',*,*,#5106,.T.);
#6950 = ORIENTED_EDGE('',*,*,#6927,.F.);
#6951 = ORIENTED_EDGE('',*,*,#4997,.F.);
#6952 = PLANE('',#6953);
#6953 = AXIS2_PLACEMENT_3D('',#6954,#6955,#6956);
#6954 = CARTESIAN_POINT('',(-3.,-2.11,0.2));
#6955 = DIRECTION('',(0.,0.,-1.));
#6956 = DIRECTION('',(1.,-1.144237745222E-17,0.));
#6957 = ADVANCED_FACE('',(#6958),#6969,.F.);
#6958 = FACE_BOUND('',#6959,.F.);
#6959 = EDGE_LOOP('',(#6960,#6966,#6967,#6968));
#6960 = ORIENTED_EDGE('',*,*,#6961,.T.);
#6961 = EDGE_CURVE('',#4982,#5091,#6962,.T.);
#6962 = LINE('',#6963,#6964);
#6963 = CARTESIAN_POINT('',(-3.,-2.11,-1.665334536938E-16));
#6964 = VECTOR('',#6965,1.);
#6965 = DIRECTION('',(1.144237745222E-17,1.,0.));
#6966 = ORIENTED_EDGE('',*,*,#5098,.T.);
#6967 = ORIENTED_EDGE('',*,*,#6944,.F.);
#6968 = ORIENTED_EDGE('',*,*,#4989,.F.);
#6969 = PLANE('',#6970);
#6970 = AXIS2_PLACEMENT_3D('',#6971,#6972,#6973);
#6971 = CARTESIAN_POINT('',(-3.,-2.11,-1.665334536938E-16));
#6972 = DIRECTION('',(1.,-1.144237745222E-17,0.));
#6973 = DIRECTION('',(0.,0.,1.));
#6974 = ADVANCED_FACE('',(#6975),#6986,.F.);
#6975 = FACE_BOUND('',#6976,.F.);
#6976 = EDGE_LOOP('',(#6977,#6983,#6984,#6985));
#6977 = ORIENTED_EDGE('',*,*,#6978,.T.);
#6978 = EDGE_CURVE('',#4973,#5082,#6979,.T.);
#6979 = LINE('',#6980,#6981);
#6980 = CARTESIAN_POINT('',(-2.724938966801,-2.11,-1.665334536938E-16));
#6981 = VECTOR('',#6982,1.);
#6982 = DIRECTION('',(1.144237745222E-17,1.,0.));
#6983 = ORIENTED_EDGE('',*,*,#5090,.T.);
#6984 = ORIENTED_EDGE('',*,*,#6961,.F.);
#6985 = ORIENTED_EDGE('',*,*,#4981,.F.);
#6986 = PLANE('',#6987);
#6987 = AXIS2_PLACEMENT_3D('',#6988,#6989,#6990);
#6988 = CARTESIAN_POINT('',(-2.724938966801,-2.11,-1.665334536938E-16));
#6989 = DIRECTION('',(0.,0.,1.));
#6990 = DIRECTION('',(-1.,1.144237745222E-17,0.));
#6991 = ADVANCED_FACE('',(#6992),#7003,.T.);
#6992 = FACE_BOUND('',#6993,.T.);
#6993 = EDGE_LOOP('',(#6994,#6995,#6996,#6997));
#6994 = ORIENTED_EDGE('',*,*,#4972,.T.);
#6995 = ORIENTED_EDGE('',*,*,#6978,.T.);
#6996 = ORIENTED_EDGE('',*,*,#5081,.F.);
#6997 = ORIENTED_EDGE('',*,*,#6998,.F.);
#6998 = EDGE_CURVE('',#4965,#5074,#6999,.T.);
#6999 = LINE('',#7000,#7001);
#7000 = CARTESIAN_POINT('',(-2.429496640897,-2.11,0.2479055467));
#7001 = VECTOR('',#7002,1.);
#7002 = DIRECTION('',(1.144237745222E-17,1.,0.));
#7003 = CYLINDRICAL_SURFACE('',#7004,0.3);
#7004 = AXIS2_PLACEMENT_3D('',#7005,#7006,#7007);
#7005 = CARTESIAN_POINT('',(-2.724938966801,-2.11,0.3));
#7006 = DIRECTION('',(-1.144237745222E-17,-1.,0.));
#7007 = DIRECTION('',(0.984807753012,-1.126854202784E-17,-0.173648177667
    ));
#7008 = ADVANCED_FACE('',(#7009),#7015,.F.);
#7009 = FACE_BOUND('',#7010,.F.);
#7010 = EDGE_LOOP('',(#7011,#7012,#7013,#7014));
#7011 = ORIENTED_EDGE('',*,*,#5055,.T.);
#7012 = ORIENTED_EDGE('',*,*,#5073,.T.);
#7013 = ORIENTED_EDGE('',*,*,#6998,.F.);
#7014 = ORIENTED_EDGE('',*,*,#4964,.F.);
#7015 = PLANE('',#7016);
#7016 = AXIS2_PLACEMENT_3D('',#7017,#7018,#7019);
#7017 = CARTESIAN_POINT('',(-2.348480775301,-2.11,0.742364817767));
#7018 = DIRECTION('',(-0.986841372087,1.129181146488E-17,0.161691392282)
  );
#7019 = DIRECTION('',(-0.161691392282,1.85013394127E-18,-0.986841372087)
  );
#7020 = ADVANCED_FACE('',(#7021),#7032,.T.);
#7021 = FACE_BOUND('',#7022,.T.);
#7022 = EDGE_LOOP('',(#7023,#7024,#7025,#7026));
#7023 = ORIENTED_EDGE('',*,*,#5245,.T.);
#7024 = ORIENTED_EDGE('',*,*,#6692,.T.);
#7025 = ORIENTED_EDGE('',*,*,#5354,.F.);
#7026 = ORIENTED_EDGE('',*,*,#7027,.F.);
#7027 = EDGE_CURVE('',#5238,#5347,#7028,.T.);
#7028 = LINE('',#7029,#7030);
#7029 = CARTESIAN_POINT('',(-2.545442325904,-0.84,0.7770944533));
#7030 = VECTOR('',#7031,1.);
#7031 = DIRECTION('',(1.144237745222E-17,1.,0.));
#7032 = CYLINDRICAL_SURFACE('',#7033,0.3);
#7033 = AXIS2_PLACEMENT_3D('',#7034,#7035,#7036);
#7034 = CARTESIAN_POINT('',(-2.25,-0.84,0.725));
#7035 = DIRECTION('',(-1.144237745222E-17,-1.,0.));
#7036 = DIRECTION('',(-0.984807753012,1.126854202784E-17,0.173648177667)
  );
#7037 = ADVANCED_FACE('',(#7038),#7049,.F.);
#7038 = FACE_BOUND('',#7039,.F.);
#7039 = EDGE_LOOP('',(#7040,#7046,#7047,#7048));
#7040 = ORIENTED_EDGE('',*,*,#7041,.T.);
#7041 = EDGE_CURVE('',#5229,#5338,#7042,.T.);
#7042 = LINE('',#7043,#7044);
#7043 = CARTESIAN_POINT('',(-2.6264581915,-0.84,0.282635182233));
#7044 = VECTOR('',#7045,1.);
#7045 = DIRECTION('',(1.144237745222E-17,1.,0.));
#7046 = ORIENTED_EDGE('',*,*,#5346,.T.);
#7047 = ORIENTED_EDGE('',*,*,#7027,.F.);
#7048 = ORIENTED_EDGE('',*,*,#5237,.F.);
#7049 = PLANE('',#7050);
#7050 = AXIS2_PLACEMENT_3D('',#7051,#7052,#7053);
#7051 = CARTESIAN_POINT('',(-2.6264581915,-0.84,0.282635182233));
#7052 = DIRECTION('',(0.986841372087,-1.129181146488E-17,-0.161691392282
    ));
#7053 = DIRECTION('',(0.161691392282,-1.85013394127E-18,0.986841372087)
  );
#7054 = ADVANCED_FACE('',(#7055),#7066,.F.);
#7055 = FACE_BOUND('',#7056,.F.);
#7056 = EDGE_LOOP('',(#7057,#7063,#7064,#7065));
#7057 = ORIENTED_EDGE('',*,*,#7058,.T.);
#7058 = EDGE_CURVE('',#5221,#5330,#7059,.T.);
#7059 = LINE('',#7060,#7061);
#7060 = CARTESIAN_POINT('',(-2.724938966801,-0.84,0.2));
#7061 = VECTOR('',#7062,1.);
#7062 = DIRECTION('',(1.144237745222E-17,1.,0.));
#7063 = ORIENTED_EDGE('',*,*,#5337,.T.);
#7064 = ORIENTED_EDGE('',*,*,#7041,.F.);
#7065 = ORIENTED_EDGE('',*,*,#5228,.F.);
#7066 = CYLINDRICAL_SURFACE('',#7067,0.1);
#7067 = AXIS2_PLACEMENT_3D('',#7068,#7069,#7070);
#7068 = CARTESIAN_POINT('',(-2.724938966801,-0.84,0.3));
#7069 = DIRECTION('',(-1.144237745222E-17,-1.,0.));
#7070 = DIRECTION('',(-0.,0.,-1.));
#7071 = ADVANCED_FACE('',(#7072),#7083,.F.);
#7072 = FACE_BOUND('',#7073,.F.);
#7073 = EDGE_LOOP('',(#7074,#7080,#7081,#7082));
#7074 = ORIENTED_EDGE('',*,*,#7075,.T.);
#7075 = EDGE_CURVE('',#5213,#5322,#7076,.T.);
#7076 = LINE('',#7077,#7078);
#7077 = CARTESIAN_POINT('',(-3.,-0.84,0.2));
#7078 = VECTOR('',#7079,1.);
#7079 = DIRECTION('',(1.144237745222E-17,1.,0.));
#7080 = ORIENTED_EDGE('',*,*,#5329,.T.);
#7081 = ORIENTED_EDGE('',*,*,#7058,.F.);
#7082 = ORIENTED_EDGE('',*,*,#5220,.F.);
#7083 = PLANE('',#7084);
#7084 = AXIS2_PLACEMENT_3D('',#7085,#7086,#7087);
#7085 = CARTESIAN_POINT('',(-3.,-0.84,0.2));
#7086 = DIRECTION('',(0.,0.,-1.));
#7087 = DIRECTION('',(1.,-1.144237745222E-17,0.));
#7088 = ADVANCED_FACE('',(#7089),#7100,.F.);
#7089 = FACE_BOUND('',#7090,.F.);
#7090 = EDGE_LOOP('',(#7091,#7097,#7098,#7099));
#7091 = ORIENTED_EDGE('',*,*,#7092,.T.);
#7092 = EDGE_CURVE('',#5205,#5314,#7093,.T.);
#7093 = LINE('',#7094,#7095);
#7094 = CARTESIAN_POINT('',(-3.,-0.84,-1.665334536938E-16));
#7095 = VECTOR('',#7096,1.);
#7096 = DIRECTION('',(1.144237745222E-17,1.,0.));
#7097 = ORIENTED_EDGE('',*,*,#5321,.T.);
#7098 = ORIENTED_EDGE('',*,*,#7075,.F.);
#7099 = ORIENTED_EDGE('',*,*,#5212,.F.);
#7100 = PLANE('',#7101);
#7101 = AXIS2_PLACEMENT_3D('',#7102,#7103,#7104);
#7102 = CARTESIAN_POINT('',(-3.,-0.84,-1.665334536938E-16));
#7103 = DIRECTION('',(1.,-1.144237745222E-17,0.));
#7104 = DIRECTION('',(0.,0.,1.));
#7105 = ADVANCED_FACE('',(#7106),#7117,.F.);
#7106 = FACE_BOUND('',#7107,.F.);
#7107 = EDGE_LOOP('',(#7108,#7114,#7115,#7116));
#7108 = ORIENTED_EDGE('',*,*,#7109,.T.);
#7109 = EDGE_CURVE('',#5196,#5305,#7110,.T.);
#7110 = LINE('',#7111,#7112);
#7111 = CARTESIAN_POINT('',(-2.724938966801,-0.84,-1.665334536938E-16));
#7112 = VECTOR('',#7113,1.);
#7113 = DIRECTION('',(1.144237745222E-17,1.,0.));
#7114 = ORIENTED_EDGE('',*,*,#5313,.T.);
#7115 = ORIENTED_EDGE('',*,*,#7092,.F.);
#7116 = ORIENTED_EDGE('',*,*,#5204,.F.);
#7117 = PLANE('',#7118);
#7118 = AXIS2_PLACEMENT_3D('',#7119,#7120,#7121);
#7119 = CARTESIAN_POINT('',(-2.724938966801,-0.84,-1.665334536938E-16));
#7120 = DIRECTION('',(0.,0.,1.));
#7121 = DIRECTION('',(-1.,1.144237745222E-17,0.));
#7122 = ADVANCED_FACE('',(#7123),#7134,.T.);
#7123 = FACE_BOUND('',#7124,.T.);
#7124 = EDGE_LOOP('',(#7125,#7126,#7127,#7128));
#7125 = ORIENTED_EDGE('',*,*,#5195,.T.);
#7126 = ORIENTED_EDGE('',*,*,#7109,.T.);
#7127 = ORIENTED_EDGE('',*,*,#5304,.F.);
#7128 = ORIENTED_EDGE('',*,*,#7129,.F.);
#7129 = EDGE_CURVE('',#5188,#5297,#7130,.T.);
#7130 = LINE('',#7131,#7132);
#7131 = CARTESIAN_POINT('',(-2.429496640897,-0.84,0.2479055467));
#7132 = VECTOR('',#7133,1.);
#7133 = DIRECTION('',(1.144237745222E-17,1.,0.));
#7134 = CYLINDRICAL_SURFACE('',#7135,0.3);
#7135 = AXIS2_PLACEMENT_3D('',#7136,#7137,#7138);
#7136 = CARTESIAN_POINT('',(-2.724938966801,-0.84,0.3));
#7137 = DIRECTION('',(-1.144237745222E-17,-1.,0.));
#7138 = DIRECTION('',(0.984807753012,-1.126854202784E-17,-0.173648177667
    ));
#7139 = ADVANCED_FACE('',(#7140),#7146,.F.);
#7140 = FACE_BOUND('',#7141,.F.);
#7141 = EDGE_LOOP('',(#7142,#7143,#7144,#7145));
#7142 = ORIENTED_EDGE('',*,*,#5278,.T.);
#7143 = ORIENTED_EDGE('',*,*,#5296,.T.);
#7144 = ORIENTED_EDGE('',*,*,#7129,.F.);
#7145 = ORIENTED_EDGE('',*,*,#5187,.F.);
#7146 = PLANE('',#7147);
#7147 = AXIS2_PLACEMENT_3D('',#7148,#7149,#7150);
#7148 = CARTESIAN_POINT('',(-2.348480775301,-0.84,0.742364817767));
#7149 = DIRECTION('',(-0.986841372087,1.129181146488E-17,0.161691392282)
  );
#7150 = DIRECTION('',(-0.161691392282,1.85013394127E-18,-0.986841372087)
  );
#7151 = ADVANCED_FACE('',(#7152),#7163,.T.);
#7152 = FACE_BOUND('',#7153,.T.);
#7153 = EDGE_LOOP('',(#7154,#7155,#7156,#7157));
#7154 = ORIENTED_EDGE('',*,*,#5468,.T.);
#7155 = ORIENTED_EDGE('',*,*,#6711,.T.);
#7156 = ORIENTED_EDGE('',*,*,#5577,.F.);
#7157 = ORIENTED_EDGE('',*,*,#7158,.F.);
#7158 = EDGE_CURVE('',#5461,#5570,#7159,.T.);
#7159 = LINE('',#7160,#7161);
#7160 = CARTESIAN_POINT('',(-2.545442325904,0.43,0.7770944533));
#7161 = VECTOR('',#7162,1.);
#7162 = DIRECTION('',(1.144237745222E-17,1.,0.));
#7163 = CYLINDRICAL_SURFACE('',#7164,0.3);
#7164 = AXIS2_PLACEMENT_3D('',#7165,#7166,#7167);
#7165 = CARTESIAN_POINT('',(-2.25,0.43,0.725));
#7166 = DIRECTION('',(-1.144237745222E-17,-1.,0.));
#7167 = DIRECTION('',(-0.984807753012,1.126854202784E-17,0.173648177667)
  );
#7168 = ADVANCED_FACE('',(#7169),#7180,.F.);
#7169 = FACE_BOUND('',#7170,.F.);
#7170 = EDGE_LOOP('',(#7171,#7177,#7178,#7179));
#7171 = ORIENTED_EDGE('',*,*,#7172,.T.);
#7172 = EDGE_CURVE('',#5452,#5561,#7173,.T.);
#7173 = LINE('',#7174,#7175);
#7174 = CARTESIAN_POINT('',(-2.6264581915,0.43,0.282635182233));
#7175 = VECTOR('',#7176,1.);
#7176 = DIRECTION('',(1.144237745222E-17,1.,0.));
#7177 = ORIENTED_EDGE('',*,*,#5569,.T.);
#7178 = ORIENTED_EDGE('',*,*,#7158,.F.);
#7179 = ORIENTED_EDGE('',*,*,#5460,.F.);
#7180 = PLANE('',#7181);
#7181 = AXIS2_PLACEMENT_3D('',#7182,#7183,#7184);
#7182 = CARTESIAN_POINT('',(-2.6264581915,0.43,0.282635182233));
#7183 = DIRECTION('',(0.986841372087,-1.129181146488E-17,-0.161691392282
    ));
#7184 = DIRECTION('',(0.161691392282,-1.85013394127E-18,0.986841372087)
  );
#7185 = ADVANCED_FACE('',(#7186),#7197,.F.);
#7186 = FACE_BOUND('',#7187,.F.);
#7187 = EDGE_LOOP('',(#7188,#7194,#7195,#7196));
#7188 = ORIENTED_EDGE('',*,*,#7189,.T.);
#7189 = EDGE_CURVE('',#5444,#5553,#7190,.T.);
#7190 = LINE('',#7191,#7192);
#7191 = CARTESIAN_POINT('',(-2.724938966801,0.43,0.2));
#7192 = VECTOR('',#7193,1.);
#7193 = DIRECTION('',(1.144237745222E-17,1.,0.));
#7194 = ORIENTED_EDGE('',*,*,#5560,.T.);
#7195 = ORIENTED_EDGE('',*,*,#7172,.F.);
#7196 = ORIENTED_EDGE('',*,*,#5451,.F.);
#7197 = CYLINDRICAL_SURFACE('',#7198,0.1);
#7198 = AXIS2_PLACEMENT_3D('',#7199,#7200,#7201);
#7199 = CARTESIAN_POINT('',(-2.724938966801,0.43,0.3));
#7200 = DIRECTION('',(-1.144237745222E-17,-1.,0.));
#7201 = DIRECTION('',(-0.,0.,-1.));
#7202 = ADVANCED_FACE('',(#7203),#7214,.F.);
#7203 = FACE_BOUND('',#7204,.F.);
#7204 = EDGE_LOOP('',(#7205,#7211,#7212,#7213));
#7205 = ORIENTED_EDGE('',*,*,#7206,.T.);
#7206 = EDGE_CURVE('',#5436,#5545,#7207,.T.);
#7207 = LINE('',#7208,#7209);
#7208 = CARTESIAN_POINT('',(-3.,0.43,0.2));
#7209 = VECTOR('',#7210,1.);
#7210 = DIRECTION('',(1.144237745222E-17,1.,0.));
#7211 = ORIENTED_EDGE('',*,*,#5552,.T.);
#7212 = ORIENTED_EDGE('',*,*,#7189,.F.);
#7213 = ORIENTED_EDGE('',*,*,#5443,.F.);
#7214 = PLANE('',#7215);
#7215 = AXIS2_PLACEMENT_3D('',#7216,#7217,#7218);
#7216 = CARTESIAN_POINT('',(-3.,0.43,0.2));
#7217 = DIRECTION('',(0.,0.,-1.));
#7218 = DIRECTION('',(1.,-1.144237745222E-17,0.));
#7219 = ADVANCED_FACE('',(#7220),#7231,.F.);
#7220 = FACE_BOUND('',#7221,.F.);
#7221 = EDGE_LOOP('',(#7222,#7228,#7229,#7230));
#7222 = ORIENTED_EDGE('',*,*,#7223,.T.);
#7223 = EDGE_CURVE('',#5428,#5537,#7224,.T.);
#7224 = LINE('',#7225,#7226);
#7225 = CARTESIAN_POINT('',(-3.,0.43,-1.665334536938E-16));
#7226 = VECTOR('',#7227,1.);
#7227 = DIRECTION('',(1.144237745222E-17,1.,0.));
#7228 = ORIENTED_EDGE('',*,*,#5544,.T.);
#7229 = ORIENTED_EDGE('',*,*,#7206,.F.);
#7230 = ORIENTED_EDGE('',*,*,#5435,.F.);
#7231 = PLANE('',#7232);
#7232 = AXIS2_PLACEMENT_3D('',#7233,#7234,#7235);
#7233 = CARTESIAN_POINT('',(-3.,0.43,-1.665334536938E-16));
#7234 = DIRECTION('',(1.,-1.144237745222E-17,0.));
#7235 = DIRECTION('',(0.,0.,1.));
#7236 = ADVANCED_FACE('',(#7237),#7248,.F.);
#7237 = FACE_BOUND('',#7238,.F.);
#7238 = EDGE_LOOP('',(#7239,#7245,#7246,#7247));
#7239 = ORIENTED_EDGE('',*,*,#7240,.T.);
#7240 = EDGE_CURVE('',#5419,#5528,#7241,.T.);
#7241 = LINE('',#7242,#7243);
#7242 = CARTESIAN_POINT('',(-2.724938966801,0.43,-1.665334536938E-16));
#7243 = VECTOR('',#7244,1.);
#7244 = DIRECTION('',(1.144237745222E-17,1.,0.));
#7245 = ORIENTED_EDGE('',*,*,#5536,.T.);
#7246 = ORIENTED_EDGE('',*,*,#7223,.F.);
#7247 = ORIENTED_EDGE('',*,*,#5427,.F.);
#7248 = PLANE('',#7249);
#7249 = AXIS2_PLACEMENT_3D('',#7250,#7251,#7252);
#7250 = CARTESIAN_POINT('',(-2.724938966801,0.43,-1.665334536938E-16));
#7251 = DIRECTION('',(0.,0.,1.));
#7252 = DIRECTION('',(-1.,1.144237745222E-17,0.));
#7253 = ADVANCED_FACE('',(#7254),#7265,.T.);
#7254 = FACE_BOUND('',#7255,.T.);
#7255 = EDGE_LOOP('',(#7256,#7257,#7258,#7259));
#7256 = ORIENTED_EDGE('',*,*,#5418,.T.);
#7257 = ORIENTED_EDGE('',*,*,#7240,.T.);
#7258 = ORIENTED_EDGE('',*,*,#5527,.F.);
#7259 = ORIENTED_EDGE('',*,*,#7260,.F.);
#7260 = EDGE_CURVE('',#5411,#5520,#7261,.T.);
#7261 = LINE('',#7262,#7263);
#7262 = CARTESIAN_POINT('',(-2.429496640897,0.43,0.2479055467));
#7263 = VECTOR('',#7264,1.);
#7264 = DIRECTION('',(1.144237745222E-17,1.,0.));
#7265 = CYLINDRICAL_SURFACE('',#7266,0.3);
#7266 = AXIS2_PLACEMENT_3D('',#7267,#7268,#7269);
#7267 = CARTESIAN_POINT('',(-2.724938966801,0.43,0.3));
#7268 = DIRECTION('',(-1.144237745222E-17,-1.,0.));
#7269 = DIRECTION('',(0.984807753012,-1.126854202784E-17,-0.173648177667
    ));
#7270 = ADVANCED_FACE('',(#7271),#7277,.F.);
#7271 = FACE_BOUND('',#7272,.F.);
#7272 = EDGE_LOOP('',(#7273,#7274,#7275,#7276));
#7273 = ORIENTED_EDGE('',*,*,#5501,.T.);
#7274 = ORIENTED_EDGE('',*,*,#5519,.T.);
#7275 = ORIENTED_EDGE('',*,*,#7260,.F.);
#7276 = ORIENTED_EDGE('',*,*,#5410,.F.);
#7277 = PLANE('',#7278);
#7278 = AXIS2_PLACEMENT_3D('',#7279,#7280,#7281);
#7279 = CARTESIAN_POINT('',(-2.348480775301,0.43,0.742364817767));
#7280 = DIRECTION('',(-0.986841372087,1.129181146488E-17,0.161691392282)
  );
#7281 = DIRECTION('',(-0.161691392282,1.85013394127E-18,-0.986841372087)
  );
#7282 = ADVANCED_FACE('',(#7283),#7294,.F.);
#7283 = FACE_BOUND('',#7284,.F.);
#7284 = EDGE_LOOP('',(#7285,#7291,#7292,#7293));
#7285 = ORIENTED_EDGE('',*,*,#7286,.T.);
#7286 = EDGE_CURVE('',#5670,#5772,#7287,.T.);
#7287 = LINE('',#7288,#7289);
#7288 = CARTESIAN_POINT('',(-2.6264581915,1.7,0.282635182233));
#7289 = VECTOR('',#7290,1.);
#7290 = DIRECTION('',(1.144237745222E-17,1.,0.));
#7291 = ORIENTED_EDGE('',*,*,#5780,.T.);
#7292 = ORIENTED_EDGE('',*,*,#6658,.F.);
#7293 = ORIENTED_EDGE('',*,*,#5678,.F.);
#7294 = PLANE('',#7295);
#7295 = AXIS2_PLACEMENT_3D('',#7296,#7297,#7298);
#7296 = CARTESIAN_POINT('',(-2.6264581915,1.7,0.282635182233));
#7297 = DIRECTION('',(0.986841372087,-1.129181146488E-17,-0.161691392282
    ));
#7298 = DIRECTION('',(0.161691392282,-1.85013394127E-18,0.986841372087)
  );
#7299 = ADVANCED_FACE('',(#7300),#7311,.F.);
#7300 = FACE_BOUND('',#7301,.F.);
#7301 = EDGE_LOOP('',(#7302,#7308,#7309,#7310));
#7302 = ORIENTED_EDGE('',*,*,#7303,.T.);
#7303 = EDGE_CURVE('',#5662,#5764,#7304,.T.);
#7304 = LINE('',#7305,#7306);
#7305 = CARTESIAN_POINT('',(-2.724938966801,1.7,0.2));
#7306 = VECTOR('',#7307,1.);
#7307 = DIRECTION('',(1.144237745222E-17,1.,0.));
#7308 = ORIENTED_EDGE('',*,*,#5771,.T.);
#7309 = ORIENTED_EDGE('',*,*,#7286,.F.);
#7310 = ORIENTED_EDGE('',*,*,#5669,.F.);
#7311 = CYLINDRICAL_SURFACE('',#7312,0.1);
#7312 = AXIS2_PLACEMENT_3D('',#7313,#7314,#7315);
#7313 = CARTESIAN_POINT('',(-2.724938966801,1.7,0.3));
#7314 = DIRECTION('',(-1.144237745222E-17,-1.,0.));
#7315 = DIRECTION('',(-0.,0.,-1.));
#7316 = ADVANCED_FACE('',(#7317),#7328,.F.);
#7317 = FACE_BOUND('',#7318,.F.);
#7318 = EDGE_LOOP('',(#7319,#7325,#7326,#7327));
#7319 = ORIENTED_EDGE('',*,*,#7320,.T.);
#7320 = EDGE_CURVE('',#5654,#5756,#7321,.T.);
#7321 = LINE('',#7322,#7323);
#7322 = CARTESIAN_POINT('',(-3.,1.7,0.2));
#7323 = VECTOR('',#7324,1.);
#7324 = DIRECTION('',(1.144237745222E-17,1.,0.));
#7325 = ORIENTED_EDGE('',*,*,#5763,.T.);
#7326 = ORIENTED_EDGE('',*,*,#7303,.F.);
#7327 = ORIENTED_EDGE('',*,*,#5661,.F.);
#7328 = PLANE('',#7329);
#7329 = AXIS2_PLACEMENT_3D('',#7330,#7331,#7332);
#7330 = CARTESIAN_POINT('',(-3.,1.7,0.2));
#7331 = DIRECTION('',(0.,0.,-1.));
#7332 = DIRECTION('',(1.,-1.144237745222E-17,0.));
#7333 = ADVANCED_FACE('',(#7334),#7345,.F.);
#7334 = FACE_BOUND('',#7335,.F.);
#7335 = EDGE_LOOP('',(#7336,#7342,#7343,#7344));
#7336 = ORIENTED_EDGE('',*,*,#7337,.T.);
#7337 = EDGE_CURVE('',#5646,#5748,#7338,.T.);
#7338 = LINE('',#7339,#7340);
#7339 = CARTESIAN_POINT('',(-3.,1.7,-1.665334536938E-16));
#7340 = VECTOR('',#7341,1.);
#7341 = DIRECTION('',(1.144237745222E-17,1.,0.));
#7342 = ORIENTED_EDGE('',*,*,#5755,.T.);
#7343 = ORIENTED_EDGE('',*,*,#7320,.F.);
#7344 = ORIENTED_EDGE('',*,*,#5653,.F.);
#7345 = PLANE('',#7346);
#7346 = AXIS2_PLACEMENT_3D('',#7347,#7348,#7349);
#7347 = CARTESIAN_POINT('',(-3.,1.7,-1.665334536938E-16));
#7348 = DIRECTION('',(1.,-1.144237745222E-17,0.));
#7349 = DIRECTION('',(0.,0.,1.));
#7350 = ADVANCED_FACE('',(#7351),#7362,.F.);
#7351 = FACE_BOUND('',#7352,.F.);
#7352 = EDGE_LOOP('',(#7353,#7359,#7360,#7361));
#7353 = ORIENTED_EDGE('',*,*,#7354,.T.);
#7354 = EDGE_CURVE('',#5637,#5739,#7355,.T.);
#7355 = LINE('',#7356,#7357);
#7356 = CARTESIAN_POINT('',(-2.724938966801,1.7,-1.665334536938E-16));
#7357 = VECTOR('',#7358,1.);
#7358 = DIRECTION('',(1.144237745222E-17,1.,0.));
#7359 = ORIENTED_EDGE('',*,*,#5747,.T.);
#7360 = ORIENTED_EDGE('',*,*,#7337,.F.);
#7361 = ORIENTED_EDGE('',*,*,#5645,.F.);
#7362 = PLANE('',#7363);
#7363 = AXIS2_PLACEMENT_3D('',#7364,#7365,#7366);
#7364 = CARTESIAN_POINT('',(-2.724938966801,1.7,-1.665334536938E-16));
#7365 = DIRECTION('',(0.,0.,1.));
#7366 = DIRECTION('',(-1.,1.144237745222E-17,0.));
#7367 = ADVANCED_FACE('',(#7368),#7379,.T.);
#7368 = FACE_BOUND('',#7369,.T.);
#7369 = EDGE_LOOP('',(#7370,#7371,#7372,#7373));
#7370 = ORIENTED_EDGE('',*,*,#5636,.T.);
#7371 = ORIENTED_EDGE('',*,*,#7354,.T.);
#7372 = ORIENTED_EDGE('',*,*,#5738,.F.);
#7373 = ORIENTED_EDGE('',*,*,#7374,.F.);
#7374 = EDGE_CURVE('',#5629,#5731,#7375,.T.);
#7375 = LINE('',#7376,#7377);
#7376 = CARTESIAN_POINT('',(-2.429496640897,1.7,0.2479055467));
#7377 = VECTOR('',#7378,1.);
#7378 = DIRECTION('',(1.144237745222E-17,1.,0.));
#7379 = CYLINDRICAL_SURFACE('',#7380,0.3);
#7380 = AXIS2_PLACEMENT_3D('',#7381,#7382,#7383);
#7381 = CARTESIAN_POINT('',(-2.724938966801,1.7,0.3));
#7382 = DIRECTION('',(-1.144237745222E-17,-1.,0.));
#7383 = DIRECTION('',(0.984807753012,-1.126854202784E-17,-0.173648177667
    ));
#7384 = ADVANCED_FACE('',(#7385),#7391,.F.);
#7385 = FACE_BOUND('',#7386,.F.);
#7386 = EDGE_LOOP('',(#7387,#7388,#7389,#7390));
#7387 = ORIENTED_EDGE('',*,*,#5712,.T.);
#7388 = ORIENTED_EDGE('',*,*,#5730,.T.);
#7389 = ORIENTED_EDGE('',*,*,#7374,.F.);
#7390 = ORIENTED_EDGE('',*,*,#5628,.F.);
#7391 = PLANE('',#7392);
#7392 = AXIS2_PLACEMENT_3D('',#7393,#7394,#7395);
#7393 = CARTESIAN_POINT('',(-2.348480775301,1.7,0.742364817767));
#7394 = DIRECTION('',(-0.986841372087,1.129181146488E-17,0.161691392282)
  );
#7395 = DIRECTION('',(-0.161691392282,1.85013394127E-18,-0.986841372087)
  );
#7396 = ADVANCED_FACE('',(#7397),#7408,.F.);
#7397 = FACE_BOUND('',#7398,.F.);
#7398 = EDGE_LOOP('',(#7399,#7405,#7406,#7407));
#7399 = ORIENTED_EDGE('',*,*,#7400,.T.);
#7400 = EDGE_CURVE('',#5857,#5959,#7401,.T.);
#7401 = LINE('',#7402,#7403);
#7402 = CARTESIAN_POINT('',(2.6264581915,2.11,0.282635182233));
#7403 = VECTOR('',#7404,1.);
#7404 = DIRECTION('',(1.110223024625E-16,-1.,0.));
#7405 = ORIENTED_EDGE('',*,*,#5967,.T.);
#7406 = ORIENTED_EDGE('',*,*,#6867,.F.);
#7407 = ORIENTED_EDGE('',*,*,#5865,.F.);
#7408 = PLANE('',#7409);
#7409 = AXIS2_PLACEMENT_3D('',#7410,#7411,#7412);
#7410 = CARTESIAN_POINT('',(2.6264581915,2.11,0.282635182233));
#7411 = DIRECTION('',(-0.986841372087,-1.095614012943E-16,
    -0.161691392282));
#7412 = DIRECTION('',(-0.161691392282,-1.795135065956E-17,0.986841372087
    ));
#7413 = ADVANCED_FACE('',(#7414),#7425,.F.);
#7414 = FACE_BOUND('',#7415,.F.);
#7415 = EDGE_LOOP('',(#7416,#7422,#7423,#7424));
#7416 = ORIENTED_EDGE('',*,*,#7417,.T.);
#7417 = EDGE_CURVE('',#5849,#5951,#7418,.T.);
#7418 = LINE('',#7419,#7420);
#7419 = CARTESIAN_POINT('',(2.724938966801,2.11,0.2));
#7420 = VECTOR('',#7421,1.);
#7421 = DIRECTION('',(1.110223024625E-16,-1.,0.));
#7422 = ORIENTED_EDGE('',*,*,#5958,.T.);
#7423 = ORIENTED_EDGE('',*,*,#7400,.F.);
#7424 = ORIENTED_EDGE('',*,*,#5856,.F.);
#7425 = CYLINDRICAL_SURFACE('',#7426,0.1);
#7426 = AXIS2_PLACEMENT_3D('',#7427,#7428,#7429);
#7427 = CARTESIAN_POINT('',(2.724938966801,2.11,0.3));
#7428 = DIRECTION('',(-1.110223024625E-16,1.,0.));
#7429 = DIRECTION('',(0.,0.,-1.));
#7430 = ADVANCED_FACE('',(#7431),#7442,.F.);
#7431 = FACE_BOUND('',#7432,.F.);
#7432 = EDGE_LOOP('',(#7433,#7439,#7440,#7441));
#7433 = ORIENTED_EDGE('',*,*,#7434,.T.);
#7434 = EDGE_CURVE('',#5841,#5943,#7435,.T.);
#7435 = LINE('',#7436,#7437);
#7436 = CARTESIAN_POINT('',(3.,2.11,0.2));
#7437 = VECTOR('',#7438,1.);
#7438 = DIRECTION('',(1.110223024625E-16,-1.,0.));
#7439 = ORIENTED_EDGE('',*,*,#5950,.T.);
#7440 = ORIENTED_EDGE('',*,*,#7417,.F.);
#7441 = ORIENTED_EDGE('',*,*,#5848,.F.);
#7442 = PLANE('',#7443);
#7443 = AXIS2_PLACEMENT_3D('',#7444,#7445,#7446);
#7444 = CARTESIAN_POINT('',(3.,2.11,0.2));
#7445 = DIRECTION('',(0.,0.,-1.));
#7446 = DIRECTION('',(-1.,-1.110223024625E-16,-0.));
#7447 = ADVANCED_FACE('',(#7448),#7459,.F.);
#7448 = FACE_BOUND('',#7449,.F.);
#7449 = EDGE_LOOP('',(#7450,#7456,#7457,#7458));
#7450 = ORIENTED_EDGE('',*,*,#7451,.T.);
#7451 = EDGE_CURVE('',#5833,#5935,#7452,.T.);
#7452 = LINE('',#7453,#7454);
#7453 = CARTESIAN_POINT('',(3.,2.11,-1.665334536938E-16));
#7454 = VECTOR('',#7455,1.);
#7455 = DIRECTION('',(1.110223024625E-16,-1.,0.));
#7456 = ORIENTED_EDGE('',*,*,#5942,.T.);
#7457 = ORIENTED_EDGE('',*,*,#7434,.F.);
#7458 = ORIENTED_EDGE('',*,*,#5840,.F.);
#7459 = PLANE('',#7460);
#7460 = AXIS2_PLACEMENT_3D('',#7461,#7462,#7463);
#7461 = CARTESIAN_POINT('',(3.,2.11,-1.665334536938E-16));
#7462 = DIRECTION('',(-1.,-1.110223024625E-16,0.));
#7463 = DIRECTION('',(0.,0.,1.));
#7464 = ADVANCED_FACE('',(#7465),#7476,.F.);
#7465 = FACE_BOUND('',#7466,.F.);
#7466 = EDGE_LOOP('',(#7467,#7473,#7474,#7475));
#7467 = ORIENTED_EDGE('',*,*,#7468,.T.);
#7468 = EDGE_CURVE('',#5824,#5926,#7469,.T.);
#7469 = LINE('',#7470,#7471);
#7470 = CARTESIAN_POINT('',(2.724938966801,2.11,-1.665334536938E-16));
#7471 = VECTOR('',#7472,1.);
#7472 = DIRECTION('',(1.110223024625E-16,-1.,0.));
#7473 = ORIENTED_EDGE('',*,*,#5934,.T.);
#7474 = ORIENTED_EDGE('',*,*,#7451,.F.);
#7475 = ORIENTED_EDGE('',*,*,#5832,.F.);
#7476 = PLANE('',#7477);
#7477 = AXIS2_PLACEMENT_3D('',#7478,#7479,#7480);
#7478 = CARTESIAN_POINT('',(2.724938966801,2.11,-1.665334536938E-16));
#7479 = DIRECTION('',(0.,0.,1.));
#7480 = DIRECTION('',(1.,1.110223024625E-16,-0.));
#7481 = ADVANCED_FACE('',(#7482),#7493,.T.);
#7482 = FACE_BOUND('',#7483,.T.);
#7483 = EDGE_LOOP('',(#7484,#7485,#7486,#7487));
#7484 = ORIENTED_EDGE('',*,*,#5823,.T.);
#7485 = ORIENTED_EDGE('',*,*,#7468,.T.);
#7486 = ORIENTED_EDGE('',*,*,#5925,.F.);
#7487 = ORIENTED_EDGE('',*,*,#7488,.F.);
#7488 = EDGE_CURVE('',#5816,#5918,#7489,.T.);
#7489 = LINE('',#7490,#7491);
#7490 = CARTESIAN_POINT('',(2.429496640897,2.11,0.2479055467));
#7491 = VECTOR('',#7492,1.);
#7492 = DIRECTION('',(1.110223024625E-16,-1.,0.));
#7493 = CYLINDRICAL_SURFACE('',#7494,0.3);
#7494 = AXIS2_PLACEMENT_3D('',#7495,#7496,#7497);
#7495 = CARTESIAN_POINT('',(2.724938966801,2.11,0.3));
#7496 = DIRECTION('',(-1.110223024625E-16,1.,0.));
#7497 = DIRECTION('',(-0.984807753012,-1.093356242223E-16,
    -0.173648177667));
#7498 = ADVANCED_FACE('',(#7499),#7505,.F.);
#7499 = FACE_BOUND('',#7500,.F.);
#7500 = EDGE_LOOP('',(#7501,#7502,#7503,#7504));
#7501 = ORIENTED_EDGE('',*,*,#5899,.T.);
#7502 = ORIENTED_EDGE('',*,*,#5917,.T.);
#7503 = ORIENTED_EDGE('',*,*,#7488,.F.);
#7504 = ORIENTED_EDGE('',*,*,#5815,.F.);
#7505 = PLANE('',#7506);
#7506 = AXIS2_PLACEMENT_3D('',#7507,#7508,#7509);
#7507 = CARTESIAN_POINT('',(2.348480775301,2.11,0.742364817767));
#7508 = DIRECTION('',(0.986841372087,1.095614012943E-16,0.161691392282)
  );
#7509 = DIRECTION('',(0.161691392282,1.795135065956E-17,-0.986841372087)
  );
#7510 = ADVANCED_FACE('',(#7511),#7522,.T.);
#7511 = FACE_BOUND('',#7512,.T.);
#7512 = EDGE_LOOP('',(#7513,#7514,#7515,#7516));
#7513 = ORIENTED_EDGE('',*,*,#6077,.T.);
#7514 = ORIENTED_EDGE('',*,*,#6792,.T.);
#7515 = ORIENTED_EDGE('',*,*,#6186,.F.);
#7516 = ORIENTED_EDGE('',*,*,#7517,.F.);
#7517 = EDGE_CURVE('',#6070,#6179,#7518,.T.);
#7518 = LINE('',#7519,#7520);
#7519 = CARTESIAN_POINT('',(2.545442325904,0.84,0.7770944533));
#7520 = VECTOR('',#7521,1.);
#7521 = DIRECTION('',(1.110223024625E-16,-1.,0.));
#7522 = CYLINDRICAL_SURFACE('',#7523,0.3);
#7523 = AXIS2_PLACEMENT_3D('',#7524,#7525,#7526);
#7524 = CARTESIAN_POINT('',(2.25,0.84,0.725));
#7525 = DIRECTION('',(-1.110223024625E-16,1.,0.));
#7526 = DIRECTION('',(0.984807753012,1.093356242223E-16,0.173648177667)
  );
#7527 = ADVANCED_FACE('',(#7528),#7539,.F.);
#7528 = FACE_BOUND('',#7529,.F.);
#7529 = EDGE_LOOP('',(#7530,#7536,#7537,#7538));
#7530 = ORIENTED_EDGE('',*,*,#7531,.T.);
#7531 = EDGE_CURVE('',#6061,#6170,#7532,.T.);
#7532 = LINE('',#7533,#7534);
#7533 = CARTESIAN_POINT('',(2.6264581915,0.84,0.282635182233));
#7534 = VECTOR('',#7535,1.);
#7535 = DIRECTION('',(1.110223024625E-16,-1.,0.));
#7536 = ORIENTED_EDGE('',*,*,#6178,.T.);
#7537 = ORIENTED_EDGE('',*,*,#7517,.F.);
#7538 = ORIENTED_EDGE('',*,*,#6069,.F.);
#7539 = PLANE('',#7540);
#7540 = AXIS2_PLACEMENT_3D('',#7541,#7542,#7543);
#7541 = CARTESIAN_POINT('',(2.6264581915,0.84,0.282635182233));
#7542 = DIRECTION('',(-0.986841372087,-1.095614012943E-16,
    -0.161691392282));
#7543 = DIRECTION('',(-0.161691392282,-1.795135065956E-17,0.986841372087
    ));
#7544 = ADVANCED_FACE('',(#7545),#7556,.F.);
#7545 = FACE_BOUND('',#7546,.F.);
#7546 = EDGE_LOOP('',(#7547,#7553,#7554,#7555));
#7547 = ORIENTED_EDGE('',*,*,#7548,.T.);
#7548 = EDGE_CURVE('',#6053,#6162,#7549,.T.);
#7549 = LINE('',#7550,#7551);
#7550 = CARTESIAN_POINT('',(2.724938966801,0.84,0.2));
#7551 = VECTOR('',#7552,1.);
#7552 = DIRECTION('',(1.110223024625E-16,-1.,0.));
#7553 = ORIENTED_EDGE('',*,*,#6169,.T.);
#7554 = ORIENTED_EDGE('',*,*,#7531,.F.);
#7555 = ORIENTED_EDGE('',*,*,#6060,.F.);
#7556 = CYLINDRICAL_SURFACE('',#7557,0.1);
#7557 = AXIS2_PLACEMENT_3D('',#7558,#7559,#7560);
#7558 = CARTESIAN_POINT('',(2.724938966801,0.84,0.3));
#7559 = DIRECTION('',(-1.110223024625E-16,1.,0.));
#7560 = DIRECTION('',(0.,0.,-1.));
#7561 = ADVANCED_FACE('',(#7562),#7573,.F.);
#7562 = FACE_BOUND('',#7563,.F.);
#7563 = EDGE_LOOP('',(#7564,#7570,#7571,#7572));
#7564 = ORIENTED_EDGE('',*,*,#7565,.T.);
#7565 = EDGE_CURVE('',#6045,#6154,#7566,.T.);
#7566 = LINE('',#7567,#7568);
#7567 = CARTESIAN_POINT('',(3.,0.84,0.2));
#7568 = VECTOR('',#7569,1.);
#7569 = DIRECTION('',(1.110223024625E-16,-1.,0.));
#7570 = ORIENTED_EDGE('',*,*,#6161,.T.);
#7571 = ORIENTED_EDGE('',*,*,#7548,.F.);
#7572 = ORIENTED_EDGE('',*,*,#6052,.F.);
#7573 = PLANE('',#7574);
#7574 = AXIS2_PLACEMENT_3D('',#7575,#7576,#7577);
#7575 = CARTESIAN_POINT('',(3.,0.84,0.2));
#7576 = DIRECTION('',(0.,0.,-1.));
#7577 = DIRECTION('',(-1.,-1.110223024625E-16,-0.));
#7578 = ADVANCED_FACE('',(#7579),#7590,.F.);
#7579 = FACE_BOUND('',#7580,.F.);
#7580 = EDGE_LOOP('',(#7581,#7587,#7588,#7589));
#7581 = ORIENTED_EDGE('',*,*,#7582,.T.);
#7582 = EDGE_CURVE('',#6037,#6146,#7583,.T.);
#7583 = LINE('',#7584,#7585);
#7584 = CARTESIAN_POINT('',(3.,0.84,-1.665334536938E-16));
#7585 = VECTOR('',#7586,1.);
#7586 = DIRECTION('',(1.110223024625E-16,-1.,0.));
#7587 = ORIENTED_EDGE('',*,*,#6153,.T.);
#7588 = ORIENTED_EDGE('',*,*,#7565,.F.);
#7589 = ORIENTED_EDGE('',*,*,#6044,.F.);
#7590 = PLANE('',#7591);
#7591 = AXIS2_PLACEMENT_3D('',#7592,#7593,#7594);
#7592 = CARTESIAN_POINT('',(3.,0.84,-1.665334536938E-16));
#7593 = DIRECTION('',(-1.,-1.110223024625E-16,0.));
#7594 = DIRECTION('',(0.,0.,1.));
#7595 = ADVANCED_FACE('',(#7596),#7607,.F.);
#7596 = FACE_BOUND('',#7597,.F.);
#7597 = EDGE_LOOP('',(#7598,#7604,#7605,#7606));
#7598 = ORIENTED_EDGE('',*,*,#7599,.T.);
#7599 = EDGE_CURVE('',#6028,#6137,#7600,.T.);
#7600 = LINE('',#7601,#7602);
#7601 = CARTESIAN_POINT('',(2.724938966801,0.84,-1.665334536938E-16));
#7602 = VECTOR('',#7603,1.);
#7603 = DIRECTION('',(1.110223024625E-16,-1.,0.));
#7604 = ORIENTED_EDGE('',*,*,#6145,.T.);
#7605 = ORIENTED_EDGE('',*,*,#7582,.F.);
#7606 = ORIENTED_EDGE('',*,*,#6036,.F.);
#7607 = PLANE('',#7608);
#7608 = AXIS2_PLACEMENT_3D('',#7609,#7610,#7611);
#7609 = CARTESIAN_POINT('',(2.724938966801,0.84,-1.665334536938E-16));
#7610 = DIRECTION('',(0.,0.,1.));
#7611 = DIRECTION('',(1.,1.110223024625E-16,-0.));
#7612 = ADVANCED_FACE('',(#7613),#7624,.T.);
#7613 = FACE_BOUND('',#7614,.T.);
#7614 = EDGE_LOOP('',(#7615,#7616,#7617,#7618));
#7615 = ORIENTED_EDGE('',*,*,#6027,.T.);
#7616 = ORIENTED_EDGE('',*,*,#7599,.T.);
#7617 = ORIENTED_EDGE('',*,*,#6136,.F.);
#7618 = ORIENTED_EDGE('',*,*,#7619,.F.);
#7619 = EDGE_CURVE('',#6020,#6129,#7620,.T.);
#7620 = LINE('',#7621,#7622);
#7621 = CARTESIAN_POINT('',(2.429496640897,0.84,0.2479055467));
#7622 = VECTOR('',#7623,1.);
#7623 = DIRECTION('',(1.110223024625E-16,-1.,0.));
#7624 = CYLINDRICAL_SURFACE('',#7625,0.3);
#7625 = AXIS2_PLACEMENT_3D('',#7626,#7627,#7628);
#7626 = CARTESIAN_POINT('',(2.724938966801,0.84,0.3));
#7627 = DIRECTION('',(-1.110223024625E-16,1.,0.));
#7628 = DIRECTION('',(-0.984807753012,-1.093356242223E-16,
    -0.173648177667));
#7629 = ADVANCED_FACE('',(#7630),#7636,.F.);
#7630 = FACE_BOUND('',#7631,.F.);
#7631 = EDGE_LOOP('',(#7632,#7633,#7634,#7635));
#7632 = ORIENTED_EDGE('',*,*,#6110,.T.);
#7633 = ORIENTED_EDGE('',*,*,#6128,.T.);
#7634 = ORIENTED_EDGE('',*,*,#7619,.F.);
#7635 = ORIENTED_EDGE('',*,*,#6019,.F.);
#7636 = PLANE('',#7637);
#7637 = AXIS2_PLACEMENT_3D('',#7638,#7639,#7640);
#7638 = CARTESIAN_POINT('',(2.348480775301,0.84,0.742364817767));
#7639 = DIRECTION('',(0.986841372087,1.095614012943E-16,0.161691392282)
  );
#7640 = DIRECTION('',(0.161691392282,1.795135065956E-17,-0.986841372087)
  );
#7641 = ADVANCED_FACE('',(#7642),#7653,.T.);
#7642 = FACE_BOUND('',#7643,.T.);
#7643 = EDGE_LOOP('',(#7644,#7645,#7646,#7647));
#7644 = ORIENTED_EDGE('',*,*,#6300,.T.);
#7645 = ORIENTED_EDGE('',*,*,#6811,.T.);
#7646 = ORIENTED_EDGE('',*,*,#6409,.F.);
#7647 = ORIENTED_EDGE('',*,*,#7648,.F.);
#7648 = EDGE_CURVE('',#6293,#6402,#7649,.T.);
#7649 = LINE('',#7650,#7651);
#7650 = CARTESIAN_POINT('',(2.545442325904,-0.43,0.7770944533));
#7651 = VECTOR('',#7652,1.);
#7652 = DIRECTION('',(1.110223024625E-16,-1.,0.));
#7653 = CYLINDRICAL_SURFACE('',#7654,0.3);
#7654 = AXIS2_PLACEMENT_3D('',#7655,#7656,#7657);
#7655 = CARTESIAN_POINT('',(2.25,-0.43,0.725));
#7656 = DIRECTION('',(-1.110223024625E-16,1.,0.));
#7657 = DIRECTION('',(0.984807753012,1.093356242223E-16,0.173648177667)
  );
#7658 = ADVANCED_FACE('',(#7659),#7670,.F.);
#7659 = FACE_BOUND('',#7660,.F.);
#7660 = EDGE_LOOP('',(#7661,#7667,#7668,#7669));
#7661 = ORIENTED_EDGE('',*,*,#7662,.T.);
#7662 = EDGE_CURVE('',#6284,#6393,#7663,.T.);
#7663 = LINE('',#7664,#7665);
#7664 = CARTESIAN_POINT('',(2.6264581915,-0.43,0.282635182233));
#7665 = VECTOR('',#7666,1.);
#7666 = DIRECTION('',(1.110223024625E-16,-1.,0.));
#7667 = ORIENTED_EDGE('',*,*,#6401,.T.);
#7668 = ORIENTED_EDGE('',*,*,#7648,.F.);
#7669 = ORIENTED_EDGE('',*,*,#6292,.F.);
#7670 = PLANE('',#7671);
#7671 = AXIS2_PLACEMENT_3D('',#7672,#7673,#7674);
#7672 = CARTESIAN_POINT('',(2.6264581915,-0.43,0.282635182233));
#7673 = DIRECTION('',(-0.986841372087,-1.095614012943E-16,
    -0.161691392282));
#7674 = DIRECTION('',(-0.161691392282,-1.795135065956E-17,0.986841372087
    ));
#7675 = ADVANCED_FACE('',(#7676),#7687,.F.);
#7676 = FACE_BOUND('',#7677,.F.);
#7677 = EDGE_LOOP('',(#7678,#7684,#7685,#7686));
#7678 = ORIENTED_EDGE('',*,*,#7679,.T.);
#7679 = EDGE_CURVE('',#6276,#6385,#7680,.T.);
#7680 = LINE('',#7681,#7682);
#7681 = CARTESIAN_POINT('',(2.724938966801,-0.43,0.2));
#7682 = VECTOR('',#7683,1.);
#7683 = DIRECTION('',(1.110223024625E-16,-1.,0.));
#7684 = ORIENTED_EDGE('',*,*,#6392,.T.);
#7685 = ORIENTED_EDGE('',*,*,#7662,.F.);
#7686 = ORIENTED_EDGE('',*,*,#6283,.F.);
#7687 = CYLINDRICAL_SURFACE('',#7688,0.1);
#7688 = AXIS2_PLACEMENT_3D('',#7689,#7690,#7691);
#7689 = CARTESIAN_POINT('',(2.724938966801,-0.43,0.3));
#7690 = DIRECTION('',(-1.110223024625E-16,1.,0.));
#7691 = DIRECTION('',(0.,0.,-1.));
#7692 = ADVANCED_FACE('',(#7693),#7704,.F.);
#7693 = FACE_BOUND('',#7694,.F.);
#7694 = EDGE_LOOP('',(#7695,#7701,#7702,#7703));
#7695 = ORIENTED_EDGE('',*,*,#7696,.T.);
#7696 = EDGE_CURVE('',#6268,#6377,#7697,.T.);
#7697 = LINE('',#7698,#7699);
#7698 = CARTESIAN_POINT('',(3.,-0.43,0.2));
#7699 = VECTOR('',#7700,1.);
#7700 = DIRECTION('',(1.110223024625E-16,-1.,0.));
#7701 = ORIENTED_EDGE('',*,*,#6384,.T.);
#7702 = ORIENTED_EDGE('',*,*,#7679,.F.);
#7703 = ORIENTED_EDGE('',*,*,#6275,.F.);
#7704 = PLANE('',#7705);
#7705 = AXIS2_PLACEMENT_3D('',#7706,#7707,#7708);
#7706 = CARTESIAN_POINT('',(3.,-0.43,0.2));
#7707 = DIRECTION('',(0.,0.,-1.));
#7708 = DIRECTION('',(-1.,-1.110223024625E-16,-0.));
#7709 = ADVANCED_FACE('',(#7710),#7721,.F.);
#7710 = FACE_BOUND('',#7711,.F.);
#7711 = EDGE_LOOP('',(#7712,#7718,#7719,#7720));
#7712 = ORIENTED_EDGE('',*,*,#7713,.T.);
#7713 = EDGE_CURVE('',#6260,#6369,#7714,.T.);
#7714 = LINE('',#7715,#7716);
#7715 = CARTESIAN_POINT('',(3.,-0.43,-1.665334536938E-16));
#7716 = VECTOR('',#7717,1.);
#7717 = DIRECTION('',(1.110223024625E-16,-1.,0.));
#7718 = ORIENTED_EDGE('',*,*,#6376,.T.);
#7719 = ORIENTED_EDGE('',*,*,#7696,.F.);
#7720 = ORIENTED_EDGE('',*,*,#6267,.F.);
#7721 = PLANE('',#7722);
#7722 = AXIS2_PLACEMENT_3D('',#7723,#7724,#7725);
#7723 = CARTESIAN_POINT('',(3.,-0.43,-1.665334536938E-16));
#7724 = DIRECTION('',(-1.,-1.110223024625E-16,0.));
#7725 = DIRECTION('',(0.,0.,1.));
#7726 = ADVANCED_FACE('',(#7727),#7738,.F.);
#7727 = FACE_BOUND('',#7728,.F.);
#7728 = EDGE_LOOP('',(#7729,#7735,#7736,#7737));
#7729 = ORIENTED_EDGE('',*,*,#7730,.T.);
#7730 = EDGE_CURVE('',#6251,#6360,#7731,.T.);
#7731 = LINE('',#7732,#7733);
#7732 = CARTESIAN_POINT('',(2.724938966801,-0.43,-1.665334536938E-16));
#7733 = VECTOR('',#7734,1.);
#7734 = DIRECTION('',(1.110223024625E-16,-1.,0.));
#7735 = ORIENTED_EDGE('',*,*,#6368,.T.);
#7736 = ORIENTED_EDGE('',*,*,#7713,.F.);
#7737 = ORIENTED_EDGE('',*,*,#6259,.F.);
#7738 = PLANE('',#7739);
#7739 = AXIS2_PLACEMENT_3D('',#7740,#7741,#7742);
#7740 = CARTESIAN_POINT('',(2.724938966801,-0.43,-1.665334536938E-16));
#7741 = DIRECTION('',(0.,0.,1.));
#7742 = DIRECTION('',(1.,1.110223024625E-16,-0.));
#7743 = ADVANCED_FACE('',(#7744),#7755,.T.);
#7744 = FACE_BOUND('',#7745,.T.);
#7745 = EDGE_LOOP('',(#7746,#7747,#7748,#7749));
#7746 = ORIENTED_EDGE('',*,*,#6250,.T.);
#7747 = ORIENTED_EDGE('',*,*,#7730,.T.);
#7748 = ORIENTED_EDGE('',*,*,#6359,.F.);
#7749 = ORIENTED_EDGE('',*,*,#7750,.F.);
#7750 = EDGE_CURVE('',#6243,#6352,#7751,.T.);
#7751 = LINE('',#7752,#7753);
#7752 = CARTESIAN_POINT('',(2.429496640897,-0.43,0.2479055467));
#7753 = VECTOR('',#7754,1.);
#7754 = DIRECTION('',(1.110223024625E-16,-1.,0.));
#7755 = CYLINDRICAL_SURFACE('',#7756,0.3);
#7756 = AXIS2_PLACEMENT_3D('',#7757,#7758,#7759);
#7757 = CARTESIAN_POINT('',(2.724938966801,-0.43,0.3));
#7758 = DIRECTION('',(-1.110223024625E-16,1.,0.));
#7759 = DIRECTION('',(-0.984807753012,-1.093356242223E-16,
    -0.173648177667));
#7760 = ADVANCED_FACE('',(#7761),#7767,.F.);
#7761 = FACE_BOUND('',#7762,.F.);
#7762 = EDGE_LOOP('',(#7763,#7764,#7765,#7766));
#7763 = ORIENTED_EDGE('',*,*,#6333,.T.);
#7764 = ORIENTED_EDGE('',*,*,#6351,.T.);
#7765 = ORIENTED_EDGE('',*,*,#7750,.F.);
#7766 = ORIENTED_EDGE('',*,*,#6242,.F.);
#7767 = PLANE('',#7768);
#7768 = AXIS2_PLACEMENT_3D('',#7769,#7770,#7771);
#7769 = CARTESIAN_POINT('',(2.348480775301,-0.43,0.742364817767));
#7770 = DIRECTION('',(0.986841372087,1.095614012943E-16,0.161691392282)
  );
#7771 = DIRECTION('',(0.161691392282,1.795135065956E-17,-0.986841372087)
  );
#7772 = ADVANCED_FACE('',(#7773),#7784,.T.);
#7773 = FACE_BOUND('',#7774,.T.);
#7774 = EDGE_LOOP('',(#7775,#7776,#7777,#7778));
#7775 = ORIENTED_EDGE('',*,*,#6523,.T.);
#7776 = ORIENTED_EDGE('',*,*,#6830,.T.);
#7777 = ORIENTED_EDGE('',*,*,#6632,.F.);
#7778 = ORIENTED_EDGE('',*,*,#7779,.F.);
#7779 = EDGE_CURVE('',#6516,#6625,#7780,.T.);
#7780 = LINE('',#7781,#7782);
#7781 = CARTESIAN_POINT('',(2.545442325904,-1.7,0.7770944533));
#7782 = VECTOR('',#7783,1.);
#7783 = DIRECTION('',(1.110223024625E-16,-1.,0.));
#7784 = CYLINDRICAL_SURFACE('',#7785,0.3);
#7785 = AXIS2_PLACEMENT_3D('',#7786,#7787,#7788);
#7786 = CARTESIAN_POINT('',(2.25,-1.7,0.725));
#7787 = DIRECTION('',(-1.110223024625E-16,1.,0.));
#7788 = DIRECTION('',(0.984807753012,1.093356242223E-16,0.173648177667)
  );
#7789 = ADVANCED_FACE('',(#7790),#7801,.F.);
#7790 = FACE_BOUND('',#7791,.F.);
#7791 = EDGE_LOOP('',(#7792,#7798,#7799,#7800));
#7792 = ORIENTED_EDGE('',*,*,#7793,.T.);
#7793 = EDGE_CURVE('',#6507,#6616,#7794,.T.);
#7794 = LINE('',#7795,#7796);
#7795 = CARTESIAN_POINT('',(2.6264581915,-1.7,0.282635182233));
#7796 = VECTOR('',#7797,1.);
#7797 = DIRECTION('',(1.110223024625E-16,-1.,0.));
#7798 = ORIENTED_EDGE('',*,*,#6624,.T.);
#7799 = ORIENTED_EDGE('',*,*,#7779,.F.);
#7800 = ORIENTED_EDGE('',*,*,#6515,.F.);
#7801 = PLANE('',#7802);
#7802 = AXIS2_PLACEMENT_3D('',#7803,#7804,#7805);
#7803 = CARTESIAN_POINT('',(2.6264581915,-1.7,0.282635182233));
#7804 = DIRECTION('',(-0.986841372087,-1.095614012943E-16,
    -0.161691392282));
#7805 = DIRECTION('',(-0.161691392282,-1.795135065956E-17,0.986841372087
    ));
#7806 = ADVANCED_FACE('',(#7807),#7818,.F.);
#7807 = FACE_BOUND('',#7808,.F.);
#7808 = EDGE_LOOP('',(#7809,#7815,#7816,#7817));
#7809 = ORIENTED_EDGE('',*,*,#7810,.T.);
#7810 = EDGE_CURVE('',#6499,#6608,#7811,.T.);
#7811 = LINE('',#7812,#7813);
#7812 = CARTESIAN_POINT('',(2.724938966801,-1.7,0.2));
#7813 = VECTOR('',#7814,1.);
#7814 = DIRECTION('',(1.110223024625E-16,-1.,0.));
#7815 = ORIENTED_EDGE('',*,*,#6615,.T.);
#7816 = ORIENTED_EDGE('',*,*,#7793,.F.);
#7817 = ORIENTED_EDGE('',*,*,#6506,.F.);
#7818 = CYLINDRICAL_SURFACE('',#7819,0.1);
#7819 = AXIS2_PLACEMENT_3D('',#7820,#7821,#7822);
#7820 = CARTESIAN_POINT('',(2.724938966801,-1.7,0.3));
#7821 = DIRECTION('',(-1.110223024625E-16,1.,0.));
#7822 = DIRECTION('',(0.,0.,-1.));
#7823 = ADVANCED_FACE('',(#7824),#7835,.F.);
#7824 = FACE_BOUND('',#7825,.F.);
#7825 = EDGE_LOOP('',(#7826,#7832,#7833,#7834));
#7826 = ORIENTED_EDGE('',*,*,#7827,.T.);
#7827 = EDGE_CURVE('',#6491,#6600,#7828,.T.);
#7828 = LINE('',#7829,#7830);
#7829 = CARTESIAN_POINT('',(3.,-1.7,0.2));
#7830 = VECTOR('',#7831,1.);
#7831 = DIRECTION('',(1.110223024625E-16,-1.,0.));
#7832 = ORIENTED_EDGE('',*,*,#6607,.T.);
#7833 = ORIENTED_EDGE('',*,*,#7810,.F.);
#7834 = ORIENTED_EDGE('',*,*,#6498,.F.);
#7835 = PLANE('',#7836);
#7836 = AXIS2_PLACEMENT_3D('',#7837,#7838,#7839);
#7837 = CARTESIAN_POINT('',(3.,-1.7,0.2));
#7838 = DIRECTION('',(0.,0.,-1.));
#7839 = DIRECTION('',(-1.,-1.110223024625E-16,-0.));
#7840 = ADVANCED_FACE('',(#7841),#7852,.F.);
#7841 = FACE_BOUND('',#7842,.F.);
#7842 = EDGE_LOOP('',(#7843,#7849,#7850,#7851));
#7843 = ORIENTED_EDGE('',*,*,#7844,.T.);
#7844 = EDGE_CURVE('',#6483,#6592,#7845,.T.);
#7845 = LINE('',#7846,#7847);
#7846 = CARTESIAN_POINT('',(3.,-1.7,-1.665334536938E-16));
#7847 = VECTOR('',#7848,1.);
#7848 = DIRECTION('',(1.110223024625E-16,-1.,0.));
#7849 = ORIENTED_EDGE('',*,*,#6599,.T.);
#7850 = ORIENTED_EDGE('',*,*,#7827,.F.);
#7851 = ORIENTED_EDGE('',*,*,#6490,.F.);
#7852 = PLANE('',#7853);
#7853 = AXIS2_PLACEMENT_3D('',#7854,#7855,#7856);
#7854 = CARTESIAN_POINT('',(3.,-1.7,-1.665334536938E-16));
#7855 = DIRECTION('',(-1.,-1.110223024625E-16,0.));
#7856 = DIRECTION('',(0.,0.,1.));
#7857 = ADVANCED_FACE('',(#7858),#7869,.F.);
#7858 = FACE_BOUND('',#7859,.F.);
#7859 = EDGE_LOOP('',(#7860,#7866,#7867,#7868));
#7860 = ORIENTED_EDGE('',*,*,#7861,.T.);
#7861 = EDGE_CURVE('',#6474,#6583,#7862,.T.);
#7862 = LINE('',#7863,#7864);
#7863 = CARTESIAN_POINT('',(2.724938966801,-1.7,-1.665334536938E-16));
#7864 = VECTOR('',#7865,1.);
#7865 = DIRECTION('',(1.110223024625E-16,-1.,0.));
#7866 = ORIENTED_EDGE('',*,*,#6591,.T.);
#7867 = ORIENTED_EDGE('',*,*,#7844,.F.);
#7868 = ORIENTED_EDGE('',*,*,#6482,.F.);
#7869 = PLANE('',#7870);
#7870 = AXIS2_PLACEMENT_3D('',#7871,#7872,#7873);
#7871 = CARTESIAN_POINT('',(2.724938966801,-1.7,-1.665334536938E-16));
#7872 = DIRECTION('',(0.,0.,1.));
#7873 = DIRECTION('',(1.,1.110223024625E-16,-0.));
#7874 = ADVANCED_FACE('',(#7875),#7886,.T.);
#7875 = FACE_BOUND('',#7876,.T.);
#7876 = EDGE_LOOP('',(#7877,#7878,#7879,#7880));
#7877 = ORIENTED_EDGE('',*,*,#6473,.T.);
#7878 = ORIENTED_EDGE('',*,*,#7861,.T.);
#7879 = ORIENTED_EDGE('',*,*,#6582,.F.);
#7880 = ORIENTED_EDGE('',*,*,#7881,.F.);
#7881 = EDGE_CURVE('',#6466,#6575,#7882,.T.);
#7882 = LINE('',#7883,#7884);
#7883 = CARTESIAN_POINT('',(2.429496640897,-1.7,0.2479055467));
#7884 = VECTOR('',#7885,1.);
#7885 = DIRECTION('',(1.110223024625E-16,-1.,0.));
#7886 = CYLINDRICAL_SURFACE('',#7887,0.3);
#7887 = AXIS2_PLACEMENT_3D('',#7888,#7889,#7890);
#7888 = CARTESIAN_POINT('',(2.724938966801,-1.7,0.3));
#7889 = DIRECTION('',(-1.110223024625E-16,1.,0.));
#7890 = DIRECTION('',(-0.984807753012,-1.093356242223E-16,
    -0.173648177667));
#7891 = ADVANCED_FACE('',(#7892),#7898,.F.);
#7892 = FACE_BOUND('',#7893,.F.);
#7893 = EDGE_LOOP('',(#7894,#7895,#7896,#7897));
#7894 = ORIENTED_EDGE('',*,*,#6556,.T.);
#7895 = ORIENTED_EDGE('',*,*,#6574,.T.);
#7896 = ORIENTED_EDGE('',*,*,#7881,.F.);
#7897 = ORIENTED_EDGE('',*,*,#6465,.F.);
#7898 = PLANE('',#7899);
#7899 = AXIS2_PLACEMENT_3D('',#7900,#7901,#7902);
#7900 = CARTESIAN_POINT('',(2.348480775301,-1.7,0.742364817767));
#7901 = DIRECTION('',(0.986841372087,1.095614012943E-16,0.161691392282)
  );
#7902 = DIRECTION('',(0.161691392282,1.795135065956E-17,-0.986841372087)
  );
#7903 = ADVANCED_FACE('',(#7904),#7905,.F.);
#7904 = FACE_BOUND('',#6756,.T.);
#7905 = PLANE('',#7906);
#7906 = AXIS2_PLACEMENT_3D('',#7907,#7908,#7909);
#7907 = CARTESIAN_POINT('',(-1.110171280765,1.610171280765,1.75));
#7908 = DIRECTION('',(0.,0.,-1.));
#7909 = DIRECTION('',(1.110223024625E-16,-1.,0.));
#7910 = ( GEOMETRIC_REPRESENTATION_CONTEXT(3) 
GLOBAL_UNCERTAINTY_ASSIGNED_CONTEXT((#7914)) 
GLOBAL_UNIT_ASSIGNED_CONTEXT((#7911,#7912,#7913)) REPRESENTATION_CONTEXT
('Context #1','3D Context with UNIT and UNCERTAINTY') );
#7911 = ( LENGTH_UNIT() NAMED_UNIT(*) SI_UNIT(.MILLI.,.METRE.) );
#7912 = ( NAMED_UNIT(*) PLANE_ANGLE_UNIT() SI_UNIT($,.RADIAN.) );
#7913 = ( NAMED_UNIT(*) SI_UNIT($,.STERADIAN.) SOLID_ANGLE_UNIT() );
#7914 = UNCERTAINTY_MEASURE_WITH_UNIT(LENGTH_MEASURE(1.E-07),#7911,
  'distance_accuracy_value','confusion accuracy');
#7915 = CONTEXT_DEPENDENT_SHAPE_REPRESENTATION(#7916,#7918);
#7916 = ( REPRESENTATION_RELATIONSHIP('','',#3441,#3418) 
REPRESENTATION_RELATIONSHIP_WITH_TRANSFORMATION(#7917) 
SHAPE_REPRESENTATION_RELATIONSHIP() );
#7917 = ITEM_DEFINED_TRANSFORMATION('','',#11,#3419);
#7918 = PRODUCT_DEFINITION_SHAPE('Placement','Placement of an item',
  #7919);
#7919 = NEXT_ASSEMBLY_USAGE_OCCURRENCE('11','=>[0:1:1:9]','',#3413,#3436
  ,$);
#7920 = PRODUCT_RELATED_PRODUCT_CATEGORY('part',$,(#3438));
#7921 = SHAPE_DEFINITION_REPRESENTATION(#7922,#7928);
#7922 = PRODUCT_DEFINITION_SHAPE('','',#7923);
#7923 = PRODUCT_DEFINITION('design','',#7924,#7927);
#7924 = PRODUCT_DEFINITION_FORMATION('','',#7925);
#7925 = PRODUCT('R_0603_1608Metric','R_0603_1608Metric','',(#7926));
#7926 = PRODUCT_CONTEXT('',#2,'mechanical');
#7927 = PRODUCT_DEFINITION_CONTEXT('part definition',#2,'design');
#7928 = SHAPE_REPRESENTATION('',(#11,#7929),#7933);
#7929 = AXIS2_PLACEMENT_3D('',#7930,#7931,#7932);
#7930 = CARTESIAN_POINT('',(0.,0.,0.));
#7931 = DIRECTION('',(0.,0.,1.));
#7932 = DIRECTION('',(1.,0.,-0.));
#7933 = ( GEOMETRIC_REPRESENTATION_CONTEXT(3) 
GLOBAL_UNCERTAINTY_ASSIGNED_CONTEXT((#7937)) 
GLOBAL_UNIT_ASSIGNED_CONTEXT((#7934,#7935,#7936)) REPRESENTATION_CONTEXT
('Context #1','3D Context with UNIT and UNCERTAINTY') );
#7934 = ( LENGTH_UNIT() NAMED_UNIT(*) SI_UNIT(.MILLI.,.METRE.) );
#7935 = ( NAMED_UNIT(*) PLANE_ANGLE_UNIT() SI_UNIT($,.RADIAN.) );
#7936 = ( NAMED_UNIT(*) SI_UNIT($,.STERADIAN.) SOLID_ANGLE_UNIT() );
#7937 = UNCERTAINTY_MEASURE_WITH_UNIT(LENGTH_MEASURE(1.E-07),#7934,
  'distance_accuracy_value','confusion accuracy');
#7938 = CONTEXT_DEPENDENT_SHAPE_REPRESENTATION(#7939,#7941);
#7939 = ( REPRESENTATION_RELATIONSHIP('','',#7928,#10) 
REPRESENTATION_RELATIONSHIP_WITH_TRANSFORMATION(#7940) 
SHAPE_REPRESENTATION_RELATIONSHIP() );
#7940 = ITEM_DEFINED_TRANSFORMATION('','',#11,#47);
#7941 = PRODUCT_DEFINITION_SHAPE('Placement','Placement of an item',
  #7942);
#7942 = NEXT_ASSEMBLY_USAGE_OCCURRENCE('14','R1','',#5,#7923,$);
#7943 = PRODUCT_RELATED_PRODUCT_CATEGORY('part',$,(#7925));
#7944 = SHAPE_DEFINITION_REPRESENTATION(#7945,#7951);
#7945 = PRODUCT_DEFINITION_SHAPE('','',#7946);
#7946 = PRODUCT_DEFINITION('design','',#7947,#7950);
#7947 = PRODUCT_DEFINITION_FORMATION('','',#7948);
#7948 = PRODUCT('R_0603_1608Metric','R_0603_1608Metric','',(#7949));
#7949 = PRODUCT_CONTEXT('',#2,'mechanical');
#7950 = PRODUCT_DEFINITION_CONTEXT('part definition',#2,'design');
#7951 = ADVANCED_BREP_SHAPE_REPRESENTATION('',(#11,#7952),#8742);
#7952 = MANIFOLD_SOLID_BREP('',#7953);
#7953 = CLOSED_SHELL('',(#7954,#7994,#8077,#8102,#8127,#8194,#8211,#8228
    ,#8277,#8294,#8311,#8360,#8377,#8446,#8477,#8501,#8570,#8594,#8611,
    #8628,#8645,#8662,#8679,#8696,#8713,#8730));
#7954 = ADVANCED_FACE('',(#7955),#7989,.F.);
#7955 = FACE_BOUND('',#7956,.F.);
#7956 = EDGE_LOOP('',(#7957,#7967,#7975,#7983));
#7957 = ORIENTED_EDGE('',*,*,#7958,.F.);
#7958 = EDGE_CURVE('',#7959,#7961,#7963,.T.);
#7959 = VERTEX_POINT('',#7960);
#7960 = CARTESIAN_POINT('',(-0.8,-0.4,4.5E-02));
#7961 = VERTEX_POINT('',#7962);
#7962 = CARTESIAN_POINT('',(-0.8,-0.4,0.405));
#7963 = LINE('',#7964,#7965);
#7964 = CARTESIAN_POINT('',(-0.8,-0.4,0.));
#7965 = VECTOR('',#7966,1.);
#7966 = DIRECTION('',(0.,0.,1.));
#7967 = ORIENTED_EDGE('',*,*,#7968,.T.);
#7968 = EDGE_CURVE('',#7959,#7969,#7971,.T.);
#7969 = VERTEX_POINT('',#7970);
#7970 = CARTESIAN_POINT('',(-0.8,0.4,4.5E-02));
#7971 = LINE('',#7972,#7973);
#7972 = CARTESIAN_POINT('',(-0.8,-0.4,4.5E-02));
#7973 = VECTOR('',#7974,1.);
#7974 = DIRECTION('',(0.,1.,0.));
#7975 = ORIENTED_EDGE('',*,*,#7976,.T.);
#7976 = EDGE_CURVE('',#7969,#7977,#7979,.T.);
#7977 = VERTEX_POINT('',#7978);
#7978 = CARTESIAN_POINT('',(-0.8,0.4,0.405));
#7979 = LINE('',#7980,#7981);
#7980 = CARTESIAN_POINT('',(-0.8,0.4,0.));
#7981 = VECTOR('',#7982,1.);
#7982 = DIRECTION('',(0.,0.,1.));
#7983 = ORIENTED_EDGE('',*,*,#7984,.F.);
#7984 = EDGE_CURVE('',#7961,#7977,#7985,.T.);
#7985 = LINE('',#7986,#7987);
#7986 = CARTESIAN_POINT('',(-0.8,-0.4,0.405));
#7987 = VECTOR('',#7988,1.);
#7988 = DIRECTION('',(0.,1.,0.));
#7989 = PLANE('',#7990);
#7990 = AXIS2_PLACEMENT_3D('',#7991,#7992,#7993);
#7991 = CARTESIAN_POINT('',(-0.8,-0.4,0.));
#7992 = DIRECTION('',(1.,0.,0.));
#7993 = DIRECTION('',(0.,0.,1.));
#7994 = ADVANCED_FACE('',(#7995),#8072,.F.);
#7995 = FACE_BOUND('',#7996,.F.);
#7996 = EDGE_LOOP('',(#7997,#8007,#8014,#8015,#8024,#8032,#8041,#8049,
    #8057,#8065));
#7997 = ORIENTED_EDGE('',*,*,#7998,.F.);
#7998 = EDGE_CURVE('',#7999,#8001,#8003,.T.);
#7999 = VERTEX_POINT('',#8000);
#8000 = CARTESIAN_POINT('',(-0.755,-0.4,-2.775557561563E-17));
#8001 = VERTEX_POINT('',#8002);
#8002 = CARTESIAN_POINT('',(-0.545,-0.4,-2.775557561563E-17));
#8003 = LINE('',#8004,#8005);
#8004 = CARTESIAN_POINT('',(-0.8,-0.4,0.));
#8005 = VECTOR('',#8006,1.);
#8006 = DIRECTION('',(1.,0.,0.));
#8007 = ORIENTED_EDGE('',*,*,#8008,.F.);
#8008 = EDGE_CURVE('',#7959,#7999,#8009,.T.);
#8009 = CIRCLE('',#8010,4.5E-02);
#8010 = AXIS2_PLACEMENT_3D('',#8011,#8012,#8013);
#8011 = CARTESIAN_POINT('',(-0.755,-0.4,4.5E-02));
#8012 = DIRECTION('',(0.,-1.,0.));
#8013 = DIRECTION('',(0.,0.,1.));
#8014 = ORIENTED_EDGE('',*,*,#7958,.T.);
#8015 = ORIENTED_EDGE('',*,*,#8016,.T.);
#8016 = EDGE_CURVE('',#7961,#8017,#8019,.T.);
#8017 = VERTEX_POINT('',#8018);
#8018 = CARTESIAN_POINT('',(-0.755,-0.4,0.45));
#8019 = CIRCLE('',#8020,4.5E-02);
#8020 = AXIS2_PLACEMENT_3D('',#8021,#8022,#8023);
#8021 = CARTESIAN_POINT('',(-0.755,-0.4,0.405));
#8022 = DIRECTION('',(0.,1.,0.));
#8023 = DIRECTION('',(0.,-0.,1.));
#8024 = ORIENTED_EDGE('',*,*,#8025,.T.);
#8025 = EDGE_CURVE('',#8017,#8026,#8028,.T.);
#8026 = VERTEX_POINT('',#8027);
#8027 = CARTESIAN_POINT('',(-0.545,-0.4,0.45));
#8028 = LINE('',#8029,#8030);
#8029 = CARTESIAN_POINT('',(-0.8,-0.4,0.45));
#8030 = VECTOR('',#8031,1.);
#8031 = DIRECTION('',(1.,0.,0.));
#8032 = ORIENTED_EDGE('',*,*,#8033,.F.);
#8033 = EDGE_CURVE('',#8034,#8026,#8036,.T.);
#8034 = VERTEX_POINT('',#8035);
#8035 = CARTESIAN_POINT('',(-0.5,-0.4,0.405));
#8036 = CIRCLE('',#8037,4.5E-02);
#8037 = AXIS2_PLACEMENT_3D('',#8038,#8039,#8040);
#8038 = CARTESIAN_POINT('',(-0.545,-0.4,0.405));
#8039 = DIRECTION('',(0.,-1.,0.));
#8040 = DIRECTION('',(0.,0.,1.));
#8041 = ORIENTED_EDGE('',*,*,#8042,.F.);
#8042 = EDGE_CURVE('',#8043,#8034,#8045,.T.);
#8043 = VERTEX_POINT('',#8044);
#8044 = CARTESIAN_POINT('',(-0.755,-0.4,0.405));
#8045 = LINE('',#8046,#8047);
#8046 = CARTESIAN_POINT('',(-0.755,-0.4,0.405));
#8047 = VECTOR('',#8048,1.);
#8048 = DIRECTION('',(1.,0.,0.));
#8049 = ORIENTED_EDGE('',*,*,#8050,.F.);
#8050 = EDGE_CURVE('',#8051,#8043,#8053,.T.);
#8051 = VERTEX_POINT('',#8052);
#8052 = CARTESIAN_POINT('',(-0.755,-0.4,4.5E-02));
#8053 = LINE('',#8054,#8055);
#8054 = CARTESIAN_POINT('',(-0.755,-0.4,4.5E-02));
#8055 = VECTOR('',#8056,1.);
#8056 = DIRECTION('',(0.,0.,1.));
#8057 = ORIENTED_EDGE('',*,*,#8058,.T.);
#8058 = EDGE_CURVE('',#8051,#8059,#8061,.T.);
#8059 = VERTEX_POINT('',#8060);
#8060 = CARTESIAN_POINT('',(-0.5,-0.4,4.5E-02));
#8061 = LINE('',#8062,#8063);
#8062 = CARTESIAN_POINT('',(-0.755,-0.4,4.5E-02));
#8063 = VECTOR('',#8064,1.);
#8064 = DIRECTION('',(1.,0.,0.));
#8065 = ORIENTED_EDGE('',*,*,#8066,.T.);
#8066 = EDGE_CURVE('',#8059,#8001,#8067,.T.);
#8067 = CIRCLE('',#8068,4.5E-02);
#8068 = AXIS2_PLACEMENT_3D('',#8069,#8070,#8071);
#8069 = CARTESIAN_POINT('',(-0.545,-0.4,4.5E-02));
#8070 = DIRECTION('',(0.,1.,0.));
#8071 = DIRECTION('',(0.,-0.,1.));
#8072 = PLANE('',#8073);
#8073 = AXIS2_PLACEMENT_3D('',#8074,#8075,#8076);
#8074 = CARTESIAN_POINT('',(-0.8,-0.4,0.));
#8075 = DIRECTION('',(0.,1.,0.));
#8076 = DIRECTION('',(0.,-0.,1.));
#8077 = ADVANCED_FACE('',(#8078),#8097,.T.);
#8078 = FACE_BOUND('',#8079,.T.);
#8079 = EDGE_LOOP('',(#8080,#8081,#8090,#8096));
#8080 = ORIENTED_EDGE('',*,*,#7968,.T.);
#8081 = ORIENTED_EDGE('',*,*,#8082,.T.);
#8082 = EDGE_CURVE('',#7969,#8083,#8085,.T.);
#8083 = VERTEX_POINT('',#8084);
#8084 = CARTESIAN_POINT('',(-0.755,0.4,-2.775557561563E-17));
#8085 = CIRCLE('',#8086,4.5E-02);
#8086 = AXIS2_PLACEMENT_3D('',#8087,#8088,#8089);
#8087 = CARTESIAN_POINT('',(-0.755,0.4,4.5E-02));
#8088 = DIRECTION('',(0.,-1.,0.));
#8089 = DIRECTION('',(0.,0.,1.));
#8090 = ORIENTED_EDGE('',*,*,#8091,.F.);
#8091 = EDGE_CURVE('',#7999,#8083,#8092,.T.);
#8092 = LINE('',#8093,#8094);
#8093 = CARTESIAN_POINT('',(-0.755,-0.4,-2.775557561563E-17));
#8094 = VECTOR('',#8095,1.);
#8095 = DIRECTION('',(0.,1.,0.));
#8096 = ORIENTED_EDGE('',*,*,#8008,.F.);
#8097 = CYLINDRICAL_SURFACE('',#8098,4.5E-02);
#8098 = AXIS2_PLACEMENT_3D('',#8099,#8100,#8101);
#8099 = CARTESIAN_POINT('',(-0.755,-0.4,4.5E-02));
#8100 = DIRECTION('',(0.,1.,0.));
#8101 = DIRECTION('',(-1.,0.,0.));
#8102 = ADVANCED_FACE('',(#8103),#8122,.T.);
#8103 = FACE_BOUND('',#8104,.T.);
#8104 = EDGE_LOOP('',(#8105,#8106,#8114,#8121));
#8105 = ORIENTED_EDGE('',*,*,#8016,.T.);
#8106 = ORIENTED_EDGE('',*,*,#8107,.T.);
#8107 = EDGE_CURVE('',#8017,#8108,#8110,.T.);
#8108 = VERTEX_POINT('',#8109);
#8109 = CARTESIAN_POINT('',(-0.755,0.4,0.45));
#8110 = LINE('',#8111,#8112);
#8111 = CARTESIAN_POINT('',(-0.755,-0.4,0.45));
#8112 = VECTOR('',#8113,1.);
#8113 = DIRECTION('',(0.,1.,0.));
#8114 = ORIENTED_EDGE('',*,*,#8115,.F.);
#8115 = EDGE_CURVE('',#7977,#8108,#8116,.T.);
#8116 = CIRCLE('',#8117,4.5E-02);
#8117 = AXIS2_PLACEMENT_3D('',#8118,#8119,#8120);
#8118 = CARTESIAN_POINT('',(-0.755,0.4,0.405));
#8119 = DIRECTION('',(0.,1.,0.));
#8120 = DIRECTION('',(0.,-0.,1.));
#8121 = ORIENTED_EDGE('',*,*,#7984,.F.);
#8122 = CYLINDRICAL_SURFACE('',#8123,4.5E-02);
#8123 = AXIS2_PLACEMENT_3D('',#8124,#8125,#8126);
#8124 = CARTESIAN_POINT('',(-0.755,-0.4,0.405));
#8125 = DIRECTION('',(0.,1.,0.));
#8126 = DIRECTION('',(-1.,0.,0.));
#8127 = ADVANCED_FACE('',(#8128),#8189,.T.);
#8128 = FACE_BOUND('',#8129,.T.);
#8129 = EDGE_LOOP('',(#8130,#8138,#8139,#8140,#8141,#8149,#8158,#8166,
    #8174,#8182));
#8130 = ORIENTED_EDGE('',*,*,#8131,.F.);
#8131 = EDGE_CURVE('',#8083,#8132,#8134,.T.);
#8132 = VERTEX_POINT('',#8133);
#8133 = CARTESIAN_POINT('',(-0.545,0.4,-2.775557561563E-17));
#8134 = LINE('',#8135,#8136);
#8135 = CARTESIAN_POINT('',(-0.8,0.4,0.));
#8136 = VECTOR('',#8137,1.);
#8137 = DIRECTION('',(1.,0.,0.));
#8138 = ORIENTED_EDGE('',*,*,#8082,.F.);
#8139 = ORIENTED_EDGE('',*,*,#7976,.T.);
#8140 = ORIENTED_EDGE('',*,*,#8115,.T.);
#8141 = ORIENTED_EDGE('',*,*,#8142,.T.);
#8142 = EDGE_CURVE('',#8108,#8143,#8145,.T.);
#8143 = VERTEX_POINT('',#8144);
#8144 = CARTESIAN_POINT('',(-0.545,0.4,0.45));
#8145 = LINE('',#8146,#8147);
#8146 = CARTESIAN_POINT('',(-0.8,0.4,0.45));
#8147 = VECTOR('',#8148,1.);
#8148 = DIRECTION('',(1.,0.,0.));
#8149 = ORIENTED_EDGE('',*,*,#8150,.F.);
#8150 = EDGE_CURVE('',#8151,#8143,#8153,.T.);
#8151 = VERTEX_POINT('',#8152);
#8152 = CARTESIAN_POINT('',(-0.5,0.4,0.405));
#8153 = CIRCLE('',#8154,4.5E-02);
#8154 = AXIS2_PLACEMENT_3D('',#8155,#8156,#8157);
#8155 = CARTESIAN_POINT('',(-0.545,0.4,0.405));
#8156 = DIRECTION('',(0.,-1.,0.));
#8157 = DIRECTION('',(0.,0.,1.));
#8158 = ORIENTED_EDGE('',*,*,#8159,.F.);
#8159 = EDGE_CURVE('',#8160,#8151,#8162,.T.);
#8160 = VERTEX_POINT('',#8161);
#8161 = CARTESIAN_POINT('',(-0.755,0.4,0.405));
#8162 = LINE('',#8163,#8164);
#8163 = CARTESIAN_POINT('',(-0.755,0.4,0.405));
#8164 = VECTOR('',#8165,1.);
#8165 = DIRECTION('',(1.,0.,0.));
#8166 = ORIENTED_EDGE('',*,*,#8167,.F.);
#8167 = EDGE_CURVE('',#8168,#8160,#8170,.T.);
#8168 = VERTEX_POINT('',#8169);
#8169 = CARTESIAN_POINT('',(-0.755,0.4,4.5E-02));
#8170 = LINE('',#8171,#8172);
#8171 = CARTESIAN_POINT('',(-0.755,0.4,4.5E-02));
#8172 = VECTOR('',#8173,1.);
#8173 = DIRECTION('',(0.,0.,1.));
#8174 = ORIENTED_EDGE('',*,*,#8175,.T.);
#8175 = EDGE_CURVE('',#8168,#8176,#8178,.T.);
#8176 = VERTEX_POINT('',#8177);
#8177 = CARTESIAN_POINT('',(-0.5,0.4,4.5E-02));
#8178 = LINE('',#8179,#8180);
#8179 = CARTESIAN_POINT('',(-0.755,0.4,4.5E-02));
#8180 = VECTOR('',#8181,1.);
#8181 = DIRECTION('',(1.,0.,0.));
#8182 = ORIENTED_EDGE('',*,*,#8183,.T.);
#8183 = EDGE_CURVE('',#8176,#8132,#8184,.T.);
#8184 = CIRCLE('',#8185,4.5E-02);
#8185 = AXIS2_PLACEMENT_3D('',#8186,#8187,#8188);
#8186 = CARTESIAN_POINT('',(-0.545,0.4,4.5E-02));
#8187 = DIRECTION('',(0.,1.,0.));
#8188 = DIRECTION('',(0.,-0.,1.));
#8189 = PLANE('',#8190);
#8190 = AXIS2_PLACEMENT_3D('',#8191,#8192,#8193);
#8191 = CARTESIAN_POINT('',(-0.8,0.4,0.));
#8192 = DIRECTION('',(0.,1.,0.));
#8193 = DIRECTION('',(0.,-0.,1.));
#8194 = ADVANCED_FACE('',(#8195),#8206,.F.);
#8195 = FACE_BOUND('',#8196,.F.);
#8196 = EDGE_LOOP('',(#8197,#8198,#8199,#8200));
#8197 = ORIENTED_EDGE('',*,*,#8131,.F.);
#8198 = ORIENTED_EDGE('',*,*,#8091,.F.);
#8199 = ORIENTED_EDGE('',*,*,#7998,.T.);
#8200 = ORIENTED_EDGE('',*,*,#8201,.T.);
#8201 = EDGE_CURVE('',#8001,#8132,#8202,.T.);
#8202 = LINE('',#8203,#8204);
#8203 = CARTESIAN_POINT('',(-0.545,-0.4,-2.775557561563E-17));
#8204 = VECTOR('',#8205,1.);
#8205 = DIRECTION('',(0.,1.,0.));
#8206 = PLANE('',#8207);
#8207 = AXIS2_PLACEMENT_3D('',#8208,#8209,#8210);
#8208 = CARTESIAN_POINT('',(-0.8,-0.4,0.));
#8209 = DIRECTION('',(0.,0.,1.));
#8210 = DIRECTION('',(1.,0.,-0.));
#8211 = ADVANCED_FACE('',(#8212),#8223,.T.);
#8212 = FACE_BOUND('',#8213,.T.);
#8213 = EDGE_LOOP('',(#8214,#8215,#8216,#8217));
#8214 = ORIENTED_EDGE('',*,*,#8066,.T.);
#8215 = ORIENTED_EDGE('',*,*,#8201,.T.);
#8216 = ORIENTED_EDGE('',*,*,#8183,.F.);
#8217 = ORIENTED_EDGE('',*,*,#8218,.F.);
#8218 = EDGE_CURVE('',#8059,#8176,#8219,.T.);
#8219 = LINE('',#8220,#8221);
#8220 = CARTESIAN_POINT('',(-0.5,-0.4,4.5E-02));
#8221 = VECTOR('',#8222,1.);
#8222 = DIRECTION('',(0.,1.,0.));
#8223 = CYLINDRICAL_SURFACE('',#8224,4.5E-02);
#8224 = AXIS2_PLACEMENT_3D('',#8225,#8226,#8227);
#8225 = CARTESIAN_POINT('',(-0.545,-0.4,4.5E-02));
#8226 = DIRECTION('',(0.,1.,0.));
#8227 = DIRECTION('',(1.,0.,0.));
#8228 = ADVANCED_FACE('',(#8229),#8272,.F.);
#8229 = FACE_BOUND('',#8230,.F.);
#8230 = EDGE_LOOP('',(#8231,#8232,#8233,#8234,#8242,#8250,#8258,#8266));
#8231 = ORIENTED_EDGE('',*,*,#8058,.F.);
#8232 = ORIENTED_EDGE('',*,*,#8050,.T.);
#8233 = ORIENTED_EDGE('',*,*,#8042,.T.);
#8234 = ORIENTED_EDGE('',*,*,#8235,.T.);
#8235 = EDGE_CURVE('',#8034,#8236,#8238,.T.);
#8236 = VERTEX_POINT('',#8237);
#8237 = CARTESIAN_POINT('',(0.5,-0.4,0.405));
#8238 = LINE('',#8239,#8240);
#8239 = CARTESIAN_POINT('',(-0.5,-0.4,0.405));
#8240 = VECTOR('',#8241,1.);
#8241 = DIRECTION('',(1.,0.,0.));
#8242 = ORIENTED_EDGE('',*,*,#8243,.T.);
#8243 = EDGE_CURVE('',#8236,#8244,#8246,.T.);
#8244 = VERTEX_POINT('',#8245);
#8245 = CARTESIAN_POINT('',(0.755,-0.4,0.405));
#8246 = LINE('',#8247,#8248);
#8247 = CARTESIAN_POINT('',(-0.755,-0.4,0.405));
#8248 = VECTOR('',#8249,1.);
#8249 = DIRECTION('',(1.,0.,0.));
#8250 = ORIENTED_EDGE('',*,*,#8251,.F.);
#8251 = EDGE_CURVE('',#8252,#8244,#8254,.T.);
#8252 = VERTEX_POINT('',#8253);
#8253 = CARTESIAN_POINT('',(0.755,-0.4,4.5E-02));
#8254 = LINE('',#8255,#8256);
#8255 = CARTESIAN_POINT('',(0.755,-0.4,4.5E-02));
#8256 = VECTOR('',#8257,1.);
#8257 = DIRECTION('',(0.,0.,1.));
#8258 = ORIENTED_EDGE('',*,*,#8259,.F.);
#8259 = EDGE_CURVE('',#8260,#8252,#8262,.T.);
#8260 = VERTEX_POINT('',#8261);
#8261 = CARTESIAN_POINT('',(0.5,-0.4,4.5E-02));
#8262 = LINE('',#8263,#8264);
#8263 = CARTESIAN_POINT('',(-0.755,-0.4,4.5E-02));
#8264 = VECTOR('',#8265,1.);
#8265 = DIRECTION('',(1.,0.,0.));
#8266 = ORIENTED_EDGE('',*,*,#8267,.F.);
#8267 = EDGE_CURVE('',#8059,#8260,#8268,.T.);
#8268 = LINE('',#8269,#8270);
#8269 = CARTESIAN_POINT('',(-0.755,-0.4,4.5E-02));
#8270 = VECTOR('',#8271,1.);
#8271 = DIRECTION('',(1.,0.,0.));
#8272 = PLANE('',#8273);
#8273 = AXIS2_PLACEMENT_3D('',#8274,#8275,#8276);
#8274 = CARTESIAN_POINT('',(-0.755,-0.4,4.5E-02));
#8275 = DIRECTION('',(0.,1.,0.));
#8276 = DIRECTION('',(0.,-0.,1.));
#8277 = ADVANCED_FACE('',(#8278),#8289,.T.);
#8278 = FACE_BOUND('',#8279,.T.);
#8279 = EDGE_LOOP('',(#8280,#8281,#8282,#8283));
#8280 = ORIENTED_EDGE('',*,*,#8142,.F.);
#8281 = ORIENTED_EDGE('',*,*,#8107,.F.);
#8282 = ORIENTED_EDGE('',*,*,#8025,.T.);
#8283 = ORIENTED_EDGE('',*,*,#8284,.T.);
#8284 = EDGE_CURVE('',#8026,#8143,#8285,.T.);
#8285 = LINE('',#8286,#8287);
#8286 = CARTESIAN_POINT('',(-0.545,-0.4,0.45));
#8287 = VECTOR('',#8288,1.);
#8288 = DIRECTION('',(0.,1.,0.));
#8289 = PLANE('',#8290);
#8290 = AXIS2_PLACEMENT_3D('',#8291,#8292,#8293);
#8291 = CARTESIAN_POINT('',(-0.8,-0.4,0.45));
#8292 = DIRECTION('',(0.,0.,1.));
#8293 = DIRECTION('',(1.,0.,-0.));
#8294 = ADVANCED_FACE('',(#8295),#8306,.T.);
#8295 = FACE_BOUND('',#8296,.T.);
#8296 = EDGE_LOOP('',(#8297,#8303,#8304,#8305));
#8297 = ORIENTED_EDGE('',*,*,#8298,.T.);
#8298 = EDGE_CURVE('',#8034,#8151,#8299,.T.);
#8299 = LINE('',#8300,#8301);
#8300 = CARTESIAN_POINT('',(-0.5,-0.4,0.405));
#8301 = VECTOR('',#8302,1.);
#8302 = DIRECTION('',(0.,1.,0.));
#8303 = ORIENTED_EDGE('',*,*,#8150,.T.);
#8304 = ORIENTED_EDGE('',*,*,#8284,.F.);
#8305 = ORIENTED_EDGE('',*,*,#8033,.F.);
#8306 = CYLINDRICAL_SURFACE('',#8307,4.5E-02);
#8307 = AXIS2_PLACEMENT_3D('',#8308,#8309,#8310);
#8308 = CARTESIAN_POINT('',(-0.545,-0.4,0.405));
#8309 = DIRECTION('',(0.,1.,0.));
#8310 = DIRECTION('',(1.,0.,0.));
#8311 = ADVANCED_FACE('',(#8312),#8355,.T.);
#8312 = FACE_BOUND('',#8313,.T.);
#8313 = EDGE_LOOP('',(#8314,#8315,#8316,#8317,#8325,#8333,#8341,#8349));
#8314 = ORIENTED_EDGE('',*,*,#8175,.F.);
#8315 = ORIENTED_EDGE('',*,*,#8167,.T.);
#8316 = ORIENTED_EDGE('',*,*,#8159,.T.);
#8317 = ORIENTED_EDGE('',*,*,#8318,.T.);
#8318 = EDGE_CURVE('',#8151,#8319,#8321,.T.);
#8319 = VERTEX_POINT('',#8320);
#8320 = CARTESIAN_POINT('',(0.5,0.4,0.405));
#8321 = LINE('',#8322,#8323);
#8322 = CARTESIAN_POINT('',(-0.5,0.4,0.405));
#8323 = VECTOR('',#8324,1.);
#8324 = DIRECTION('',(1.,0.,0.));
#8325 = ORIENTED_EDGE('',*,*,#8326,.T.);
#8326 = EDGE_CURVE('',#8319,#8327,#8329,.T.);
#8327 = VERTEX_POINT('',#8328);
#8328 = CARTESIAN_POINT('',(0.755,0.4,0.405));
#8329 = LINE('',#8330,#8331);
#8330 = CARTESIAN_POINT('',(-0.755,0.4,0.405));
#8331 = VECTOR('',#8332,1.);
#8332 = DIRECTION('',(1.,0.,0.));
#8333 = ORIENTED_EDGE('',*,*,#8334,.F.);
#8334 = EDGE_CURVE('',#8335,#8327,#8337,.T.);
#8335 = VERTEX_POINT('',#8336);
#8336 = CARTESIAN_POINT('',(0.755,0.4,4.5E-02));
#8337 = LINE('',#8338,#8339);
#8338 = CARTESIAN_POINT('',(0.755,0.4,4.5E-02));
#8339 = VECTOR('',#8340,1.);
#8340 = DIRECTION('',(0.,0.,1.));
#8341 = ORIENTED_EDGE('',*,*,#8342,.F.);
#8342 = EDGE_CURVE('',#8343,#8335,#8345,.T.);
#8343 = VERTEX_POINT('',#8344);
#8344 = CARTESIAN_POINT('',(0.5,0.4,4.5E-02));
#8345 = LINE('',#8346,#8347);
#8346 = CARTESIAN_POINT('',(-0.755,0.4,4.5E-02));
#8347 = VECTOR('',#8348,1.);
#8348 = DIRECTION('',(1.,0.,0.));
#8349 = ORIENTED_EDGE('',*,*,#8350,.F.);
#8350 = EDGE_CURVE('',#8176,#8343,#8351,.T.);
#8351 = LINE('',#8352,#8353);
#8352 = CARTESIAN_POINT('',(-0.755,0.4,4.5E-02));
#8353 = VECTOR('',#8354,1.);
#8354 = DIRECTION('',(1.,0.,0.));
#8355 = PLANE('',#8356);
#8356 = AXIS2_PLACEMENT_3D('',#8357,#8358,#8359);
#8357 = CARTESIAN_POINT('',(-0.755,0.4,4.5E-02));
#8358 = DIRECTION('',(0.,1.,0.));
#8359 = DIRECTION('',(0.,-0.,1.));
#8360 = ADVANCED_FACE('',(#8361),#8372,.F.);
#8361 = FACE_BOUND('',#8362,.F.);
#8362 = EDGE_LOOP('',(#8363,#8364,#8365,#8371));
#8363 = ORIENTED_EDGE('',*,*,#8218,.F.);
#8364 = ORIENTED_EDGE('',*,*,#8267,.T.);
#8365 = ORIENTED_EDGE('',*,*,#8366,.T.);
#8366 = EDGE_CURVE('',#8260,#8343,#8367,.T.);
#8367 = LINE('',#8368,#8369);
#8368 = CARTESIAN_POINT('',(0.5,-0.4,4.5E-02));
#8369 = VECTOR('',#8370,1.);
#8370 = DIRECTION('',(0.,1.,0.));
#8371 = ORIENTED_EDGE('',*,*,#8350,.F.);
#8372 = PLANE('',#8373);
#8373 = AXIS2_PLACEMENT_3D('',#8374,#8375,#8376);
#8374 = CARTESIAN_POINT('',(-0.755,-0.4,4.5E-02));
#8375 = DIRECTION('',(0.,0.,1.));
#8376 = DIRECTION('',(1.,0.,-0.));
#8377 = ADVANCED_FACE('',(#8378),#8441,.F.);
#8378 = FACE_BOUND('',#8379,.F.);
#8379 = EDGE_LOOP('',(#8380,#8390,#8397,#8398,#8399,#8400,#8409,#8417,
    #8426,#8434));
#8380 = ORIENTED_EDGE('',*,*,#8381,.F.);
#8381 = EDGE_CURVE('',#8382,#8384,#8386,.T.);
#8382 = VERTEX_POINT('',#8383);
#8383 = CARTESIAN_POINT('',(0.545,-0.4,-2.775557561563E-17));
#8384 = VERTEX_POINT('',#8385);
#8385 = CARTESIAN_POINT('',(0.755,-0.4,-2.775557561563E-17));
#8386 = LINE('',#8387,#8388);
#8387 = CARTESIAN_POINT('',(0.5,-0.4,0.));
#8388 = VECTOR('',#8389,1.);
#8389 = DIRECTION('',(1.,0.,0.));
#8390 = ORIENTED_EDGE('',*,*,#8391,.F.);
#8391 = EDGE_CURVE('',#8260,#8382,#8392,.T.);
#8392 = CIRCLE('',#8393,4.5E-02);
#8393 = AXIS2_PLACEMENT_3D('',#8394,#8395,#8396);
#8394 = CARTESIAN_POINT('',(0.545,-0.4,4.5E-02));
#8395 = DIRECTION('',(0.,-1.,0.));
#8396 = DIRECTION('',(0.,0.,1.));
#8397 = ORIENTED_EDGE('',*,*,#8259,.T.);
#8398 = ORIENTED_EDGE('',*,*,#8251,.T.);
#8399 = ORIENTED_EDGE('',*,*,#8243,.F.);
#8400 = ORIENTED_EDGE('',*,*,#8401,.T.);
#8401 = EDGE_CURVE('',#8236,#8402,#8404,.T.);
#8402 = VERTEX_POINT('',#8403);
#8403 = CARTESIAN_POINT('',(0.545,-0.4,0.45));
#8404 = CIRCLE('',#8405,4.5E-02);
#8405 = AXIS2_PLACEMENT_3D('',#8406,#8407,#8408);
#8406 = CARTESIAN_POINT('',(0.545,-0.4,0.405));
#8407 = DIRECTION('',(0.,1.,0.));
#8408 = DIRECTION('',(0.,-0.,1.));
#8409 = ORIENTED_EDGE('',*,*,#8410,.T.);
#8410 = EDGE_CURVE('',#8402,#8411,#8413,.T.);
#8411 = VERTEX_POINT('',#8412);
#8412 = CARTESIAN_POINT('',(0.755,-0.4,0.45));
#8413 = LINE('',#8414,#8415);
#8414 = CARTESIAN_POINT('',(0.5,-0.4,0.45));
#8415 = VECTOR('',#8416,1.);
#8416 = DIRECTION('',(1.,0.,0.));
#8417 = ORIENTED_EDGE('',*,*,#8418,.F.);
#8418 = EDGE_CURVE('',#8419,#8411,#8421,.T.);
#8419 = VERTEX_POINT('',#8420);
#8420 = CARTESIAN_POINT('',(0.8,-0.4,0.405));
#8421 = CIRCLE('',#8422,4.5E-02);
#8422 = AXIS2_PLACEMENT_3D('',#8423,#8424,#8425);
#8423 = CARTESIAN_POINT('',(0.755,-0.4,0.405));
#8424 = DIRECTION('',(0.,-1.,0.));
#8425 = DIRECTION('',(0.,0.,1.));
#8426 = ORIENTED_EDGE('',*,*,#8427,.F.);
#8427 = EDGE_CURVE('',#8428,#8419,#8430,.T.);
#8428 = VERTEX_POINT('',#8429);
#8429 = CARTESIAN_POINT('',(0.8,-0.4,4.5E-02));
#8430 = LINE('',#8431,#8432);
#8431 = CARTESIAN_POINT('',(0.8,-0.4,0.));
#8432 = VECTOR('',#8433,1.);
#8433 = DIRECTION('',(0.,0.,1.));
#8434 = ORIENTED_EDGE('',*,*,#8435,.T.);
#8435 = EDGE_CURVE('',#8428,#8384,#8436,.T.);
#8436 = CIRCLE('',#8437,4.5E-02);
#8437 = AXIS2_PLACEMENT_3D('',#8438,#8439,#8440);
#8438 = CARTESIAN_POINT('',(0.755,-0.4,4.5E-02));
#8439 = DIRECTION('',(0.,1.,0.));
#8440 = DIRECTION('',(0.,-0.,1.));
#8441 = PLANE('',#8442);
#8442 = AXIS2_PLACEMENT_3D('',#8443,#8444,#8445);
#8443 = CARTESIAN_POINT('',(0.5,-0.4,0.));
#8444 = DIRECTION('',(0.,1.,0.));
#8445 = DIRECTION('',(0.,-0.,1.));
#8446 = ADVANCED_FACE('',(#8447),#8472,.F.);
#8447 = FACE_BOUND('',#8448,.F.);
#8448 = EDGE_LOOP('',(#8449,#8450,#8458,#8466));
#8449 = ORIENTED_EDGE('',*,*,#8235,.F.);
#8450 = ORIENTED_EDGE('',*,*,#8451,.T.);
#8451 = EDGE_CURVE('',#8034,#8452,#8454,.T.);
#8452 = VERTEX_POINT('',#8453);
#8453 = CARTESIAN_POINT('',(-0.5,-0.4,0.45));
#8454 = LINE('',#8455,#8456);
#8455 = CARTESIAN_POINT('',(-0.5,-0.4,0.405));
#8456 = VECTOR('',#8457,1.);
#8457 = DIRECTION('',(0.,0.,1.));
#8458 = ORIENTED_EDGE('',*,*,#8459,.T.);
#8459 = EDGE_CURVE('',#8452,#8460,#8462,.T.);
#8460 = VERTEX_POINT('',#8461);
#8461 = CARTESIAN_POINT('',(0.5,-0.4,0.45));
#8462 = LINE('',#8463,#8464);
#8463 = CARTESIAN_POINT('',(-0.5,-0.4,0.45));
#8464 = VECTOR('',#8465,1.);
#8465 = DIRECTION('',(1.,0.,0.));
#8466 = ORIENTED_EDGE('',*,*,#8467,.F.);
#8467 = EDGE_CURVE('',#8236,#8460,#8468,.T.);
#8468 = LINE('',#8469,#8470);
#8469 = CARTESIAN_POINT('',(0.5,-0.4,0.405));
#8470 = VECTOR('',#8471,1.);
#8471 = DIRECTION('',(0.,0.,1.));
#8472 = PLANE('',#8473);
#8473 = AXIS2_PLACEMENT_3D('',#8474,#8475,#8476);
#8474 = CARTESIAN_POINT('',(-0.5,-0.4,0.405));
#8475 = DIRECTION('',(0.,1.,0.));
#8476 = DIRECTION('',(0.,-0.,1.));
#8477 = ADVANCED_FACE('',(#8478),#8496,.F.);
#8478 = FACE_BOUND('',#8479,.F.);
#8479 = EDGE_LOOP('',(#8480,#8481,#8482,#8490));
#8480 = ORIENTED_EDGE('',*,*,#8451,.F.);
#8481 = ORIENTED_EDGE('',*,*,#8298,.T.);
#8482 = ORIENTED_EDGE('',*,*,#8483,.T.);
#8483 = EDGE_CURVE('',#8151,#8484,#8486,.T.);
#8484 = VERTEX_POINT('',#8485);
#8485 = CARTESIAN_POINT('',(-0.5,0.4,0.45));
#8486 = LINE('',#8487,#8488);
#8487 = CARTESIAN_POINT('',(-0.5,0.4,0.405));
#8488 = VECTOR('',#8489,1.);
#8489 = DIRECTION('',(0.,0.,1.));
#8490 = ORIENTED_EDGE('',*,*,#8491,.F.);
#8491 = EDGE_CURVE('',#8452,#8484,#8492,.T.);
#8492 = LINE('',#8493,#8494);
#8493 = CARTESIAN_POINT('',(-0.5,-0.4,0.45));
#8494 = VECTOR('',#8495,1.);
#8495 = DIRECTION('',(0.,1.,0.));
#8496 = PLANE('',#8497);
#8497 = AXIS2_PLACEMENT_3D('',#8498,#8499,#8500);
#8498 = CARTESIAN_POINT('',(-0.5,-0.4,0.405));
#8499 = DIRECTION('',(1.,0.,0.));
#8500 = DIRECTION('',(0.,0.,1.));
#8501 = ADVANCED_FACE('',(#8502),#8565,.T.);
#8502 = FACE_BOUND('',#8503,.T.);
#8503 = EDGE_LOOP('',(#8504,#8514,#8521,#8522,#8523,#8524,#8533,#8541,
    #8550,#8558));
#8504 = ORIENTED_EDGE('',*,*,#8505,.F.);
#8505 = EDGE_CURVE('',#8506,#8508,#8510,.T.);
#8506 = VERTEX_POINT('',#8507);
#8507 = CARTESIAN_POINT('',(0.545,0.4,-2.775557561563E-17));
#8508 = VERTEX_POINT('',#8509);
#8509 = CARTESIAN_POINT('',(0.755,0.4,-2.775557561563E-17));
#8510 = LINE('',#8511,#8512);
#8511 = CARTESIAN_POINT('',(0.5,0.4,0.));
#8512 = VECTOR('',#8513,1.);
#8513 = DIRECTION('',(1.,0.,0.));
#8514 = ORIENTED_EDGE('',*,*,#8515,.F.);
#8515 = EDGE_CURVE('',#8343,#8506,#8516,.T.);
#8516 = CIRCLE('',#8517,4.5E-02);
#8517 = AXIS2_PLACEMENT_3D('',#8518,#8519,#8520);
#8518 = CARTESIAN_POINT('',(0.545,0.4,4.5E-02));
#8519 = DIRECTION('',(0.,-1.,0.));
#8520 = DIRECTION('',(0.,0.,1.));
#8521 = ORIENTED_EDGE('',*,*,#8342,.T.);
#8522 = ORIENTED_EDGE('',*,*,#8334,.T.);
#8523 = ORIENTED_EDGE('',*,*,#8326,.F.);
#8524 = ORIENTED_EDGE('',*,*,#8525,.T.);
#8525 = EDGE_CURVE('',#8319,#8526,#8528,.T.);
#8526 = VERTEX_POINT('',#8527);
#8527 = CARTESIAN_POINT('',(0.545,0.4,0.45));
#8528 = CIRCLE('',#8529,4.5E-02);
#8529 = AXIS2_PLACEMENT_3D('',#8530,#8531,#8532);
#8530 = CARTESIAN_POINT('',(0.545,0.4,0.405));
#8531 = DIRECTION('',(0.,1.,0.));
#8532 = DIRECTION('',(0.,-0.,1.));
#8533 = ORIENTED_EDGE('',*,*,#8534,.T.);
#8534 = EDGE_CURVE('',#8526,#8535,#8537,.T.);
#8535 = VERTEX_POINT('',#8536);
#8536 = CARTESIAN_POINT('',(0.755,0.4,0.45));
#8537 = LINE('',#8538,#8539);
#8538 = CARTESIAN_POINT('',(0.5,0.4,0.45));
#8539 = VECTOR('',#8540,1.);
#8540 = DIRECTION('',(1.,0.,0.));
#8541 = ORIENTED_EDGE('',*,*,#8542,.F.);
#8542 = EDGE_CURVE('',#8543,#8535,#8545,.T.);
#8543 = VERTEX_POINT('',#8544);
#8544 = CARTESIAN_POINT('',(0.8,0.4,0.405));
#8545 = CIRCLE('',#8546,4.5E-02);
#8546 = AXIS2_PLACEMENT_3D('',#8547,#8548,#8549);
#8547 = CARTESIAN_POINT('',(0.755,0.4,0.405));
#8548 = DIRECTION('',(0.,-1.,0.));
#8549 = DIRECTION('',(0.,0.,1.));
#8550 = ORIENTED_EDGE('',*,*,#8551,.F.);
#8551 = EDGE_CURVE('',#8552,#8543,#8554,.T.);
#8552 = VERTEX_POINT('',#8553);
#8553 = CARTESIAN_POINT('',(0.8,0.4,4.5E-02));
#8554 = LINE('',#8555,#8556);
#8555 = CARTESIAN_POINT('',(0.8,0.4,0.));
#8556 = VECTOR('',#8557,1.);
#8557 = DIRECTION('',(0.,0.,1.));
#8558 = ORIENTED_EDGE('',*,*,#8559,.T.);
#8559 = EDGE_CURVE('',#8552,#8508,#8560,.T.);
#8560 = CIRCLE('',#8561,4.5E-02);
#8561 = AXIS2_PLACEMENT_3D('',#8562,#8563,#8564);
#8562 = CARTESIAN_POINT('',(0.755,0.4,4.5E-02));
#8563 = DIRECTION('',(0.,1.,0.));
#8564 = DIRECTION('',(0.,-0.,1.));
#8565 = PLANE('',#8566);
#8566 = AXIS2_PLACEMENT_3D('',#8567,#8568,#8569);
#8567 = CARTESIAN_POINT('',(0.5,0.4,0.));
#8568 = DIRECTION('',(0.,1.,0.));
#8569 = DIRECTION('',(0.,-0.,1.));
#8570 = ADVANCED_FACE('',(#8571),#8589,.T.);
#8571 = FACE_BOUND('',#8572,.T.);
#8572 = EDGE_LOOP('',(#8573,#8574,#8575,#8583));
#8573 = ORIENTED_EDGE('',*,*,#8318,.F.);
#8574 = ORIENTED_EDGE('',*,*,#8483,.T.);
#8575 = ORIENTED_EDGE('',*,*,#8576,.T.);
#8576 = EDGE_CURVE('',#8484,#8577,#8579,.T.);
#8577 = VERTEX_POINT('',#8578);
#8578 = CARTESIAN_POINT('',(0.5,0.4,0.45));
#8579 = LINE('',#8580,#8581);
#8580 = CARTESIAN_POINT('',(-0.5,0.4,0.45));
#8581 = VECTOR('',#8582,1.);
#8582 = DIRECTION('',(1.,0.,0.));
#8583 = ORIENTED_EDGE('',*,*,#8584,.F.);
#8584 = EDGE_CURVE('',#8319,#8577,#8585,.T.);
#8585 = LINE('',#8586,#8587);
#8586 = CARTESIAN_POINT('',(0.5,0.4,0.405));
#8587 = VECTOR('',#8588,1.);
#8588 = DIRECTION('',(0.,0.,1.));
#8589 = PLANE('',#8590);
#8590 = AXIS2_PLACEMENT_3D('',#8591,#8592,#8593);
#8591 = CARTESIAN_POINT('',(-0.5,0.4,0.405));
#8592 = DIRECTION('',(0.,1.,0.));
#8593 = DIRECTION('',(0.,-0.,1.));
#8594 = ADVANCED_FACE('',(#8595),#8606,.T.);
#8595 = FACE_BOUND('',#8596,.T.);
#8596 = EDGE_LOOP('',(#8597,#8598,#8599,#8605));
#8597 = ORIENTED_EDGE('',*,*,#8366,.T.);
#8598 = ORIENTED_EDGE('',*,*,#8515,.T.);
#8599 = ORIENTED_EDGE('',*,*,#8600,.F.);
#8600 = EDGE_CURVE('',#8382,#8506,#8601,.T.);
#8601 = LINE('',#8602,#8603);
#8602 = CARTESIAN_POINT('',(0.545,-0.4,-2.775557561563E-17));
#8603 = VECTOR('',#8604,1.);
#8604 = DIRECTION('',(0.,1.,0.));
#8605 = ORIENTED_EDGE('',*,*,#8391,.F.);
#8606 = CYLINDRICAL_SURFACE('',#8607,4.5E-02);
#8607 = AXIS2_PLACEMENT_3D('',#8608,#8609,#8610);
#8608 = CARTESIAN_POINT('',(0.545,-0.4,4.5E-02));
#8609 = DIRECTION('',(0.,1.,0.));
#8610 = DIRECTION('',(-1.,0.,0.));
#8611 = ADVANCED_FACE('',(#8612),#8623,.F.);
#8612 = FACE_BOUND('',#8613,.F.);
#8613 = EDGE_LOOP('',(#8614,#8615,#8616,#8617));
#8614 = ORIENTED_EDGE('',*,*,#8505,.F.);
#8615 = ORIENTED_EDGE('',*,*,#8600,.F.);
#8616 = ORIENTED_EDGE('',*,*,#8381,.T.);
#8617 = ORIENTED_EDGE('',*,*,#8618,.T.);
#8618 = EDGE_CURVE('',#8384,#8508,#8619,.T.);
#8619 = LINE('',#8620,#8621);
#8620 = CARTESIAN_POINT('',(0.755,-0.4,-2.775557561563E-17));
#8621 = VECTOR('',#8622,1.);
#8622 = DIRECTION('',(0.,1.,0.));
#8623 = PLANE('',#8624);
#8624 = AXIS2_PLACEMENT_3D('',#8625,#8626,#8627);
#8625 = CARTESIAN_POINT('',(0.5,-0.4,0.));
#8626 = DIRECTION('',(0.,0.,1.));
#8627 = DIRECTION('',(1.,0.,-0.));
#8628 = ADVANCED_FACE('',(#8629),#8640,.T.);
#8629 = FACE_BOUND('',#8630,.T.);
#8630 = EDGE_LOOP('',(#8631,#8632,#8633,#8634));
#8631 = ORIENTED_EDGE('',*,*,#8435,.T.);
#8632 = ORIENTED_EDGE('',*,*,#8618,.T.);
#8633 = ORIENTED_EDGE('',*,*,#8559,.F.);
#8634 = ORIENTED_EDGE('',*,*,#8635,.F.);
#8635 = EDGE_CURVE('',#8428,#8552,#8636,.T.);
#8636 = LINE('',#8637,#8638);
#8637 = CARTESIAN_POINT('',(0.8,-0.4,4.5E-02));
#8638 = VECTOR('',#8639,1.);
#8639 = DIRECTION('',(0.,1.,0.));
#8640 = CYLINDRICAL_SURFACE('',#8641,4.5E-02);
#8641 = AXIS2_PLACEMENT_3D('',#8642,#8643,#8644);
#8642 = CARTESIAN_POINT('',(0.755,-0.4,4.5E-02));
#8643 = DIRECTION('',(0.,1.,0.));
#8644 = DIRECTION('',(1.,0.,0.));
#8645 = ADVANCED_FACE('',(#8646),#8657,.T.);
#8646 = FACE_BOUND('',#8647,.T.);
#8647 = EDGE_LOOP('',(#8648,#8649,#8650,#8651));
#8648 = ORIENTED_EDGE('',*,*,#8427,.F.);
#8649 = ORIENTED_EDGE('',*,*,#8635,.T.);
#8650 = ORIENTED_EDGE('',*,*,#8551,.T.);
#8651 = ORIENTED_EDGE('',*,*,#8652,.F.);
#8652 = EDGE_CURVE('',#8419,#8543,#8653,.T.);
#8653 = LINE('',#8654,#8655);
#8654 = CARTESIAN_POINT('',(0.8,-0.4,0.405));
#8655 = VECTOR('',#8656,1.);
#8656 = DIRECTION('',(0.,1.,0.));
#8657 = PLANE('',#8658);
#8658 = AXIS2_PLACEMENT_3D('',#8659,#8660,#8661);
#8659 = CARTESIAN_POINT('',(0.8,-0.4,0.));
#8660 = DIRECTION('',(1.,0.,0.));
#8661 = DIRECTION('',(0.,0.,1.));
#8662 = ADVANCED_FACE('',(#8663),#8674,.T.);
#8663 = FACE_BOUND('',#8664,.T.);
#8664 = EDGE_LOOP('',(#8665,#8666,#8667,#8673));
#8665 = ORIENTED_EDGE('',*,*,#8652,.T.);
#8666 = ORIENTED_EDGE('',*,*,#8542,.T.);
#8667 = ORIENTED_EDGE('',*,*,#8668,.F.);
#8668 = EDGE_CURVE('',#8411,#8535,#8669,.T.);
#8669 = LINE('',#8670,#8671);
#8670 = CARTESIAN_POINT('',(0.755,-0.4,0.45));
#8671 = VECTOR('',#8672,1.);
#8672 = DIRECTION('',(0.,1.,0.));
#8673 = ORIENTED_EDGE('',*,*,#8418,.F.);
#8674 = CYLINDRICAL_SURFACE('',#8675,4.5E-02);
#8675 = AXIS2_PLACEMENT_3D('',#8676,#8677,#8678);
#8676 = CARTESIAN_POINT('',(0.755,-0.4,0.405));
#8677 = DIRECTION('',(0.,1.,0.));
#8678 = DIRECTION('',(1.,0.,0.));
#8679 = ADVANCED_FACE('',(#8680),#8691,.T.);
#8680 = FACE_BOUND('',#8681,.T.);
#8681 = EDGE_LOOP('',(#8682,#8683,#8689,#8690));
#8682 = ORIENTED_EDGE('',*,*,#8534,.F.);
#8683 = ORIENTED_EDGE('',*,*,#8684,.F.);
#8684 = EDGE_CURVE('',#8402,#8526,#8685,.T.);
#8685 = LINE('',#8686,#8687);
#8686 = CARTESIAN_POINT('',(0.545,-0.4,0.45));
#8687 = VECTOR('',#8688,1.);
#8688 = DIRECTION('',(0.,1.,0.));
#8689 = ORIENTED_EDGE('',*,*,#8410,.T.);
#8690 = ORIENTED_EDGE('',*,*,#8668,.T.);
#8691 = PLANE('',#8692);
#8692 = AXIS2_PLACEMENT_3D('',#8693,#8694,#8695);
#8693 = CARTESIAN_POINT('',(0.5,-0.4,0.45));
#8694 = DIRECTION('',(0.,0.,1.));
#8695 = DIRECTION('',(1.,0.,-0.));
#8696 = ADVANCED_FACE('',(#8697),#8708,.T.);
#8697 = FACE_BOUND('',#8698,.T.);
#8698 = EDGE_LOOP('',(#8699,#8700,#8701,#8702));
#8699 = ORIENTED_EDGE('',*,*,#8401,.T.);
#8700 = ORIENTED_EDGE('',*,*,#8684,.T.);
#8701 = ORIENTED_EDGE('',*,*,#8525,.F.);
#8702 = ORIENTED_EDGE('',*,*,#8703,.F.);
#8703 = EDGE_CURVE('',#8236,#8319,#8704,.T.);
#8704 = LINE('',#8705,#8706);
#8705 = CARTESIAN_POINT('',(0.5,-0.4,0.405));
#8706 = VECTOR('',#8707,1.);
#8707 = DIRECTION('',(0.,1.,0.));
#8708 = CYLINDRICAL_SURFACE('',#8709,4.5E-02);
#8709 = AXIS2_PLACEMENT_3D('',#8710,#8711,#8712);
#8710 = CARTESIAN_POINT('',(0.545,-0.4,0.405));
#8711 = DIRECTION('',(0.,1.,0.));
#8712 = DIRECTION('',(-1.,0.,0.));
#8713 = ADVANCED_FACE('',(#8714),#8725,.T.);
#8714 = FACE_BOUND('',#8715,.T.);
#8715 = EDGE_LOOP('',(#8716,#8717,#8718,#8719));
#8716 = ORIENTED_EDGE('',*,*,#8467,.F.);
#8717 = ORIENTED_EDGE('',*,*,#8703,.T.);
#8718 = ORIENTED_EDGE('',*,*,#8584,.T.);
#8719 = ORIENTED_EDGE('',*,*,#8720,.F.);
#8720 = EDGE_CURVE('',#8460,#8577,#8721,.T.);
#8721 = LINE('',#8722,#8723);
#8722 = CARTESIAN_POINT('',(0.5,-0.4,0.45));
#8723 = VECTOR('',#8724,1.);
#8724 = DIRECTION('',(0.,1.,0.));
#8725 = PLANE('',#8726);
#8726 = AXIS2_PLACEMENT_3D('',#8727,#8728,#8729);
#8727 = CARTESIAN_POINT('',(0.5,-0.4,0.405));
#8728 = DIRECTION('',(1.,0.,0.));
#8729 = DIRECTION('',(0.,0.,1.));
#8730 = ADVANCED_FACE('',(#8731),#8737,.T.);
#8731 = FACE_BOUND('',#8732,.T.);
#8732 = EDGE_LOOP('',(#8733,#8734,#8735,#8736));
#8733 = ORIENTED_EDGE('',*,*,#8491,.F.);
#8734 = ORIENTED_EDGE('',*,*,#8459,.T.);
#8735 = ORIENTED_EDGE('',*,*,#8720,.T.);
#8736 = ORIENTED_EDGE('',*,*,#8576,.F.);
#8737 = PLANE('',#8738);
#8738 = AXIS2_PLACEMENT_3D('',#8739,#8740,#8741);
#8739 = CARTESIAN_POINT('',(-0.5,-0.4,0.45));
#8740 = DIRECTION('',(0.,0.,1.));
#8741 = DIRECTION('',(1.,0.,-0.));
#8742 = ( GEOMETRIC_REPRESENTATION_CONTEXT(3) 
GLOBAL_UNCERTAINTY_ASSIGNED_CONTEXT((#8746)) 
GLOBAL_UNIT_ASSIGNED_CONTEXT((#8743,#8744,#8745)) REPRESENTATION_CONTEXT
('Context #1','3D Context with UNIT and UNCERTAINTY') );
#8743 = ( LENGTH_UNIT() NAMED_UNIT(*) SI_UNIT(.MILLI.,.METRE.) );
#8744 = ( NAMED_UNIT(*) PLANE_ANGLE_UNIT() SI_UNIT($,.RADIAN.) );
#8745 = ( NAMED_UNIT(*) SI_UNIT($,.STERADIAN.) SOLID_ANGLE_UNIT() );
#8746 = UNCERTAINTY_MEASURE_WITH_UNIT(LENGTH_MEASURE(1.E-07),#8743,
  'distance_accuracy_value','confusion accuracy');
#8747 = CONTEXT_DEPENDENT_SHAPE_REPRESENTATION(#8748,#8750);
#8748 = ( REPRESENTATION_RELATIONSHIP('','',#7951,#7928) 
REPRESENTATION_RELATIONSHIP_WITH_TRANSFORMATION(#8749) 
SHAPE_REPRESENTATION_RELATIONSHIP() );
#8749 = ITEM_DEFINED_TRANSFORMATION('','',#11,#7929);
#8750 = PRODUCT_DEFINITION_SHAPE('Placement','Placement of an item',
  #8751);
#8751 = NEXT_ASSEMBLY_USAGE_OCCURRENCE('13','=>[0:1:1:11]','',#7923,
  #7946,$);
#8752 = PRODUCT_RELATED_PRODUCT_CATEGORY('part',$,(#7948));
#8753 = CONTEXT_DEPENDENT_SHAPE_REPRESENTATION(#8754,#8756);
#8754 = ( REPRESENTATION_RELATIONSHIP('','',#132,#10) 
REPRESENTATION_RELATIONSHIP_WITH_TRANSFORMATION(#8755) 
SHAPE_REPRESENTATION_RELATIONSHIP() );
#8755 = ITEM_DEFINED_TRANSFORMATION('','',#11,#51);
#8756 = PRODUCT_DEFINITION_SHAPE('Placement','Placement of an item',
  #8757);
#8757 = NEXT_ASSEMBLY_USAGE_OCCURRENCE('15','C2','',#5,#127,$);
#8758 = SHAPE_DEFINITION_REPRESENTATION(#8759,#8765);
#8759 = PRODUCT_DEFINITION_SHAPE('','',#8760);
#8760 = PRODUCT_DEFINITION('design','',#8761,#8764);
#8761 = PRODUCT_DEFINITION_FORMATION('','',#8762);
#8762 = PRODUCT('C_1206_3216Metric','C_1206_3216Metric','',(#8763));
#8763 = PRODUCT_CONTEXT('',#2,'mechanical');
#8764 = PRODUCT_DEFINITION_CONTEXT('part definition',#2,'design');
#8765 = SHAPE_REPRESENTATION('',(#11,#8766),#8770);
#8766 = AXIS2_PLACEMENT_3D('',#8767,#8768,#8769);
#8767 = CARTESIAN_POINT('',(0.,0.,0.));
#8768 = DIRECTION('',(0.,0.,1.));
#8769 = DIRECTION('',(1.,0.,-0.));
#8770 = ( GEOMETRIC_REPRESENTATION_CONTEXT(3) 
GLOBAL_UNCERTAINTY_ASSIGNED_CONTEXT((#8774)) 
GLOBAL_UNIT_ASSIGNED_CONTEXT((#8771,#8772,#8773)) REPRESENTATION_CONTEXT
('Context #1','3D Context with UNIT and UNCERTAINTY') );
#8771 = ( LENGTH_UNIT() NAMED_UNIT(*) SI_UNIT(.MILLI.,.METRE.) );
#8772 = ( NAMED_UNIT(*) PLANE_ANGLE_UNIT() SI_UNIT($,.RADIAN.) );
#8773 = ( NAMED_UNIT(*) SI_UNIT($,.STERADIAN.) SOLID_ANGLE_UNIT() );
#8774 = UNCERTAINTY_MEASURE_WITH_UNIT(LENGTH_MEASURE(1.E-07),#8771,
  'distance_accuracy_value','confusion accuracy');
#8775 = CONTEXT_DEPENDENT_SHAPE_REPRESENTATION(#8776,#8778);
#8776 = ( REPRESENTATION_RELATIONSHIP('','',#8765,#10) 
REPRESENTATION_RELATIONSHIP_WITH_TRANSFORMATION(#8777) 
SHAPE_REPRESENTATION_RELATIONSHIP() );
#8777 = ITEM_DEFINED_TRANSFORMATION('','',#11,#55);
#8778 = PRODUCT_DEFINITION_SHAPE('Placement','Placement of an item',
  #8779);
#8779 = NEXT_ASSEMBLY_USAGE_OCCURRENCE('17','C12','',#5,#8760,$);
#8780 = PRODUCT_RELATED_PRODUCT_CATEGORY('part',$,(#8762));
#8781 = SHAPE_DEFINITION_REPRESENTATION(#8782,#8788);
#8782 = PRODUCT_DEFINITION_SHAPE('','',#8783);
#8783 = PRODUCT_DEFINITION('design','',#8784,#8787);
#8784 = PRODUCT_DEFINITION_FORMATION('','',#8785);
#8785 = PRODUCT('C_1206_3216Metric','C_1206_3216Metric','',(#8786));
#8786 = PRODUCT_CONTEXT('',#2,'mechanical');
#8787 = PRODUCT_DEFINITION_CONTEXT('part definition',#2,'design');
#8788 = ADVANCED_BREP_SHAPE_REPRESENTATION('',(#11,#8789),#9643);
#8789 = MANIFOLD_SOLID_BREP('',#8790);
#8790 = CLOSED_SHELL('',(#8791,#8867,#8898,#8923,#8948,#8972,#8996,#9021
    ,#9046,#9063,#9149,#9181,#9205,#9230,#9254,#9279,#9303,#9328,#9345,
    #9431,#9462,#9487,#9512,#9536,#9560,#9585,#9610,#9627));
#8791 = ADVANCED_FACE('',(#8792),#8862,.F.);
#8792 = FACE_BOUND('',#8793,.F.);
#8793 = EDGE_LOOP('',(#8794,#8804,#8813,#8821,#8830,#8838,#8847,#8855));
#8794 = ORIENTED_EDGE('',*,*,#8795,.F.);
#8795 = EDGE_CURVE('',#8796,#8798,#8800,.T.);
#8796 = VERTEX_POINT('',#8797);
#8797 = CARTESIAN_POINT('',(-1.6,-0.8,4.E-02));
#8798 = VERTEX_POINT('',#8799);
#8799 = CARTESIAN_POINT('',(-1.6,-0.8,1.56));
#8800 = LINE('',#8801,#8802);
#8801 = CARTESIAN_POINT('',(-1.6,-0.8,0.));
#8802 = VECTOR('',#8803,1.);
#8803 = DIRECTION('',(0.,0.,1.));
#8804 = ORIENTED_EDGE('',*,*,#8805,.T.);
#8805 = EDGE_CURVE('',#8796,#8806,#8808,.T.);
#8806 = VERTEX_POINT('',#8807);
#8807 = CARTESIAN_POINT('',(-1.6,-0.76,0.));
#8808 = CIRCLE('',#8809,4.E-02);
#8809 = AXIS2_PLACEMENT_3D('',#8810,#8811,#8812);
#8810 = CARTESIAN_POINT('',(-1.6,-0.76,4.E-02));
#8811 = DIRECTION('',(1.,0.,-0.));
#8812 = DIRECTION('',(0.,0.,1.));
#8813 = ORIENTED_EDGE('',*,*,#8814,.T.);
#8814 = EDGE_CURVE('',#8806,#8815,#8817,.T.);
#8815 = VERTEX_POINT('',#8816);
#8816 = CARTESIAN_POINT('',(-1.6,0.76,0.));
#8817 = LINE('',#8818,#8819);
#8818 = CARTESIAN_POINT('',(-1.6,-0.8,0.));
#8819 = VECTOR('',#8820,1.);
#8820 = DIRECTION('',(0.,1.,0.));
#8821 = ORIENTED_EDGE('',*,*,#8822,.F.);
#8822 = EDGE_CURVE('',#8823,#8815,#8825,.T.);
#8823 = VERTEX_POINT('',#8824);
#8824 = CARTESIAN_POINT('',(-1.6,0.8,4.E-02));
#8825 = CIRCLE('',#8826,4.E-02);
#8826 = AXIS2_PLACEMENT_3D('',#8827,#8828,#8829);
#8827 = CARTESIAN_POINT('',(-1.6,0.76,4.E-02));
#8828 = DIRECTION('',(-1.,0.,0.));
#8829 = DIRECTION('',(0.,0.,1.));
#8830 = ORIENTED_EDGE('',*,*,#8831,.T.);
#8831 = EDGE_CURVE('',#8823,#8832,#8834,.T.);
#8832 = VERTEX_POINT('',#8833);
#8833 = CARTESIAN_POINT('',(-1.6,0.8,1.56));
#8834 = LINE('',#8835,#8836);
#8835 = CARTESIAN_POINT('',(-1.6,0.8,0.));
#8836 = VECTOR('',#8837,1.);
#8837 = DIRECTION('',(0.,0.,1.));
#8838 = ORIENTED_EDGE('',*,*,#8839,.T.);
#8839 = EDGE_CURVE('',#8832,#8840,#8842,.T.);
#8840 = VERTEX_POINT('',#8841);
#8841 = CARTESIAN_POINT('',(-1.6,0.76,1.6));
#8842 = CIRCLE('',#8843,4.E-02);
#8843 = AXIS2_PLACEMENT_3D('',#8844,#8845,#8846);
#8844 = CARTESIAN_POINT('',(-1.6,0.76,1.56));
#8845 = DIRECTION('',(1.,0.,-0.));
#8846 = DIRECTION('',(0.,0.,1.));
#8847 = ORIENTED_EDGE('',*,*,#8848,.F.);
#8848 = EDGE_CURVE('',#8849,#8840,#8851,.T.);
#8849 = VERTEX_POINT('',#8850);
#8850 = CARTESIAN_POINT('',(-1.6,-0.76,1.6));
#8851 = LINE('',#8852,#8853);
#8852 = CARTESIAN_POINT('',(-1.6,-0.8,1.6));
#8853 = VECTOR('',#8854,1.);
#8854 = DIRECTION('',(0.,1.,0.));
#8855 = ORIENTED_EDGE('',*,*,#8856,.F.);
#8856 = EDGE_CURVE('',#8798,#8849,#8857,.T.);
#8857 = CIRCLE('',#8858,4.E-02);
#8858 = AXIS2_PLACEMENT_3D('',#8859,#8860,#8861);
#8859 = CARTESIAN_POINT('',(-1.6,-0.76,1.56));
#8860 = DIRECTION('',(-1.,0.,0.));
#8861 = DIRECTION('',(0.,0.,1.));
#8862 = PLANE('',#8863);
#8863 = AXIS2_PLACEMENT_3D('',#8864,#8865,#8866);
#8864 = CARTESIAN_POINT('',(-1.6,-0.8,0.));
#8865 = DIRECTION('',(1.,0.,0.));
#8866 = DIRECTION('',(0.,0.,1.));
#8867 = ADVANCED_FACE('',(#8868),#8893,.F.);
#8868 = FACE_BOUND('',#8869,.F.);
#8869 = EDGE_LOOP('',(#8870,#8880,#8886,#8887));
#8870 = ORIENTED_EDGE('',*,*,#8871,.F.);
#8871 = EDGE_CURVE('',#8872,#8874,#8876,.T.);
#8872 = VERTEX_POINT('',#8873);
#8873 = CARTESIAN_POINT('',(-1.2,-0.8,4.E-02));
#8874 = VERTEX_POINT('',#8875);
#8875 = CARTESIAN_POINT('',(-1.2,-0.8,1.56));
#8876 = LINE('',#8877,#8878);
#8877 = CARTESIAN_POINT('',(-1.2,-0.8,0.));
#8878 = VECTOR('',#8879,1.);
#8879 = DIRECTION('',(0.,0.,1.));
#8880 = ORIENTED_EDGE('',*,*,#8881,.F.);
#8881 = EDGE_CURVE('',#8796,#8872,#8882,.T.);
#8882 = LINE('',#8883,#8884);
#8883 = CARTESIAN_POINT('',(-1.6,-0.8,4.E-02));
#8884 = VECTOR('',#8885,1.);
#8885 = DIRECTION('',(1.,0.,0.));
#8886 = ORIENTED_EDGE('',*,*,#8795,.T.);
#8887 = ORIENTED_EDGE('',*,*,#8888,.T.);
#8888 = EDGE_CURVE('',#8798,#8874,#8889,.T.);
#8889 = LINE('',#8890,#8891);
#8890 = CARTESIAN_POINT('',(-1.6,-0.8,1.56));
#8891 = VECTOR('',#8892,1.);
#8892 = DIRECTION('',(1.,0.,0.));
#8893 = PLANE('',#8894);
#8894 = AXIS2_PLACEMENT_3D('',#8895,#8896,#8897);
#8895 = CARTESIAN_POINT('',(-1.6,-0.8,0.));
#8896 = DIRECTION('',(0.,1.,0.));
#8897 = DIRECTION('',(0.,-0.,1.));
#8898 = ADVANCED_FACE('',(#8899),#8918,.T.);
#8899 = FACE_BOUND('',#8900,.T.);
#8900 = EDGE_LOOP('',(#8901,#8902,#8910,#8917));
#8901 = ORIENTED_EDGE('',*,*,#8805,.T.);
#8902 = ORIENTED_EDGE('',*,*,#8903,.T.);
#8903 = EDGE_CURVE('',#8806,#8904,#8906,.T.);
#8904 = VERTEX_POINT('',#8905);
#8905 = CARTESIAN_POINT('',(-1.2,-0.76,0.));
#8906 = LINE('',#8907,#8908);
#8907 = CARTESIAN_POINT('',(-1.6,-0.76,0.));
#8908 = VECTOR('',#8909,1.);
#8909 = DIRECTION('',(1.,0.,0.));
#8910 = ORIENTED_EDGE('',*,*,#8911,.F.);
#8911 = EDGE_CURVE('',#8872,#8904,#8912,.T.);
#8912 = CIRCLE('',#8913,4.E-02);
#8913 = AXIS2_PLACEMENT_3D('',#8914,#8915,#8916);
#8914 = CARTESIAN_POINT('',(-1.2,-0.76,4.E-02));
#8915 = DIRECTION('',(1.,0.,-0.));
#8916 = DIRECTION('',(0.,0.,1.));
#8917 = ORIENTED_EDGE('',*,*,#8881,.F.);
#8918 = CYLINDRICAL_SURFACE('',#8919,4.E-02);
#8919 = AXIS2_PLACEMENT_3D('',#8920,#8921,#8922);
#8920 = CARTESIAN_POINT('',(-1.6,-0.76,4.E-02));
#8921 = DIRECTION('',(1.,0.,0.));
#8922 = DIRECTION('',(0.,-1.,0.));
#8923 = ADVANCED_FACE('',(#8924),#8943,.T.);
#8924 = FACE_BOUND('',#8925,.T.);
#8925 = EDGE_LOOP('',(#8926,#8927,#8936,#8942));
#8926 = ORIENTED_EDGE('',*,*,#8888,.T.);
#8927 = ORIENTED_EDGE('',*,*,#8928,.T.);
#8928 = EDGE_CURVE('',#8874,#8929,#8931,.T.);
#8929 = VERTEX_POINT('',#8930);
#8930 = CARTESIAN_POINT('',(-1.2,-0.76,1.6));
#8931 = CIRCLE('',#8932,4.E-02);
#8932 = AXIS2_PLACEMENT_3D('',#8933,#8934,#8935);
#8933 = CARTESIAN_POINT('',(-1.2,-0.76,1.56));
#8934 = DIRECTION('',(-1.,0.,0.));
#8935 = DIRECTION('',(0.,0.,1.));
#8936 = ORIENTED_EDGE('',*,*,#8937,.F.);
#8937 = EDGE_CURVE('',#8849,#8929,#8938,.T.);
#8938 = LINE('',#8939,#8940);
#8939 = CARTESIAN_POINT('',(-1.6,-0.76,1.6));
#8940 = VECTOR('',#8941,1.);
#8941 = DIRECTION('',(1.,0.,0.));
#8942 = ORIENTED_EDGE('',*,*,#8856,.F.);
#8943 = CYLINDRICAL_SURFACE('',#8944,4.E-02);
#8944 = AXIS2_PLACEMENT_3D('',#8945,#8946,#8947);
#8945 = CARTESIAN_POINT('',(-1.6,-0.76,1.56));
#8946 = DIRECTION('',(1.,0.,0.));
#8947 = DIRECTION('',(0.,-1.,0.));
#8948 = ADVANCED_FACE('',(#8949),#8967,.F.);
#8949 = FACE_BOUND('',#8950,.F.);
#8950 = EDGE_LOOP('',(#8951,#8952,#8953,#8961));
#8951 = ORIENTED_EDGE('',*,*,#8814,.F.);
#8952 = ORIENTED_EDGE('',*,*,#8903,.T.);
#8953 = ORIENTED_EDGE('',*,*,#8954,.T.);
#8954 = EDGE_CURVE('',#8904,#8955,#8957,.T.);
#8955 = VERTEX_POINT('',#8956);
#8956 = CARTESIAN_POINT('',(-1.2,0.76,0.));
#8957 = LINE('',#8958,#8959);
#8958 = CARTESIAN_POINT('',(-1.2,-0.8,0.));
#8959 = VECTOR('',#8960,1.);
#8960 = DIRECTION('',(0.,1.,0.));
#8961 = ORIENTED_EDGE('',*,*,#8962,.F.);
#8962 = EDGE_CURVE('',#8815,#8955,#8963,.T.);
#8963 = LINE('',#8964,#8965);
#8964 = CARTESIAN_POINT('',(-1.6,0.76,0.));
#8965 = VECTOR('',#8966,1.);
#8966 = DIRECTION('',(1.,0.,0.));
#8967 = PLANE('',#8968);
#8968 = AXIS2_PLACEMENT_3D('',#8969,#8970,#8971);
#8969 = CARTESIAN_POINT('',(-1.6,-0.8,0.));
#8970 = DIRECTION('',(0.,0.,1.));
#8971 = DIRECTION('',(1.,0.,-0.));
#8972 = ADVANCED_FACE('',(#8973),#8991,.T.);
#8973 = FACE_BOUND('',#8974,.T.);
#8974 = EDGE_LOOP('',(#8975,#8976,#8977,#8985));
#8975 = ORIENTED_EDGE('',*,*,#8848,.F.);
#8976 = ORIENTED_EDGE('',*,*,#8937,.T.);
#8977 = ORIENTED_EDGE('',*,*,#8978,.T.);
#8978 = EDGE_CURVE('',#8929,#8979,#8981,.T.);
#8979 = VERTEX_POINT('',#8980);
#8980 = CARTESIAN_POINT('',(-1.2,0.76,1.6));
#8981 = LINE('',#8982,#8983);
#8982 = CARTESIAN_POINT('',(-1.2,-0.8,1.6));
#8983 = VECTOR('',#8984,1.);
#8984 = DIRECTION('',(0.,1.,0.));
#8985 = ORIENTED_EDGE('',*,*,#8986,.F.);
#8986 = EDGE_CURVE('',#8840,#8979,#8987,.T.);
#8987 = LINE('',#8988,#8989);
#8988 = CARTESIAN_POINT('',(-1.6,0.76,1.6));
#8989 = VECTOR('',#8990,1.);
#8990 = DIRECTION('',(1.,0.,0.));
#8991 = PLANE('',#8992);
#8992 = AXIS2_PLACEMENT_3D('',#8993,#8994,#8995);
#8993 = CARTESIAN_POINT('',(-1.6,-0.8,1.6));
#8994 = DIRECTION('',(0.,0.,1.));
#8995 = DIRECTION('',(1.,0.,-0.));
#8996 = ADVANCED_FACE('',(#8997),#9016,.T.);
#8997 = FACE_BOUND('',#8998,.T.);
#8998 = EDGE_LOOP('',(#8999,#9007,#9014,#9015));
#8999 = ORIENTED_EDGE('',*,*,#9000,.T.);
#9000 = EDGE_CURVE('',#8823,#9001,#9003,.T.);
#9001 = VERTEX_POINT('',#9002);
#9002 = CARTESIAN_POINT('',(-1.2,0.8,4.E-02));
#9003 = LINE('',#9004,#9005);
#9004 = CARTESIAN_POINT('',(-1.6,0.8,4.E-02));
#9005 = VECTOR('',#9006,1.);
#9006 = DIRECTION('',(1.,0.,0.));
#9007 = ORIENTED_EDGE('',*,*,#9008,.T.);
#9008 = EDGE_CURVE('',#9001,#8955,#9009,.T.);
#9009 = CIRCLE('',#9010,4.E-02);
#9010 = AXIS2_PLACEMENT_3D('',#9011,#9012,#9013);
#9011 = CARTESIAN_POINT('',(-1.2,0.76,4.E-02));
#9012 = DIRECTION('',(-1.,0.,0.));
#9013 = DIRECTION('',(0.,0.,1.));
#9014 = ORIENTED_EDGE('',*,*,#8962,.F.);
#9015 = ORIENTED_EDGE('',*,*,#8822,.F.);
#9016 = CYLINDRICAL_SURFACE('',#9017,4.E-02);
#9017 = AXIS2_PLACEMENT_3D('',#9018,#9019,#9020);
#9018 = CARTESIAN_POINT('',(-1.6,0.76,4.E-02));
#9019 = DIRECTION('',(1.,0.,0.));
#9020 = DIRECTION('',(-0.,1.,0.));
#9021 = ADVANCED_FACE('',(#9022),#9041,.T.);
#9022 = FACE_BOUND('',#9023,.T.);
#9023 = EDGE_LOOP('',(#9024,#9025,#9026,#9035));
#9024 = ORIENTED_EDGE('',*,*,#8839,.T.);
#9025 = ORIENTED_EDGE('',*,*,#8986,.T.);
#9026 = ORIENTED_EDGE('',*,*,#9027,.F.);
#9027 = EDGE_CURVE('',#9028,#8979,#9030,.T.);
#9028 = VERTEX_POINT('',#9029);
#9029 = CARTESIAN_POINT('',(-1.2,0.8,1.56));
#9030 = CIRCLE('',#9031,4.E-02);
#9031 = AXIS2_PLACEMENT_3D('',#9032,#9033,#9034);
#9032 = CARTESIAN_POINT('',(-1.2,0.76,1.56));
#9033 = DIRECTION('',(1.,0.,-0.));
#9034 = DIRECTION('',(0.,0.,1.));
#9035 = ORIENTED_EDGE('',*,*,#9036,.F.);
#9036 = EDGE_CURVE('',#8832,#9028,#9037,.T.);
#9037 = LINE('',#9038,#9039);
#9038 = CARTESIAN_POINT('',(-1.6,0.8,1.56));
#9039 = VECTOR('',#9040,1.);
#9040 = DIRECTION('',(1.,0.,0.));
#9041 = CYLINDRICAL_SURFACE('',#9042,4.E-02);
#9042 = AXIS2_PLACEMENT_3D('',#9043,#9044,#9045);
#9043 = CARTESIAN_POINT('',(-1.6,0.76,1.56));
#9044 = DIRECTION('',(1.,0.,0.));
#9045 = DIRECTION('',(-0.,1.,0.));
#9046 = ADVANCED_FACE('',(#9047),#9058,.T.);
#9047 = FACE_BOUND('',#9048,.T.);
#9048 = EDGE_LOOP('',(#9049,#9055,#9056,#9057));
#9049 = ORIENTED_EDGE('',*,*,#9050,.F.);
#9050 = EDGE_CURVE('',#9001,#9028,#9051,.T.);
#9051 = LINE('',#9052,#9053);
#9052 = CARTESIAN_POINT('',(-1.2,0.8,0.));
#9053 = VECTOR('',#9054,1.);
#9054 = DIRECTION('',(0.,0.,1.));
#9055 = ORIENTED_EDGE('',*,*,#9000,.F.);
#9056 = ORIENTED_EDGE('',*,*,#8831,.T.);
#9057 = ORIENTED_EDGE('',*,*,#9036,.T.);
#9058 = PLANE('',#9059);
#9059 = AXIS2_PLACEMENT_3D('',#9060,#9061,#9062);
#9060 = CARTESIAN_POINT('',(-1.6,0.8,0.));
#9061 = DIRECTION('',(0.,1.,0.));
#9062 = DIRECTION('',(0.,-0.,1.));
#9063 = ADVANCED_FACE('',(#9064,#9074),#9144,.T.);
#9064 = FACE_BOUND('',#9065,.T.);
#9065 = EDGE_LOOP('',(#9066,#9067,#9068,#9069,#9070,#9071,#9072,#9073));
#9066 = ORIENTED_EDGE('',*,*,#8871,.F.);
#9067 = ORIENTED_EDGE('',*,*,#8911,.T.);
#9068 = ORIENTED_EDGE('',*,*,#8954,.T.);
#9069 = ORIENTED_EDGE('',*,*,#9008,.F.);
#9070 = ORIENTED_EDGE('',*,*,#9050,.T.);
#9071 = ORIENTED_EDGE('',*,*,#9027,.T.);
#9072 = ORIENTED_EDGE('',*,*,#8978,.F.);
#9073 = ORIENTED_EDGE('',*,*,#8928,.F.);
#9074 = FACE_BOUND('',#9075,.T.);
#9075 = EDGE_LOOP('',(#9076,#9087,#9095,#9104,#9112,#9121,#9129,#9138));
#9076 = ORIENTED_EDGE('',*,*,#9077,.F.);
#9077 = EDGE_CURVE('',#9078,#9080,#9082,.T.);
#9078 = VERTEX_POINT('',#9079);
#9079 = CARTESIAN_POINT('',(-1.2,-0.76,8.E-02));
#9080 = VERTEX_POINT('',#9081);
#9081 = CARTESIAN_POINT('',(-1.2,-0.72,4.E-02));
#9082 = CIRCLE('',#9083,4.E-02);
#9083 = AXIS2_PLACEMENT_3D('',#9084,#9085,#9086);
#9084 = CARTESIAN_POINT('',(-1.2,-0.72,8.E-02));
#9085 = DIRECTION('',(1.,0.,-0.));
#9086 = DIRECTION('',(0.,0.,1.));
#9087 = ORIENTED_EDGE('',*,*,#9088,.T.);
#9088 = EDGE_CURVE('',#9078,#9089,#9091,.T.);
#9089 = VERTEX_POINT('',#9090);
#9090 = CARTESIAN_POINT('',(-1.2,-0.76,1.52));
#9091 = LINE('',#9092,#9093);
#9092 = CARTESIAN_POINT('',(-1.2,-0.76,4.E-02));
#9093 = VECTOR('',#9094,1.);
#9094 = DIRECTION('',(0.,0.,1.));
#9095 = ORIENTED_EDGE('',*,*,#9096,.T.);
#9096 = EDGE_CURVE('',#9089,#9097,#9099,.T.);
#9097 = VERTEX_POINT('',#9098);
#9098 = CARTESIAN_POINT('',(-1.2,-0.72,1.56));
#9099 = CIRCLE('',#9100,4.E-02);
#9100 = AXIS2_PLACEMENT_3D('',#9101,#9102,#9103);
#9101 = CARTESIAN_POINT('',(-1.2,-0.72,1.52));
#9102 = DIRECTION('',(-1.,0.,0.));
#9103 = DIRECTION('',(0.,0.,1.));
#9104 = ORIENTED_EDGE('',*,*,#9105,.T.);
#9105 = EDGE_CURVE('',#9097,#9106,#9108,.T.);
#9106 = VERTEX_POINT('',#9107);
#9107 = CARTESIAN_POINT('',(-1.2,0.72,1.56));
#9108 = LINE('',#9109,#9110);
#9109 = CARTESIAN_POINT('',(-1.2,-0.76,1.56));
#9110 = VECTOR('',#9111,1.);
#9111 = DIRECTION('',(0.,1.,0.));
#9112 = ORIENTED_EDGE('',*,*,#9113,.F.);
#9113 = EDGE_CURVE('',#9114,#9106,#9116,.T.);
#9114 = VERTEX_POINT('',#9115);
#9115 = CARTESIAN_POINT('',(-1.2,0.76,1.52));
#9116 = CIRCLE('',#9117,4.E-02);
#9117 = AXIS2_PLACEMENT_3D('',#9118,#9119,#9120);
#9118 = CARTESIAN_POINT('',(-1.2,0.72,1.52));
#9119 = DIRECTION('',(1.,0.,-0.));
#9120 = DIRECTION('',(0.,0.,1.));
#9121 = ORIENTED_EDGE('',*,*,#9122,.F.);
#9122 = EDGE_CURVE('',#9123,#9114,#9125,.T.);
#9123 = VERTEX_POINT('',#9124);
#9124 = CARTESIAN_POINT('',(-1.2,0.76,8.E-02));
#9125 = LINE('',#9126,#9127);
#9126 = CARTESIAN_POINT('',(-1.2,0.76,4.E-02));
#9127 = VECTOR('',#9128,1.);
#9128 = DIRECTION('',(0.,0.,1.));
#9129 = ORIENTED_EDGE('',*,*,#9130,.T.);
#9130 = EDGE_CURVE('',#9123,#9131,#9133,.T.);
#9131 = VERTEX_POINT('',#9132);
#9132 = CARTESIAN_POINT('',(-1.2,0.72,4.E-02));
#9133 = CIRCLE('',#9134,4.E-02);
#9134 = AXIS2_PLACEMENT_3D('',#9135,#9136,#9137);
#9135 = CARTESIAN_POINT('',(-1.2,0.72,8.E-02));
#9136 = DIRECTION('',(-1.,0.,0.));
#9137 = DIRECTION('',(0.,0.,1.));
#9138 = ORIENTED_EDGE('',*,*,#9139,.F.);
#9139 = EDGE_CURVE('',#9080,#9131,#9140,.T.);
#9140 = LINE('',#9141,#9142);
#9141 = CARTESIAN_POINT('',(-1.2,-0.76,4.E-02));
#9142 = VECTOR('',#9143,1.);
#9143 = DIRECTION('',(0.,1.,0.));
#9144 = PLANE('',#9145);
#9145 = AXIS2_PLACEMENT_3D('',#9146,#9147,#9148);
#9146 = CARTESIAN_POINT('',(-1.2,-0.8,0.));
#9147 = DIRECTION('',(1.,0.,0.));
#9148 = DIRECTION('',(0.,0.,1.));
#9149 = ADVANCED_FACE('',(#9150),#9176,.T.);
#9150 = FACE_BOUND('',#9151,.T.);
#9151 = EDGE_LOOP('',(#9152,#9153,#9161,#9170));
#9152 = ORIENTED_EDGE('',*,*,#9077,.T.);
#9153 = ORIENTED_EDGE('',*,*,#9154,.T.);
#9154 = EDGE_CURVE('',#9080,#9155,#9157,.T.);
#9155 = VERTEX_POINT('',#9156);
#9156 = CARTESIAN_POINT('',(1.2,-0.72,4.E-02));
#9157 = LINE('',#9158,#9159);
#9158 = CARTESIAN_POINT('',(-1.2,-0.72,4.E-02));
#9159 = VECTOR('',#9160,1.);
#9160 = DIRECTION('',(1.,0.,0.));
#9161 = ORIENTED_EDGE('',*,*,#9162,.F.);
#9162 = EDGE_CURVE('',#9163,#9155,#9165,.T.);
#9163 = VERTEX_POINT('',#9164);
#9164 = CARTESIAN_POINT('',(1.2,-0.76,8.E-02));
#9165 = CIRCLE('',#9166,4.E-02);
#9166 = AXIS2_PLACEMENT_3D('',#9167,#9168,#9169);
#9167 = CARTESIAN_POINT('',(1.2,-0.72,8.E-02));
#9168 = DIRECTION('',(1.,0.,-0.));
#9169 = DIRECTION('',(0.,0.,1.));
#9170 = ORIENTED_EDGE('',*,*,#9171,.F.);
#9171 = EDGE_CURVE('',#9078,#9163,#9172,.T.);
#9172 = LINE('',#9173,#9174);
#9173 = CARTESIAN_POINT('',(-1.2,-0.76,8.E-02));
#9174 = VECTOR('',#9175,1.);
#9175 = DIRECTION('',(1.,0.,0.));
#9176 = CYLINDRICAL_SURFACE('',#9177,4.E-02);
#9177 = AXIS2_PLACEMENT_3D('',#9178,#9179,#9180);
#9178 = CARTESIAN_POINT('',(-1.2,-0.72,8.E-02));
#9179 = DIRECTION('',(1.,0.,0.));
#9180 = DIRECTION('',(0.,-1.,0.));
#9181 = ADVANCED_FACE('',(#9182),#9200,.F.);
#9182 = FACE_BOUND('',#9183,.F.);
#9183 = EDGE_LOOP('',(#9184,#9185,#9186,#9194));
#9184 = ORIENTED_EDGE('',*,*,#9139,.F.);
#9185 = ORIENTED_EDGE('',*,*,#9154,.T.);
#9186 = ORIENTED_EDGE('',*,*,#9187,.T.);
#9187 = EDGE_CURVE('',#9155,#9188,#9190,.T.);
#9188 = VERTEX_POINT('',#9189);
#9189 = CARTESIAN_POINT('',(1.2,0.72,4.E-02));
#9190 = LINE('',#9191,#9192);
#9191 = CARTESIAN_POINT('',(1.2,-0.76,4.E-02));
#9192 = VECTOR('',#9193,1.);
#9193 = DIRECTION('',(0.,1.,0.));
#9194 = ORIENTED_EDGE('',*,*,#9195,.F.);
#9195 = EDGE_CURVE('',#9131,#9188,#9196,.T.);
#9196 = LINE('',#9197,#9198);
#9197 = CARTESIAN_POINT('',(-1.2,0.72,4.E-02));
#9198 = VECTOR('',#9199,1.);
#9199 = DIRECTION('',(1.,0.,0.));
#9200 = PLANE('',#9201);
#9201 = AXIS2_PLACEMENT_3D('',#9202,#9203,#9204);
#9202 = CARTESIAN_POINT('',(-1.2,-0.76,4.E-02));
#9203 = DIRECTION('',(0.,0.,1.));
#9204 = DIRECTION('',(1.,0.,-0.));
#9205 = ADVANCED_FACE('',(#9206),#9225,.T.);
#9206 = FACE_BOUND('',#9207,.T.);
#9207 = EDGE_LOOP('',(#9208,#9216,#9223,#9224));
#9208 = ORIENTED_EDGE('',*,*,#9209,.T.);
#9209 = EDGE_CURVE('',#9123,#9210,#9212,.T.);
#9210 = VERTEX_POINT('',#9211);
#9211 = CARTESIAN_POINT('',(1.2,0.76,8.E-02));
#9212 = LINE('',#9213,#9214);
#9213 = CARTESIAN_POINT('',(-1.2,0.76,8.E-02));
#9214 = VECTOR('',#9215,1.);
#9215 = DIRECTION('',(1.,0.,0.));
#9216 = ORIENTED_EDGE('',*,*,#9217,.T.);
#9217 = EDGE_CURVE('',#9210,#9188,#9218,.T.);
#9218 = CIRCLE('',#9219,4.E-02);
#9219 = AXIS2_PLACEMENT_3D('',#9220,#9221,#9222);
#9220 = CARTESIAN_POINT('',(1.2,0.72,8.E-02));
#9221 = DIRECTION('',(-1.,0.,0.));
#9222 = DIRECTION('',(0.,0.,1.));
#9223 = ORIENTED_EDGE('',*,*,#9195,.F.);
#9224 = ORIENTED_EDGE('',*,*,#9130,.F.);
#9225 = CYLINDRICAL_SURFACE('',#9226,4.E-02);
#9226 = AXIS2_PLACEMENT_3D('',#9227,#9228,#9229);
#9227 = CARTESIAN_POINT('',(-1.2,0.72,8.E-02));
#9228 = DIRECTION('',(1.,0.,0.));
#9229 = DIRECTION('',(-0.,1.,0.));
#9230 = ADVANCED_FACE('',(#9231),#9249,.T.);
#9231 = FACE_BOUND('',#9232,.T.);
#9232 = EDGE_LOOP('',(#9233,#9241,#9242,#9243));
#9233 = ORIENTED_EDGE('',*,*,#9234,.F.);
#9234 = EDGE_CURVE('',#9210,#9235,#9237,.T.);
#9235 = VERTEX_POINT('',#9236);
#9236 = CARTESIAN_POINT('',(1.2,0.76,1.52));
#9237 = LINE('',#9238,#9239);
#9238 = CARTESIAN_POINT('',(1.2,0.76,4.E-02));
#9239 = VECTOR('',#9240,1.);
#9240 = DIRECTION('',(0.,0.,1.));
#9241 = ORIENTED_EDGE('',*,*,#9209,.F.);
#9242 = ORIENTED_EDGE('',*,*,#9122,.T.);
#9243 = ORIENTED_EDGE('',*,*,#9244,.T.);
#9244 = EDGE_CURVE('',#9114,#9235,#9245,.T.);
#9245 = LINE('',#9246,#9247);
#9246 = CARTESIAN_POINT('',(-1.2,0.76,1.52));
#9247 = VECTOR('',#9248,1.);
#9248 = DIRECTION('',(1.,0.,0.));
#9249 = PLANE('',#9250);
#9250 = AXIS2_PLACEMENT_3D('',#9251,#9252,#9253);
#9251 = CARTESIAN_POINT('',(-1.2,0.76,4.E-02));
#9252 = DIRECTION('',(0.,1.,0.));
#9253 = DIRECTION('',(0.,-0.,1.));
#9254 = ADVANCED_FACE('',(#9255),#9274,.T.);
#9255 = FACE_BOUND('',#9256,.T.);
#9256 = EDGE_LOOP('',(#9257,#9258,#9266,#9273));
#9257 = ORIENTED_EDGE('',*,*,#9113,.T.);
#9258 = ORIENTED_EDGE('',*,*,#9259,.T.);
#9259 = EDGE_CURVE('',#9106,#9260,#9262,.T.);
#9260 = VERTEX_POINT('',#9261);
#9261 = CARTESIAN_POINT('',(1.2,0.72,1.56));
#9262 = LINE('',#9263,#9264);
#9263 = CARTESIAN_POINT('',(-1.2,0.72,1.56));
#9264 = VECTOR('',#9265,1.);
#9265 = DIRECTION('',(1.,0.,0.));
#9266 = ORIENTED_EDGE('',*,*,#9267,.F.);
#9267 = EDGE_CURVE('',#9235,#9260,#9268,.T.);
#9268 = CIRCLE('',#9269,4.E-02);
#9269 = AXIS2_PLACEMENT_3D('',#9270,#9271,#9272);
#9270 = CARTESIAN_POINT('',(1.2,0.72,1.52));
#9271 = DIRECTION('',(1.,0.,-0.));
#9272 = DIRECTION('',(0.,0.,1.));
#9273 = ORIENTED_EDGE('',*,*,#9244,.F.);
#9274 = CYLINDRICAL_SURFACE('',#9275,4.E-02);
#9275 = AXIS2_PLACEMENT_3D('',#9276,#9277,#9278);
#9276 = CARTESIAN_POINT('',(-1.2,0.72,1.52));
#9277 = DIRECTION('',(1.,0.,0.));
#9278 = DIRECTION('',(-0.,1.,0.));
#9279 = ADVANCED_FACE('',(#9280),#9298,.T.);
#9280 = FACE_BOUND('',#9281,.T.);
#9281 = EDGE_LOOP('',(#9282,#9283,#9291,#9297));
#9282 = ORIENTED_EDGE('',*,*,#9105,.F.);
#9283 = ORIENTED_EDGE('',*,*,#9284,.T.);
#9284 = EDGE_CURVE('',#9097,#9285,#9287,.T.);
#9285 = VERTEX_POINT('',#9286);
#9286 = CARTESIAN_POINT('',(1.2,-0.72,1.56));
#9287 = LINE('',#9288,#9289);
#9288 = CARTESIAN_POINT('',(-1.2,-0.72,1.56));
#9289 = VECTOR('',#9290,1.);
#9290 = DIRECTION('',(1.,0.,0.));
#9291 = ORIENTED_EDGE('',*,*,#9292,.T.);
#9292 = EDGE_CURVE('',#9285,#9260,#9293,.T.);
#9293 = LINE('',#9294,#9295);
#9294 = CARTESIAN_POINT('',(1.2,-0.76,1.56));
#9295 = VECTOR('',#9296,1.);
#9296 = DIRECTION('',(0.,1.,0.));
#9297 = ORIENTED_EDGE('',*,*,#9259,.F.);
#9298 = PLANE('',#9299);
#9299 = AXIS2_PLACEMENT_3D('',#9300,#9301,#9302);
#9300 = CARTESIAN_POINT('',(-1.2,-0.76,1.56));
#9301 = DIRECTION('',(0.,0.,1.));
#9302 = DIRECTION('',(1.,0.,-0.));
#9303 = ADVANCED_FACE('',(#9304),#9323,.T.);
#9304 = FACE_BOUND('',#9305,.T.);
#9305 = EDGE_LOOP('',(#9306,#9314,#9321,#9322));
#9306 = ORIENTED_EDGE('',*,*,#9307,.T.);
#9307 = EDGE_CURVE('',#9089,#9308,#9310,.T.);
#9308 = VERTEX_POINT('',#9309);
#9309 = CARTESIAN_POINT('',(1.2,-0.76,1.52));
#9310 = LINE('',#9311,#9312);
#9311 = CARTESIAN_POINT('',(-1.2,-0.76,1.52));
#9312 = VECTOR('',#9313,1.);
#9313 = DIRECTION('',(1.,0.,0.));
#9314 = ORIENTED_EDGE('',*,*,#9315,.T.);
#9315 = EDGE_CURVE('',#9308,#9285,#9316,.T.);
#9316 = CIRCLE('',#9317,4.E-02);
#9317 = AXIS2_PLACEMENT_3D('',#9318,#9319,#9320);
#9318 = CARTESIAN_POINT('',(1.2,-0.72,1.52));
#9319 = DIRECTION('',(-1.,0.,0.));
#9320 = DIRECTION('',(0.,0.,1.));
#9321 = ORIENTED_EDGE('',*,*,#9284,.F.);
#9322 = ORIENTED_EDGE('',*,*,#9096,.F.);
#9323 = CYLINDRICAL_SURFACE('',#9324,4.E-02);
#9324 = AXIS2_PLACEMENT_3D('',#9325,#9326,#9327);
#9325 = CARTESIAN_POINT('',(-1.2,-0.72,1.52));
#9326 = DIRECTION('',(1.,0.,0.));
#9327 = DIRECTION('',(0.,-1.,0.));
#9328 = ADVANCED_FACE('',(#9329),#9340,.F.);
#9329 = FACE_BOUND('',#9330,.F.);
#9330 = EDGE_LOOP('',(#9331,#9337,#9338,#9339));
#9331 = ORIENTED_EDGE('',*,*,#9332,.F.);
#9332 = EDGE_CURVE('',#9163,#9308,#9333,.T.);
#9333 = LINE('',#9334,#9335);
#9334 = CARTESIAN_POINT('',(1.2,-0.76,4.E-02));
#9335 = VECTOR('',#9336,1.);
#9336 = DIRECTION('',(0.,0.,1.));
#9337 = ORIENTED_EDGE('',*,*,#9171,.F.);
#9338 = ORIENTED_EDGE('',*,*,#9088,.T.);
#9339 = ORIENTED_EDGE('',*,*,#9307,.T.);
#9340 = PLANE('',#9341);
#9341 = AXIS2_PLACEMENT_3D('',#9342,#9343,#9344);
#9342 = CARTESIAN_POINT('',(-1.2,-0.76,4.E-02));
#9343 = DIRECTION('',(0.,1.,0.));
#9344 = DIRECTION('',(0.,-0.,1.));
#9345 = ADVANCED_FACE('',(#9346,#9416),#9426,.F.);
#9346 = FACE_BOUND('',#9347,.F.);
#9347 = EDGE_LOOP('',(#9348,#9358,#9367,#9375,#9384,#9392,#9401,#9409));
#9348 = ORIENTED_EDGE('',*,*,#9349,.F.);
#9349 = EDGE_CURVE('',#9350,#9352,#9354,.T.);
#9350 = VERTEX_POINT('',#9351);
#9351 = CARTESIAN_POINT('',(1.2,-0.8,4.E-02));
#9352 = VERTEX_POINT('',#9353);
#9353 = CARTESIAN_POINT('',(1.2,-0.8,1.56));
#9354 = LINE('',#9355,#9356);
#9355 = CARTESIAN_POINT('',(1.2,-0.8,0.));
#9356 = VECTOR('',#9357,1.);
#9357 = DIRECTION('',(0.,0.,1.));
#9358 = ORIENTED_EDGE('',*,*,#9359,.T.);
#9359 = EDGE_CURVE('',#9350,#9360,#9362,.T.);
#9360 = VERTEX_POINT('',#9361);
#9361 = CARTESIAN_POINT('',(1.2,-0.76,0.));
#9362 = CIRCLE('',#9363,4.E-02);
#9363 = AXIS2_PLACEMENT_3D('',#9364,#9365,#9366);
#9364 = CARTESIAN_POINT('',(1.2,-0.76,4.E-02));
#9365 = DIRECTION('',(1.,0.,-0.));
#9366 = DIRECTION('',(0.,0.,1.));
#9367 = ORIENTED_EDGE('',*,*,#9368,.T.);
#9368 = EDGE_CURVE('',#9360,#9369,#9371,.T.);
#9369 = VERTEX_POINT('',#9370);
#9370 = CARTESIAN_POINT('',(1.2,0.76,0.));
#9371 = LINE('',#9372,#9373);
#9372 = CARTESIAN_POINT('',(1.2,-0.8,0.));
#9373 = VECTOR('',#9374,1.);
#9374 = DIRECTION('',(0.,1.,0.));
#9375 = ORIENTED_EDGE('',*,*,#9376,.F.);
#9376 = EDGE_CURVE('',#9377,#9369,#9379,.T.);
#9377 = VERTEX_POINT('',#9378);
#9378 = CARTESIAN_POINT('',(1.2,0.8,4.E-02));
#9379 = CIRCLE('',#9380,4.E-02);
#9380 = AXIS2_PLACEMENT_3D('',#9381,#9382,#9383);
#9381 = CARTESIAN_POINT('',(1.2,0.76,4.E-02));
#9382 = DIRECTION('',(-1.,0.,0.));
#9383 = DIRECTION('',(0.,0.,1.));
#9384 = ORIENTED_EDGE('',*,*,#9385,.T.);
#9385 = EDGE_CURVE('',#9377,#9386,#9388,.T.);
#9386 = VERTEX_POINT('',#9387);
#9387 = CARTESIAN_POINT('',(1.2,0.8,1.56));
#9388 = LINE('',#9389,#9390);
#9389 = CARTESIAN_POINT('',(1.2,0.8,0.));
#9390 = VECTOR('',#9391,1.);
#9391 = DIRECTION('',(0.,0.,1.));
#9392 = ORIENTED_EDGE('',*,*,#9393,.T.);
#9393 = EDGE_CURVE('',#9386,#9394,#9396,.T.);
#9394 = VERTEX_POINT('',#9395);
#9395 = CARTESIAN_POINT('',(1.2,0.76,1.6));
#9396 = CIRCLE('',#9397,4.E-02);
#9397 = AXIS2_PLACEMENT_3D('',#9398,#9399,#9400);
#9398 = CARTESIAN_POINT('',(1.2,0.76,1.56));
#9399 = DIRECTION('',(1.,0.,-0.));
#9400 = DIRECTION('',(0.,0.,1.));
#9401 = ORIENTED_EDGE('',*,*,#9402,.F.);
#9402 = EDGE_CURVE('',#9403,#9394,#9405,.T.);
#9403 = VERTEX_POINT('',#9404);
#9404 = CARTESIAN_POINT('',(1.2,-0.76,1.6));
#9405 = LINE('',#9406,#9407);
#9406 = CARTESIAN_POINT('',(1.2,-0.8,1.6));
#9407 = VECTOR('',#9408,1.);
#9408 = DIRECTION('',(0.,1.,0.));
#9409 = ORIENTED_EDGE('',*,*,#9410,.F.);
#9410 = EDGE_CURVE('',#9352,#9403,#9411,.T.);
#9411 = CIRCLE('',#9412,4.E-02);
#9412 = AXIS2_PLACEMENT_3D('',#9413,#9414,#9415);
#9413 = CARTESIAN_POINT('',(1.2,-0.76,1.56));
#9414 = DIRECTION('',(-1.,0.,0.));
#9415 = DIRECTION('',(0.,0.,1.));
#9416 = FACE_BOUND('',#9417,.F.);
#9417 = EDGE_LOOP('',(#9418,#9419,#9420,#9421,#9422,#9423,#9424,#9425));
#9418 = ORIENTED_EDGE('',*,*,#9162,.F.);
#9419 = ORIENTED_EDGE('',*,*,#9332,.T.);
#9420 = ORIENTED_EDGE('',*,*,#9315,.T.);
#9421 = ORIENTED_EDGE('',*,*,#9292,.T.);
#9422 = ORIENTED_EDGE('',*,*,#9267,.F.);
#9423 = ORIENTED_EDGE('',*,*,#9234,.F.);
#9424 = ORIENTED_EDGE('',*,*,#9217,.T.);
#9425 = ORIENTED_EDGE('',*,*,#9187,.F.);
#9426 = PLANE('',#9427);
#9427 = AXIS2_PLACEMENT_3D('',#9428,#9429,#9430);
#9428 = CARTESIAN_POINT('',(1.2,-0.8,0.));
#9429 = DIRECTION('',(1.,0.,0.));
#9430 = DIRECTION('',(0.,0.,1.));
#9431 = ADVANCED_FACE('',(#9432),#9457,.F.);
#9432 = FACE_BOUND('',#9433,.F.);
#9433 = EDGE_LOOP('',(#9434,#9444,#9450,#9451));
#9434 = ORIENTED_EDGE('',*,*,#9435,.F.);
#9435 = EDGE_CURVE('',#9436,#9438,#9440,.T.);
#9436 = VERTEX_POINT('',#9437);
#9437 = CARTESIAN_POINT('',(1.6,-0.8,4.E-02));
#9438 = VERTEX_POINT('',#9439);
#9439 = CARTESIAN_POINT('',(1.6,-0.8,1.56));
#9440 = LINE('',#9441,#9442);
#9441 = CARTESIAN_POINT('',(1.6,-0.8,0.));
#9442 = VECTOR('',#9443,1.);
#9443 = DIRECTION('',(0.,0.,1.));
#9444 = ORIENTED_EDGE('',*,*,#9445,.F.);
#9445 = EDGE_CURVE('',#9350,#9436,#9446,.T.);
#9446 = LINE('',#9447,#9448);
#9447 = CARTESIAN_POINT('',(1.2,-0.8,4.E-02));
#9448 = VECTOR('',#9449,1.);
#9449 = DIRECTION('',(1.,0.,0.));
#9450 = ORIENTED_EDGE('',*,*,#9349,.T.);
#9451 = ORIENTED_EDGE('',*,*,#9452,.T.);
#9452 = EDGE_CURVE('',#9352,#9438,#9453,.T.);
#9453 = LINE('',#9454,#9455);
#9454 = CARTESIAN_POINT('',(1.2,-0.8,1.56));
#9455 = VECTOR('',#9456,1.);
#9456 = DIRECTION('',(1.,0.,0.));
#9457 = PLANE('',#9458);
#9458 = AXIS2_PLACEMENT_3D('',#9459,#9460,#9461);
#9459 = CARTESIAN_POINT('',(1.2,-0.8,0.));
#9460 = DIRECTION('',(0.,1.,0.));
#9461 = DIRECTION('',(0.,-0.,1.));
#9462 = ADVANCED_FACE('',(#9463),#9482,.T.);
#9463 = FACE_BOUND('',#9464,.T.);
#9464 = EDGE_LOOP('',(#9465,#9466,#9474,#9481));
#9465 = ORIENTED_EDGE('',*,*,#9359,.T.);
#9466 = ORIENTED_EDGE('',*,*,#9467,.T.);
#9467 = EDGE_CURVE('',#9360,#9468,#9470,.T.);
#9468 = VERTEX_POINT('',#9469);
#9469 = CARTESIAN_POINT('',(1.6,-0.76,0.));
#9470 = LINE('',#9471,#9472);
#9471 = CARTESIAN_POINT('',(1.2,-0.76,0.));
#9472 = VECTOR('',#9473,1.);
#9473 = DIRECTION('',(1.,0.,0.));
#9474 = ORIENTED_EDGE('',*,*,#9475,.F.);
#9475 = EDGE_CURVE('',#9436,#9468,#9476,.T.);
#9476 = CIRCLE('',#9477,4.E-02);
#9477 = AXIS2_PLACEMENT_3D('',#9478,#9479,#9480);
#9478 = CARTESIAN_POINT('',(1.6,-0.76,4.E-02));
#9479 = DIRECTION('',(1.,0.,-0.));
#9480 = DIRECTION('',(0.,0.,1.));
#9481 = ORIENTED_EDGE('',*,*,#9445,.F.);
#9482 = CYLINDRICAL_SURFACE('',#9483,4.E-02);
#9483 = AXIS2_PLACEMENT_3D('',#9484,#9485,#9486);
#9484 = CARTESIAN_POINT('',(1.2,-0.76,4.E-02));
#9485 = DIRECTION('',(1.,0.,0.));
#9486 = DIRECTION('',(0.,-1.,0.));
#9487 = ADVANCED_FACE('',(#9488),#9507,.T.);
#9488 = FACE_BOUND('',#9489,.T.);
#9489 = EDGE_LOOP('',(#9490,#9491,#9500,#9506));
#9490 = ORIENTED_EDGE('',*,*,#9452,.T.);
#9491 = ORIENTED_EDGE('',*,*,#9492,.T.);
#9492 = EDGE_CURVE('',#9438,#9493,#9495,.T.);
#9493 = VERTEX_POINT('',#9494);
#9494 = CARTESIAN_POINT('',(1.6,-0.76,1.6));
#9495 = CIRCLE('',#9496,4.E-02);
#9496 = AXIS2_PLACEMENT_3D('',#9497,#9498,#9499);
#9497 = CARTESIAN_POINT('',(1.6,-0.76,1.56));
#9498 = DIRECTION('',(-1.,0.,0.));
#9499 = DIRECTION('',(0.,0.,1.));
#9500 = ORIENTED_EDGE('',*,*,#9501,.F.);
#9501 = EDGE_CURVE('',#9403,#9493,#9502,.T.);
#9502 = LINE('',#9503,#9504);
#9503 = CARTESIAN_POINT('',(1.2,-0.76,1.6));
#9504 = VECTOR('',#9505,1.);
#9505 = DIRECTION('',(1.,0.,0.));
#9506 = ORIENTED_EDGE('',*,*,#9410,.F.);
#9507 = CYLINDRICAL_SURFACE('',#9508,4.E-02);
#9508 = AXIS2_PLACEMENT_3D('',#9509,#9510,#9511);
#9509 = CARTESIAN_POINT('',(1.2,-0.76,1.56));
#9510 = DIRECTION('',(1.,0.,0.));
#9511 = DIRECTION('',(0.,-1.,0.));
#9512 = ADVANCED_FACE('',(#9513),#9531,.F.);
#9513 = FACE_BOUND('',#9514,.F.);
#9514 = EDGE_LOOP('',(#9515,#9516,#9517,#9525));
#9515 = ORIENTED_EDGE('',*,*,#9368,.F.);
#9516 = ORIENTED_EDGE('',*,*,#9467,.T.);
#9517 = ORIENTED_EDGE('',*,*,#9518,.T.);
#9518 = EDGE_CURVE('',#9468,#9519,#9521,.T.);
#9519 = VERTEX_POINT('',#9520);
#9520 = CARTESIAN_POINT('',(1.6,0.76,0.));
#9521 = LINE('',#9522,#9523);
#9522 = CARTESIAN_POINT('',(1.6,-0.8,0.));
#9523 = VECTOR('',#9524,1.);
#9524 = DIRECTION('',(0.,1.,0.));
#9525 = ORIENTED_EDGE('',*,*,#9526,.F.);
#9526 = EDGE_CURVE('',#9369,#9519,#9527,.T.);
#9527 = LINE('',#9528,#9529);
#9528 = CARTESIAN_POINT('',(1.2,0.76,0.));
#9529 = VECTOR('',#9530,1.);
#9530 = DIRECTION('',(1.,0.,0.));
#9531 = PLANE('',#9532);
#9532 = AXIS2_PLACEMENT_3D('',#9533,#9534,#9535);
#9533 = CARTESIAN_POINT('',(1.2,-0.8,0.));
#9534 = DIRECTION('',(0.,0.,1.));
#9535 = DIRECTION('',(1.,0.,-0.));
#9536 = ADVANCED_FACE('',(#9537),#9555,.T.);
#9537 = FACE_BOUND('',#9538,.T.);
#9538 = EDGE_LOOP('',(#9539,#9540,#9541,#9549));
#9539 = ORIENTED_EDGE('',*,*,#9402,.F.);
#9540 = ORIENTED_EDGE('',*,*,#9501,.T.);
#9541 = ORIENTED_EDGE('',*,*,#9542,.T.);
#9542 = EDGE_CURVE('',#9493,#9543,#9545,.T.);
#9543 = VERTEX_POINT('',#9544);
#9544 = CARTESIAN_POINT('',(1.6,0.76,1.6));
#9545 = LINE('',#9546,#9547);
#9546 = CARTESIAN_POINT('',(1.6,-0.8,1.6));
#9547 = VECTOR('',#9548,1.);
#9548 = DIRECTION('',(0.,1.,0.));
#9549 = ORIENTED_EDGE('',*,*,#9550,.F.);
#9550 = EDGE_CURVE('',#9394,#9543,#9551,.T.);
#9551 = LINE('',#9552,#9553);
#9552 = CARTESIAN_POINT('',(1.2,0.76,1.6));
#9553 = VECTOR('',#9554,1.);
#9554 = DIRECTION('',(1.,0.,0.));
#9555 = PLANE('',#9556);
#9556 = AXIS2_PLACEMENT_3D('',#9557,#9558,#9559);
#9557 = CARTESIAN_POINT('',(1.2,-0.8,1.6));
#9558 = DIRECTION('',(0.,0.,1.));
#9559 = DIRECTION('',(1.,0.,-0.));
#9560 = ADVANCED_FACE('',(#9561),#9580,.T.);
#9561 = FACE_BOUND('',#9562,.T.);
#9562 = EDGE_LOOP('',(#9563,#9571,#9578,#9579));
#9563 = ORIENTED_EDGE('',*,*,#9564,.T.);
#9564 = EDGE_CURVE('',#9377,#9565,#9567,.T.);
#9565 = VERTEX_POINT('',#9566);
#9566 = CARTESIAN_POINT('',(1.6,0.8,4.E-02));
#9567 = LINE('',#9568,#9569);
#9568 = CARTESIAN_POINT('',(1.2,0.8,4.E-02));
#9569 = VECTOR('',#9570,1.);
#9570 = DIRECTION('',(1.,0.,0.));
#9571 = ORIENTED_EDGE('',*,*,#9572,.T.);
#9572 = EDGE_CURVE('',#9565,#9519,#9573,.T.);
#9573 = CIRCLE('',#9574,4.E-02);
#9574 = AXIS2_PLACEMENT_3D('',#9575,#9576,#9577);
#9575 = CARTESIAN_POINT('',(1.6,0.76,4.E-02));
#9576 = DIRECTION('',(-1.,0.,0.));
#9577 = DIRECTION('',(0.,0.,1.));
#9578 = ORIENTED_EDGE('',*,*,#9526,.F.);
#9579 = ORIENTED_EDGE('',*,*,#9376,.F.);
#9580 = CYLINDRICAL_SURFACE('',#9581,4.E-02);
#9581 = AXIS2_PLACEMENT_3D('',#9582,#9583,#9584);
#9582 = CARTESIAN_POINT('',(1.2,0.76,4.E-02));
#9583 = DIRECTION('',(1.,0.,0.));
#9584 = DIRECTION('',(-0.,1.,0.));
#9585 = ADVANCED_FACE('',(#9586),#9605,.T.);
#9586 = FACE_BOUND('',#9587,.T.);
#9587 = EDGE_LOOP('',(#9588,#9589,#9590,#9599));
#9588 = ORIENTED_EDGE('',*,*,#9393,.T.);
#9589 = ORIENTED_EDGE('',*,*,#9550,.T.);
#9590 = ORIENTED_EDGE('',*,*,#9591,.F.);
#9591 = EDGE_CURVE('',#9592,#9543,#9594,.T.);
#9592 = VERTEX_POINT('',#9593);
#9593 = CARTESIAN_POINT('',(1.6,0.8,1.56));
#9594 = CIRCLE('',#9595,4.E-02);
#9595 = AXIS2_PLACEMENT_3D('',#9596,#9597,#9598);
#9596 = CARTESIAN_POINT('',(1.6,0.76,1.56));
#9597 = DIRECTION('',(1.,0.,-0.));
#9598 = DIRECTION('',(0.,0.,1.));
#9599 = ORIENTED_EDGE('',*,*,#9600,.F.);
#9600 = EDGE_CURVE('',#9386,#9592,#9601,.T.);
#9601 = LINE('',#9602,#9603);
#9602 = CARTESIAN_POINT('',(1.2,0.8,1.56));
#9603 = VECTOR('',#9604,1.);
#9604 = DIRECTION('',(1.,0.,0.));
#9605 = CYLINDRICAL_SURFACE('',#9606,4.E-02);
#9606 = AXIS2_PLACEMENT_3D('',#9607,#9608,#9609);
#9607 = CARTESIAN_POINT('',(1.2,0.76,1.56));
#9608 = DIRECTION('',(1.,0.,0.));
#9609 = DIRECTION('',(-0.,1.,0.));
#9610 = ADVANCED_FACE('',(#9611),#9622,.T.);
#9611 = FACE_BOUND('',#9612,.T.);
#9612 = EDGE_LOOP('',(#9613,#9619,#9620,#9621));
#9613 = ORIENTED_EDGE('',*,*,#9614,.F.);
#9614 = EDGE_CURVE('',#9565,#9592,#9615,.T.);
#9615 = LINE('',#9616,#9617);
#9616 = CARTESIAN_POINT('',(1.6,0.8,0.));
#9617 = VECTOR('',#9618,1.);
#9618 = DIRECTION('',(0.,0.,1.));
#9619 = ORIENTED_EDGE('',*,*,#9564,.F.);
#9620 = ORIENTED_EDGE('',*,*,#9385,.T.);
#9621 = ORIENTED_EDGE('',*,*,#9600,.T.);
#9622 = PLANE('',#9623);
#9623 = AXIS2_PLACEMENT_3D('',#9624,#9625,#9626);
#9624 = CARTESIAN_POINT('',(1.2,0.8,0.));
#9625 = DIRECTION('',(0.,1.,0.));
#9626 = DIRECTION('',(0.,-0.,1.));
#9627 = ADVANCED_FACE('',(#9628),#9638,.T.);
#9628 = FACE_BOUND('',#9629,.T.);
#9629 = EDGE_LOOP('',(#9630,#9631,#9632,#9633,#9634,#9635,#9636,#9637));
#9630 = ORIENTED_EDGE('',*,*,#9435,.F.);
#9631 = ORIENTED_EDGE('',*,*,#9475,.T.);
#9632 = ORIENTED_EDGE('',*,*,#9518,.T.);
#9633 = ORIENTED_EDGE('',*,*,#9572,.F.);
#9634 = ORIENTED_EDGE('',*,*,#9614,.T.);
#9635 = ORIENTED_EDGE('',*,*,#9591,.T.);
#9636 = ORIENTED_EDGE('',*,*,#9542,.F.);
#9637 = ORIENTED_EDGE('',*,*,#9492,.F.);
#9638 = PLANE('',#9639);
#9639 = AXIS2_PLACEMENT_3D('',#9640,#9641,#9642);
#9640 = CARTESIAN_POINT('',(1.6,-0.8,0.));
#9641 = DIRECTION('',(1.,0.,0.));
#9642 = DIRECTION('',(0.,0.,1.));
#9643 = ( GEOMETRIC_REPRESENTATION_CONTEXT(3) 
GLOBAL_UNCERTAINTY_ASSIGNED_CONTEXT((#9647)) 
GLOBAL_UNIT_ASSIGNED_CONTEXT((#9644,#9645,#9646)) REPRESENTATION_CONTEXT
('Context #1','3D Context with UNIT and UNCERTAINTY') );
#9644 = ( LENGTH_UNIT() NAMED_UNIT(*) SI_UNIT(.MILLI.,.METRE.) );
#9645 = ( NAMED_UNIT(*) PLANE_ANGLE_UNIT() SI_UNIT($,.RADIAN.) );
#9646 = ( NAMED_UNIT(*) SI_UNIT($,.STERADIAN.) SOLID_ANGLE_UNIT() );
#9647 = UNCERTAINTY_MEASURE_WITH_UNIT(LENGTH_MEASURE(1.E-07),#9644,
  'distance_accuracy_value','confusion accuracy');
#9648 = CONTEXT_DEPENDENT_SHAPE_REPRESENTATION(#9649,#9651);
#9649 = ( REPRESENTATION_RELATIONSHIP('','',#8788,#8765) 
REPRESENTATION_RELATIONSHIP_WITH_TRANSFORMATION(#9650) 
SHAPE_REPRESENTATION_RELATIONSHIP() );
#9650 = ITEM_DEFINED_TRANSFORMATION('','',#11,#8766);
#9651 = PRODUCT_DEFINITION_SHAPE('Placement','Placement of an item',
  #9652);
#9652 = NEXT_ASSEMBLY_USAGE_OCCURRENCE('16','=>[0:1:1:13]','',#8760,
  #8783,$);
#9653 = PRODUCT_RELATED_PRODUCT_CATEGORY('part',$,(#8785));
#9654 = CONTEXT_DEPENDENT_SHAPE_REPRESENTATION(#9655,#9657);
#9655 = ( REPRESENTATION_RELATIONSHIP('','',#3418,#10) 
REPRESENTATION_RELATIONSHIP_WITH_TRANSFORMATION(#9656) 
SHAPE_REPRESENTATION_RELATIONSHIP() );
#9656 = ITEM_DEFINED_TRANSFORMATION('','',#11,#59);
#9657 = PRODUCT_DEFINITION_SHAPE('Placement','Placement of an item',
  #9658);
#9658 = NEXT_ASSEMBLY_USAGE_OCCURRENCE('18','U2','',#5,#3413,$);
#9659 = CONTEXT_DEPENDENT_SHAPE_REPRESENTATION(#9660,#9662);
#9660 = ( REPRESENTATION_RELATIONSHIP('','',#132,#10) 
REPRESENTATION_RELATIONSHIP_WITH_TRANSFORMATION(#9661) 
SHAPE_REPRESENTATION_RELATIONSHIP() );
#9661 = ITEM_DEFINED_TRANSFORMATION('','',#11,#63);
#9662 = PRODUCT_DEFINITION_SHAPE('Placement','Placement of an item',
  #9663);
#9663 = NEXT_ASSEMBLY_USAGE_OCCURRENCE('19','C3','',#5,#127,$);
#9664 = CONTEXT_DEPENDENT_SHAPE_REPRESENTATION(#9665,#9667);
#9665 = ( REPRESENTATION_RELATIONSHIP('','',#132,#10) 
REPRESENTATION_RELATIONSHIP_WITH_TRANSFORMATION(#9666) 
SHAPE_REPRESENTATION_RELATIONSHIP() );
#9666 = ITEM_DEFINED_TRANSFORMATION('','',#11,#67);
#9667 = PRODUCT_DEFINITION_SHAPE('Placement','Placement of an item',
  #9668);
#9668 = NEXT_ASSEMBLY_USAGE_OCCURRENCE('20','C5','',#5,#127,$);
#9669 = CONTEXT_DEPENDENT_SHAPE_REPRESENTATION(#9670,#9672);
#9670 = ( REPRESENTATION_RELATIONSHIP('','',#7928,#10) 
REPRESENTATION_RELATIONSHIP_WITH_TRANSFORMATION(#9671) 
SHAPE_REPRESENTATION_RELATIONSHIP() );
#9671 = ITEM_DEFINED_TRANSFORMATION('','',#11,#71);
#9672 = PRODUCT_DEFINITION_SHAPE('Placement','Placement of an item',
  #9673);
#9673 = NEXT_ASSEMBLY_USAGE_OCCURRENCE('21','R2','',#5,#7923,$);
#9674 = CONTEXT_DEPENDENT_SHAPE_REPRESENTATION(#9675,#9677);
#9675 = ( REPRESENTATION_RELATIONSHIP('','',#3418,#10) 
REPRESENTATION_RELATIONSHIP_WITH_TRANSFORMATION(#9676) 
SHAPE_REPRESENTATION_RELATIONSHIP() );
#9676 = ITEM_DEFINED_TRANSFORMATION('','',#11,#75);
#9677 = PRODUCT_DEFINITION_SHAPE('Placement','Placement of an item',
  #9678);
#9678 = NEXT_ASSEMBLY_USAGE_OCCURRENCE('22','b1','',#5,#3413,$);
#9679 = CONTEXT_DEPENDENT_SHAPE_REPRESENTATION(#9680,#9682);
#9680 = ( REPRESENTATION_RELATIONSHIP('','',#2507,#10) 
REPRESENTATION_RELATIONSHIP_WITH_TRANSFORMATION(#9681) 
SHAPE_REPRESENTATION_RELATIONSHIP() );
#9681 = ITEM_DEFINED_TRANSFORMATION('','',#11,#79);
#9682 = PRODUCT_DEFINITION_SHAPE('Placement','Placement of an item',
  #9683);
#9683 = NEXT_ASSEMBLY_USAGE_OCCURRENCE('23','C11','',#5,#2502,$);
#9684 = CONTEXT_DEPENDENT_SHAPE_REPRESENTATION(#9685,#9687);
#9685 = ( REPRESENTATION_RELATIONSHIP('','',#132,#10) 
REPRESENTATION_RELATIONSHIP_WITH_TRANSFORMATION(#9686) 
SHAPE_REPRESENTATION_RELATIONSHIP() );
#9686 = ITEM_DEFINED_TRANSFORMATION('','',#11,#83);
#9687 = PRODUCT_DEFINITION_SHAPE('Placement','Placement of an item',
  #9688);
#9688 = NEXT_ASSEMBLY_USAGE_OCCURRENCE('24','C10','',#5,#127,$);
#9689 = CONTEXT_DEPENDENT_SHAPE_REPRESENTATION(#9690,#9692);
#9690 = ( REPRESENTATION_RELATIONSHIP('','',#3418,#10) 
REPRESENTATION_RELATIONSHIP_WITH_TRANSFORMATION(#9691) 
SHAPE_REPRESENTATION_RELATIONSHIP() );
#9691 = ITEM_DEFINED_TRANSFORMATION('','',#11,#87);
#9692 = PRODUCT_DEFINITION_SHAPE('Placement','Placement of an item',
  #9693);
#9693 = NEXT_ASSEMBLY_USAGE_OCCURRENCE('25','U4','',#5,#3413,$);
#9694 = SHAPE_DEFINITION_REPRESENTATION(#9695,#9701);
#9695 = PRODUCT_DEFINITION_SHAPE('','',#9696);
#9696 = PRODUCT_DEFINITION('design','',#9697,#9700);
#9697 = PRODUCT_DEFINITION_FORMATION('','',#9698);
#9698 = PRODUCT('D_SOD-323','D_SOD-323','',(#9699));
#9699 = PRODUCT_CONTEXT('',#2,'mechanical');
#9700 = PRODUCT_DEFINITION_CONTEXT('part definition',#2,'design');
#9701 = SHAPE_REPRESENTATION('',(#11,#9702),#9706);
#9702 = AXIS2_PLACEMENT_3D('',#9703,#9704,#9705);
#9703 = CARTESIAN_POINT('',(0.,0.,0.));
#9704 = DIRECTION('',(0.,0.,1.));
#9705 = DIRECTION('',(1.,0.,-0.));
#9706 = ( GEOMETRIC_REPRESENTATION_CONTEXT(3) 
GLOBAL_UNCERTAINTY_ASSIGNED_CONTEXT((#9710)) 
GLOBAL_UNIT_ASSIGNED_CONTEXT((#9707,#9708,#9709)) REPRESENTATION_CONTEXT
('Context #1','3D Context with UNIT and UNCERTAINTY') );
#9707 = ( LENGTH_UNIT() NAMED_UNIT(*) SI_UNIT(.MILLI.,.METRE.) );
#9708 = ( NAMED_UNIT(*) PLANE_ANGLE_UNIT() SI_UNIT($,.RADIAN.) );
#9709 = ( NAMED_UNIT(*) SI_UNIT($,.STERADIAN.) SOLID_ANGLE_UNIT() );
#9710 = UNCERTAINTY_MEASURE_WITH_UNIT(LENGTH_MEASURE(1.E-07),#9707,
  'distance_accuracy_value','confusion accuracy');
#9711 = CONTEXT_DEPENDENT_SHAPE_REPRESENTATION(#9712,#9714);
#9712 = ( REPRESENTATION_RELATIONSHIP('','',#9701,#10) 
REPRESENTATION_RELATIONSHIP_WITH_TRANSFORMATION(#9713) 
SHAPE_REPRESENTATION_RELATIONSHIP() );
#9713 = ITEM_DEFINED_TRANSFORMATION('','',#11,#91);
#9714 = PRODUCT_DEFINITION_SHAPE('Placement','Placement of an item',
  #9715);
#9715 = NEXT_ASSEMBLY_USAGE_OCCURRENCE('27','D1','',#5,#9696,$);
#9716 = PRODUCT_RELATED_PRODUCT_CATEGORY('part',$,(#9698));
#9717 = SHAPE_DEFINITION_REPRESENTATION(#9718,#9724);
#9718 = PRODUCT_DEFINITION_SHAPE('','',#9719);
#9719 = PRODUCT_DEFINITION('design','',#9720,#9723);
#9720 = PRODUCT_DEFINITION_FORMATION('','',#9721);
#9721 = PRODUCT('D_SOD-323','D_SOD-323','',(#9722));
#9722 = PRODUCT_CONTEXT('',#2,'mechanical');
#9723 = PRODUCT_DEFINITION_CONTEXT('part definition',#2,'design');
#9724 = ADVANCED_BREP_SHAPE_REPRESENTATION('',(#11,#9725),#11413);
#9725 = MANIFOLD_SOLID_BREP('',#9726);
#9726 = CLOSED_SHELL('',(#9727,#9781,#9844,#9867,#9897,#9930,#9960,#9983
    ,#10006,#10029,#10052,#10075,#10108,#10131,#10154,#10242,#10317,
    #10341,#10409,#10497,#10513,#10529,#10545,#10561,#10578,#10611,
    #10628,#10650,#10681,#10704,#10727,#10750,#10780,#10797,#10814,
    #10831,#10848,#10865,#10882,#10899,#10911,#10934,#10957,#10974,
    #11049,#11073,#11141,#11158,#11208,#11225,#11242,#11259,#11276,
    #11293,#11305,#11336,#11360,#11384,#11401));
#9727 = ADVANCED_FACE('',(#9728),#9776,.F.);
#9728 = FACE_BOUND('',#9729,.F.);
#9729 = EDGE_LOOP('',(#9730,#9740,#9747,#9755,#9763,#9771));
#9730 = ORIENTED_EDGE('',*,*,#9731,.T.);
#9731 = EDGE_CURVE('',#9732,#9734,#9736,.T.);
#9732 = VERTEX_POINT('',#9733);
#9733 = CARTESIAN_POINT('',(-0.790270145251,-0.500135072626,0.1));
#9734 = VERTEX_POINT('',#9735);
#9735 = CARTESIAN_POINT('',(-0.790270145251,0.500135072626,0.1));
#9736 = LINE('',#9737,#9738);
#9737 = CARTESIAN_POINT('',(-0.790270145251,-0.500135072626,0.1));
#9738 = VECTOR('',#9739,1.);
#9739 = DIRECTION('',(0.,1.,0.));
#9740 = ORIENTED_EDGE('',*,*,#9741,.T.);
#9741 = EDGE_CURVE('',#9734,#9742,#9744,.T.);
#9742 = VERTEX_POINT('',#9743);
#9743 = CARTESIAN_POINT('',(-0.85,0.53,0.525));
#9744 = B_SPLINE_CURVE_WITH_KNOTS('',1,(#9745,#9746),.UNSPECIFIED.,.F.,
  .F.,(2,2),(0.,1.),.PIECEWISE_BEZIER_KNOTS.);
#9745 = CARTESIAN_POINT('',(-0.790270145251,0.500135072626,0.1));
#9746 = CARTESIAN_POINT('',(-0.85,0.53,0.525));
#9747 = ORIENTED_EDGE('',*,*,#9748,.F.);
#9748 = EDGE_CURVE('',#9749,#9742,#9751,.T.);
#9749 = VERTEX_POINT('',#9750);
#9750 = CARTESIAN_POINT('',(-0.85,0.175,0.525));
#9751 = LINE('',#9752,#9753);
#9752 = CARTESIAN_POINT('',(-0.85,-0.53,0.525));
#9753 = VECTOR('',#9754,1.);
#9754 = DIRECTION('',(0.,1.,0.));
#9755 = ORIENTED_EDGE('',*,*,#9756,.F.);
#9756 = EDGE_CURVE('',#9757,#9749,#9759,.T.);
#9757 = VERTEX_POINT('',#9758);
#9758 = CARTESIAN_POINT('',(-0.85,-0.175,0.525));
#9759 = LINE('',#9760,#9761);
#9760 = CARTESIAN_POINT('',(-0.85,-0.175,0.525));
#9761 = VECTOR('',#9762,1.);
#9762 = DIRECTION('',(1.110223024625E-16,1.,0.));
#9763 = ORIENTED_EDGE('',*,*,#9764,.F.);
#9764 = EDGE_CURVE('',#9765,#9757,#9767,.T.);
#9765 = VERTEX_POINT('',#9766);
#9766 = CARTESIAN_POINT('',(-0.85,-0.53,0.525));
#9767 = LINE('',#9768,#9769);
#9768 = CARTESIAN_POINT('',(-0.85,-0.53,0.525));
#9769 = VECTOR('',#9770,1.);
#9770 = DIRECTION('',(0.,1.,0.));
#9771 = ORIENTED_EDGE('',*,*,#9772,.F.);
#9772 = EDGE_CURVE('',#9732,#9765,#9773,.T.);
#9773 = B_SPLINE_CURVE_WITH_KNOTS('',1,(#9774,#9775),.UNSPECIFIED.,.F.,
  .F.,(2,2),(0.,1.),.PIECEWISE_BEZIER_KNOTS.);
#9774 = CARTESIAN_POINT('',(-0.790270145251,-0.500135072626,0.1));
#9775 = CARTESIAN_POINT('',(-0.85,-0.53,0.525));
#9776 = B_SPLINE_SURFACE_WITH_KNOTS('',1,1,(
    (#9777,#9778)
    ,(#9779,#9780
    )),.UNSPECIFIED.,.F.,.F.,.F.,(2,2),(2,2),(0.,1.06),(0.,1.),
  .PIECEWISE_BEZIER_KNOTS.);
#9777 = CARTESIAN_POINT('',(-0.790270145251,-0.500135072626,0.1));
#9778 = CARTESIAN_POINT('',(-0.85,-0.53,0.525));
#9779 = CARTESIAN_POINT('',(-0.790270145251,0.500135072626,0.1));
#9780 = CARTESIAN_POINT('',(-0.85,0.53,0.525));
#9781 = ADVANCED_FACE('',(#9782),#9839,.F.);
#9782 = FACE_BOUND('',#9783,.T.);
#9783 = EDGE_LOOP('',(#9784,#9785,#9793,#9801,#9809,#9817,#9825,#9833));
#9784 = ORIENTED_EDGE('',*,*,#9731,.T.);
#9785 = ORIENTED_EDGE('',*,*,#9786,.T.);
#9786 = EDGE_CURVE('',#9734,#9787,#9789,.T.);
#9787 = VERTEX_POINT('',#9788);
#9788 = CARTESIAN_POINT('',(-0.725135072626,0.565270145251,0.1));
#9789 = LINE('',#9790,#9791);
#9790 = CARTESIAN_POINT('',(-0.790270145251,0.500135072626,0.1));
#9791 = VECTOR('',#9792,1.);
#9792 = DIRECTION('',(0.707106781187,0.707106781187,0.));
#9793 = ORIENTED_EDGE('',*,*,#9794,.T.);
#9794 = EDGE_CURVE('',#9787,#9795,#9797,.T.);
#9795 = VERTEX_POINT('',#9796);
#9796 = CARTESIAN_POINT('',(0.725135072626,0.565270145251,0.1));
#9797 = LINE('',#9798,#9799);
#9798 = CARTESIAN_POINT('',(-0.725135072626,0.565270145251,0.1));
#9799 = VECTOR('',#9800,1.);
#9800 = DIRECTION('',(1.,0.,0.));
#9801 = ORIENTED_EDGE('',*,*,#9802,.T.);
#9802 = EDGE_CURVE('',#9795,#9803,#9805,.T.);
#9803 = VERTEX_POINT('',#9804);
#9804 = CARTESIAN_POINT('',(0.790270145251,0.500135072626,0.1));
#9805 = LINE('',#9806,#9807);
#9806 = CARTESIAN_POINT('',(0.725135072626,0.565270145251,0.1));
#9807 = VECTOR('',#9808,1.);
#9808 = DIRECTION('',(0.707106781187,-0.707106781187,0.));
#9809 = ORIENTED_EDGE('',*,*,#9810,.T.);
#9810 = EDGE_CURVE('',#9803,#9811,#9813,.T.);
#9811 = VERTEX_POINT('',#9812);
#9812 = CARTESIAN_POINT('',(0.790270145251,-0.500135072626,0.1));
#9813 = LINE('',#9814,#9815);
#9814 = CARTESIAN_POINT('',(0.790270145251,0.500135072626,0.1));
#9815 = VECTOR('',#9816,1.);
#9816 = DIRECTION('',(0.,-1.,0.));
#9817 = ORIENTED_EDGE('',*,*,#9818,.T.);
#9818 = EDGE_CURVE('',#9811,#9819,#9821,.T.);
#9819 = VERTEX_POINT('',#9820);
#9820 = CARTESIAN_POINT('',(0.725135072626,-0.565270145251,0.1));
#9821 = LINE('',#9822,#9823);
#9822 = CARTESIAN_POINT('',(0.790270145251,-0.500135072626,0.1));
#9823 = VECTOR('',#9824,1.);
#9824 = DIRECTION('',(-0.707106781187,-0.707106781187,0.));
#9825 = ORIENTED_EDGE('',*,*,#9826,.T.);
#9826 = EDGE_CURVE('',#9819,#9827,#9829,.T.);
#9827 = VERTEX_POINT('',#9828);
#9828 = CARTESIAN_POINT('',(-0.725135072626,-0.565270145251,0.1));
#9829 = LINE('',#9830,#9831);
#9830 = CARTESIAN_POINT('',(0.725135072626,-0.565270145251,0.1));
#9831 = VECTOR('',#9832,1.);
#9832 = DIRECTION('',(-1.,0.,0.));
#9833 = ORIENTED_EDGE('',*,*,#9834,.T.);
#9834 = EDGE_CURVE('',#9827,#9732,#9835,.T.);
#9835 = LINE('',#9836,#9837);
#9836 = CARTESIAN_POINT('',(-0.725135072626,-0.565270145251,0.1));
#9837 = VECTOR('',#9838,1.);
#9838 = DIRECTION('',(-0.707106781187,0.707106781187,0.));
#9839 = PLANE('',#9840);
#9840 = AXIS2_PLACEMENT_3D('',#9841,#9842,#9843);
#9841 = CARTESIAN_POINT('',(-0.790270145251,-0.500135072626,0.1));
#9842 = DIRECTION('',(0.,0.,1.));
#9843 = DIRECTION('',(0.844997546083,0.534770181587,-0.));
#9844 = ADVANCED_FACE('',(#9845),#9862,.F.);
#9845 = FACE_BOUND('',#9846,.F.);
#9846 = EDGE_LOOP('',(#9847,#9848,#9855,#9861));
#9847 = ORIENTED_EDGE('',*,*,#9786,.T.);
#9848 = ORIENTED_EDGE('',*,*,#9849,.T.);
#9849 = EDGE_CURVE('',#9787,#9850,#9852,.T.);
#9850 = VERTEX_POINT('',#9851);
#9851 = CARTESIAN_POINT('',(-0.755,0.625,0.525));
#9852 = B_SPLINE_CURVE_WITH_KNOTS('',1,(#9853,#9854),.UNSPECIFIED.,.F.,
  .F.,(2,2),(0.,1.),.PIECEWISE_BEZIER_KNOTS.);
#9853 = CARTESIAN_POINT('',(-0.725135072626,0.565270145251,0.1));
#9854 = CARTESIAN_POINT('',(-0.755,0.625,0.525));
#9855 = ORIENTED_EDGE('',*,*,#9856,.F.);
#9856 = EDGE_CURVE('',#9742,#9850,#9857,.T.);
#9857 = LINE('',#9858,#9859);
#9858 = CARTESIAN_POINT('',(-0.85,0.53,0.525));
#9859 = VECTOR('',#9860,1.);
#9860 = DIRECTION('',(0.707106781187,0.707106781187,0.));
#9861 = ORIENTED_EDGE('',*,*,#9741,.F.);
#9862 = B_SPLINE_SURFACE_WITH_KNOTS('',1,1,(
    (#9863,#9864)
    ,(#9865,#9866
    )),.UNSPECIFIED.,.F.,.F.,.F.,(2,2),(2,2),(0.,0.134350288425),(0.,1.)
  ,.PIECEWISE_BEZIER_KNOTS.);
#9863 = CARTESIAN_POINT('',(-0.790270145251,0.500135072626,0.1));
#9864 = CARTESIAN_POINT('',(-0.85,0.53,0.525));
#9865 = CARTESIAN_POINT('',(-0.725135072626,0.565270145251,0.1));
#9866 = CARTESIAN_POINT('',(-0.755,0.625,0.525));
#9867 = ADVANCED_FACE('',(#9868),#9892,.F.);
#9868 = FACE_BOUND('',#9869,.F.);
#9869 = EDGE_LOOP('',(#9870,#9877,#9878,#9886));
#9870 = ORIENTED_EDGE('',*,*,#9871,.F.);
#9871 = EDGE_CURVE('',#9765,#9872,#9874,.T.);
#9872 = VERTEX_POINT('',#9873);
#9873 = CARTESIAN_POINT('',(-0.85,-0.53,0.675));
#9874 = B_SPLINE_CURVE_WITH_KNOTS('',1,(#9875,#9876),.UNSPECIFIED.,.F.,
  .F.,(2,2),(0.,1.),.PIECEWISE_BEZIER_KNOTS.);
#9875 = CARTESIAN_POINT('',(-0.85,-0.53,0.525));
#9876 = CARTESIAN_POINT('',(-0.85,-0.53,0.675));
#9877 = ORIENTED_EDGE('',*,*,#9764,.T.);
#9878 = ORIENTED_EDGE('',*,*,#9879,.T.);
#9879 = EDGE_CURVE('',#9757,#9880,#9882,.T.);
#9880 = VERTEX_POINT('',#9881);
#9881 = CARTESIAN_POINT('',(-0.85,-0.175,0.675));
#9882 = LINE('',#9883,#9884);
#9883 = CARTESIAN_POINT('',(-0.85,-0.175,0.503709028349));
#9884 = VECTOR('',#9885,1.);
#9885 = DIRECTION('',(0.,0.,1.));
#9886 = ORIENTED_EDGE('',*,*,#9887,.F.);
#9887 = EDGE_CURVE('',#9872,#9880,#9888,.T.);
#9888 = LINE('',#9889,#9890);
#9889 = CARTESIAN_POINT('',(-0.85,-0.53,0.675));
#9890 = VECTOR('',#9891,1.);
#9891 = DIRECTION('',(0.,1.,0.));
#9892 = PLANE('',#9893);
#9893 = AXIS2_PLACEMENT_3D('',#9894,#9895,#9896);
#9894 = CARTESIAN_POINT('',(-0.85,-0.53,0.675));
#9895 = DIRECTION('',(1.,0.,0.));
#9896 = DIRECTION('',(-0.,1.,0.));
#9897 = ADVANCED_FACE('',(#9898),#9925,.F.);
#9898 = FACE_BOUND('',#9899,.F.);
#9899 = EDGE_LOOP('',(#9900,#9901,#9910,#9918));
#9900 = ORIENTED_EDGE('',*,*,#9756,.T.);
#9901 = ORIENTED_EDGE('',*,*,#9902,.T.);
#9902 = EDGE_CURVE('',#9749,#9903,#9905,.T.);
#9903 = VERTEX_POINT('',#9904);
#9904 = CARTESIAN_POINT('',(-0.918936542711,0.175,0.467155372437));
#9905 = CIRCLE('',#9906,7.E-02);
#9906 = AXIS2_PLACEMENT_3D('',#9907,#9908,#9909);
#9907 = CARTESIAN_POINT('',(-0.85,0.175,0.455));
#9908 = DIRECTION('',(-1.110223024625E-16,-1.,0.));
#9909 = DIRECTION('',(0.,0.,1.));
#9910 = ORIENTED_EDGE('',*,*,#9911,.F.);
#9911 = EDGE_CURVE('',#9912,#9903,#9914,.T.);
#9912 = VERTEX_POINT('',#9913);
#9913 = CARTESIAN_POINT('',(-0.918936542711,-0.175,0.467155372437));
#9914 = LINE('',#9915,#9916);
#9915 = CARTESIAN_POINT('',(-0.918936542711,-0.175,0.467155372437));
#9916 = VECTOR('',#9917,1.);
#9917 = DIRECTION('',(1.110223024625E-16,1.,0.));
#9918 = ORIENTED_EDGE('',*,*,#9919,.F.);
#9919 = EDGE_CURVE('',#9757,#9912,#9920,.T.);
#9920 = CIRCLE('',#9921,7.E-02);
#9921 = AXIS2_PLACEMENT_3D('',#9922,#9923,#9924);
#9922 = CARTESIAN_POINT('',(-0.85,-0.175,0.455));
#9923 = DIRECTION('',(-1.110223024625E-16,-1.,0.));
#9924 = DIRECTION('',(0.,0.,1.));
#9925 = CYLINDRICAL_SURFACE('',#9926,7.E-02);
#9926 = AXIS2_PLACEMENT_3D('',#9927,#9928,#9929);
#9927 = CARTESIAN_POINT('',(-0.85,-0.175,0.455));
#9928 = DIRECTION('',(-1.110223024625E-16,-1.,0.));
#9929 = DIRECTION('',(0.,0.,1.));
#9930 = ADVANCED_FACE('',(#9931),#9955,.F.);
#9931 = FACE_BOUND('',#9932,.F.);
#9932 = EDGE_LOOP('',(#9933,#9941,#9942,#9949));
#9933 = ORIENTED_EDGE('',*,*,#9934,.F.);
#9934 = EDGE_CURVE('',#9749,#9935,#9937,.T.);
#9935 = VERTEX_POINT('',#9936);
#9936 = CARTESIAN_POINT('',(-0.85,0.175,0.675));
#9937 = LINE('',#9938,#9939);
#9938 = CARTESIAN_POINT('',(-0.85,0.175,0.503709028349));
#9939 = VECTOR('',#9940,1.);
#9940 = DIRECTION('',(0.,0.,1.));
#9941 = ORIENTED_EDGE('',*,*,#9748,.T.);
#9942 = ORIENTED_EDGE('',*,*,#9943,.T.);
#9943 = EDGE_CURVE('',#9742,#9944,#9946,.T.);
#9944 = VERTEX_POINT('',#9945);
#9945 = CARTESIAN_POINT('',(-0.85,0.53,0.675));
#9946 = B_SPLINE_CURVE_WITH_KNOTS('',1,(#9947,#9948),.UNSPECIFIED.,.F.,
  .F.,(2,2),(0.,1.),.PIECEWISE_BEZIER_KNOTS.);
#9947 = CARTESIAN_POINT('',(-0.85,0.53,0.525));
#9948 = CARTESIAN_POINT('',(-0.85,0.53,0.675));
#9949 = ORIENTED_EDGE('',*,*,#9950,.F.);
#9950 = EDGE_CURVE('',#9935,#9944,#9951,.T.);
#9951 = LINE('',#9952,#9953);
#9952 = CARTESIAN_POINT('',(-0.85,-0.53,0.675));
#9953 = VECTOR('',#9954,1.);
#9954 = DIRECTION('',(0.,1.,0.));
#9955 = PLANE('',#9956);
#9956 = AXIS2_PLACEMENT_3D('',#9957,#9958,#9959);
#9957 = CARTESIAN_POINT('',(-0.85,-0.53,0.675));
#9958 = DIRECTION('',(1.,0.,0.));
#9959 = DIRECTION('',(-0.,1.,0.));
#9960 = ADVANCED_FACE('',(#9961),#9978,.F.);
#9961 = FACE_BOUND('',#9962,.F.);
#9962 = EDGE_LOOP('',(#9963,#9964,#9965,#9973));
#9963 = ORIENTED_EDGE('',*,*,#9834,.T.);
#9964 = ORIENTED_EDGE('',*,*,#9772,.T.);
#9965 = ORIENTED_EDGE('',*,*,#9966,.F.);
#9966 = EDGE_CURVE('',#9967,#9765,#9969,.T.);
#9967 = VERTEX_POINT('',#9968);
#9968 = CARTESIAN_POINT('',(-0.755,-0.625,0.525));
#9969 = LINE('',#9970,#9971);
#9970 = CARTESIAN_POINT('',(-0.755,-0.625,0.525));
#9971 = VECTOR('',#9972,1.);
#9972 = DIRECTION('',(-0.707106781187,0.707106781187,0.));
#9973 = ORIENTED_EDGE('',*,*,#9974,.F.);
#9974 = EDGE_CURVE('',#9827,#9967,#9975,.T.);
#9975 = B_SPLINE_CURVE_WITH_KNOTS('',1,(#9976,#9977),.UNSPECIFIED.,.F.,
  .F.,(2,2),(0.,1.),.PIECEWISE_BEZIER_KNOTS.);
#9976 = CARTESIAN_POINT('',(-0.725135072626,-0.565270145251,0.1));
#9977 = CARTESIAN_POINT('',(-0.755,-0.625,0.525));
#9978 = B_SPLINE_SURFACE_WITH_KNOTS('',1,1,(
    (#9979,#9980)
    ,(#9981,#9982
    )),.UNSPECIFIED.,.F.,.F.,.F.,(2,2),(2,2),(0.,0.134350288425),(0.,1.)
  ,.PIECEWISE_BEZIER_KNOTS.);
#9979 = CARTESIAN_POINT('',(-0.725135072626,-0.565270145251,0.1));
#9980 = CARTESIAN_POINT('',(-0.755,-0.625,0.525));
#9981 = CARTESIAN_POINT('',(-0.790270145251,-0.500135072626,0.1));
#9982 = CARTESIAN_POINT('',(-0.85,-0.53,0.525));
#9983 = ADVANCED_FACE('',(#9984),#10001,.F.);
#9984 = FACE_BOUND('',#9985,.F.);
#9985 = EDGE_LOOP('',(#9986,#9987,#9988,#9996));
#9986 = ORIENTED_EDGE('',*,*,#9826,.T.);
#9987 = ORIENTED_EDGE('',*,*,#9974,.T.);
#9988 = ORIENTED_EDGE('',*,*,#9989,.F.);
#9989 = EDGE_CURVE('',#9990,#9967,#9992,.T.);
#9990 = VERTEX_POINT('',#9991);
#9991 = CARTESIAN_POINT('',(0.755,-0.625,0.525));
#9992 = LINE('',#9993,#9994);
#9993 = CARTESIAN_POINT('',(0.755,-0.625,0.525));
#9994 = VECTOR('',#9995,1.);
#9995 = DIRECTION('',(-1.,0.,0.));
#9996 = ORIENTED_EDGE('',*,*,#9997,.F.);
#9997 = EDGE_CURVE('',#9819,#9990,#9998,.T.);
#9998 = B_SPLINE_CURVE_WITH_KNOTS('',1,(#9999,#10000),.UNSPECIFIED.,.F.,
  .F.,(2,2),(0.,1.),.PIECEWISE_BEZIER_KNOTS.);
#9999 = CARTESIAN_POINT('',(0.725135072626,-0.565270145251,0.1));
#10000 = CARTESIAN_POINT('',(0.755,-0.625,0.525));
#10001 = B_SPLINE_SURFACE_WITH_KNOTS('',1,1,(
    (#10002,#10003)
    ,(#10004,#10005
    )),.UNSPECIFIED.,.F.,.F.,.F.,(2,2),(2,2),(0.,1.51),(0.,1.),
  .PIECEWISE_BEZIER_KNOTS.);
#10002 = CARTESIAN_POINT('',(0.725135072626,-0.565270145251,0.1));
#10003 = CARTESIAN_POINT('',(0.755,-0.625,0.525));
#10004 = CARTESIAN_POINT('',(-0.725135072626,-0.565270145251,0.1));
#10005 = CARTESIAN_POINT('',(-0.755,-0.625,0.525));
#10006 = ADVANCED_FACE('',(#10007),#10024,.F.);
#10007 = FACE_BOUND('',#10008,.F.);
#10008 = EDGE_LOOP('',(#10009,#10010,#10017,#10023));
#10009 = ORIENTED_EDGE('',*,*,#9794,.T.);
#10010 = ORIENTED_EDGE('',*,*,#10011,.T.);
#10011 = EDGE_CURVE('',#9795,#10012,#10014,.T.);
#10012 = VERTEX_POINT('',#10013);
#10013 = CARTESIAN_POINT('',(0.755,0.625,0.525));
#10014 = B_SPLINE_CURVE_WITH_KNOTS('',1,(#10015,#10016),.UNSPECIFIED.,
  .F.,.F.,(2,2),(0.,1.),.PIECEWISE_BEZIER_KNOTS.);
#10015 = CARTESIAN_POINT('',(0.725135072626,0.565270145251,0.1));
#10016 = CARTESIAN_POINT('',(0.755,0.625,0.525));
#10017 = ORIENTED_EDGE('',*,*,#10018,.F.);
#10018 = EDGE_CURVE('',#9850,#10012,#10019,.T.);
#10019 = LINE('',#10020,#10021);
#10020 = CARTESIAN_POINT('',(-0.755,0.625,0.525));
#10021 = VECTOR('',#10022,1.);
#10022 = DIRECTION('',(1.,0.,0.));
#10023 = ORIENTED_EDGE('',*,*,#9849,.F.);
#10024 = B_SPLINE_SURFACE_WITH_KNOTS('',1,1,(
    (#10025,#10026)
    ,(#10027,#10028
    )),.UNSPECIFIED.,.F.,.F.,.F.,(2,2),(2,2),(0.,1.51),(0.,1.),
  .PIECEWISE_BEZIER_KNOTS.);
#10025 = CARTESIAN_POINT('',(-0.725135072626,0.565270145251,0.1));
#10026 = CARTESIAN_POINT('',(-0.755,0.625,0.525));
#10027 = CARTESIAN_POINT('',(0.725135072626,0.565270145251,0.1));
#10028 = CARTESIAN_POINT('',(0.755,0.625,0.525));
#10029 = ADVANCED_FACE('',(#10030),#10047,.F.);
#10030 = FACE_BOUND('',#10031,.F.);
#10031 = EDGE_LOOP('',(#10032,#10033,#10034,#10042));
#10032 = ORIENTED_EDGE('',*,*,#9818,.T.);
#10033 = ORIENTED_EDGE('',*,*,#9997,.T.);
#10034 = ORIENTED_EDGE('',*,*,#10035,.F.);
#10035 = EDGE_CURVE('',#10036,#9990,#10038,.T.);
#10036 = VERTEX_POINT('',#10037);
#10037 = CARTESIAN_POINT('',(0.85,-0.53,0.525));
#10038 = LINE('',#10039,#10040);
#10039 = CARTESIAN_POINT('',(0.85,-0.53,0.525));
#10040 = VECTOR('',#10041,1.);
#10041 = DIRECTION('',(-0.707106781187,-0.707106781187,0.));
#10042 = ORIENTED_EDGE('',*,*,#10043,.F.);
#10043 = EDGE_CURVE('',#9811,#10036,#10044,.T.);
#10044 = B_SPLINE_CURVE_WITH_KNOTS('',1,(#10045,#10046),.UNSPECIFIED.,
  .F.,.F.,(2,2),(0.,1.),.PIECEWISE_BEZIER_KNOTS.);
#10045 = CARTESIAN_POINT('',(0.790270145251,-0.500135072626,0.1));
#10046 = CARTESIAN_POINT('',(0.85,-0.53,0.525));
#10047 = B_SPLINE_SURFACE_WITH_KNOTS('',1,1,(
    (#10048,#10049)
    ,(#10050,#10051
    )),.UNSPECIFIED.,.F.,.F.,.F.,(2,2),(2,2),(0.,0.134350288425),(0.,1.)
  ,.PIECEWISE_BEZIER_KNOTS.);
#10048 = CARTESIAN_POINT('',(0.790270145251,-0.500135072626,0.1));
#10049 = CARTESIAN_POINT('',(0.85,-0.53,0.525));
#10050 = CARTESIAN_POINT('',(0.725135072626,-0.565270145251,0.1));
#10051 = CARTESIAN_POINT('',(0.755,-0.625,0.525));
#10052 = ADVANCED_FACE('',(#10053),#10070,.F.);
#10053 = FACE_BOUND('',#10054,.F.);
#10054 = EDGE_LOOP('',(#10055,#10056,#10063,#10069));
#10055 = ORIENTED_EDGE('',*,*,#9802,.T.);
#10056 = ORIENTED_EDGE('',*,*,#10057,.T.);
#10057 = EDGE_CURVE('',#9803,#10058,#10060,.T.);
#10058 = VERTEX_POINT('',#10059);
#10059 = CARTESIAN_POINT('',(0.85,0.53,0.525));
#10060 = B_SPLINE_CURVE_WITH_KNOTS('',1,(#10061,#10062),.UNSPECIFIED.,
  .F.,.F.,(2,2),(0.,1.),.PIECEWISE_BEZIER_KNOTS.);
#10061 = CARTESIAN_POINT('',(0.790270145251,0.500135072626,0.1));
#10062 = CARTESIAN_POINT('',(0.85,0.53,0.525));
#10063 = ORIENTED_EDGE('',*,*,#10064,.F.);
#10064 = EDGE_CURVE('',#10012,#10058,#10065,.T.);
#10065 = LINE('',#10066,#10067);
#10066 = CARTESIAN_POINT('',(0.755,0.625,0.525));
#10067 = VECTOR('',#10068,1.);
#10068 = DIRECTION('',(0.707106781187,-0.707106781187,0.));
#10069 = ORIENTED_EDGE('',*,*,#10011,.F.);
#10070 = B_SPLINE_SURFACE_WITH_KNOTS('',1,1,(
    (#10071,#10072)
    ,(#10073,#10074
    )),.UNSPECIFIED.,.F.,.F.,.F.,(2,2),(2,2),(0.,0.134350288425),(0.,1.)
  ,.PIECEWISE_BEZIER_KNOTS.);
#10071 = CARTESIAN_POINT('',(0.725135072626,0.565270145251,0.1));
#10072 = CARTESIAN_POINT('',(0.755,0.625,0.525));
#10073 = CARTESIAN_POINT('',(0.790270145251,0.500135072626,0.1));
#10074 = CARTESIAN_POINT('',(0.85,0.53,0.525));
#10075 = ADVANCED_FACE('',(#10076),#10103,.F.);
#10076 = FACE_BOUND('',#10077,.F.);
#10077 = EDGE_LOOP('',(#10078,#10079,#10080,#10088,#10096,#10102));
#10078 = ORIENTED_EDGE('',*,*,#9810,.T.);
#10079 = ORIENTED_EDGE('',*,*,#10043,.T.);
#10080 = ORIENTED_EDGE('',*,*,#10081,.F.);
#10081 = EDGE_CURVE('',#10082,#10036,#10084,.T.);
#10082 = VERTEX_POINT('',#10083);
#10083 = CARTESIAN_POINT('',(0.85,-0.175,0.525));
#10084 = LINE('',#10085,#10086);
#10085 = CARTESIAN_POINT('',(0.85,0.53,0.525));
#10086 = VECTOR('',#10087,1.);
#10087 = DIRECTION('',(0.,-1.,0.));
#10088 = ORIENTED_EDGE('',*,*,#10089,.F.);
#10089 = EDGE_CURVE('',#10090,#10082,#10092,.T.);
#10090 = VERTEX_POINT('',#10091);
#10091 = CARTESIAN_POINT('',(0.85,0.175,0.525));
#10092 = LINE('',#10093,#10094);
#10093 = CARTESIAN_POINT('',(0.85,0.175,0.525));
#10094 = VECTOR('',#10095,1.);
#10095 = DIRECTION('',(-2.22044604925E-16,-1.,0.));
#10096 = ORIENTED_EDGE('',*,*,#10097,.F.);
#10097 = EDGE_CURVE('',#10058,#10090,#10098,.T.);
#10098 = LINE('',#10099,#10100);
#10099 = CARTESIAN_POINT('',(0.85,0.53,0.525));
#10100 = VECTOR('',#10101,1.);
#10101 = DIRECTION('',(0.,-1.,0.));
#10102 = ORIENTED_EDGE('',*,*,#10057,.F.);
#10103 = B_SPLINE_SURFACE_WITH_KNOTS('',1,1,(
    (#10104,#10105)
    ,(#10106,#10107
    )),.UNSPECIFIED.,.F.,.F.,.F.,(2,2),(2,2),(0.,1.06),(0.,1.),
  .PIECEWISE_BEZIER_KNOTS.);
#10104 = CARTESIAN_POINT('',(0.790270145251,0.500135072626,0.1));
#10105 = CARTESIAN_POINT('',(0.85,0.53,0.525));
#10106 = CARTESIAN_POINT('',(0.790270145251,-0.500135072626,0.1));
#10107 = CARTESIAN_POINT('',(0.85,-0.53,0.525));
#10108 = ADVANCED_FACE('',(#10109),#10126,.F.);
#10109 = FACE_BOUND('',#10110,.F.);
#10110 = EDGE_LOOP('',(#10111,#10112,#10119,#10125));
#10111 = ORIENTED_EDGE('',*,*,#9856,.T.);
#10112 = ORIENTED_EDGE('',*,*,#10113,.T.);
#10113 = EDGE_CURVE('',#9850,#10114,#10116,.T.);
#10114 = VERTEX_POINT('',#10115);
#10115 = CARTESIAN_POINT('',(-0.755,0.625,0.675));
#10116 = B_SPLINE_CURVE_WITH_KNOTS('',1,(#10117,#10118),.UNSPECIFIED.,
  .F.,.F.,(2,2),(0.,1.),.PIECEWISE_BEZIER_KNOTS.);
#10117 = CARTESIAN_POINT('',(-0.755,0.625,0.525));
#10118 = CARTESIAN_POINT('',(-0.755,0.625,0.675));
#10119 = ORIENTED_EDGE('',*,*,#10120,.F.);
#10120 = EDGE_CURVE('',#9944,#10114,#10121,.T.);
#10121 = LINE('',#10122,#10123);
#10122 = CARTESIAN_POINT('',(-0.85,0.53,0.675));
#10123 = VECTOR('',#10124,1.);
#10124 = DIRECTION('',(0.707106781187,0.707106781187,0.));
#10125 = ORIENTED_EDGE('',*,*,#9943,.F.);
#10126 = PLANE('',#10127);
#10127 = AXIS2_PLACEMENT_3D('',#10128,#10129,#10130);
#10128 = CARTESIAN_POINT('',(-0.85,0.53,0.675));
#10129 = DIRECTION('',(0.707106781187,-0.707106781187,0.));
#10130 = DIRECTION('',(0.707106781187,0.707106781187,0.));
#10131 = ADVANCED_FACE('',(#10132),#10149,.F.);
#10132 = FACE_BOUND('',#10133,.F.);
#10133 = EDGE_LOOP('',(#10134,#10135,#10136,#10144));
#10134 = ORIENTED_EDGE('',*,*,#9966,.T.);
#10135 = ORIENTED_EDGE('',*,*,#9871,.T.);
#10136 = ORIENTED_EDGE('',*,*,#10137,.F.);
#10137 = EDGE_CURVE('',#10138,#9872,#10140,.T.);
#10138 = VERTEX_POINT('',#10139);
#10139 = CARTESIAN_POINT('',(-0.755,-0.625,0.675));
#10140 = LINE('',#10141,#10142);
#10141 = CARTESIAN_POINT('',(-0.755,-0.625,0.675));
#10142 = VECTOR('',#10143,1.);
#10143 = DIRECTION('',(-0.707106781187,0.707106781187,0.));
#10144 = ORIENTED_EDGE('',*,*,#10145,.F.);
#10145 = EDGE_CURVE('',#9967,#10138,#10146,.T.);
#10146 = B_SPLINE_CURVE_WITH_KNOTS('',1,(#10147,#10148),.UNSPECIFIED.,
  .F.,.F.,(2,2),(0.,1.),.PIECEWISE_BEZIER_KNOTS.);
#10147 = CARTESIAN_POINT('',(-0.755,-0.625,0.525));
#10148 = CARTESIAN_POINT('',(-0.755,-0.625,0.675));
#10149 = PLANE('',#10150);
#10150 = AXIS2_PLACEMENT_3D('',#10151,#10152,#10153);
#10151 = CARTESIAN_POINT('',(-0.755,-0.625,0.675));
#10152 = DIRECTION('',(0.707106781187,0.707106781187,0.));
#10153 = DIRECTION('',(-0.707106781187,0.707106781187,0.));
#10154 = ADVANCED_FACE('',(#10155),#10237,.F.);
#10155 = FACE_BOUND('',#10156,.F.);
#10156 = EDGE_LOOP('',(#10157,#10158,#10159,#10167,#10175,#10183,#10191,
    #10199,#10207,#10215,#10223,#10231));
#10157 = ORIENTED_EDGE('',*,*,#10137,.T.);
#10158 = ORIENTED_EDGE('',*,*,#9887,.T.);
#10159 = ORIENTED_EDGE('',*,*,#10160,.T.);
#10160 = EDGE_CURVE('',#9880,#10161,#10163,.T.);
#10161 = VERTEX_POINT('',#10162);
#10162 = CARTESIAN_POINT('',(-0.825,-0.175,0.675));
#10163 = LINE('',#10164,#10165);
#10164 = CARTESIAN_POINT('',(-0.85,-0.175,0.675));
#10165 = VECTOR('',#10166,1.);
#10166 = DIRECTION('',(1.,-1.110223024625E-16,0.));
#10167 = ORIENTED_EDGE('',*,*,#10168,.F.);
#10168 = EDGE_CURVE('',#10169,#10161,#10171,.T.);
#10169 = VERTEX_POINT('',#10170);
#10170 = CARTESIAN_POINT('',(-0.825,-0.5175,0.675));
#10171 = LINE('',#10172,#10173);
#10172 = CARTESIAN_POINT('',(-0.825,-0.5175,0.675));
#10173 = VECTOR('',#10174,1.);
#10174 = DIRECTION('',(0.,1.,0.));
#10175 = ORIENTED_EDGE('',*,*,#10176,.F.);
#10176 = EDGE_CURVE('',#10177,#10169,#10179,.T.);
#10177 = VERTEX_POINT('',#10178);
#10178 = CARTESIAN_POINT('',(-0.7425,-0.6,0.675));
#10179 = LINE('',#10180,#10181);
#10180 = CARTESIAN_POINT('',(-0.7425,-0.6,0.675));
#10181 = VECTOR('',#10182,1.);
#10182 = DIRECTION('',(-0.707106781187,0.707106781187,0.));
#10183 = ORIENTED_EDGE('',*,*,#10184,.F.);
#10184 = EDGE_CURVE('',#10185,#10177,#10187,.T.);
#10185 = VERTEX_POINT('',#10186);
#10186 = CARTESIAN_POINT('',(0.7425,-0.6,0.675));
#10187 = LINE('',#10188,#10189);
#10188 = CARTESIAN_POINT('',(0.7425,-0.6,0.675));
#10189 = VECTOR('',#10190,1.);
#10190 = DIRECTION('',(-1.,0.,0.));
#10191 = ORIENTED_EDGE('',*,*,#10192,.F.);
#10192 = EDGE_CURVE('',#10193,#10185,#10195,.T.);
#10193 = VERTEX_POINT('',#10194);
#10194 = CARTESIAN_POINT('',(0.825,-0.5175,0.675));
#10195 = LINE('',#10196,#10197);
#10196 = CARTESIAN_POINT('',(0.825,-0.5175,0.675));
#10197 = VECTOR('',#10198,1.);
#10198 = DIRECTION('',(-0.707106781187,-0.707106781187,0.));
#10199 = ORIENTED_EDGE('',*,*,#10200,.F.);
#10200 = EDGE_CURVE('',#10201,#10193,#10203,.T.);
#10201 = VERTEX_POINT('',#10202);
#10202 = CARTESIAN_POINT('',(0.825,-0.175,0.675));
#10203 = LINE('',#10204,#10205);
#10204 = CARTESIAN_POINT('',(0.825,0.5175,0.675));
#10205 = VECTOR('',#10206,1.);
#10206 = DIRECTION('',(0.,-1.,0.));
#10207 = ORIENTED_EDGE('',*,*,#10208,.F.);
#10208 = EDGE_CURVE('',#10209,#10201,#10211,.T.);
#10209 = VERTEX_POINT('',#10210);
#10210 = CARTESIAN_POINT('',(0.85,-0.175,0.675));
#10211 = LINE('',#10212,#10213);
#10212 = CARTESIAN_POINT('',(0.85,-0.175,0.675));
#10213 = VECTOR('',#10214,1.);
#10214 = DIRECTION('',(-1.,2.22044604925E-16,0.));
#10215 = ORIENTED_EDGE('',*,*,#10216,.T.);
#10216 = EDGE_CURVE('',#10209,#10217,#10219,.T.);
#10217 = VERTEX_POINT('',#10218);
#10218 = CARTESIAN_POINT('',(0.85,-0.53,0.675));
#10219 = LINE('',#10220,#10221);
#10220 = CARTESIAN_POINT('',(0.85,0.53,0.675));
#10221 = VECTOR('',#10222,1.);
#10222 = DIRECTION('',(0.,-1.,0.));
#10223 = ORIENTED_EDGE('',*,*,#10224,.T.);
#10224 = EDGE_CURVE('',#10217,#10225,#10227,.T.);
#10225 = VERTEX_POINT('',#10226);
#10226 = CARTESIAN_POINT('',(0.755,-0.625,0.675));
#10227 = LINE('',#10228,#10229);
#10228 = CARTESIAN_POINT('',(0.85,-0.53,0.675));
#10229 = VECTOR('',#10230,1.);
#10230 = DIRECTION('',(-0.707106781187,-0.707106781187,0.));
#10231 = ORIENTED_EDGE('',*,*,#10232,.T.);
#10232 = EDGE_CURVE('',#10225,#10138,#10233,.T.);
#10233 = LINE('',#10234,#10235);
#10234 = CARTESIAN_POINT('',(0.755,-0.625,0.675));
#10235 = VECTOR('',#10236,1.);
#10236 = DIRECTION('',(-1.,0.,0.));
#10237 = PLANE('',#10238);
#10238 = AXIS2_PLACEMENT_3D('',#10239,#10240,#10241);
#10239 = CARTESIAN_POINT('',(-0.8375,1.101047627727E-17,0.675));
#10240 = DIRECTION('',(-4.586476420025E-27,1.633860438167E-31,-1.));
#10241 = DIRECTION('',(1.568703130043E-18,1.,1.633860438167E-31));
#10242 = ADVANCED_FACE('',(#10243),#10312,.F.);
#10243 = FACE_BOUND('',#10244,.F.);
#10244 = EDGE_LOOP('',(#10245,#10246,#10247,#10255,#10264,#10272,#10280,
    #10288,#10297,#10305));
#10245 = ORIENTED_EDGE('',*,*,#9879,.F.);
#10246 = ORIENTED_EDGE('',*,*,#9919,.T.);
#10247 = ORIENTED_EDGE('',*,*,#10248,.T.);
#10248 = EDGE_CURVE('',#9912,#10249,#10251,.T.);
#10249 = VERTEX_POINT('',#10250);
#10250 = CARTESIAN_POINT('',(-0.964779134804,-0.175,0.181797400913));
#10251 = LINE('',#10252,#10253);
#10252 = CARTESIAN_POINT('',(-0.918936542711,-0.175,0.467155372437));
#10253 = VECTOR('',#10254,1.);
#10254 = DIRECTION('',(-0.158615661317,1.760987592604E-17,
    -0.987340403298));
#10255 = ORIENTED_EDGE('',*,*,#10256,.T.);
#10256 = EDGE_CURVE('',#10249,#10257,#10259,.T.);
#10257 = VERTEX_POINT('',#10258);
#10258 = CARTESIAN_POINT('',(-1.181436840466,-0.175,-5.551115123126E-17)
  );
#10259 = CIRCLE('',#10260,0.22);
#10260 = AXIS2_PLACEMENT_3D('',#10261,#10262,#10263);
#10261 = CARTESIAN_POINT('',(-1.181436840466,-0.175,0.22));
#10262 = DIRECTION('',(1.110223024625E-16,1.,0.));
#10263 = DIRECTION('',(0.984807753012,-1.093356242223E-16,
    -0.173648177667));
#10264 = ORIENTED_EDGE('',*,*,#10265,.T.);
#10265 = EDGE_CURVE('',#10257,#10266,#10268,.T.);
#10266 = VERTEX_POINT('',#10267);
#10267 = CARTESIAN_POINT('',(-1.25,-0.175,-5.551115123126E-17));
#10268 = LINE('',#10269,#10270);
#10269 = CARTESIAN_POINT('',(-1.181436840466,-0.175,-5.551115123126E-17)
  );
#10270 = VECTOR('',#10271,1.);
#10271 = DIRECTION('',(-1.,1.110223024625E-16,0.));
#10272 = ORIENTED_EDGE('',*,*,#10273,.T.);
#10273 = EDGE_CURVE('',#10266,#10274,#10276,.T.);
#10274 = VERTEX_POINT('',#10275);
#10275 = CARTESIAN_POINT('',(-1.25,-0.175,0.15));
#10276 = LINE('',#10277,#10278);
#10277 = CARTESIAN_POINT('',(-1.25,-0.175,-5.551115123126E-17));
#10278 = VECTOR('',#10279,1.);
#10279 = DIRECTION('',(0.,0.,1.));
#10280 = ORIENTED_EDGE('',*,*,#10281,.T.);
#10281 = EDGE_CURVE('',#10274,#10282,#10284,.T.);
#10282 = VERTEX_POINT('',#10283);
#10283 = CARTESIAN_POINT('',(-1.181436840466,-0.175,0.15));
#10284 = LINE('',#10285,#10286);
#10285 = CARTESIAN_POINT('',(-1.25,-0.175,0.15));
#10286 = VECTOR('',#10287,1.);
#10287 = DIRECTION('',(1.,-1.110223024625E-16,0.));
#10288 = ORIENTED_EDGE('',*,*,#10289,.T.);
#10289 = EDGE_CURVE('',#10282,#10290,#10292,.T.);
#10290 = VERTEX_POINT('',#10291);
#10291 = CARTESIAN_POINT('',(-1.112500297756,-0.175,0.207844627563));
#10292 = CIRCLE('',#10293,7.E-02);
#10293 = AXIS2_PLACEMENT_3D('',#10294,#10295,#10296);
#10294 = CARTESIAN_POINT('',(-1.181436840466,-0.175,0.22));
#10295 = DIRECTION('',(-1.110223024625E-16,-1.,-0.));
#10296 = DIRECTION('',(0.,0.,-1.));
#10297 = ORIENTED_EDGE('',*,*,#10298,.T.);
#10298 = EDGE_CURVE('',#10290,#10299,#10301,.T.);
#10299 = VERTEX_POINT('',#10300);
#10300 = CARTESIAN_POINT('',(-1.066657705663,-0.175,0.493202599087));
#10301 = LINE('',#10302,#10303);
#10302 = CARTESIAN_POINT('',(-1.112500297756,-0.175,0.207844627563));
#10303 = VECTOR('',#10304,1.);
#10304 = DIRECTION('',(0.158615661317,-1.760987592604E-17,0.987340403298
    ));
#10305 = ORIENTED_EDGE('',*,*,#10306,.T.);
#10306 = EDGE_CURVE('',#10299,#9880,#10307,.T.);
#10307 = CIRCLE('',#10308,0.22);
#10308 = AXIS2_PLACEMENT_3D('',#10309,#10310,#10311);
#10309 = CARTESIAN_POINT('',(-0.85,-0.175,0.455));
#10310 = DIRECTION('',(1.110223024625E-16,1.,0.));
#10311 = DIRECTION('',(-0.984807753012,1.093356242223E-16,0.173648177667
    ));
#10312 = PLANE('',#10313);
#10313 = AXIS2_PLACEMENT_3D('',#10314,#10315,#10316);
#10314 = CARTESIAN_POINT('',(-1.021526355437,-0.175,0.332418056697));
#10315 = DIRECTION('',(1.110223024625E-16,1.,0.));
#10316 = DIRECTION('',(0.,-0.,1.));
#10317 = ADVANCED_FACE('',(#10318),#10336,.F.);
#10318 = FACE_BOUND('',#10319,.F.);
#10319 = EDGE_LOOP('',(#10320,#10321,#10329,#10335));
#10320 = ORIENTED_EDGE('',*,*,#9911,.T.);
#10321 = ORIENTED_EDGE('',*,*,#10322,.T.);
#10322 = EDGE_CURVE('',#9903,#10323,#10325,.T.);
#10323 = VERTEX_POINT('',#10324);
#10324 = CARTESIAN_POINT('',(-0.964779134804,0.175,0.181797400913));
#10325 = LINE('',#10326,#10327);
#10326 = CARTESIAN_POINT('',(-0.918936542711,0.175,0.467155372437));
#10327 = VECTOR('',#10328,1.);
#10328 = DIRECTION('',(-0.158615661317,1.760987592604E-17,
    -0.987340403298));
#10329 = ORIENTED_EDGE('',*,*,#10330,.F.);
#10330 = EDGE_CURVE('',#10249,#10323,#10331,.T.);
#10331 = LINE('',#10332,#10333);
#10332 = CARTESIAN_POINT('',(-0.964779134804,-0.175,0.181797400913));
#10333 = VECTOR('',#10334,1.);
#10334 = DIRECTION('',(1.110223024625E-16,1.,0.));
#10335 = ORIENTED_EDGE('',*,*,#10248,.F.);
#10336 = PLANE('',#10337);
#10337 = AXIS2_PLACEMENT_3D('',#10338,#10339,#10340);
#10338 = CARTESIAN_POINT('',(-0.918936542711,-0.175,0.467155372437));
#10339 = DIRECTION('',(-0.987340403298,1.096168048884E-16,0.158615661317
    ));
#10340 = DIRECTION('',(-0.158615661317,1.760987592604E-17,
    -0.987340403298));
#10341 = ADVANCED_FACE('',(#10342),#10404,.T.);
#10342 = FACE_BOUND('',#10343,.T.);
#10343 = EDGE_LOOP('',(#10344,#10345,#10346,#10347,#10356,#10364,#10372,
    #10380,#10389,#10397));
#10344 = ORIENTED_EDGE('',*,*,#9934,.F.);
#10345 = ORIENTED_EDGE('',*,*,#9902,.T.);
#10346 = ORIENTED_EDGE('',*,*,#10322,.T.);
#10347 = ORIENTED_EDGE('',*,*,#10348,.T.);
#10348 = EDGE_CURVE('',#10323,#10349,#10351,.T.);
#10349 = VERTEX_POINT('',#10350);
#10350 = CARTESIAN_POINT('',(-1.181436840466,0.175,-5.551115123126E-17)
  );
#10351 = CIRCLE('',#10352,0.22);
#10352 = AXIS2_PLACEMENT_3D('',#10353,#10354,#10355);
#10353 = CARTESIAN_POINT('',(-1.181436840466,0.175,0.22));
#10354 = DIRECTION('',(1.110223024625E-16,1.,0.));
#10355 = DIRECTION('',(0.984807753012,-1.093356242223E-16,
    -0.173648177667));
#10356 = ORIENTED_EDGE('',*,*,#10357,.T.);
#10357 = EDGE_CURVE('',#10349,#10358,#10360,.T.);
#10358 = VERTEX_POINT('',#10359);
#10359 = CARTESIAN_POINT('',(-1.25,0.175,-5.551115123126E-17));
#10360 = LINE('',#10361,#10362);
#10361 = CARTESIAN_POINT('',(-1.181436840466,0.175,-5.551115123126E-17)
  );
#10362 = VECTOR('',#10363,1.);
#10363 = DIRECTION('',(-1.,1.110223024625E-16,0.));
#10364 = ORIENTED_EDGE('',*,*,#10365,.T.);
#10365 = EDGE_CURVE('',#10358,#10366,#10368,.T.);
#10366 = VERTEX_POINT('',#10367);
#10367 = CARTESIAN_POINT('',(-1.25,0.175,0.15));
#10368 = LINE('',#10369,#10370);
#10369 = CARTESIAN_POINT('',(-1.25,0.175,-5.551115123126E-17));
#10370 = VECTOR('',#10371,1.);
#10371 = DIRECTION('',(0.,0.,1.));
#10372 = ORIENTED_EDGE('',*,*,#10373,.T.);
#10373 = EDGE_CURVE('',#10366,#10374,#10376,.T.);
#10374 = VERTEX_POINT('',#10375);
#10375 = CARTESIAN_POINT('',(-1.181436840466,0.175,0.15));
#10376 = LINE('',#10377,#10378);
#10377 = CARTESIAN_POINT('',(-1.25,0.175,0.15));
#10378 = VECTOR('',#10379,1.);
#10379 = DIRECTION('',(1.,-1.110223024625E-16,0.));
#10380 = ORIENTED_EDGE('',*,*,#10381,.T.);
#10381 = EDGE_CURVE('',#10374,#10382,#10384,.T.);
#10382 = VERTEX_POINT('',#10383);
#10383 = CARTESIAN_POINT('',(-1.112500297756,0.175,0.207844627563));
#10384 = CIRCLE('',#10385,7.E-02);
#10385 = AXIS2_PLACEMENT_3D('',#10386,#10387,#10388);
#10386 = CARTESIAN_POINT('',(-1.181436840466,0.175,0.22));
#10387 = DIRECTION('',(-1.110223024625E-16,-1.,-0.));
#10388 = DIRECTION('',(0.,0.,-1.));
#10389 = ORIENTED_EDGE('',*,*,#10390,.T.);
#10390 = EDGE_CURVE('',#10382,#10391,#10393,.T.);
#10391 = VERTEX_POINT('',#10392);
#10392 = CARTESIAN_POINT('',(-1.066657705663,0.175,0.493202599087));
#10393 = LINE('',#10394,#10395);
#10394 = CARTESIAN_POINT('',(-1.112500297756,0.175,0.207844627563));
#10395 = VECTOR('',#10396,1.);
#10396 = DIRECTION('',(0.158615661317,-1.760987592604E-17,0.987340403298
    ));
#10397 = ORIENTED_EDGE('',*,*,#10398,.T.);
#10398 = EDGE_CURVE('',#10391,#9935,#10399,.T.);
#10399 = CIRCLE('',#10400,0.22);
#10400 = AXIS2_PLACEMENT_3D('',#10401,#10402,#10403);
#10401 = CARTESIAN_POINT('',(-0.85,0.175,0.455));
#10402 = DIRECTION('',(1.110223024625E-16,1.,0.));
#10403 = DIRECTION('',(-0.984807753012,1.093356242223E-16,0.173648177667
    ));
#10404 = PLANE('',#10405);
#10405 = AXIS2_PLACEMENT_3D('',#10406,#10407,#10408);
#10406 = CARTESIAN_POINT('',(-1.021526355437,0.175,0.332418056697));
#10407 = DIRECTION('',(1.110223024625E-16,1.,0.));
#10408 = DIRECTION('',(0.,-0.,1.));
#10409 = ADVANCED_FACE('',(#10410),#10492,.F.);
#10410 = FACE_BOUND('',#10411,.F.);
#10411 = EDGE_LOOP('',(#10412,#10420,#10421,#10422,#10430,#10438,#10446,
    #10454,#10462,#10470,#10478,#10486));
#10412 = ORIENTED_EDGE('',*,*,#10413,.F.);
#10413 = EDGE_CURVE('',#9935,#10414,#10416,.T.);
#10414 = VERTEX_POINT('',#10415);
#10415 = CARTESIAN_POINT('',(-0.825,0.175,0.675));
#10416 = LINE('',#10417,#10418);
#10417 = CARTESIAN_POINT('',(-0.85,0.175,0.675));
#10418 = VECTOR('',#10419,1.);
#10419 = DIRECTION('',(1.,-1.110223024625E-16,0.));
#10420 = ORIENTED_EDGE('',*,*,#9950,.T.);
#10421 = ORIENTED_EDGE('',*,*,#10120,.T.);
#10422 = ORIENTED_EDGE('',*,*,#10423,.T.);
#10423 = EDGE_CURVE('',#10114,#10424,#10426,.T.);
#10424 = VERTEX_POINT('',#10425);
#10425 = CARTESIAN_POINT('',(0.755,0.625,0.675));
#10426 = LINE('',#10427,#10428);
#10427 = CARTESIAN_POINT('',(-0.755,0.625,0.675));
#10428 = VECTOR('',#10429,1.);
#10429 = DIRECTION('',(1.,0.,0.));
#10430 = ORIENTED_EDGE('',*,*,#10431,.T.);
#10431 = EDGE_CURVE('',#10424,#10432,#10434,.T.);
#10432 = VERTEX_POINT('',#10433);
#10433 = CARTESIAN_POINT('',(0.85,0.53,0.675));
#10434 = LINE('',#10435,#10436);
#10435 = CARTESIAN_POINT('',(0.755,0.625,0.675));
#10436 = VECTOR('',#10437,1.);
#10437 = DIRECTION('',(0.707106781187,-0.707106781187,0.));
#10438 = ORIENTED_EDGE('',*,*,#10439,.T.);
#10439 = EDGE_CURVE('',#10432,#10440,#10442,.T.);
#10440 = VERTEX_POINT('',#10441);
#10441 = CARTESIAN_POINT('',(0.85,0.175,0.675));
#10442 = LINE('',#10443,#10444);
#10443 = CARTESIAN_POINT('',(0.85,0.53,0.675));
#10444 = VECTOR('',#10445,1.);
#10445 = DIRECTION('',(0.,-1.,0.));
#10446 = ORIENTED_EDGE('',*,*,#10447,.T.);
#10447 = EDGE_CURVE('',#10440,#10448,#10450,.T.);
#10448 = VERTEX_POINT('',#10449);
#10449 = CARTESIAN_POINT('',(0.825,0.175,0.675));
#10450 = LINE('',#10451,#10452);
#10451 = CARTESIAN_POINT('',(0.85,0.175,0.675));
#10452 = VECTOR('',#10453,1.);
#10453 = DIRECTION('',(-1.,2.22044604925E-16,0.));
#10454 = ORIENTED_EDGE('',*,*,#10455,.F.);
#10455 = EDGE_CURVE('',#10456,#10448,#10458,.T.);
#10456 = VERTEX_POINT('',#10457);
#10457 = CARTESIAN_POINT('',(0.825,0.5175,0.675));
#10458 = LINE('',#10459,#10460);
#10459 = CARTESIAN_POINT('',(0.825,0.5175,0.675));
#10460 = VECTOR('',#10461,1.);
#10461 = DIRECTION('',(0.,-1.,0.));
#10462 = ORIENTED_EDGE('',*,*,#10463,.F.);
#10463 = EDGE_CURVE('',#10464,#10456,#10466,.T.);
#10464 = VERTEX_POINT('',#10465);
#10465 = CARTESIAN_POINT('',(0.7425,0.6,0.675));
#10466 = LINE('',#10467,#10468);
#10467 = CARTESIAN_POINT('',(0.7425,0.6,0.675));
#10468 = VECTOR('',#10469,1.);
#10469 = DIRECTION('',(0.707106781187,-0.707106781187,0.));
#10470 = ORIENTED_EDGE('',*,*,#10471,.F.);
#10471 = EDGE_CURVE('',#10472,#10464,#10474,.T.);
#10472 = VERTEX_POINT('',#10473);
#10473 = CARTESIAN_POINT('',(-0.7425,0.6,0.675));
#10474 = LINE('',#10475,#10476);
#10475 = CARTESIAN_POINT('',(-0.7425,0.6,0.675));
#10476 = VECTOR('',#10477,1.);
#10477 = DIRECTION('',(1.,0.,0.));
#10478 = ORIENTED_EDGE('',*,*,#10479,.F.);
#10479 = EDGE_CURVE('',#10480,#10472,#10482,.T.);
#10480 = VERTEX_POINT('',#10481);
#10481 = CARTESIAN_POINT('',(-0.825,0.5175,0.675));
#10482 = LINE('',#10483,#10484);
#10483 = CARTESIAN_POINT('',(-0.825,0.5175,0.675));
#10484 = VECTOR('',#10485,1.);
#10485 = DIRECTION('',(0.707106781187,0.707106781187,0.));
#10486 = ORIENTED_EDGE('',*,*,#10487,.F.);
#10487 = EDGE_CURVE('',#10414,#10480,#10488,.T.);
#10488 = LINE('',#10489,#10490);
#10489 = CARTESIAN_POINT('',(-0.825,-0.5175,0.675));
#10490 = VECTOR('',#10491,1.);
#10491 = DIRECTION('',(0.,1.,0.));
#10492 = PLANE('',#10493);
#10493 = AXIS2_PLACEMENT_3D('',#10494,#10495,#10496);
#10494 = CARTESIAN_POINT('',(-0.8375,1.101047627727E-17,0.675));
#10495 = DIRECTION('',(-4.586476420025E-27,1.633860438167E-31,-1.));
#10496 = DIRECTION('',(1.568703130043E-18,1.,1.633860438167E-31));
#10497 = ADVANCED_FACE('',(#10498),#10508,.F.);
#10498 = FACE_BOUND('',#10499,.F.);
#10499 = EDGE_LOOP('',(#10500,#10501,#10502,#10503));
#10500 = ORIENTED_EDGE('',*,*,#9989,.T.);
#10501 = ORIENTED_EDGE('',*,*,#10145,.T.);
#10502 = ORIENTED_EDGE('',*,*,#10232,.F.);
#10503 = ORIENTED_EDGE('',*,*,#10504,.F.);
#10504 = EDGE_CURVE('',#9990,#10225,#10505,.T.);
#10505 = B_SPLINE_CURVE_WITH_KNOTS('',1,(#10506,#10507),.UNSPECIFIED.,
  .F.,.F.,(2,2),(0.,1.),.PIECEWISE_BEZIER_KNOTS.);
#10506 = CARTESIAN_POINT('',(0.755,-0.625,0.525));
#10507 = CARTESIAN_POINT('',(0.755,-0.625,0.675));
#10508 = PLANE('',#10509);
#10509 = AXIS2_PLACEMENT_3D('',#10510,#10511,#10512);
#10510 = CARTESIAN_POINT('',(0.755,-0.625,0.675));
#10511 = DIRECTION('',(0.,1.,0.));
#10512 = DIRECTION('',(-1.,0.,0.));
#10513 = ADVANCED_FACE('',(#10514),#10524,.F.);
#10514 = FACE_BOUND('',#10515,.F.);
#10515 = EDGE_LOOP('',(#10516,#10517,#10522,#10523));
#10516 = ORIENTED_EDGE('',*,*,#10018,.T.);
#10517 = ORIENTED_EDGE('',*,*,#10518,.T.);
#10518 = EDGE_CURVE('',#10012,#10424,#10519,.T.);
#10519 = B_SPLINE_CURVE_WITH_KNOTS('',1,(#10520,#10521),.UNSPECIFIED.,
  .F.,.F.,(2,2),(0.,1.),.PIECEWISE_BEZIER_KNOTS.);
#10520 = CARTESIAN_POINT('',(0.755,0.625,0.525));
#10521 = CARTESIAN_POINT('',(0.755,0.625,0.675));
#10522 = ORIENTED_EDGE('',*,*,#10423,.F.);
#10523 = ORIENTED_EDGE('',*,*,#10113,.F.);
#10524 = PLANE('',#10525);
#10525 = AXIS2_PLACEMENT_3D('',#10526,#10527,#10528);
#10526 = CARTESIAN_POINT('',(-0.755,0.625,0.675));
#10527 = DIRECTION('',(0.,-1.,0.));
#10528 = DIRECTION('',(1.,0.,0.));
#10529 = ADVANCED_FACE('',(#10530),#10540,.F.);
#10530 = FACE_BOUND('',#10531,.F.);
#10531 = EDGE_LOOP('',(#10532,#10533,#10534,#10535));
#10532 = ORIENTED_EDGE('',*,*,#10035,.T.);
#10533 = ORIENTED_EDGE('',*,*,#10504,.T.);
#10534 = ORIENTED_EDGE('',*,*,#10224,.F.);
#10535 = ORIENTED_EDGE('',*,*,#10536,.F.);
#10536 = EDGE_CURVE('',#10036,#10217,#10537,.T.);
#10537 = B_SPLINE_CURVE_WITH_KNOTS('',1,(#10538,#10539),.UNSPECIFIED.,
  .F.,.F.,(2,2),(0.,1.),.PIECEWISE_BEZIER_KNOTS.);
#10538 = CARTESIAN_POINT('',(0.85,-0.53,0.525));
#10539 = CARTESIAN_POINT('',(0.85,-0.53,0.675));
#10540 = PLANE('',#10541);
#10541 = AXIS2_PLACEMENT_3D('',#10542,#10543,#10544);
#10542 = CARTESIAN_POINT('',(0.85,-0.53,0.675));
#10543 = DIRECTION('',(-0.707106781187,0.707106781187,0.));
#10544 = DIRECTION('',(-0.707106781187,-0.707106781187,0.));
#10545 = ADVANCED_FACE('',(#10546),#10556,.F.);
#10546 = FACE_BOUND('',#10547,.F.);
#10547 = EDGE_LOOP('',(#10548,#10549,#10554,#10555));
#10548 = ORIENTED_EDGE('',*,*,#10064,.T.);
#10549 = ORIENTED_EDGE('',*,*,#10550,.T.);
#10550 = EDGE_CURVE('',#10058,#10432,#10551,.T.);
#10551 = B_SPLINE_CURVE_WITH_KNOTS('',1,(#10552,#10553),.UNSPECIFIED.,
  .F.,.F.,(2,2),(0.,1.),.PIECEWISE_BEZIER_KNOTS.);
#10552 = CARTESIAN_POINT('',(0.85,0.53,0.525));
#10553 = CARTESIAN_POINT('',(0.85,0.53,0.675));
#10554 = ORIENTED_EDGE('',*,*,#10431,.F.);
#10555 = ORIENTED_EDGE('',*,*,#10518,.F.);
#10556 = PLANE('',#10557);
#10557 = AXIS2_PLACEMENT_3D('',#10558,#10559,#10560);
#10558 = CARTESIAN_POINT('',(0.755,0.625,0.675));
#10559 = DIRECTION('',(-0.707106781187,-0.707106781187,0.));
#10560 = DIRECTION('',(0.707106781187,-0.707106781187,0.));
#10561 = ADVANCED_FACE('',(#10562),#10573,.F.);
#10562 = FACE_BOUND('',#10563,.F.);
#10563 = EDGE_LOOP('',(#10564,#10565,#10566,#10572));
#10564 = ORIENTED_EDGE('',*,*,#10550,.F.);
#10565 = ORIENTED_EDGE('',*,*,#10097,.T.);
#10566 = ORIENTED_EDGE('',*,*,#10567,.T.);
#10567 = EDGE_CURVE('',#10090,#10440,#10568,.T.);
#10568 = LINE('',#10569,#10570);
#10569 = CARTESIAN_POINT('',(0.85,0.175,0.503709028349));
#10570 = VECTOR('',#10571,1.);
#10571 = DIRECTION('',(0.,0.,1.));
#10572 = ORIENTED_EDGE('',*,*,#10439,.F.);
#10573 = PLANE('',#10574);
#10574 = AXIS2_PLACEMENT_3D('',#10575,#10576,#10577);
#10575 = CARTESIAN_POINT('',(0.85,0.53,0.675));
#10576 = DIRECTION('',(-1.,0.,0.));
#10577 = DIRECTION('',(0.,-1.,0.));
#10578 = ADVANCED_FACE('',(#10579),#10606,.F.);
#10579 = FACE_BOUND('',#10580,.F.);
#10580 = EDGE_LOOP('',(#10581,#10582,#10591,#10599));
#10581 = ORIENTED_EDGE('',*,*,#10089,.T.);
#10582 = ORIENTED_EDGE('',*,*,#10583,.T.);
#10583 = EDGE_CURVE('',#10082,#10584,#10586,.T.);
#10584 = VERTEX_POINT('',#10585);
#10585 = CARTESIAN_POINT('',(0.918936542711,-0.175,0.467155372437));
#10586 = CIRCLE('',#10587,7.E-02);
#10587 = AXIS2_PLACEMENT_3D('',#10588,#10589,#10590);
#10588 = CARTESIAN_POINT('',(0.85,-0.175,0.455));
#10589 = DIRECTION('',(2.22044604925E-16,1.,-0.));
#10590 = DIRECTION('',(0.,0.,1.));
#10591 = ORIENTED_EDGE('',*,*,#10592,.F.);
#10592 = EDGE_CURVE('',#10593,#10584,#10595,.T.);
#10593 = VERTEX_POINT('',#10594);
#10594 = CARTESIAN_POINT('',(0.918936542711,0.175,0.467155372437));
#10595 = LINE('',#10596,#10597);
#10596 = CARTESIAN_POINT('',(0.918936542711,0.175,0.467155372437));
#10597 = VECTOR('',#10598,1.);
#10598 = DIRECTION('',(-2.22044604925E-16,-1.,0.));
#10599 = ORIENTED_EDGE('',*,*,#10600,.F.);
#10600 = EDGE_CURVE('',#10090,#10593,#10601,.T.);
#10601 = CIRCLE('',#10602,7.E-02);
#10602 = AXIS2_PLACEMENT_3D('',#10603,#10604,#10605);
#10603 = CARTESIAN_POINT('',(0.85,0.175,0.455));
#10604 = DIRECTION('',(2.22044604925E-16,1.,-0.));
#10605 = DIRECTION('',(0.,0.,1.));
#10606 = CYLINDRICAL_SURFACE('',#10607,7.E-02);
#10607 = AXIS2_PLACEMENT_3D('',#10608,#10609,#10610);
#10608 = CARTESIAN_POINT('',(0.85,0.175,0.455));
#10609 = DIRECTION('',(2.22044604925E-16,1.,0.));
#10610 = DIRECTION('',(0.,-0.,1.));
#10611 = ADVANCED_FACE('',(#10612),#10623,.F.);
#10612 = FACE_BOUND('',#10613,.F.);
#10613 = EDGE_LOOP('',(#10614,#10620,#10621,#10622));
#10614 = ORIENTED_EDGE('',*,*,#10615,.F.);
#10615 = EDGE_CURVE('',#10082,#10209,#10616,.T.);
#10616 = LINE('',#10617,#10618);
#10617 = CARTESIAN_POINT('',(0.85,-0.175,0.503709028349));
#10618 = VECTOR('',#10619,1.);
#10619 = DIRECTION('',(0.,0.,1.));
#10620 = ORIENTED_EDGE('',*,*,#10081,.T.);
#10621 = ORIENTED_EDGE('',*,*,#10536,.T.);
#10622 = ORIENTED_EDGE('',*,*,#10216,.F.);
#10623 = PLANE('',#10624);
#10624 = AXIS2_PLACEMENT_3D('',#10625,#10626,#10627);
#10625 = CARTESIAN_POINT('',(0.85,0.53,0.675));
#10626 = DIRECTION('',(-1.,0.,0.));
#10627 = DIRECTION('',(0.,-1.,0.));
#10628 = ADVANCED_FACE('',(#10629),#10645,.F.);
#10629 = FACE_BOUND('',#10630,.F.);
#10630 = EDGE_LOOP('',(#10631,#10632,#10638,#10639));
#10631 = ORIENTED_EDGE('',*,*,#10447,.F.);
#10632 = ORIENTED_EDGE('',*,*,#10633,.T.);
#10633 = EDGE_CURVE('',#10440,#10209,#10634,.T.);
#10634 = LINE('',#10635,#10636);
#10635 = CARTESIAN_POINT('',(0.85,0.175,0.675));
#10636 = VECTOR('',#10637,1.);
#10637 = DIRECTION('',(-2.22044604925E-16,-1.,0.));
#10638 = ORIENTED_EDGE('',*,*,#10208,.T.);
#10639 = ORIENTED_EDGE('',*,*,#10640,.F.);
#10640 = EDGE_CURVE('',#10448,#10201,#10641,.T.);
#10641 = LINE('',#10642,#10643);
#10642 = CARTESIAN_POINT('',(0.825,0.5175,0.675));
#10643 = VECTOR('',#10644,1.);
#10644 = DIRECTION('',(0.,-1.,0.));
#10645 = PLANE('',#10646);
#10646 = AXIS2_PLACEMENT_3D('',#10647,#10648,#10649);
#10647 = CARTESIAN_POINT('',(0.85,0.175,0.675));
#10648 = DIRECTION('',(0.,0.,-1.));
#10649 = DIRECTION('',(-1.,2.22044604925E-16,0.));
#10650 = ADVANCED_FACE('',(#10651),#10676,.F.);
#10651 = FACE_BOUND('',#10652,.F.);
#10652 = EDGE_LOOP('',(#10653,#10654,#10655,#10656,#10663,#10671));
#10653 = ORIENTED_EDGE('',*,*,#10455,.T.);
#10654 = ORIENTED_EDGE('',*,*,#10640,.T.);
#10655 = ORIENTED_EDGE('',*,*,#10200,.T.);
#10656 = ORIENTED_EDGE('',*,*,#10657,.T.);
#10657 = EDGE_CURVE('',#10193,#10658,#10660,.T.);
#10658 = VERTEX_POINT('',#10659);
#10659 = CARTESIAN_POINT('',(0.765270145251,-0.487635072626,1.1));
#10660 = B_SPLINE_CURVE_WITH_KNOTS('',1,(#10661,#10662),.UNSPECIFIED.,
  .F.,.F.,(2,2),(0.,1.),.PIECEWISE_BEZIER_KNOTS.);
#10661 = CARTESIAN_POINT('',(0.825,-0.5175,0.675));
#10662 = CARTESIAN_POINT('',(0.765270145251,-0.487635072626,1.1));
#10663 = ORIENTED_EDGE('',*,*,#10664,.F.);
#10664 = EDGE_CURVE('',#10665,#10658,#10667,.T.);
#10665 = VERTEX_POINT('',#10666);
#10666 = CARTESIAN_POINT('',(0.765270145251,0.487635072626,1.1));
#10667 = LINE('',#10668,#10669);
#10668 = CARTESIAN_POINT('',(0.765270145251,0.487635072626,1.1));
#10669 = VECTOR('',#10670,1.);
#10670 = DIRECTION('',(0.,-1.,0.));
#10671 = ORIENTED_EDGE('',*,*,#10672,.F.);
#10672 = EDGE_CURVE('',#10456,#10665,#10673,.T.);
#10673 = B_SPLINE_CURVE_WITH_KNOTS('',1,(#10674,#10675),.UNSPECIFIED.,
  .F.,.F.,(2,2),(0.,1.),.PIECEWISE_BEZIER_KNOTS.);
#10674 = CARTESIAN_POINT('',(0.825,0.5175,0.675));
#10675 = CARTESIAN_POINT('',(0.765270145251,0.487635072626,1.1));
#10676 = B_SPLINE_SURFACE_WITH_KNOTS('',1,1,(
    (#10677,#10678)
    ,(#10679,#10680
    )),.UNSPECIFIED.,.F.,.F.,.F.,(2,2),(2,2),(0.,1.035),(0.,1.),
  .PIECEWISE_BEZIER_KNOTS.);
#10677 = CARTESIAN_POINT('',(0.825,0.5175,0.675));
#10678 = CARTESIAN_POINT('',(0.765270145251,0.487635072626,1.1));
#10679 = CARTESIAN_POINT('',(0.825,-0.5175,0.675));
#10680 = CARTESIAN_POINT('',(0.765270145251,-0.487635072626,1.1));
#10681 = ADVANCED_FACE('',(#10682),#10699,.F.);
#10682 = FACE_BOUND('',#10683,.F.);
#10683 = EDGE_LOOP('',(#10684,#10685,#10692,#10698));
#10684 = ORIENTED_EDGE('',*,*,#10192,.T.);
#10685 = ORIENTED_EDGE('',*,*,#10686,.T.);
#10686 = EDGE_CURVE('',#10185,#10687,#10689,.T.);
#10687 = VERTEX_POINT('',#10688);
#10688 = CARTESIAN_POINT('',(0.712635072626,-0.540270145251,1.1));
#10689 = B_SPLINE_CURVE_WITH_KNOTS('',1,(#10690,#10691),.UNSPECIFIED.,
  .F.,.F.,(2,2),(0.,1.),.PIECEWISE_BEZIER_KNOTS.);
#10690 = CARTESIAN_POINT('',(0.7425,-0.6,0.675));
#10691 = CARTESIAN_POINT('',(0.712635072626,-0.540270145251,1.1));
#10692 = ORIENTED_EDGE('',*,*,#10693,.F.);
#10693 = EDGE_CURVE('',#10658,#10687,#10694,.T.);
#10694 = LINE('',#10695,#10696);
#10695 = CARTESIAN_POINT('',(0.765270145251,-0.487635072626,1.1));
#10696 = VECTOR('',#10697,1.);
#10697 = DIRECTION('',(-0.707106781187,-0.707106781187,0.));
#10698 = ORIENTED_EDGE('',*,*,#10657,.F.);
#10699 = B_SPLINE_SURFACE_WITH_KNOTS('',1,1,(
    (#10700,#10701)
    ,(#10702,#10703
    )),.UNSPECIFIED.,.F.,.F.,.F.,(2,2),(2,2),(0.,0.116672618896),(0.,1.)
  ,.PIECEWISE_BEZIER_KNOTS.);
#10700 = CARTESIAN_POINT('',(0.825,-0.5175,0.675));
#10701 = CARTESIAN_POINT('',(0.765270145251,-0.487635072626,1.1));
#10702 = CARTESIAN_POINT('',(0.7425,-0.6,0.675));
#10703 = CARTESIAN_POINT('',(0.712635072626,-0.540270145251,1.1));
#10704 = ADVANCED_FACE('',(#10705),#10722,.F.);
#10705 = FACE_BOUND('',#10706,.F.);
#10706 = EDGE_LOOP('',(#10707,#10708,#10715,#10721));
#10707 = ORIENTED_EDGE('',*,*,#10184,.T.);
#10708 = ORIENTED_EDGE('',*,*,#10709,.T.);
#10709 = EDGE_CURVE('',#10177,#10710,#10712,.T.);
#10710 = VERTEX_POINT('',#10711);
#10711 = CARTESIAN_POINT('',(-0.712635072626,-0.540270145251,1.1));
#10712 = B_SPLINE_CURVE_WITH_KNOTS('',1,(#10713,#10714),.UNSPECIFIED.,
  .F.,.F.,(2,2),(0.,1.),.PIECEWISE_BEZIER_KNOTS.);
#10713 = CARTESIAN_POINT('',(-0.7425,-0.6,0.675));
#10714 = CARTESIAN_POINT('',(-0.712635072626,-0.540270145251,1.1));
#10715 = ORIENTED_EDGE('',*,*,#10716,.F.);
#10716 = EDGE_CURVE('',#10687,#10710,#10717,.T.);
#10717 = LINE('',#10718,#10719);
#10718 = CARTESIAN_POINT('',(0.712635072626,-0.540270145251,1.1));
#10719 = VECTOR('',#10720,1.);
#10720 = DIRECTION('',(-1.,0.,0.));
#10721 = ORIENTED_EDGE('',*,*,#10686,.F.);
#10722 = B_SPLINE_SURFACE_WITH_KNOTS('',1,1,(
    (#10723,#10724)
    ,(#10725,#10726
    )),.UNSPECIFIED.,.F.,.F.,.F.,(2,2),(2,2),(0.,1.485),(0.,1.),
  .PIECEWISE_BEZIER_KNOTS.);
#10723 = CARTESIAN_POINT('',(0.7425,-0.6,0.675));
#10724 = CARTESIAN_POINT('',(0.712635072626,-0.540270145251,1.1));
#10725 = CARTESIAN_POINT('',(-0.7425,-0.6,0.675));
#10726 = CARTESIAN_POINT('',(-0.712635072626,-0.540270145251,1.1));
#10727 = ADVANCED_FACE('',(#10728),#10745,.F.);
#10728 = FACE_BOUND('',#10729,.F.);
#10729 = EDGE_LOOP('',(#10730,#10731,#10738,#10744));
#10730 = ORIENTED_EDGE('',*,*,#10176,.T.);
#10731 = ORIENTED_EDGE('',*,*,#10732,.T.);
#10732 = EDGE_CURVE('',#10169,#10733,#10735,.T.);
#10733 = VERTEX_POINT('',#10734);
#10734 = CARTESIAN_POINT('',(-0.765270145251,-0.487635072626,1.1));
#10735 = B_SPLINE_CURVE_WITH_KNOTS('',1,(#10736,#10737),.UNSPECIFIED.,
  .F.,.F.,(2,2),(0.,1.),.PIECEWISE_BEZIER_KNOTS.);
#10736 = CARTESIAN_POINT('',(-0.825,-0.5175,0.675));
#10737 = CARTESIAN_POINT('',(-0.765270145251,-0.487635072626,1.1));
#10738 = ORIENTED_EDGE('',*,*,#10739,.F.);
#10739 = EDGE_CURVE('',#10710,#10733,#10740,.T.);
#10740 = LINE('',#10741,#10742);
#10741 = CARTESIAN_POINT('',(-0.712635072626,-0.540270145251,1.1));
#10742 = VECTOR('',#10743,1.);
#10743 = DIRECTION('',(-0.707106781187,0.707106781187,0.));
#10744 = ORIENTED_EDGE('',*,*,#10709,.F.);
#10745 = B_SPLINE_SURFACE_WITH_KNOTS('',1,1,(
    (#10746,#10747)
    ,(#10748,#10749
    )),.UNSPECIFIED.,.F.,.F.,.F.,(2,2),(2,2),(0.,0.116672618896),(0.,1.)
  ,.PIECEWISE_BEZIER_KNOTS.);
#10746 = CARTESIAN_POINT('',(-0.7425,-0.6,0.675));
#10747 = CARTESIAN_POINT('',(-0.712635072626,-0.540270145251,1.1));
#10748 = CARTESIAN_POINT('',(-0.825,-0.5175,0.675));
#10749 = CARTESIAN_POINT('',(-0.765270145251,-0.487635072626,1.1));
#10750 = ADVANCED_FACE('',(#10751),#10775,.F.);
#10751 = FACE_BOUND('',#10752,.F.);
#10752 = EDGE_LOOP('',(#10753,#10754,#10760,#10761,#10768,#10774));
#10753 = ORIENTED_EDGE('',*,*,#10168,.T.);
#10754 = ORIENTED_EDGE('',*,*,#10755,.T.);
#10755 = EDGE_CURVE('',#10161,#10414,#10756,.T.);
#10756 = LINE('',#10757,#10758);
#10757 = CARTESIAN_POINT('',(-0.825,-0.5175,0.675));
#10758 = VECTOR('',#10759,1.);
#10759 = DIRECTION('',(0.,1.,0.));
#10760 = ORIENTED_EDGE('',*,*,#10487,.T.);
#10761 = ORIENTED_EDGE('',*,*,#10762,.T.);
#10762 = EDGE_CURVE('',#10480,#10763,#10765,.T.);
#10763 = VERTEX_POINT('',#10764);
#10764 = CARTESIAN_POINT('',(-0.765270145251,0.487635072626,1.1));
#10765 = B_SPLINE_CURVE_WITH_KNOTS('',1,(#10766,#10767),.UNSPECIFIED.,
  .F.,.F.,(2,2),(0.,1.),.PIECEWISE_BEZIER_KNOTS.);
#10766 = CARTESIAN_POINT('',(-0.825,0.5175,0.675));
#10767 = CARTESIAN_POINT('',(-0.765270145251,0.487635072626,1.1));
#10768 = ORIENTED_EDGE('',*,*,#10769,.F.);
#10769 = EDGE_CURVE('',#10733,#10763,#10770,.T.);
#10770 = LINE('',#10771,#10772);
#10771 = CARTESIAN_POINT('',(-0.765270145251,-0.487635072626,1.1));
#10772 = VECTOR('',#10773,1.);
#10773 = DIRECTION('',(0.,1.,0.));
#10774 = ORIENTED_EDGE('',*,*,#10732,.F.);
#10775 = B_SPLINE_SURFACE_WITH_KNOTS('',1,1,(
    (#10776,#10777)
    ,(#10778,#10779
    )),.UNSPECIFIED.,.F.,.F.,.F.,(2,2),(2,2),(0.,1.035),(0.,1.),
  .PIECEWISE_BEZIER_KNOTS.);
#10776 = CARTESIAN_POINT('',(-0.825,-0.5175,0.675));
#10777 = CARTESIAN_POINT('',(-0.765270145251,-0.487635072626,1.1));
#10778 = CARTESIAN_POINT('',(-0.825,0.5175,0.675));
#10779 = CARTESIAN_POINT('',(-0.765270145251,0.487635072626,1.1));
#10780 = ADVANCED_FACE('',(#10781),#10792,.F.);
#10781 = FACE_BOUND('',#10782,.F.);
#10782 = EDGE_LOOP('',(#10783,#10784,#10790,#10791));
#10783 = ORIENTED_EDGE('',*,*,#10160,.F.);
#10784 = ORIENTED_EDGE('',*,*,#10785,.T.);
#10785 = EDGE_CURVE('',#9880,#9935,#10786,.T.);
#10786 = LINE('',#10787,#10788);
#10787 = CARTESIAN_POINT('',(-0.85,-0.175,0.675));
#10788 = VECTOR('',#10789,1.);
#10789 = DIRECTION('',(1.110223024625E-16,1.,0.));
#10790 = ORIENTED_EDGE('',*,*,#10413,.T.);
#10791 = ORIENTED_EDGE('',*,*,#10755,.F.);
#10792 = PLANE('',#10793);
#10793 = AXIS2_PLACEMENT_3D('',#10794,#10795,#10796);
#10794 = CARTESIAN_POINT('',(-0.85,-0.175,0.675));
#10795 = DIRECTION('',(0.,0.,-1.));
#10796 = DIRECTION('',(1.,-1.110223024625E-16,0.));
#10797 = ADVANCED_FACE('',(#10798),#10809,.T.);
#10798 = FACE_BOUND('',#10799,.T.);
#10799 = EDGE_LOOP('',(#10800,#10801,#10802,#10803));
#10800 = ORIENTED_EDGE('',*,*,#10306,.T.);
#10801 = ORIENTED_EDGE('',*,*,#10785,.T.);
#10802 = ORIENTED_EDGE('',*,*,#10398,.F.);
#10803 = ORIENTED_EDGE('',*,*,#10804,.F.);
#10804 = EDGE_CURVE('',#10299,#10391,#10805,.T.);
#10805 = LINE('',#10806,#10807);
#10806 = CARTESIAN_POINT('',(-1.066657705663,-0.175,0.493202599087));
#10807 = VECTOR('',#10808,1.);
#10808 = DIRECTION('',(1.110223024625E-16,1.,0.));
#10809 = CYLINDRICAL_SURFACE('',#10810,0.22);
#10810 = AXIS2_PLACEMENT_3D('',#10811,#10812,#10813);
#10811 = CARTESIAN_POINT('',(-0.85,-0.175,0.455));
#10812 = DIRECTION('',(-1.110223024625E-16,-1.,-0.));
#10813 = DIRECTION('',(-0.984807753012,1.093356242223E-16,0.173648177667
    ));
#10814 = ADVANCED_FACE('',(#10815),#10826,.F.);
#10815 = FACE_BOUND('',#10816,.F.);
#10816 = EDGE_LOOP('',(#10817,#10823,#10824,#10825));
#10817 = ORIENTED_EDGE('',*,*,#10818,.T.);
#10818 = EDGE_CURVE('',#10290,#10382,#10819,.T.);
#10819 = LINE('',#10820,#10821);
#10820 = CARTESIAN_POINT('',(-1.112500297756,-0.175,0.207844627563));
#10821 = VECTOR('',#10822,1.);
#10822 = DIRECTION('',(1.110223024625E-16,1.,0.));
#10823 = ORIENTED_EDGE('',*,*,#10390,.T.);
#10824 = ORIENTED_EDGE('',*,*,#10804,.F.);
#10825 = ORIENTED_EDGE('',*,*,#10298,.F.);
#10826 = PLANE('',#10827);
#10827 = AXIS2_PLACEMENT_3D('',#10828,#10829,#10830);
#10828 = CARTESIAN_POINT('',(-1.112500297756,-0.175,0.207844627563));
#10829 = DIRECTION('',(0.987340403298,-1.096168048884E-16,
    -0.158615661317));
#10830 = DIRECTION('',(0.158615661317,-1.760987592604E-17,0.987340403298
    ));
#10831 = ADVANCED_FACE('',(#10832),#10843,.F.);
#10832 = FACE_BOUND('',#10833,.F.);
#10833 = EDGE_LOOP('',(#10834,#10840,#10841,#10842));
#10834 = ORIENTED_EDGE('',*,*,#10835,.T.);
#10835 = EDGE_CURVE('',#10282,#10374,#10836,.T.);
#10836 = LINE('',#10837,#10838);
#10837 = CARTESIAN_POINT('',(-1.181436840466,-0.175,0.15));
#10838 = VECTOR('',#10839,1.);
#10839 = DIRECTION('',(1.110223024625E-16,1.,0.));
#10840 = ORIENTED_EDGE('',*,*,#10381,.T.);
#10841 = ORIENTED_EDGE('',*,*,#10818,.F.);
#10842 = ORIENTED_EDGE('',*,*,#10289,.F.);
#10843 = CYLINDRICAL_SURFACE('',#10844,7.E-02);
#10844 = AXIS2_PLACEMENT_3D('',#10845,#10846,#10847);
#10845 = CARTESIAN_POINT('',(-1.181436840466,-0.175,0.22));
#10846 = DIRECTION('',(-1.110223024625E-16,-1.,0.));
#10847 = DIRECTION('',(-0.,0.,-1.));
#10848 = ADVANCED_FACE('',(#10849),#10860,.F.);
#10849 = FACE_BOUND('',#10850,.F.);
#10850 = EDGE_LOOP('',(#10851,#10857,#10858,#10859));
#10851 = ORIENTED_EDGE('',*,*,#10852,.T.);
#10852 = EDGE_CURVE('',#10274,#10366,#10853,.T.);
#10853 = LINE('',#10854,#10855);
#10854 = CARTESIAN_POINT('',(-1.25,-0.175,0.15));
#10855 = VECTOR('',#10856,1.);
#10856 = DIRECTION('',(1.110223024625E-16,1.,0.));
#10857 = ORIENTED_EDGE('',*,*,#10373,.T.);
#10858 = ORIENTED_EDGE('',*,*,#10835,.F.);
#10859 = ORIENTED_EDGE('',*,*,#10281,.F.);
#10860 = PLANE('',#10861);
#10861 = AXIS2_PLACEMENT_3D('',#10862,#10863,#10864);
#10862 = CARTESIAN_POINT('',(-1.25,-0.175,0.15));
#10863 = DIRECTION('',(0.,0.,-1.));
#10864 = DIRECTION('',(1.,-1.110223024625E-16,0.));
#10865 = ADVANCED_FACE('',(#10866),#10877,.F.);
#10866 = FACE_BOUND('',#10867,.F.);
#10867 = EDGE_LOOP('',(#10868,#10874,#10875,#10876));
#10868 = ORIENTED_EDGE('',*,*,#10869,.T.);
#10869 = EDGE_CURVE('',#10266,#10358,#10870,.T.);
#10870 = LINE('',#10871,#10872);
#10871 = CARTESIAN_POINT('',(-1.25,-0.175,-5.551115123126E-17));
#10872 = VECTOR('',#10873,1.);
#10873 = DIRECTION('',(1.110223024625E-16,1.,0.));
#10874 = ORIENTED_EDGE('',*,*,#10365,.T.);
#10875 = ORIENTED_EDGE('',*,*,#10852,.F.);
#10876 = ORIENTED_EDGE('',*,*,#10273,.F.);
#10877 = PLANE('',#10878);
#10878 = AXIS2_PLACEMENT_3D('',#10879,#10880,#10881);
#10879 = CARTESIAN_POINT('',(-1.25,-0.175,-5.551115123126E-17));
#10880 = DIRECTION('',(1.,-1.110223024625E-16,0.));
#10881 = DIRECTION('',(0.,0.,1.));
#10882 = ADVANCED_FACE('',(#10883),#10894,.F.);
#10883 = FACE_BOUND('',#10884,.F.);
#10884 = EDGE_LOOP('',(#10885,#10891,#10892,#10893));
#10885 = ORIENTED_EDGE('',*,*,#10886,.T.);
#10886 = EDGE_CURVE('',#10257,#10349,#10887,.T.);
#10887 = LINE('',#10888,#10889);
#10888 = CARTESIAN_POINT('',(-1.181436840466,-0.175,-5.551115123126E-17)
  );
#10889 = VECTOR('',#10890,1.);
#10890 = DIRECTION('',(1.110223024625E-16,1.,0.));
#10891 = ORIENTED_EDGE('',*,*,#10357,.T.);
#10892 = ORIENTED_EDGE('',*,*,#10869,.F.);
#10893 = ORIENTED_EDGE('',*,*,#10265,.F.);
#10894 = PLANE('',#10895);
#10895 = AXIS2_PLACEMENT_3D('',#10896,#10897,#10898);
#10896 = CARTESIAN_POINT('',(-1.181436840466,-0.175,-5.551115123126E-17)
  );
#10897 = DIRECTION('',(0.,0.,1.));
#10898 = DIRECTION('',(-1.,1.110223024625E-16,0.));
#10899 = ADVANCED_FACE('',(#10900),#10906,.T.);
#10900 = FACE_BOUND('',#10901,.T.);
#10901 = EDGE_LOOP('',(#10902,#10903,#10904,#10905));
#10902 = ORIENTED_EDGE('',*,*,#10256,.T.);
#10903 = ORIENTED_EDGE('',*,*,#10886,.T.);
#10904 = ORIENTED_EDGE('',*,*,#10348,.F.);
#10905 = ORIENTED_EDGE('',*,*,#10330,.F.);
#10906 = CYLINDRICAL_SURFACE('',#10907,0.22);
#10907 = AXIS2_PLACEMENT_3D('',#10908,#10909,#10910);
#10908 = CARTESIAN_POINT('',(-1.181436840466,-0.175,0.22));
#10909 = DIRECTION('',(-1.110223024625E-16,-1.,-0.));
#10910 = DIRECTION('',(0.984807753012,-1.093356242223E-16,
    -0.173648177667));
#10911 = ADVANCED_FACE('',(#10912),#10929,.F.);
#10912 = FACE_BOUND('',#10913,.F.);
#10913 = EDGE_LOOP('',(#10914,#10915,#10922,#10928));
#10914 = ORIENTED_EDGE('',*,*,#10479,.T.);
#10915 = ORIENTED_EDGE('',*,*,#10916,.T.);
#10916 = EDGE_CURVE('',#10472,#10917,#10919,.T.);
#10917 = VERTEX_POINT('',#10918);
#10918 = CARTESIAN_POINT('',(-0.712635072626,0.540270145251,1.1));
#10919 = B_SPLINE_CURVE_WITH_KNOTS('',1,(#10920,#10921),.UNSPECIFIED.,
  .F.,.F.,(2,2),(0.,1.),.PIECEWISE_BEZIER_KNOTS.);
#10920 = CARTESIAN_POINT('',(-0.7425,0.6,0.675));
#10921 = CARTESIAN_POINT('',(-0.712635072626,0.540270145251,1.1));
#10922 = ORIENTED_EDGE('',*,*,#10923,.F.);
#10923 = EDGE_CURVE('',#10763,#10917,#10924,.T.);
#10924 = LINE('',#10925,#10926);
#10925 = CARTESIAN_POINT('',(-0.765270145251,0.487635072626,1.1));
#10926 = VECTOR('',#10927,1.);
#10927 = DIRECTION('',(0.707106781187,0.707106781187,0.));
#10928 = ORIENTED_EDGE('',*,*,#10762,.F.);
#10929 = B_SPLINE_SURFACE_WITH_KNOTS('',1,1,(
    (#10930,#10931)
    ,(#10932,#10933
    )),.UNSPECIFIED.,.F.,.F.,.F.,(2,2),(2,2),(0.,0.116672618896),(0.,1.)
  ,.PIECEWISE_BEZIER_KNOTS.);
#10930 = CARTESIAN_POINT('',(-0.825,0.5175,0.675));
#10931 = CARTESIAN_POINT('',(-0.765270145251,0.487635072626,1.1));
#10932 = CARTESIAN_POINT('',(-0.7425,0.6,0.675));
#10933 = CARTESIAN_POINT('',(-0.712635072626,0.540270145251,1.1));
#10934 = ADVANCED_FACE('',(#10935),#10952,.F.);
#10935 = FACE_BOUND('',#10936,.F.);
#10936 = EDGE_LOOP('',(#10937,#10938,#10945,#10951));
#10937 = ORIENTED_EDGE('',*,*,#10471,.T.);
#10938 = ORIENTED_EDGE('',*,*,#10939,.T.);
#10939 = EDGE_CURVE('',#10464,#10940,#10942,.T.);
#10940 = VERTEX_POINT('',#10941);
#10941 = CARTESIAN_POINT('',(0.712635072626,0.540270145251,1.1));
#10942 = B_SPLINE_CURVE_WITH_KNOTS('',1,(#10943,#10944),.UNSPECIFIED.,
  .F.,.F.,(2,2),(0.,1.),.PIECEWISE_BEZIER_KNOTS.);
#10943 = CARTESIAN_POINT('',(0.7425,0.6,0.675));
#10944 = CARTESIAN_POINT('',(0.712635072626,0.540270145251,1.1));
#10945 = ORIENTED_EDGE('',*,*,#10946,.F.);
#10946 = EDGE_CURVE('',#10917,#10940,#10947,.T.);
#10947 = LINE('',#10948,#10949);
#10948 = CARTESIAN_POINT('',(-0.712635072626,0.540270145251,1.1));
#10949 = VECTOR('',#10950,1.);
#10950 = DIRECTION('',(1.,0.,0.));
#10951 = ORIENTED_EDGE('',*,*,#10916,.F.);
#10952 = B_SPLINE_SURFACE_WITH_KNOTS('',1,1,(
    (#10953,#10954)
    ,(#10955,#10956
    )),.UNSPECIFIED.,.F.,.F.,.F.,(2,2),(2,2),(0.,1.485),(0.,1.),
  .PIECEWISE_BEZIER_KNOTS.);
#10953 = CARTESIAN_POINT('',(-0.7425,0.6,0.675));
#10954 = CARTESIAN_POINT('',(-0.712635072626,0.540270145251,1.1));
#10955 = CARTESIAN_POINT('',(0.7425,0.6,0.675));
#10956 = CARTESIAN_POINT('',(0.712635072626,0.540270145251,1.1));
#10957 = ADVANCED_FACE('',(#10958),#10969,.F.);
#10958 = FACE_BOUND('',#10959,.F.);
#10959 = EDGE_LOOP('',(#10960,#10961,#10962,#10968));
#10960 = ORIENTED_EDGE('',*,*,#10463,.T.);
#10961 = ORIENTED_EDGE('',*,*,#10672,.T.);
#10962 = ORIENTED_EDGE('',*,*,#10963,.F.);
#10963 = EDGE_CURVE('',#10940,#10665,#10964,.T.);
#10964 = LINE('',#10965,#10966);
#10965 = CARTESIAN_POINT('',(0.712635072626,0.540270145251,1.1));
#10966 = VECTOR('',#10967,1.);
#10967 = DIRECTION('',(0.707106781187,-0.707106781187,0.));
#10968 = ORIENTED_EDGE('',*,*,#10939,.F.);
#10969 = B_SPLINE_SURFACE_WITH_KNOTS('',1,1,(
    (#10970,#10971)
    ,(#10972,#10973
    )),.UNSPECIFIED.,.F.,.F.,.F.,(2,2),(2,2),(0.,0.116672618896),(0.,1.)
  ,.PIECEWISE_BEZIER_KNOTS.);
#10970 = CARTESIAN_POINT('',(0.7425,0.6,0.675));
#10971 = CARTESIAN_POINT('',(0.712635072626,0.540270145251,1.1));
#10972 = CARTESIAN_POINT('',(0.825,0.5175,0.675));
#10973 = CARTESIAN_POINT('',(0.765270145251,0.487635072626,1.1));
#10974 = ADVANCED_FACE('',(#10975),#11044,.F.);
#10975 = FACE_BOUND('',#10976,.F.);
#10976 = EDGE_LOOP('',(#10977,#10978,#10979,#10987,#10996,#11004,#11012,
    #11020,#11029,#11037));
#10977 = ORIENTED_EDGE('',*,*,#10567,.F.);
#10978 = ORIENTED_EDGE('',*,*,#10600,.T.);
#10979 = ORIENTED_EDGE('',*,*,#10980,.T.);
#10980 = EDGE_CURVE('',#10593,#10981,#10983,.T.);
#10981 = VERTEX_POINT('',#10982);
#10982 = CARTESIAN_POINT('',(0.964779134804,0.175,0.181797400913));
#10983 = LINE('',#10984,#10985);
#10984 = CARTESIAN_POINT('',(0.918936542711,0.175,0.467155372437));
#10985 = VECTOR('',#10986,1.);
#10986 = DIRECTION('',(0.158615661317,-3.521975185208E-17,
    -0.987340403298));
#10987 = ORIENTED_EDGE('',*,*,#10988,.T.);
#10988 = EDGE_CURVE('',#10981,#10989,#10991,.T.);
#10989 = VERTEX_POINT('',#10990);
#10990 = CARTESIAN_POINT('',(1.181436840466,0.175,-5.551115123126E-17));
#10991 = CIRCLE('',#10992,0.22);
#10992 = AXIS2_PLACEMENT_3D('',#10993,#10994,#10995);
#10993 = CARTESIAN_POINT('',(1.181436840466,0.175,0.22));
#10994 = DIRECTION('',(-2.22044604925E-16,-1.,0.));
#10995 = DIRECTION('',(-0.984807753012,2.186712484447E-16,
    -0.173648177667));
#10996 = ORIENTED_EDGE('',*,*,#10997,.T.);
#10997 = EDGE_CURVE('',#10989,#10998,#11000,.T.);
#10998 = VERTEX_POINT('',#10999);
#10999 = CARTESIAN_POINT('',(1.25,0.175,-5.551115123126E-17));
#11000 = LINE('',#11001,#11002);
#11001 = CARTESIAN_POINT('',(1.181436840466,0.175,-5.551115123126E-17));
#11002 = VECTOR('',#11003,1.);
#11003 = DIRECTION('',(1.,-2.22044604925E-16,0.));
#11004 = ORIENTED_EDGE('',*,*,#11005,.T.);
#11005 = EDGE_CURVE('',#10998,#11006,#11008,.T.);
#11006 = VERTEX_POINT('',#11007);
#11007 = CARTESIAN_POINT('',(1.25,0.175,0.15));
#11008 = LINE('',#11009,#11010);
#11009 = CARTESIAN_POINT('',(1.25,0.175,-5.551115123126E-17));
#11010 = VECTOR('',#11011,1.);
#11011 = DIRECTION('',(0.,0.,1.));
#11012 = ORIENTED_EDGE('',*,*,#11013,.T.);
#11013 = EDGE_CURVE('',#11006,#11014,#11016,.T.);
#11014 = VERTEX_POINT('',#11015);
#11015 = CARTESIAN_POINT('',(1.181436840466,0.175,0.15));
#11016 = LINE('',#11017,#11018);
#11017 = CARTESIAN_POINT('',(1.25,0.175,0.15));
#11018 = VECTOR('',#11019,1.);
#11019 = DIRECTION('',(-1.,2.22044604925E-16,0.));
#11020 = ORIENTED_EDGE('',*,*,#11021,.T.);
#11021 = EDGE_CURVE('',#11014,#11022,#11024,.T.);
#11022 = VERTEX_POINT('',#11023);
#11023 = CARTESIAN_POINT('',(1.112500297756,0.175,0.207844627563));
#11024 = CIRCLE('',#11025,7.E-02);
#11025 = AXIS2_PLACEMENT_3D('',#11026,#11027,#11028);
#11026 = CARTESIAN_POINT('',(1.181436840466,0.175,0.22));
#11027 = DIRECTION('',(2.22044604925E-16,1.,0.));
#11028 = DIRECTION('',(0.,0.,-1.));
#11029 = ORIENTED_EDGE('',*,*,#11030,.T.);
#11030 = EDGE_CURVE('',#11022,#11031,#11033,.T.);
#11031 = VERTEX_POINT('',#11032);
#11032 = CARTESIAN_POINT('',(1.066657705663,0.175,0.493202599087));
#11033 = LINE('',#11034,#11035);
#11034 = CARTESIAN_POINT('',(1.112500297756,0.175,0.207844627563));
#11035 = VECTOR('',#11036,1.);
#11036 = DIRECTION('',(-0.158615661317,3.521975185208E-17,0.987340403298
    ));
#11037 = ORIENTED_EDGE('',*,*,#11038,.T.);
#11038 = EDGE_CURVE('',#11031,#10440,#11039,.T.);
#11039 = CIRCLE('',#11040,0.22);
#11040 = AXIS2_PLACEMENT_3D('',#11041,#11042,#11043);
#11041 = CARTESIAN_POINT('',(0.85,0.175,0.455));
#11042 = DIRECTION('',(-2.22044604925E-16,-1.,0.));
#11043 = DIRECTION('',(0.984807753012,-2.186712484447E-16,0.173648177667
    ));
#11044 = PLANE('',#11045);
#11045 = AXIS2_PLACEMENT_3D('',#11046,#11047,#11048);
#11046 = CARTESIAN_POINT('',(1.021526355437,0.175,0.332418056697));
#11047 = DIRECTION('',(-2.22044604925E-16,-1.,0.));
#11048 = DIRECTION('',(0.,0.,1.));
#11049 = ADVANCED_FACE('',(#11050),#11068,.F.);
#11050 = FACE_BOUND('',#11051,.F.);
#11051 = EDGE_LOOP('',(#11052,#11053,#11061,#11067));
#11052 = ORIENTED_EDGE('',*,*,#10592,.T.);
#11053 = ORIENTED_EDGE('',*,*,#11054,.T.);
#11054 = EDGE_CURVE('',#10584,#11055,#11057,.T.);
#11055 = VERTEX_POINT('',#11056);
#11056 = CARTESIAN_POINT('',(0.964779134804,-0.175,0.181797400913));
#11057 = LINE('',#11058,#11059);
#11058 = CARTESIAN_POINT('',(0.918936542711,-0.175,0.467155372437));
#11059 = VECTOR('',#11060,1.);
#11060 = DIRECTION('',(0.158615661317,-3.521975185208E-17,
    -0.987340403298));
#11061 = ORIENTED_EDGE('',*,*,#11062,.F.);
#11062 = EDGE_CURVE('',#10981,#11055,#11063,.T.);
#11063 = LINE('',#11064,#11065);
#11064 = CARTESIAN_POINT('',(0.964779134804,0.175,0.181797400913));
#11065 = VECTOR('',#11066,1.);
#11066 = DIRECTION('',(-2.22044604925E-16,-1.,0.));
#11067 = ORIENTED_EDGE('',*,*,#10980,.F.);
#11068 = PLANE('',#11069);
#11069 = AXIS2_PLACEMENT_3D('',#11070,#11071,#11072);
#11070 = CARTESIAN_POINT('',(0.918936542711,0.175,0.467155372437));
#11071 = DIRECTION('',(0.987340403298,-2.192336097769E-16,0.158615661317
    ));
#11072 = DIRECTION('',(0.158615661317,-3.521975185208E-17,
    -0.987340403298));
#11073 = ADVANCED_FACE('',(#11074),#11136,.T.);
#11074 = FACE_BOUND('',#11075,.T.);
#11075 = EDGE_LOOP('',(#11076,#11077,#11078,#11079,#11088,#11096,#11104,
    #11112,#11121,#11129));
#11076 = ORIENTED_EDGE('',*,*,#10615,.F.);
#11077 = ORIENTED_EDGE('',*,*,#10583,.T.);
#11078 = ORIENTED_EDGE('',*,*,#11054,.T.);
#11079 = ORIENTED_EDGE('',*,*,#11080,.T.);
#11080 = EDGE_CURVE('',#11055,#11081,#11083,.T.);
#11081 = VERTEX_POINT('',#11082);
#11082 = CARTESIAN_POINT('',(1.181436840466,-0.175,-5.551115123126E-17)
  );
#11083 = CIRCLE('',#11084,0.22);
#11084 = AXIS2_PLACEMENT_3D('',#11085,#11086,#11087);
#11085 = CARTESIAN_POINT('',(1.181436840466,-0.175,0.22));
#11086 = DIRECTION('',(-2.22044604925E-16,-1.,0.));
#11087 = DIRECTION('',(-0.984807753012,2.186712484447E-16,
    -0.173648177667));
#11088 = ORIENTED_EDGE('',*,*,#11089,.T.);
#11089 = EDGE_CURVE('',#11081,#11090,#11092,.T.);
#11090 = VERTEX_POINT('',#11091);
#11091 = CARTESIAN_POINT('',(1.25,-0.175,-5.551115123126E-17));
#11092 = LINE('',#11093,#11094);
#11093 = CARTESIAN_POINT('',(1.181436840466,-0.175,-5.551115123126E-17)
  );
#11094 = VECTOR('',#11095,1.);
#11095 = DIRECTION('',(1.,-2.22044604925E-16,0.));
#11096 = ORIENTED_EDGE('',*,*,#11097,.T.);
#11097 = EDGE_CURVE('',#11090,#11098,#11100,.T.);
#11098 = VERTEX_POINT('',#11099);
#11099 = CARTESIAN_POINT('',(1.25,-0.175,0.15));
#11100 = LINE('',#11101,#11102);
#11101 = CARTESIAN_POINT('',(1.25,-0.175,-5.551115123126E-17));
#11102 = VECTOR('',#11103,1.);
#11103 = DIRECTION('',(0.,0.,1.));
#11104 = ORIENTED_EDGE('',*,*,#11105,.T.);
#11105 = EDGE_CURVE('',#11098,#11106,#11108,.T.);
#11106 = VERTEX_POINT('',#11107);
#11107 = CARTESIAN_POINT('',(1.181436840466,-0.175,0.15));
#11108 = LINE('',#11109,#11110);
#11109 = CARTESIAN_POINT('',(1.25,-0.175,0.15));
#11110 = VECTOR('',#11111,1.);
#11111 = DIRECTION('',(-1.,2.22044604925E-16,0.));
#11112 = ORIENTED_EDGE('',*,*,#11113,.T.);
#11113 = EDGE_CURVE('',#11106,#11114,#11116,.T.);
#11114 = VERTEX_POINT('',#11115);
#11115 = CARTESIAN_POINT('',(1.112500297756,-0.175,0.207844627563));
#11116 = CIRCLE('',#11117,7.E-02);
#11117 = AXIS2_PLACEMENT_3D('',#11118,#11119,#11120);
#11118 = CARTESIAN_POINT('',(1.181436840466,-0.175,0.22));
#11119 = DIRECTION('',(2.22044604925E-16,1.,0.));
#11120 = DIRECTION('',(0.,0.,-1.));
#11121 = ORIENTED_EDGE('',*,*,#11122,.T.);
#11122 = EDGE_CURVE('',#11114,#11123,#11125,.T.);
#11123 = VERTEX_POINT('',#11124);
#11124 = CARTESIAN_POINT('',(1.066657705663,-0.175,0.493202599087));
#11125 = LINE('',#11126,#11127);
#11126 = CARTESIAN_POINT('',(1.112500297756,-0.175,0.207844627563));
#11127 = VECTOR('',#11128,1.);
#11128 = DIRECTION('',(-0.158615661317,3.521975185208E-17,0.987340403298
    ));
#11129 = ORIENTED_EDGE('',*,*,#11130,.T.);
#11130 = EDGE_CURVE('',#11123,#10209,#11131,.T.);
#11131 = CIRCLE('',#11132,0.22);
#11132 = AXIS2_PLACEMENT_3D('',#11133,#11134,#11135);
#11133 = CARTESIAN_POINT('',(0.85,-0.175,0.455));
#11134 = DIRECTION('',(-2.22044604925E-16,-1.,0.));
#11135 = DIRECTION('',(0.984807753012,-2.186712484447E-16,0.173648177667
    ));
#11136 = PLANE('',#11137);
#11137 = AXIS2_PLACEMENT_3D('',#11138,#11139,#11140);
#11138 = CARTESIAN_POINT('',(1.021526355437,-0.175,0.332418056697));
#11139 = DIRECTION('',(-2.22044604925E-16,-1.,0.));
#11140 = DIRECTION('',(0.,0.,1.));
#11141 = ADVANCED_FACE('',(#11142),#11153,.T.);
#11142 = FACE_BOUND('',#11143,.T.);
#11143 = EDGE_LOOP('',(#11144,#11145,#11146,#11147));
#11144 = ORIENTED_EDGE('',*,*,#11038,.T.);
#11145 = ORIENTED_EDGE('',*,*,#10633,.T.);
#11146 = ORIENTED_EDGE('',*,*,#11130,.F.);
#11147 = ORIENTED_EDGE('',*,*,#11148,.F.);
#11148 = EDGE_CURVE('',#11031,#11123,#11149,.T.);
#11149 = LINE('',#11150,#11151);
#11150 = CARTESIAN_POINT('',(1.066657705663,0.175,0.493202599087));
#11151 = VECTOR('',#11152,1.);
#11152 = DIRECTION('',(-2.22044604925E-16,-1.,0.));
#11153 = CYLINDRICAL_SURFACE('',#11154,0.22);
#11154 = AXIS2_PLACEMENT_3D('',#11155,#11156,#11157);
#11155 = CARTESIAN_POINT('',(0.85,0.175,0.455));
#11156 = DIRECTION('',(2.22044604925E-16,1.,0.));
#11157 = DIRECTION('',(0.984807753012,-2.186712484447E-16,0.173648177667
    ));
#11158 = ADVANCED_FACE('',(#11159,#11169),#11203,.T.);
#11159 = FACE_BOUND('',#11160,.T.);
#11160 = EDGE_LOOP('',(#11161,#11162,#11163,#11164,#11165,#11166,#11167,
    #11168));
#11161 = ORIENTED_EDGE('',*,*,#10769,.F.);
#11162 = ORIENTED_EDGE('',*,*,#10739,.F.);
#11163 = ORIENTED_EDGE('',*,*,#10716,.F.);
#11164 = ORIENTED_EDGE('',*,*,#10693,.F.);
#11165 = ORIENTED_EDGE('',*,*,#10664,.F.);
#11166 = ORIENTED_EDGE('',*,*,#10963,.F.);
#11167 = ORIENTED_EDGE('',*,*,#10946,.F.);
#11168 = ORIENTED_EDGE('',*,*,#10923,.F.);
#11169 = FACE_BOUND('',#11170,.T.);
#11170 = EDGE_LOOP('',(#11171,#11181,#11189,#11197));
#11171 = ORIENTED_EDGE('',*,*,#11172,.T.);
#11172 = EDGE_CURVE('',#11173,#11175,#11177,.T.);
#11173 = VERTEX_POINT('',#11174);
#11174 = CARTESIAN_POINT('',(-0.315270145251,-0.490270145251,1.1));
#11175 = VERTEX_POINT('',#11176);
#11176 = CARTESIAN_POINT('',(-0.715270145251,-0.490270145251,1.1));
#11177 = LINE('',#11178,#11179);
#11178 = CARTESIAN_POINT('',(-0.740270145251,-0.490270145251,1.1));
#11179 = VECTOR('',#11180,1.);
#11180 = DIRECTION('',(-1.,0.,0.));
#11181 = ORIENTED_EDGE('',*,*,#11182,.T.);
#11182 = EDGE_CURVE('',#11175,#11183,#11185,.T.);
#11183 = VERTEX_POINT('',#11184);
#11184 = CARTESIAN_POINT('',(-0.715270145251,0.490270145251,1.1));
#11185 = LINE('',#11186,#11187);
#11186 = CARTESIAN_POINT('',(-0.715270145251,-0.488952608939,1.1));
#11187 = VECTOR('',#11188,1.);
#11188 = DIRECTION('',(0.,1.,0.));
#11189 = ORIENTED_EDGE('',*,*,#11190,.F.);
#11190 = EDGE_CURVE('',#11191,#11183,#11193,.T.);
#11191 = VERTEX_POINT('',#11192);
#11192 = CARTESIAN_POINT('',(-0.315270145251,0.490270145251,1.1));
#11193 = LINE('',#11194,#11195);
#11194 = CARTESIAN_POINT('',(-0.740270145251,0.490270145251,1.1));
#11195 = VECTOR('',#11196,1.);
#11196 = DIRECTION('',(-1.,0.,0.));
#11197 = ORIENTED_EDGE('',*,*,#11198,.F.);
#11198 = EDGE_CURVE('',#11173,#11191,#11199,.T.);
#11199 = LINE('',#11200,#11201);
#11200 = CARTESIAN_POINT('',(-0.315270145251,-0.488952608939,1.1));
#11201 = VECTOR('',#11202,1.);
#11202 = DIRECTION('',(0.,1.,0.));
#11203 = PLANE('',#11204);
#11204 = AXIS2_PLACEMENT_3D('',#11205,#11206,#11207);
#11205 = CARTESIAN_POINT('',(-0.765270145251,-0.487635072626,1.1));
#11206 = DIRECTION('',(0.,0.,1.));
#11207 = DIRECTION('',(0.84333939541,0.537381302382,-0.));
#11208 = ADVANCED_FACE('',(#11209),#11220,.F.);
#11209 = FACE_BOUND('',#11210,.F.);
#11210 = EDGE_LOOP('',(#11211,#11217,#11218,#11219));
#11211 = ORIENTED_EDGE('',*,*,#11212,.T.);
#11212 = EDGE_CURVE('',#11022,#11114,#11213,.T.);
#11213 = LINE('',#11214,#11215);
#11214 = CARTESIAN_POINT('',(1.112500297756,0.175,0.207844627563));
#11215 = VECTOR('',#11216,1.);
#11216 = DIRECTION('',(-2.22044604925E-16,-1.,0.));
#11217 = ORIENTED_EDGE('',*,*,#11122,.T.);
#11218 = ORIENTED_EDGE('',*,*,#11148,.F.);
#11219 = ORIENTED_EDGE('',*,*,#11030,.F.);
#11220 = PLANE('',#11221);
#11221 = AXIS2_PLACEMENT_3D('',#11222,#11223,#11224);
#11222 = CARTESIAN_POINT('',(1.112500297756,0.175,0.207844627563));
#11223 = DIRECTION('',(-0.987340403298,2.192336097769E-16,
    -0.158615661317));
#11224 = DIRECTION('',(-0.158615661317,3.521975185208E-17,0.987340403298
    ));
#11225 = ADVANCED_FACE('',(#11226),#11237,.F.);
#11226 = FACE_BOUND('',#11227,.F.);
#11227 = EDGE_LOOP('',(#11228,#11234,#11235,#11236));
#11228 = ORIENTED_EDGE('',*,*,#11229,.T.);
#11229 = EDGE_CURVE('',#11014,#11106,#11230,.T.);
#11230 = LINE('',#11231,#11232);
#11231 = CARTESIAN_POINT('',(1.181436840466,0.175,0.15));
#11232 = VECTOR('',#11233,1.);
#11233 = DIRECTION('',(-2.22044604925E-16,-1.,0.));
#11234 = ORIENTED_EDGE('',*,*,#11113,.T.);
#11235 = ORIENTED_EDGE('',*,*,#11212,.F.);
#11236 = ORIENTED_EDGE('',*,*,#11021,.F.);
#11237 = CYLINDRICAL_SURFACE('',#11238,7.E-02);
#11238 = AXIS2_PLACEMENT_3D('',#11239,#11240,#11241);
#11239 = CARTESIAN_POINT('',(1.181436840466,0.175,0.22));
#11240 = DIRECTION('',(2.22044604925E-16,1.,0.));
#11241 = DIRECTION('',(0.,0.,-1.));
#11242 = ADVANCED_FACE('',(#11243),#11254,.F.);
#11243 = FACE_BOUND('',#11244,.F.);
#11244 = EDGE_LOOP('',(#11245,#11251,#11252,#11253));
#11245 = ORIENTED_EDGE('',*,*,#11246,.T.);
#11246 = EDGE_CURVE('',#11006,#11098,#11247,.T.);
#11247 = LINE('',#11248,#11249);
#11248 = CARTESIAN_POINT('',(1.25,0.175,0.15));
#11249 = VECTOR('',#11250,1.);
#11250 = DIRECTION('',(-2.22044604925E-16,-1.,0.));
#11251 = ORIENTED_EDGE('',*,*,#11105,.T.);
#11252 = ORIENTED_EDGE('',*,*,#11229,.F.);
#11253 = ORIENTED_EDGE('',*,*,#11013,.F.);
#11254 = PLANE('',#11255);
#11255 = AXIS2_PLACEMENT_3D('',#11256,#11257,#11258);
#11256 = CARTESIAN_POINT('',(1.25,0.175,0.15));
#11257 = DIRECTION('',(0.,0.,-1.));
#11258 = DIRECTION('',(-1.,2.22044604925E-16,0.));
#11259 = ADVANCED_FACE('',(#11260),#11271,.F.);
#11260 = FACE_BOUND('',#11261,.F.);
#11261 = EDGE_LOOP('',(#11262,#11268,#11269,#11270));
#11262 = ORIENTED_EDGE('',*,*,#11263,.T.);
#11263 = EDGE_CURVE('',#10998,#11090,#11264,.T.);
#11264 = LINE('',#11265,#11266);
#11265 = CARTESIAN_POINT('',(1.25,0.175,-5.551115123126E-17));
#11266 = VECTOR('',#11267,1.);
#11267 = DIRECTION('',(-2.22044604925E-16,-1.,0.));
#11268 = ORIENTED_EDGE('',*,*,#11097,.T.);
#11269 = ORIENTED_EDGE('',*,*,#11246,.F.);
#11270 = ORIENTED_EDGE('',*,*,#11005,.F.);
#11271 = PLANE('',#11272);
#11272 = AXIS2_PLACEMENT_3D('',#11273,#11274,#11275);
#11273 = CARTESIAN_POINT('',(1.25,0.175,-5.551115123126E-17));
#11274 = DIRECTION('',(-1.,2.22044604925E-16,0.));
#11275 = DIRECTION('',(0.,0.,1.));
#11276 = ADVANCED_FACE('',(#11277),#11288,.F.);
#11277 = FACE_BOUND('',#11278,.F.);
#11278 = EDGE_LOOP('',(#11279,#11285,#11286,#11287));
#11279 = ORIENTED_EDGE('',*,*,#11280,.T.);
#11280 = EDGE_CURVE('',#10989,#11081,#11281,.T.);
#11281 = LINE('',#11282,#11283);
#11282 = CARTESIAN_POINT('',(1.181436840466,0.175,-5.551115123126E-17));
#11283 = VECTOR('',#11284,1.);
#11284 = DIRECTION('',(-2.22044604925E-16,-1.,0.));
#11285 = ORIENTED_EDGE('',*,*,#11089,.T.);
#11286 = ORIENTED_EDGE('',*,*,#11263,.F.);
#11287 = ORIENTED_EDGE('',*,*,#10997,.F.);
#11288 = PLANE('',#11289);
#11289 = AXIS2_PLACEMENT_3D('',#11290,#11291,#11292);
#11290 = CARTESIAN_POINT('',(1.181436840466,0.175,-5.551115123126E-17));
#11291 = DIRECTION('',(0.,0.,1.));
#11292 = DIRECTION('',(1.,-2.22044604925E-16,0.));
#11293 = ADVANCED_FACE('',(#11294),#11300,.T.);
#11294 = FACE_BOUND('',#11295,.T.);
#11295 = EDGE_LOOP('',(#11296,#11297,#11298,#11299));
#11296 = ORIENTED_EDGE('',*,*,#10988,.T.);
#11297 = ORIENTED_EDGE('',*,*,#11280,.T.);
#11298 = ORIENTED_EDGE('',*,*,#11080,.F.);
#11299 = ORIENTED_EDGE('',*,*,#11062,.F.);
#11300 = CYLINDRICAL_SURFACE('',#11301,0.22);
#11301 = AXIS2_PLACEMENT_3D('',#11302,#11303,#11304);
#11302 = CARTESIAN_POINT('',(1.181436840466,0.175,0.22));
#11303 = DIRECTION('',(2.22044604925E-16,1.,0.));
#11304 = DIRECTION('',(-0.984807753012,2.186712484447E-16,
    -0.173648177667));
#11305 = ADVANCED_FACE('',(#11306),#11331,.F.);
#11306 = FACE_BOUND('',#11307,.F.);
#11307 = EDGE_LOOP('',(#11308,#11309,#11317,#11325));
#11308 = ORIENTED_EDGE('',*,*,#11172,.T.);
#11309 = ORIENTED_EDGE('',*,*,#11310,.T.);
#11310 = EDGE_CURVE('',#11175,#11311,#11313,.T.);
#11311 = VERTEX_POINT('',#11312);
#11312 = CARTESIAN_POINT('',(-0.715270145251,-0.490270145251,1.11));
#11313 = LINE('',#11314,#11315);
#11314 = CARTESIAN_POINT('',(-0.715270145251,-0.490270145251,1.09));
#11315 = VECTOR('',#11316,1.);
#11316 = DIRECTION('',(0.,0.,1.));
#11317 = ORIENTED_EDGE('',*,*,#11318,.T.);
#11318 = EDGE_CURVE('',#11311,#11319,#11321,.T.);
#11319 = VERTEX_POINT('',#11320);
#11320 = CARTESIAN_POINT('',(-0.315270145251,-0.490270145251,1.11));
#11321 = LINE('',#11322,#11323);
#11322 = CARTESIAN_POINT('',(-0.715270145251,-0.490270145251,1.11));
#11323 = VECTOR('',#11324,1.);
#11324 = DIRECTION('',(1.,0.,0.));
#11325 = ORIENTED_EDGE('',*,*,#11326,.F.);
#11326 = EDGE_CURVE('',#11173,#11319,#11327,.T.);
#11327 = LINE('',#11328,#11329);
#11328 = CARTESIAN_POINT('',(-0.315270145251,-0.490270145251,1.09));
#11329 = VECTOR('',#11330,1.);
#11330 = DIRECTION('',(0.,0.,1.));
#11331 = PLANE('',#11332);
#11332 = AXIS2_PLACEMENT_3D('',#11333,#11334,#11335);
#11333 = CARTESIAN_POINT('',(-0.715270145251,-0.490270145251,1.09));
#11334 = DIRECTION('',(0.,1.,0.));
#11335 = DIRECTION('',(0.,-0.,1.));
#11336 = ADVANCED_FACE('',(#11337),#11355,.T.);
#11337 = FACE_BOUND('',#11338,.T.);
#11338 = EDGE_LOOP('',(#11339,#11340,#11341,#11349));
#11339 = ORIENTED_EDGE('',*,*,#11326,.F.);
#11340 = ORIENTED_EDGE('',*,*,#11198,.T.);
#11341 = ORIENTED_EDGE('',*,*,#11342,.T.);
#11342 = EDGE_CURVE('',#11191,#11343,#11345,.T.);
#11343 = VERTEX_POINT('',#11344);
#11344 = CARTESIAN_POINT('',(-0.315270145251,0.490270145251,1.11));
#11345 = LINE('',#11346,#11347);
#11346 = CARTESIAN_POINT('',(-0.315270145251,0.490270145251,1.09));
#11347 = VECTOR('',#11348,1.);
#11348 = DIRECTION('',(0.,0.,1.));
#11349 = ORIENTED_EDGE('',*,*,#11350,.F.);
#11350 = EDGE_CURVE('',#11319,#11343,#11351,.T.);
#11351 = LINE('',#11352,#11353);
#11352 = CARTESIAN_POINT('',(-0.315270145251,-0.490270145251,1.11));
#11353 = VECTOR('',#11354,1.);
#11354 = DIRECTION('',(0.,1.,0.));
#11355 = PLANE('',#11356);
#11356 = AXIS2_PLACEMENT_3D('',#11357,#11358,#11359);
#11357 = CARTESIAN_POINT('',(-0.315270145251,-0.490270145251,1.09));
#11358 = DIRECTION('',(1.,0.,0.));
#11359 = DIRECTION('',(0.,0.,1.));
#11360 = ADVANCED_FACE('',(#11361),#11379,.T.);
#11361 = FACE_BOUND('',#11362,.T.);
#11362 = EDGE_LOOP('',(#11363,#11364,#11372,#11378));
#11363 = ORIENTED_EDGE('',*,*,#11190,.T.);
#11364 = ORIENTED_EDGE('',*,*,#11365,.T.);
#11365 = EDGE_CURVE('',#11183,#11366,#11368,.T.);
#11366 = VERTEX_POINT('',#11367);
#11367 = CARTESIAN_POINT('',(-0.715270145251,0.490270145251,1.11));
#11368 = LINE('',#11369,#11370);
#11369 = CARTESIAN_POINT('',(-0.715270145251,0.490270145251,1.09));
#11370 = VECTOR('',#11371,1.);
#11371 = DIRECTION('',(0.,0.,1.));
#11372 = ORIENTED_EDGE('',*,*,#11373,.T.);
#11373 = EDGE_CURVE('',#11366,#11343,#11374,.T.);
#11374 = LINE('',#11375,#11376);
#11375 = CARTESIAN_POINT('',(-0.715270145251,0.490270145251,1.11));
#11376 = VECTOR('',#11377,1.);
#11377 = DIRECTION('',(1.,0.,0.));
#11378 = ORIENTED_EDGE('',*,*,#11342,.F.);
#11379 = PLANE('',#11380);
#11380 = AXIS2_PLACEMENT_3D('',#11381,#11382,#11383);
#11381 = CARTESIAN_POINT('',(-0.715270145251,0.490270145251,1.09));
#11382 = DIRECTION('',(0.,1.,0.));
#11383 = DIRECTION('',(0.,-0.,1.));
#11384 = ADVANCED_FACE('',(#11385),#11396,.F.);
#11385 = FACE_BOUND('',#11386,.F.);
#11386 = EDGE_LOOP('',(#11387,#11388,#11389,#11390));
#11387 = ORIENTED_EDGE('',*,*,#11310,.F.);
#11388 = ORIENTED_EDGE('',*,*,#11182,.T.);
#11389 = ORIENTED_EDGE('',*,*,#11365,.T.);
#11390 = ORIENTED_EDGE('',*,*,#11391,.F.);
#11391 = EDGE_CURVE('',#11311,#11366,#11392,.T.);
#11392 = LINE('',#11393,#11394);
#11393 = CARTESIAN_POINT('',(-0.715270145251,-0.490270145251,1.11));
#11394 = VECTOR('',#11395,1.);
#11395 = DIRECTION('',(0.,1.,0.));
#11396 = PLANE('',#11397);
#11397 = AXIS2_PLACEMENT_3D('',#11398,#11399,#11400);
#11398 = CARTESIAN_POINT('',(-0.715270145251,-0.490270145251,1.09));
#11399 = DIRECTION('',(1.,0.,0.));
#11400 = DIRECTION('',(0.,0.,1.));
#11401 = ADVANCED_FACE('',(#11402),#11408,.T.);
#11402 = FACE_BOUND('',#11403,.T.);
#11403 = EDGE_LOOP('',(#11404,#11405,#11406,#11407));
#11404 = ORIENTED_EDGE('',*,*,#11391,.F.);
#11405 = ORIENTED_EDGE('',*,*,#11318,.T.);
#11406 = ORIENTED_EDGE('',*,*,#11350,.T.);
#11407 = ORIENTED_EDGE('',*,*,#11373,.F.);
#11408 = PLANE('',#11409);
#11409 = AXIS2_PLACEMENT_3D('',#11410,#11411,#11412);
#11410 = CARTESIAN_POINT('',(-0.715270145251,-0.490270145251,1.11));
#11411 = DIRECTION('',(0.,0.,1.));
#11412 = DIRECTION('',(1.,0.,-0.));
#11413 = ( GEOMETRIC_REPRESENTATION_CONTEXT(3) 
GLOBAL_UNCERTAINTY_ASSIGNED_CONTEXT((#11417)) 
GLOBAL_UNIT_ASSIGNED_CONTEXT((#11414,#11415,#11416)) 
REPRESENTATION_CONTEXT('Context #1',
  '3D Context with UNIT and UNCERTAINTY') );
#11414 = ( LENGTH_UNIT() NAMED_UNIT(*) SI_UNIT(.MILLI.,.METRE.) );
#11415 = ( NAMED_UNIT(*) PLANE_ANGLE_UNIT() SI_UNIT($,.RADIAN.) );
#11416 = ( NAMED_UNIT(*) SI_UNIT($,.STERADIAN.) SOLID_ANGLE_UNIT() );
#11417 = UNCERTAINTY_MEASURE_WITH_UNIT(LENGTH_MEASURE(1.E-07),#11414,
  'distance_accuracy_value','confusion accuracy');
#11418 = CONTEXT_DEPENDENT_SHAPE_REPRESENTATION(#11419,#11421);
#11419 = ( REPRESENTATION_RELATIONSHIP('','',#9724,#9701) 
REPRESENTATION_RELATIONSHIP_WITH_TRANSFORMATION(#11420) 
SHAPE_REPRESENTATION_RELATIONSHIP() );
#11420 = ITEM_DEFINED_TRANSFORMATION('','',#11,#9702);
#11421 = PRODUCT_DEFINITION_SHAPE('Placement','Placement of an item',
  #11422);
#11422 = NEXT_ASSEMBLY_USAGE_OCCURRENCE('26','=>[0:1:1:15]','',#9696,
  #9719,$);
#11423 = PRODUCT_RELATED_PRODUCT_CATEGORY('part',$,(#9721));
#11424 = CONTEXT_DEPENDENT_SHAPE_REPRESENTATION(#11425,#11427);
#11425 = ( REPRESENTATION_RELATIONSHIP('','',#2507,#10) 
REPRESENTATION_RELATIONSHIP_WITH_TRANSFORMATION(#11426) 
SHAPE_REPRESENTATION_RELATIONSHIP() );
#11426 = ITEM_DEFINED_TRANSFORMATION('','',#11,#95);
#11427 = PRODUCT_DEFINITION_SHAPE('Placement','Placement of an item',
  #11428);
#11428 = NEXT_ASSEMBLY_USAGE_OCCURRENCE('28','C7','',#5,#2502,$);
#11429 = CONTEXT_DEPENDENT_SHAPE_REPRESENTATION(#11430,#11432);
#11430 = ( REPRESENTATION_RELATIONSHIP('','',#2507,#10) 
REPRESENTATION_RELATIONSHIP_WITH_TRANSFORMATION(#11431) 
SHAPE_REPRESENTATION_RELATIONSHIP() );
#11431 = ITEM_DEFINED_TRANSFORMATION('','',#11,#99);
#11432 = PRODUCT_DEFINITION_SHAPE('Placement','Placement of an item',
  #11433);
#11433 = NEXT_ASSEMBLY_USAGE_OCCURRENCE('29','C9','',#5,#2502,$);
#11434 = CONTEXT_DEPENDENT_SHAPE_REPRESENTATION(#11435,#11437);
#11435 = ( REPRESENTATION_RELATIONSHIP('','',#2507,#10) 
REPRESENTATION_RELATIONSHIP_WITH_TRANSFORMATION(#11436) 
SHAPE_REPRESENTATION_RELATIONSHIP() );
#11436 = ITEM_DEFINED_TRANSFORMATION('','',#11,#103);
#11437 = PRODUCT_DEFINITION_SHAPE('Placement','Placement of an item',
  #11438);
#11438 = NEXT_ASSEMBLY_USAGE_OCCURRENCE('30','C8','',#5,#2502,$);
#11439 = CONTEXT_DEPENDENT_SHAPE_REPRESENTATION(#11440,#11442);
#11440 = ( REPRESENTATION_RELATIONSHIP('','',#1033,#10) 
REPRESENTATION_RELATIONSHIP_WITH_TRANSFORMATION(#11441) 
SHAPE_REPRESENTATION_RELATIONSHIP() );
#11441 = ITEM_DEFINED_TRANSFORMATION('','',#11,#107);
#11442 = PRODUCT_DEFINITION_SHAPE('Placement','Placement of an item',
  #11443);
#11443 = NEXT_ASSEMBLY_USAGE_OCCURRENCE('31','M3','',#5,#1028,$);
#11444 = CONTEXT_DEPENDENT_SHAPE_REPRESENTATION(#11445,#11447);
#11445 = ( REPRESENTATION_RELATIONSHIP('','',#1033,#10) 
REPRESENTATION_RELATIONSHIP_WITH_TRANSFORMATION(#11446) 
SHAPE_REPRESENTATION_RELATIONSHIP() );
#11446 = ITEM_DEFINED_TRANSFORMATION('','',#11,#111);
#11447 = PRODUCT_DEFINITION_SHAPE('Placement','Placement of an item',
  #11448);
#11448 = NEXT_ASSEMBLY_USAGE_OCCURRENCE('32','M4','',#5,#1028,$);
#11449 = SHAPE_DEFINITION_REPRESENTATION(#11450,#11456);
#11450 = PRODUCT_DEFINITION_SHAPE('','',#11451);
#11451 = PRODUCT_DEFINITION('design','',#11452,#11455);
#11452 = PRODUCT_DEFINITION_FORMATION('','',#11453);
#11453 = PRODUCT('lux_PCB','lux_PCB','',(#11454));
#11454 = PRODUCT_CONTEXT('',#2,'mechanical');
#11455 = PRODUCT_DEFINITION_CONTEXT('part definition',#2,'design');
#11456 = ADVANCED_BREP_SHAPE_REPRESENTATION('',(#11,#11457),#12954);
#11457 = MANIFOLD_SOLID_BREP('',#11458);
#11458 = CLOSED_SHELL('',(#11459,#11499,#11530,#11561,#11954,#12347,
    #12364,#12381,#12398,#12410,#12427,#12444,#12461,#12478,#12495,
    #12512,#12529,#12546,#12563,#12580,#12597,#12614,#12631,#12648,
    #12665,#12682,#12699,#12716,#12733,#12750,#12767,#12784,#12801,
    #12818,#12835,#12852,#12869,#12886,#12903,#12920,#12937));
#11459 = ADVANCED_FACE('',(#11460),#11494,.T.);
#11460 = FACE_BOUND('',#11461,.T.);
#11461 = EDGE_LOOP('',(#11462,#11472,#11480,#11488));
#11462 = ORIENTED_EDGE('',*,*,#11463,.T.);
#11463 = EDGE_CURVE('',#11464,#11466,#11468,.T.);
#11464 = VERTEX_POINT('',#11465);
#11465 = CARTESIAN_POINT('',(1.474E+03,-188.5,0.));
#11466 = VERTEX_POINT('',#11467);
#11467 = CARTESIAN_POINT('',(1.474E+03,-188.5,1.51));
#11468 = LINE('',#11469,#11470);
#11469 = CARTESIAN_POINT('',(1.474E+03,-188.5,0.));
#11470 = VECTOR('',#11471,1.);
#11471 = DIRECTION('',(0.,0.,1.));
#11472 = ORIENTED_EDGE('',*,*,#11473,.T.);
#11473 = EDGE_CURVE('',#11466,#11474,#11476,.T.);
#11474 = VERTEX_POINT('',#11475);
#11475 = CARTESIAN_POINT('',(1.466E+03,-195.5,1.51));
#11476 = LINE('',#11477,#11478);
#11477 = CARTESIAN_POINT('',(1.474E+03,-188.5,1.51));
#11478 = VECTOR('',#11479,1.);
#11479 = DIRECTION('',(-0.752576694707,-0.658504607869,0.));
#11480 = ORIENTED_EDGE('',*,*,#11481,.F.);
#11481 = EDGE_CURVE('',#11482,#11474,#11484,.T.);
#11482 = VERTEX_POINT('',#11483);
#11483 = CARTESIAN_POINT('',(1.466E+03,-195.5,0.));
#11484 = LINE('',#11485,#11486);
#11485 = CARTESIAN_POINT('',(1.466E+03,-195.5,0.));
#11486 = VECTOR('',#11487,1.);
#11487 = DIRECTION('',(0.,0.,1.));
#11488 = ORIENTED_EDGE('',*,*,#11489,.F.);
#11489 = EDGE_CURVE('',#11464,#11482,#11490,.T.);
#11490 = LINE('',#11491,#11492);
#11491 = CARTESIAN_POINT('',(1.474E+03,-188.5,0.));
#11492 = VECTOR('',#11493,1.);
#11493 = DIRECTION('',(-0.752576694707,-0.658504607869,0.));
#11494 = PLANE('',#11495);
#11495 = AXIS2_PLACEMENT_3D('',#11496,#11497,#11498);
#11496 = CARTESIAN_POINT('',(1.474E+03,-188.5,0.));
#11497 = DIRECTION('',(0.658504607869,-0.752576694707,0.));
#11498 = DIRECTION('',(-0.752576694707,-0.658504607869,0.));
#11499 = ADVANCED_FACE('',(#11500),#11525,.T.);
#11500 = FACE_BOUND('',#11501,.T.);
#11501 = EDGE_LOOP('',(#11502,#11512,#11518,#11519));
#11502 = ORIENTED_EDGE('',*,*,#11503,.T.);
#11503 = EDGE_CURVE('',#11504,#11506,#11508,.T.);
#11504 = VERTEX_POINT('',#11505);
#11505 = CARTESIAN_POINT('',(1.474E+03,-168.5,0.));
#11506 = VERTEX_POINT('',#11507);
#11507 = CARTESIAN_POINT('',(1.474E+03,-168.5,1.51));
#11508 = LINE('',#11509,#11510);
#11509 = CARTESIAN_POINT('',(1.474E+03,-168.5,0.));
#11510 = VECTOR('',#11511,1.);
#11511 = DIRECTION('',(0.,0.,1.));
#11512 = ORIENTED_EDGE('',*,*,#11513,.T.);
#11513 = EDGE_CURVE('',#11506,#11466,#11514,.T.);
#11514 = LINE('',#11515,#11516);
#11515 = CARTESIAN_POINT('',(1.474E+03,-168.5,1.51));
#11516 = VECTOR('',#11517,1.);
#11517 = DIRECTION('',(0.,-1.,0.));
#11518 = ORIENTED_EDGE('',*,*,#11463,.F.);
#11519 = ORIENTED_EDGE('',*,*,#11520,.F.);
#11520 = EDGE_CURVE('',#11504,#11464,#11521,.T.);
#11521 = LINE('',#11522,#11523);
#11522 = CARTESIAN_POINT('',(1.474E+03,-168.5,0.));
#11523 = VECTOR('',#11524,1.);
#11524 = DIRECTION('',(0.,-1.,0.));
#11525 = PLANE('',#11526);
#11526 = AXIS2_PLACEMENT_3D('',#11527,#11528,#11529);
#11527 = CARTESIAN_POINT('',(1.474E+03,-168.5,0.));
#11528 = DIRECTION('',(1.,0.,-0.));
#11529 = DIRECTION('',(0.,-1.,0.));
#11530 = ADVANCED_FACE('',(#11531),#11556,.T.);
#11531 = FACE_BOUND('',#11532,.T.);
#11532 = EDGE_LOOP('',(#11533,#11534,#11542,#11550));
#11533 = ORIENTED_EDGE('',*,*,#11481,.T.);
#11534 = ORIENTED_EDGE('',*,*,#11535,.T.);
#11535 = EDGE_CURVE('',#11474,#11536,#11538,.T.);
#11536 = VERTEX_POINT('',#11537);
#11537 = CARTESIAN_POINT('',(1.3825E+03,-195.5,1.51));
#11538 = LINE('',#11539,#11540);
#11539 = CARTESIAN_POINT('',(1.466E+03,-195.5,1.51));
#11540 = VECTOR('',#11541,1.);
#11541 = DIRECTION('',(-1.,0.,0.));
#11542 = ORIENTED_EDGE('',*,*,#11543,.F.);
#11543 = EDGE_CURVE('',#11544,#11536,#11546,.T.);
#11544 = VERTEX_POINT('',#11545);
#11545 = CARTESIAN_POINT('',(1.3825E+03,-195.5,0.));
#11546 = LINE('',#11547,#11548);
#11547 = CARTESIAN_POINT('',(1.3825E+03,-195.5,0.));
#11548 = VECTOR('',#11549,1.);
#11549 = DIRECTION('',(0.,0.,1.));
#11550 = ORIENTED_EDGE('',*,*,#11551,.F.);
#11551 = EDGE_CURVE('',#11482,#11544,#11552,.T.);
#11552 = LINE('',#11553,#11554);
#11553 = CARTESIAN_POINT('',(1.466E+03,-195.5,0.));
#11554 = VECTOR('',#11555,1.);
#11555 = DIRECTION('',(-1.,0.,0.));
#11556 = PLANE('',#11557);
#11557 = AXIS2_PLACEMENT_3D('',#11558,#11559,#11560);
#11558 = CARTESIAN_POINT('',(1.466E+03,-195.5,0.));
#11559 = DIRECTION('',(0.,-1.,0.));
#11560 = DIRECTION('',(-1.,0.,0.));
#11561 = ADVANCED_FACE('',(#11562,#11597,#11608,#11619,#11630,#11641,
    #11652,#11663,#11674,#11685,#11696,#11707,#11718,#11729,#11740,
    #11751,#11762,#11773,#11784,#11795,#11806,#11817,#11828,#11839,
    #11850,#11861,#11872,#11883,#11894,#11905,#11916,#11927,#11938),
  #11949,.F.);
#11562 = FACE_BOUND('',#11563,.F.);
#11563 = EDGE_LOOP('',(#11564,#11565,#11566,#11574,#11582,#11590,#11596)
  );
#11564 = ORIENTED_EDGE('',*,*,#11489,.F.);
#11565 = ORIENTED_EDGE('',*,*,#11520,.F.);
#11566 = ORIENTED_EDGE('',*,*,#11567,.F.);
#11567 = EDGE_CURVE('',#11568,#11504,#11570,.T.);
#11568 = VERTEX_POINT('',#11569);
#11569 = CARTESIAN_POINT('',(1.3825E+03,-168.5,0.));
#11570 = LINE('',#11571,#11572);
#11571 = CARTESIAN_POINT('',(1.3825E+03,-168.5,0.));
#11572 = VECTOR('',#11573,1.);
#11573 = DIRECTION('',(1.,0.,0.));
#11574 = ORIENTED_EDGE('',*,*,#11575,.F.);
#11575 = EDGE_CURVE('',#11576,#11568,#11578,.T.);
#11576 = VERTEX_POINT('',#11577);
#11577 = CARTESIAN_POINT('',(1.376E+03,-174.5,0.));
#11578 = LINE('',#11579,#11580);
#11579 = CARTESIAN_POINT('',(1.376E+03,-174.5,0.));
#11580 = VECTOR('',#11581,1.);
#11581 = DIRECTION('',(0.734803444627,0.678280102733,0.));
#11582 = ORIENTED_EDGE('',*,*,#11583,.F.);
#11583 = EDGE_CURVE('',#11584,#11576,#11586,.T.);
#11584 = VERTEX_POINT('',#11585);
#11585 = CARTESIAN_POINT('',(1.376E+03,-189.,0.));
#11586 = LINE('',#11587,#11588);
#11587 = CARTESIAN_POINT('',(1.376E+03,-189.,0.));
#11588 = VECTOR('',#11589,1.);
#11589 = DIRECTION('',(0.,1.,0.));
#11590 = ORIENTED_EDGE('',*,*,#11591,.F.);
#11591 = EDGE_CURVE('',#11544,#11584,#11592,.T.);
#11592 = LINE('',#11593,#11594);
#11593 = CARTESIAN_POINT('',(1.3825E+03,-195.5,0.));
#11594 = VECTOR('',#11595,1.);
#11595 = DIRECTION('',(-0.707106781187,0.707106781187,0.));
#11596 = ORIENTED_EDGE('',*,*,#11551,.F.);
#11597 = FACE_BOUND('',#11598,.F.);
#11598 = EDGE_LOOP('',(#11599));
#11599 = ORIENTED_EDGE('',*,*,#11600,.T.);
#11600 = EDGE_CURVE('',#11601,#11601,#11603,.T.);
#11601 = VERTEX_POINT('',#11602);
#11602 = CARTESIAN_POINT('',(1.396E+03,-194.325,0.));
#11603 = CIRCLE('',#11604,0.325);
#11604 = AXIS2_PLACEMENT_3D('',#11605,#11606,#11607);
#11605 = CARTESIAN_POINT('',(1.396E+03,-194.,0.));
#11606 = DIRECTION('',(-0.,0.,-1.));
#11607 = DIRECTION('',(-0.,-1.,0.));
#11608 = FACE_BOUND('',#11609,.F.);
#11609 = EDGE_LOOP('',(#11610));
#11610 = ORIENTED_EDGE('',*,*,#11611,.T.);
#11611 = EDGE_CURVE('',#11612,#11612,#11614,.T.);
#11612 = VERTEX_POINT('',#11613);
#11613 = CARTESIAN_POINT('',(1.39727E+03,-194.325,0.));
#11614 = CIRCLE('',#11615,0.325);
#11615 = AXIS2_PLACEMENT_3D('',#11616,#11617,#11618);
#11616 = CARTESIAN_POINT('',(1.39727E+03,-194.,0.));
#11617 = DIRECTION('',(-0.,0.,-1.));
#11618 = DIRECTION('',(-0.,-1.,0.));
#11619 = FACE_BOUND('',#11620,.F.);
#11620 = EDGE_LOOP('',(#11621));
#11621 = ORIENTED_EDGE('',*,*,#11622,.T.);
#11622 = EDGE_CURVE('',#11623,#11623,#11625,.T.);
#11623 = VERTEX_POINT('',#11624);
#11624 = CARTESIAN_POINT('',(1.4035963E+03,-182.4144,0.));
#11625 = CIRCLE('',#11626,0.127);
#11626 = AXIS2_PLACEMENT_3D('',#11627,#11628,#11629);
#11627 = CARTESIAN_POINT('',(1.4035963E+03,-182.2874,0.));
#11628 = DIRECTION('',(-0.,0.,-1.));
#11629 = DIRECTION('',(-1.79034390113E-12,-1.,0.));
#11630 = FACE_BOUND('',#11631,.F.);
#11631 = EDGE_LOOP('',(#11632));
#11632 = ORIENTED_EDGE('',*,*,#11633,.T.);
#11633 = EDGE_CURVE('',#11634,#11634,#11636,.T.);
#11634 = VERTEX_POINT('',#11635);
#11635 = CARTESIAN_POINT('',(1.4043837E+03,-182.4144,0.));
#11636 = CIRCLE('',#11637,0.127);
#11637 = AXIS2_PLACEMENT_3D('',#11638,#11639,#11640);
#11638 = CARTESIAN_POINT('',(1.4043837E+03,-182.2874,0.));
#11639 = DIRECTION('',(-0.,0.,-1.));
#11640 = DIRECTION('',(1.790343901125E-12,-1.,-0.));
#11641 = FACE_BOUND('',#11642,.F.);
#11642 = EDGE_LOOP('',(#11643));
#11643 = ORIENTED_EDGE('',*,*,#11644,.T.);
#11644 = EDGE_CURVE('',#11645,#11645,#11647,.T.);
#11645 = VERTEX_POINT('',#11646);
#11646 = CARTESIAN_POINT('',(1.428625E+03,-194.3,0.));
#11647 = CIRCLE('',#11648,0.3);
#11648 = AXIS2_PLACEMENT_3D('',#11649,#11650,#11651);
#11649 = CARTESIAN_POINT('',(1.428625E+03,-194.,0.));
#11650 = DIRECTION('',(-0.,0.,-1.));
#11651 = DIRECTION('',(-0.,-1.,0.));
#11652 = FACE_BOUND('',#11653,.F.);
#11653 = EDGE_LOOP('',(#11654));
#11654 = ORIENTED_EDGE('',*,*,#11655,.T.);
#11655 = EDGE_CURVE('',#11656,#11656,#11658,.T.);
#11656 = VERTEX_POINT('',#11657);
#11657 = CARTESIAN_POINT('',(1.429875E+03,-194.3,0.));
#11658 = CIRCLE('',#11659,0.3);
#11659 = AXIS2_PLACEMENT_3D('',#11660,#11661,#11662);
#11660 = CARTESIAN_POINT('',(1.429875E+03,-194.,0.));
#11661 = DIRECTION('',(-0.,0.,-1.));
#11662 = DIRECTION('',(-0.,-1.,0.));
#11663 = FACE_BOUND('',#11664,.F.);
#11664 = EDGE_LOOP('',(#11665));
#11665 = ORIENTED_EDGE('',*,*,#11666,.T.);
#11666 = EDGE_CURVE('',#11667,#11667,#11669,.T.);
#11667 = VERTEX_POINT('',#11668);
#11668 = CARTESIAN_POINT('',(1.431125E+03,-194.3,0.));
#11669 = CIRCLE('',#11670,0.3);
#11670 = AXIS2_PLACEMENT_3D('',#11671,#11672,#11673);
#11671 = CARTESIAN_POINT('',(1.431125E+03,-194.,0.));
#11672 = DIRECTION('',(-0.,0.,-1.));
#11673 = DIRECTION('',(-0.,-1.,0.));
#11674 = FACE_BOUND('',#11675,.F.);
#11675 = EDGE_LOOP('',(#11676));
#11676 = ORIENTED_EDGE('',*,*,#11677,.T.);
#11677 = EDGE_CURVE('',#11678,#11678,#11680,.T.);
#11678 = VERTEX_POINT('',#11679);
#11679 = CARTESIAN_POINT('',(1.432375E+03,-194.3,0.));
#11680 = CIRCLE('',#11681,0.3);
#11681 = AXIS2_PLACEMENT_3D('',#11682,#11683,#11684);
#11682 = CARTESIAN_POINT('',(1.432375E+03,-194.,0.));
#11683 = DIRECTION('',(-0.,0.,-1.));
#11684 = DIRECTION('',(-0.,-1.,0.));
#11685 = FACE_BOUND('',#11686,.F.);
#11686 = EDGE_LOOP('',(#11687));
#11687 = ORIENTED_EDGE('',*,*,#11688,.T.);
#11688 = EDGE_CURVE('',#11689,#11689,#11691,.T.);
#11689 = VERTEX_POINT('',#11690);
#11690 = CARTESIAN_POINT('',(1.45073E+03,-194.325,0.));
#11691 = CIRCLE('',#11692,0.325);
#11692 = AXIS2_PLACEMENT_3D('',#11693,#11694,#11695);
#11693 = CARTESIAN_POINT('',(1.45073E+03,-194.,0.));
#11694 = DIRECTION('',(-0.,0.,-1.));
#11695 = DIRECTION('',(-0.,-1.,0.));
#11696 = FACE_BOUND('',#11697,.F.);
#11697 = EDGE_LOOP('',(#11698));
#11698 = ORIENTED_EDGE('',*,*,#11699,.T.);
#11699 = EDGE_CURVE('',#11700,#11700,#11702,.T.);
#11700 = VERTEX_POINT('',#11701);
#11701 = CARTESIAN_POINT('',(1.452E+03,-194.325,0.));
#11702 = CIRCLE('',#11703,0.325);
#11703 = AXIS2_PLACEMENT_3D('',#11704,#11705,#11706);
#11704 = CARTESIAN_POINT('',(1.452E+03,-194.,0.));
#11705 = DIRECTION('',(-0.,0.,-1.));
#11706 = DIRECTION('',(-0.,-1.,0.));
#11707 = FACE_BOUND('',#11708,.F.);
#11708 = EDGE_LOOP('',(#11709));
#11709 = ORIENTED_EDGE('',*,*,#11710,.T.);
#11710 = EDGE_CURVE('',#11711,#11711,#11713,.T.);
#11711 = VERTEX_POINT('',#11712);
#11712 = CARTESIAN_POINT('',(1.445E+03,-185.05,0.));
#11713 = CIRCLE('',#11714,0.3);
#11714 = AXIS2_PLACEMENT_3D('',#11715,#11716,#11717);
#11715 = CARTESIAN_POINT('',(1.445E+03,-184.75,0.));
#11716 = DIRECTION('',(-0.,0.,-1.));
#11717 = DIRECTION('',(-0.,-1.,0.));
#11718 = FACE_BOUND('',#11719,.F.);
#11719 = EDGE_LOOP('',(#11720));
#11720 = ORIENTED_EDGE('',*,*,#11721,.T.);
#11721 = EDGE_CURVE('',#11722,#11722,#11724,.T.);
#11722 = VERTEX_POINT('',#11723);
#11723 = CARTESIAN_POINT('',(1.445E+03,-183.8,0.));
#11724 = CIRCLE('',#11725,0.3);
#11725 = AXIS2_PLACEMENT_3D('',#11726,#11727,#11728);
#11726 = CARTESIAN_POINT('',(1.445E+03,-183.5,0.));
#11727 = DIRECTION('',(-0.,0.,-1.));
#11728 = DIRECTION('',(-0.,-1.,0.));
#11729 = FACE_BOUND('',#11730,.F.);
#11730 = EDGE_LOOP('',(#11731));
#11731 = ORIENTED_EDGE('',*,*,#11732,.T.);
#11732 = EDGE_CURVE('',#11733,#11733,#11735,.T.);
#11733 = VERTEX_POINT('',#11734);
#11734 = CARTESIAN_POINT('',(1.445E+03,-182.55,0.));
#11735 = CIRCLE('',#11736,0.3);
#11736 = AXIS2_PLACEMENT_3D('',#11737,#11738,#11739);
#11737 = CARTESIAN_POINT('',(1.445E+03,-182.25,0.));
#11738 = DIRECTION('',(-0.,0.,-1.));
#11739 = DIRECTION('',(-0.,-1.,0.));
#11740 = FACE_BOUND('',#11741,.F.);
#11741 = EDGE_LOOP('',(#11742));
#11742 = ORIENTED_EDGE('',*,*,#11743,.T.);
#11743 = EDGE_CURVE('',#11744,#11744,#11746,.T.);
#11744 = VERTEX_POINT('',#11745);
#11745 = CARTESIAN_POINT('',(1.3795E+03,-182.75,0.));
#11746 = CIRCLE('',#11747,1.25);
#11747 = AXIS2_PLACEMENT_3D('',#11748,#11749,#11750);
#11748 = CARTESIAN_POINT('',(1.3795E+03,-181.5,0.));
#11749 = DIRECTION('',(-0.,0.,-1.));
#11750 = DIRECTION('',(-0.,-1.,0.));
#11751 = FACE_BOUND('',#11752,.F.);
#11752 = EDGE_LOOP('',(#11753));
#11753 = ORIENTED_EDGE('',*,*,#11754,.T.);
#11754 = EDGE_CURVE('',#11755,#11755,#11757,.T.);
#11755 = VERTEX_POINT('',#11756);
#11756 = CARTESIAN_POINT('',(1.4035963E+03,-181.627,0.));
#11757 = CIRCLE('',#11758,0.127);
#11758 = AXIS2_PLACEMENT_3D('',#11759,#11760,#11761);
#11759 = CARTESIAN_POINT('',(1.4035963E+03,-181.5,0.));
#11760 = DIRECTION('',(-0.,0.,-1.));
#11761 = DIRECTION('',(-1.79034390113E-12,-1.,0.));
#11762 = FACE_BOUND('',#11763,.F.);
#11763 = EDGE_LOOP('',(#11764));
#11764 = ORIENTED_EDGE('',*,*,#11765,.T.);
#11765 = EDGE_CURVE('',#11766,#11766,#11768,.T.);
#11766 = VERTEX_POINT('',#11767);
#11767 = CARTESIAN_POINT('',(1.4043837E+03,-181.627,0.));
#11768 = CIRCLE('',#11769,0.127);
#11769 = AXIS2_PLACEMENT_3D('',#11770,#11771,#11772);
#11770 = CARTESIAN_POINT('',(1.4043837E+03,-181.5,0.));
#11771 = DIRECTION('',(-0.,0.,-1.));
#11772 = DIRECTION('',(1.790343901125E-12,-1.,-0.));
#11773 = FACE_BOUND('',#11774,.F.);
#11774 = EDGE_LOOP('',(#11775));
#11775 = ORIENTED_EDGE('',*,*,#11776,.T.);
#11776 = EDGE_CURVE('',#11777,#11777,#11779,.T.);
#11777 = VERTEX_POINT('',#11778);
#11778 = CARTESIAN_POINT('',(1.4035963E+03,-180.8396,0.));
#11779 = CIRCLE('',#11780,0.127);
#11780 = AXIS2_PLACEMENT_3D('',#11781,#11782,#11783);
#11781 = CARTESIAN_POINT('',(1.4035963E+03,-180.7126,0.));
#11782 = DIRECTION('',(-0.,0.,-1.));
#11783 = DIRECTION('',(-1.79034390113E-12,-1.,0.));
#11784 = FACE_BOUND('',#11785,.F.);
#11785 = EDGE_LOOP('',(#11786));
#11786 = ORIENTED_EDGE('',*,*,#11787,.T.);
#11787 = EDGE_CURVE('',#11788,#11788,#11790,.T.);
#11788 = VERTEX_POINT('',#11789);
#11789 = CARTESIAN_POINT('',(1.4043837E+03,-180.8396,0.));
#11790 = CIRCLE('',#11791,0.127);
#11791 = AXIS2_PLACEMENT_3D('',#11792,#11793,#11794);
#11792 = CARTESIAN_POINT('',(1.4043837E+03,-180.7126,0.));
#11793 = DIRECTION('',(-0.,0.,-1.));
#11794 = DIRECTION('',(1.790343901125E-12,-1.,-0.));
#11795 = FACE_BOUND('',#11796,.F.);
#11796 = EDGE_LOOP('',(#11797));
#11797 = ORIENTED_EDGE('',*,*,#11798,.T.);
#11798 = EDGE_CURVE('',#11799,#11799,#11801,.T.);
#11799 = VERTEX_POINT('',#11800);
#11800 = CARTESIAN_POINT('',(1.395E+03,-170.325,0.));
#11801 = CIRCLE('',#11802,0.325);
#11802 = AXIS2_PLACEMENT_3D('',#11803,#11804,#11805);
#11803 = CARTESIAN_POINT('',(1.395E+03,-170.,0.));
#11804 = DIRECTION('',(-0.,0.,-1.));
#11805 = DIRECTION('',(-0.,-1.,0.));
#11806 = FACE_BOUND('',#11807,.F.);
#11807 = EDGE_LOOP('',(#11808));
#11808 = ORIENTED_EDGE('',*,*,#11809,.T.);
#11809 = EDGE_CURVE('',#11810,#11810,#11812,.T.);
#11810 = VERTEX_POINT('',#11811);
#11811 = CARTESIAN_POINT('',(1.39627E+03,-170.325,0.));
#11812 = CIRCLE('',#11813,0.325);
#11813 = AXIS2_PLACEMENT_3D('',#11814,#11815,#11816);
#11814 = CARTESIAN_POINT('',(1.39627E+03,-170.,0.));
#11815 = DIRECTION('',(-0.,0.,-1.));
#11816 = DIRECTION('',(-0.,-1.,0.));
#11817 = FACE_BOUND('',#11818,.F.);
#11818 = EDGE_LOOP('',(#11819));
#11819 = ORIENTED_EDGE('',*,*,#11820,.T.);
#11820 = EDGE_CURVE('',#11821,#11821,#11823,.T.);
#11821 = VERTEX_POINT('',#11822);
#11822 = CARTESIAN_POINT('',(1.445E+03,-181.3,0.));
#11823 = CIRCLE('',#11824,0.3);
#11824 = AXIS2_PLACEMENT_3D('',#11825,#11826,#11827);
#11825 = CARTESIAN_POINT('',(1.445E+03,-181.,0.));
#11826 = DIRECTION('',(-0.,0.,-1.));
#11827 = DIRECTION('',(-0.,-1.,0.));
#11828 = FACE_BOUND('',#11829,.F.);
#11829 = EDGE_LOOP('',(#11830));
#11830 = ORIENTED_EDGE('',*,*,#11831,.T.);
#11831 = EDGE_CURVE('',#11832,#11832,#11834,.T.);
#11832 = VERTEX_POINT('',#11833);
#11833 = CARTESIAN_POINT('',(1.445E+03,-180.05,0.));
#11834 = CIRCLE('',#11835,0.3);
#11835 = AXIS2_PLACEMENT_3D('',#11836,#11837,#11838);
#11836 = CARTESIAN_POINT('',(1.445E+03,-179.75,0.));
#11837 = DIRECTION('',(-0.,0.,-1.));
#11838 = DIRECTION('',(-0.,-1.,0.));
#11839 = FACE_BOUND('',#11840,.F.);
#11840 = EDGE_LOOP('',(#11841));
#11841 = ORIENTED_EDGE('',*,*,#11842,.T.);
#11842 = EDGE_CURVE('',#11843,#11843,#11845,.T.);
#11843 = VERTEX_POINT('',#11844);
#11844 = CARTESIAN_POINT('',(1.445E+03,-178.8,0.));
#11845 = CIRCLE('',#11846,0.3);
#11846 = AXIS2_PLACEMENT_3D('',#11847,#11848,#11849);
#11847 = CARTESIAN_POINT('',(1.445E+03,-178.5,0.));
#11848 = DIRECTION('',(-0.,0.,-1.));
#11849 = DIRECTION('',(-0.,-1.,0.));
#11850 = FACE_BOUND('',#11851,.F.);
#11851 = EDGE_LOOP('',(#11852));
#11852 = ORIENTED_EDGE('',*,*,#11853,.T.);
#11853 = EDGE_CURVE('',#11854,#11854,#11856,.T.);
#11854 = VERTEX_POINT('',#11855);
#11855 = CARTESIAN_POINT('',(1.445E+03,-177.55,0.));
#11856 = CIRCLE('',#11857,0.3);
#11857 = AXIS2_PLACEMENT_3D('',#11858,#11859,#11860);
#11858 = CARTESIAN_POINT('',(1.445E+03,-177.25,0.));
#11859 = DIRECTION('',(-0.,0.,-1.));
#11860 = DIRECTION('',(-0.,-1.,0.));
#11861 = FACE_BOUND('',#11862,.F.);
#11862 = EDGE_LOOP('',(#11863));
#11863 = ORIENTED_EDGE('',*,*,#11864,.T.);
#11864 = EDGE_CURVE('',#11865,#11865,#11867,.T.);
#11865 = VERTEX_POINT('',#11866);
#11866 = CARTESIAN_POINT('',(1.445E+03,-176.3,0.));
#11867 = CIRCLE('',#11868,0.3);
#11868 = AXIS2_PLACEMENT_3D('',#11869,#11870,#11871);
#11869 = CARTESIAN_POINT('',(1.445E+03,-176.,0.));
#11870 = DIRECTION('',(-0.,0.,-1.));
#11871 = DIRECTION('',(-0.,-1.,0.));
#11872 = FACE_BOUND('',#11873,.F.);
#11873 = EDGE_LOOP('',(#11874));
#11874 = ORIENTED_EDGE('',*,*,#11875,.T.);
#11875 = EDGE_CURVE('',#11876,#11876,#11878,.T.);
#11876 = VERTEX_POINT('',#11877);
#11877 = CARTESIAN_POINT('',(1.4705E+03,-182.75,0.));
#11878 = CIRCLE('',#11879,1.25);
#11879 = AXIS2_PLACEMENT_3D('',#11880,#11881,#11882);
#11880 = CARTESIAN_POINT('',(1.4705E+03,-181.5,0.));
#11881 = DIRECTION('',(-0.,0.,-1.));
#11882 = DIRECTION('',(-0.,-1.,0.));
#11883 = FACE_BOUND('',#11884,.F.);
#11884 = EDGE_LOOP('',(#11885));
#11885 = ORIENTED_EDGE('',*,*,#11886,.T.);
#11886 = EDGE_CURVE('',#11887,#11887,#11889,.T.);
#11887 = VERTEX_POINT('',#11888);
#11888 = CARTESIAN_POINT('',(1.445E+03,-175.05,0.));
#11889 = CIRCLE('',#11890,0.3);
#11890 = AXIS2_PLACEMENT_3D('',#11891,#11892,#11893);
#11891 = CARTESIAN_POINT('',(1.445E+03,-174.75,0.));
#11892 = DIRECTION('',(-0.,0.,-1.));
#11893 = DIRECTION('',(-0.,-1.,0.));
#11894 = FACE_BOUND('',#11895,.F.);
#11895 = EDGE_LOOP('',(#11896));
#11896 = ORIENTED_EDGE('',*,*,#11897,.T.);
#11897 = EDGE_CURVE('',#11898,#11898,#11900,.T.);
#11898 = VERTEX_POINT('',#11899);
#11899 = CARTESIAN_POINT('',(1.445E+03,-173.8,0.));
#11900 = CIRCLE('',#11901,0.3);
#11901 = AXIS2_PLACEMENT_3D('',#11902,#11903,#11904);
#11902 = CARTESIAN_POINT('',(1.445E+03,-173.5,0.));
#11903 = DIRECTION('',(-0.,0.,-1.));
#11904 = DIRECTION('',(-0.,-1.,0.));
#11905 = FACE_BOUND('',#11906,.F.);
#11906 = EDGE_LOOP('',(#11907));
#11907 = ORIENTED_EDGE('',*,*,#11908,.T.);
#11908 = EDGE_CURVE('',#11909,#11909,#11911,.T.);
#11909 = VERTEX_POINT('',#11910);
#11910 = CARTESIAN_POINT('',(1.47075E+03,-175.3475,0.));
#11911 = CIRCLE('',#11912,0.875);
#11912 = AXIS2_PLACEMENT_3D('',#11913,#11914,#11915);
#11913 = CARTESIAN_POINT('',(1.47075E+03,-174.4725,0.));
#11914 = DIRECTION('',(-0.,0.,-1.));
#11915 = DIRECTION('',(-0.,-1.,0.));
#11916 = FACE_BOUND('',#11917,.F.);
#11917 = EDGE_LOOP('',(#11918));
#11918 = ORIENTED_EDGE('',*,*,#11919,.T.);
#11919 = EDGE_CURVE('',#11920,#11920,#11922,.T.);
#11920 = VERTEX_POINT('',#11921);
#11921 = CARTESIAN_POINT('',(1.4505E+03,-170.325,0.));
#11922 = CIRCLE('',#11923,0.325);
#11923 = AXIS2_PLACEMENT_3D('',#11924,#11925,#11926);
#11924 = CARTESIAN_POINT('',(1.4505E+03,-170.,0.));
#11925 = DIRECTION('',(-0.,0.,-1.));
#11926 = DIRECTION('',(-0.,-1.,0.));
#11927 = FACE_BOUND('',#11928,.F.);
#11928 = EDGE_LOOP('',(#11929));
#11929 = ORIENTED_EDGE('',*,*,#11930,.T.);
#11930 = EDGE_CURVE('',#11931,#11931,#11933,.T.);
#11931 = VERTEX_POINT('',#11932);
#11932 = CARTESIAN_POINT('',(1.45177E+03,-170.325,0.));
#11933 = CIRCLE('',#11934,0.325);
#11934 = AXIS2_PLACEMENT_3D('',#11935,#11936,#11937);
#11935 = CARTESIAN_POINT('',(1.45177E+03,-170.,0.));
#11936 = DIRECTION('',(-0.,0.,-1.));
#11937 = DIRECTION('',(-0.,-1.,0.));
#11938 = FACE_BOUND('',#11939,.F.);
#11939 = EDGE_LOOP('',(#11940));
#11940 = ORIENTED_EDGE('',*,*,#11941,.T.);
#11941 = EDGE_CURVE('',#11942,#11942,#11944,.T.);
#11942 = VERTEX_POINT('',#11943);
#11943 = CARTESIAN_POINT('',(1.47075E+03,-171.4675,0.));
#11944 = CIRCLE('',#11945,0.875);
#11945 = AXIS2_PLACEMENT_3D('',#11946,#11947,#11948);
#11946 = CARTESIAN_POINT('',(1.47075E+03,-170.5925,0.));
#11947 = DIRECTION('',(-0.,0.,-1.));
#11948 = DIRECTION('',(-0.,-1.,0.));
#11949 = PLANE('',#11950);
#11950 = AXIS2_PLACEMENT_3D('',#11951,#11952,#11953);
#11951 = CARTESIAN_POINT('',(0.,0.,0.));
#11952 = DIRECTION('',(0.,0.,1.));
#11953 = DIRECTION('',(1.,0.,-0.));
#11954 = ADVANCED_FACE('',(#11955,#11990,#12001,#12012,#12023,#12034,
    #12045,#12056,#12067,#12078,#12089,#12100,#12111,#12122,#12133,
    #12144,#12155,#12166,#12177,#12188,#12199,#12210,#12221,#12232,
    #12243,#12254,#12265,#12276,#12287,#12298,#12309,#12320,#12331),
  #12342,.T.);
#11955 = FACE_BOUND('',#11956,.T.);
#11956 = EDGE_LOOP('',(#11957,#11958,#11959,#11967,#11975,#11983,#11989)
  );
#11957 = ORIENTED_EDGE('',*,*,#11473,.F.);
#11958 = ORIENTED_EDGE('',*,*,#11513,.F.);
#11959 = ORIENTED_EDGE('',*,*,#11960,.F.);
#11960 = EDGE_CURVE('',#11961,#11506,#11963,.T.);
#11961 = VERTEX_POINT('',#11962);
#11962 = CARTESIAN_POINT('',(1.3825E+03,-168.5,1.51));
#11963 = LINE('',#11964,#11965);
#11964 = CARTESIAN_POINT('',(1.3825E+03,-168.5,1.51));
#11965 = VECTOR('',#11966,1.);
#11966 = DIRECTION('',(1.,0.,0.));
#11967 = ORIENTED_EDGE('',*,*,#11968,.F.);
#11968 = EDGE_CURVE('',#11969,#11961,#11971,.T.);
#11969 = VERTEX_POINT('',#11970);
#11970 = CARTESIAN_POINT('',(1.376E+03,-174.5,1.51));
#11971 = LINE('',#11972,#11973);
#11972 = CARTESIAN_POINT('',(1.376E+03,-174.5,1.51));
#11973 = VECTOR('',#11974,1.);
#11974 = DIRECTION('',(0.734803444627,0.678280102733,0.));
#11975 = ORIENTED_EDGE('',*,*,#11976,.F.);
#11976 = EDGE_CURVE('',#11977,#11969,#11979,.T.);
#11977 = VERTEX_POINT('',#11978);
#11978 = CARTESIAN_POINT('',(1.376E+03,-189.,1.51));
#11979 = LINE('',#11980,#11981);
#11980 = CARTESIAN_POINT('',(1.376E+03,-189.,1.51));
#11981 = VECTOR('',#11982,1.);
#11982 = DIRECTION('',(0.,1.,0.));
#11983 = ORIENTED_EDGE('',*,*,#11984,.F.);
#11984 = EDGE_CURVE('',#11536,#11977,#11985,.T.);
#11985 = LINE('',#11986,#11987);
#11986 = CARTESIAN_POINT('',(1.3825E+03,-195.5,1.51));
#11987 = VECTOR('',#11988,1.);
#11988 = DIRECTION('',(-0.707106781187,0.707106781187,0.));
#11989 = ORIENTED_EDGE('',*,*,#11535,.F.);
#11990 = FACE_BOUND('',#11991,.T.);
#11991 = EDGE_LOOP('',(#11992));
#11992 = ORIENTED_EDGE('',*,*,#11993,.T.);
#11993 = EDGE_CURVE('',#11994,#11994,#11996,.T.);
#11994 = VERTEX_POINT('',#11995);
#11995 = CARTESIAN_POINT('',(1.396E+03,-194.325,1.51));
#11996 = CIRCLE('',#11997,0.325);
#11997 = AXIS2_PLACEMENT_3D('',#11998,#11999,#12000);
#11998 = CARTESIAN_POINT('',(1.396E+03,-194.,1.51));
#11999 = DIRECTION('',(-0.,0.,-1.));
#12000 = DIRECTION('',(-0.,-1.,0.));
#12001 = FACE_BOUND('',#12002,.T.);
#12002 = EDGE_LOOP('',(#12003));
#12003 = ORIENTED_EDGE('',*,*,#12004,.T.);
#12004 = EDGE_CURVE('',#12005,#12005,#12007,.T.);
#12005 = VERTEX_POINT('',#12006);
#12006 = CARTESIAN_POINT('',(1.39727E+03,-194.325,1.51));
#12007 = CIRCLE('',#12008,0.325);
#12008 = AXIS2_PLACEMENT_3D('',#12009,#12010,#12011);
#12009 = CARTESIAN_POINT('',(1.39727E+03,-194.,1.51));
#12010 = DIRECTION('',(-0.,0.,-1.));
#12011 = DIRECTION('',(-0.,-1.,0.));
#12012 = FACE_BOUND('',#12013,.T.);
#12013 = EDGE_LOOP('',(#12014));
#12014 = ORIENTED_EDGE('',*,*,#12015,.T.);
#12015 = EDGE_CURVE('',#12016,#12016,#12018,.T.);
#12016 = VERTEX_POINT('',#12017);
#12017 = CARTESIAN_POINT('',(1.4035963E+03,-182.4144,1.51));
#12018 = CIRCLE('',#12019,0.127);
#12019 = AXIS2_PLACEMENT_3D('',#12020,#12021,#12022);
#12020 = CARTESIAN_POINT('',(1.4035963E+03,-182.2874,1.51));
#12021 = DIRECTION('',(-0.,0.,-1.));
#12022 = DIRECTION('',(-1.79034390113E-12,-1.,0.));
#12023 = FACE_BOUND('',#12024,.T.);
#12024 = EDGE_LOOP('',(#12025));
#12025 = ORIENTED_EDGE('',*,*,#12026,.T.);
#12026 = EDGE_CURVE('',#12027,#12027,#12029,.T.);
#12027 = VERTEX_POINT('',#12028);
#12028 = CARTESIAN_POINT('',(1.4043837E+03,-182.4144,1.51));
#12029 = CIRCLE('',#12030,0.127);
#12030 = AXIS2_PLACEMENT_3D('',#12031,#12032,#12033);
#12031 = CARTESIAN_POINT('',(1.4043837E+03,-182.2874,1.51));
#12032 = DIRECTION('',(-0.,0.,-1.));
#12033 = DIRECTION('',(1.790343901125E-12,-1.,-0.));
#12034 = FACE_BOUND('',#12035,.T.);
#12035 = EDGE_LOOP('',(#12036));
#12036 = ORIENTED_EDGE('',*,*,#12037,.T.);
#12037 = EDGE_CURVE('',#12038,#12038,#12040,.T.);
#12038 = VERTEX_POINT('',#12039);
#12039 = CARTESIAN_POINT('',(1.428625E+03,-194.3,1.51));
#12040 = CIRCLE('',#12041,0.3);
#12041 = AXIS2_PLACEMENT_3D('',#12042,#12043,#12044);
#12042 = CARTESIAN_POINT('',(1.428625E+03,-194.,1.51));
#12043 = DIRECTION('',(-0.,0.,-1.));
#12044 = DIRECTION('',(-0.,-1.,0.));
#12045 = FACE_BOUND('',#12046,.T.);
#12046 = EDGE_LOOP('',(#12047));
#12047 = ORIENTED_EDGE('',*,*,#12048,.T.);
#12048 = EDGE_CURVE('',#12049,#12049,#12051,.T.);
#12049 = VERTEX_POINT('',#12050);
#12050 = CARTESIAN_POINT('',(1.429875E+03,-194.3,1.51));
#12051 = CIRCLE('',#12052,0.3);
#12052 = AXIS2_PLACEMENT_3D('',#12053,#12054,#12055);
#12053 = CARTESIAN_POINT('',(1.429875E+03,-194.,1.51));
#12054 = DIRECTION('',(-0.,0.,-1.));
#12055 = DIRECTION('',(-0.,-1.,0.));
#12056 = FACE_BOUND('',#12057,.T.);
#12057 = EDGE_LOOP('',(#12058));
#12058 = ORIENTED_EDGE('',*,*,#12059,.T.);
#12059 = EDGE_CURVE('',#12060,#12060,#12062,.T.);
#12060 = VERTEX_POINT('',#12061);
#12061 = CARTESIAN_POINT('',(1.431125E+03,-194.3,1.51));
#12062 = CIRCLE('',#12063,0.3);
#12063 = AXIS2_PLACEMENT_3D('',#12064,#12065,#12066);
#12064 = CARTESIAN_POINT('',(1.431125E+03,-194.,1.51));
#12065 = DIRECTION('',(-0.,0.,-1.));
#12066 = DIRECTION('',(-0.,-1.,0.));
#12067 = FACE_BOUND('',#12068,.T.);
#12068 = EDGE_LOOP('',(#12069));
#12069 = ORIENTED_EDGE('',*,*,#12070,.T.);
#12070 = EDGE_CURVE('',#12071,#12071,#12073,.T.);
#12071 = VERTEX_POINT('',#12072);
#12072 = CARTESIAN_POINT('',(1.432375E+03,-194.3,1.51));
#12073 = CIRCLE('',#12074,0.3);
#12074 = AXIS2_PLACEMENT_3D('',#12075,#12076,#12077);
#12075 = CARTESIAN_POINT('',(1.432375E+03,-194.,1.51));
#12076 = DIRECTION('',(-0.,0.,-1.));
#12077 = DIRECTION('',(-0.,-1.,0.));
#12078 = FACE_BOUND('',#12079,.T.);
#12079 = EDGE_LOOP('',(#12080));
#12080 = ORIENTED_EDGE('',*,*,#12081,.T.);
#12081 = EDGE_CURVE('',#12082,#12082,#12084,.T.);
#12082 = VERTEX_POINT('',#12083);
#12083 = CARTESIAN_POINT('',(1.45073E+03,-194.325,1.51));
#12084 = CIRCLE('',#12085,0.325);
#12085 = AXIS2_PLACEMENT_3D('',#12086,#12087,#12088);
#12086 = CARTESIAN_POINT('',(1.45073E+03,-194.,1.51));
#12087 = DIRECTION('',(-0.,0.,-1.));
#12088 = DIRECTION('',(-0.,-1.,0.));
#12089 = FACE_BOUND('',#12090,.T.);
#12090 = EDGE_LOOP('',(#12091));
#12091 = ORIENTED_EDGE('',*,*,#12092,.T.);
#12092 = EDGE_CURVE('',#12093,#12093,#12095,.T.);
#12093 = VERTEX_POINT('',#12094);
#12094 = CARTESIAN_POINT('',(1.452E+03,-194.325,1.51));
#12095 = CIRCLE('',#12096,0.325);
#12096 = AXIS2_PLACEMENT_3D('',#12097,#12098,#12099);
#12097 = CARTESIAN_POINT('',(1.452E+03,-194.,1.51));
#12098 = DIRECTION('',(-0.,0.,-1.));
#12099 = DIRECTION('',(-0.,-1.,0.));
#12100 = FACE_BOUND('',#12101,.T.);
#12101 = EDGE_LOOP('',(#12102));
#12102 = ORIENTED_EDGE('',*,*,#12103,.T.);
#12103 = EDGE_CURVE('',#12104,#12104,#12106,.T.);
#12104 = VERTEX_POINT('',#12105);
#12105 = CARTESIAN_POINT('',(1.445E+03,-185.05,1.51));
#12106 = CIRCLE('',#12107,0.3);
#12107 = AXIS2_PLACEMENT_3D('',#12108,#12109,#12110);
#12108 = CARTESIAN_POINT('',(1.445E+03,-184.75,1.51));
#12109 = DIRECTION('',(-0.,0.,-1.));
#12110 = DIRECTION('',(-0.,-1.,0.));
#12111 = FACE_BOUND('',#12112,.T.);
#12112 = EDGE_LOOP('',(#12113));
#12113 = ORIENTED_EDGE('',*,*,#12114,.T.);
#12114 = EDGE_CURVE('',#12115,#12115,#12117,.T.);
#12115 = VERTEX_POINT('',#12116);
#12116 = CARTESIAN_POINT('',(1.445E+03,-183.8,1.51));
#12117 = CIRCLE('',#12118,0.3);
#12118 = AXIS2_PLACEMENT_3D('',#12119,#12120,#12121);
#12119 = CARTESIAN_POINT('',(1.445E+03,-183.5,1.51));
#12120 = DIRECTION('',(-0.,0.,-1.));
#12121 = DIRECTION('',(-0.,-1.,0.));
#12122 = FACE_BOUND('',#12123,.T.);
#12123 = EDGE_LOOP('',(#12124));
#12124 = ORIENTED_EDGE('',*,*,#12125,.T.);
#12125 = EDGE_CURVE('',#12126,#12126,#12128,.T.);
#12126 = VERTEX_POINT('',#12127);
#12127 = CARTESIAN_POINT('',(1.445E+03,-182.55,1.51));
#12128 = CIRCLE('',#12129,0.3);
#12129 = AXIS2_PLACEMENT_3D('',#12130,#12131,#12132);
#12130 = CARTESIAN_POINT('',(1.445E+03,-182.25,1.51));
#12131 = DIRECTION('',(-0.,0.,-1.));
#12132 = DIRECTION('',(-0.,-1.,0.));
#12133 = FACE_BOUND('',#12134,.T.);
#12134 = EDGE_LOOP('',(#12135));
#12135 = ORIENTED_EDGE('',*,*,#12136,.T.);
#12136 = EDGE_CURVE('',#12137,#12137,#12139,.T.);
#12137 = VERTEX_POINT('',#12138);
#12138 = CARTESIAN_POINT('',(1.3795E+03,-182.75,1.51));
#12139 = CIRCLE('',#12140,1.25);
#12140 = AXIS2_PLACEMENT_3D('',#12141,#12142,#12143);
#12141 = CARTESIAN_POINT('',(1.3795E+03,-181.5,1.51));
#12142 = DIRECTION('',(-0.,0.,-1.));
#12143 = DIRECTION('',(-0.,-1.,0.));
#12144 = FACE_BOUND('',#12145,.T.);
#12145 = EDGE_LOOP('',(#12146));
#12146 = ORIENTED_EDGE('',*,*,#12147,.T.);
#12147 = EDGE_CURVE('',#12148,#12148,#12150,.T.);
#12148 = VERTEX_POINT('',#12149);
#12149 = CARTESIAN_POINT('',(1.4035963E+03,-181.627,1.51));
#12150 = CIRCLE('',#12151,0.127);
#12151 = AXIS2_PLACEMENT_3D('',#12152,#12153,#12154);
#12152 = CARTESIAN_POINT('',(1.4035963E+03,-181.5,1.51));
#12153 = DIRECTION('',(-0.,0.,-1.));
#12154 = DIRECTION('',(-1.79034390113E-12,-1.,0.));
#12155 = FACE_BOUND('',#12156,.T.);
#12156 = EDGE_LOOP('',(#12157));
#12157 = ORIENTED_EDGE('',*,*,#12158,.T.);
#12158 = EDGE_CURVE('',#12159,#12159,#12161,.T.);
#12159 = VERTEX_POINT('',#12160);
#12160 = CARTESIAN_POINT('',(1.4043837E+03,-181.627,1.51));
#12161 = CIRCLE('',#12162,0.127);
#12162 = AXIS2_PLACEMENT_3D('',#12163,#12164,#12165);
#12163 = CARTESIAN_POINT('',(1.4043837E+03,-181.5,1.51));
#12164 = DIRECTION('',(-0.,0.,-1.));
#12165 = DIRECTION('',(1.790343901125E-12,-1.,-0.));
#12166 = FACE_BOUND('',#12167,.T.);
#12167 = EDGE_LOOP('',(#12168));
#12168 = ORIENTED_EDGE('',*,*,#12169,.T.);
#12169 = EDGE_CURVE('',#12170,#12170,#12172,.T.);
#12170 = VERTEX_POINT('',#12171);
#12171 = CARTESIAN_POINT('',(1.4035963E+03,-180.8396,1.51));
#12172 = CIRCLE('',#12173,0.127);
#12173 = AXIS2_PLACEMENT_3D('',#12174,#12175,#12176);
#12174 = CARTESIAN_POINT('',(1.4035963E+03,-180.7126,1.51));
#12175 = DIRECTION('',(-0.,0.,-1.));
#12176 = DIRECTION('',(-1.79034390113E-12,-1.,0.));
#12177 = FACE_BOUND('',#12178,.T.);
#12178 = EDGE_LOOP('',(#12179));
#12179 = ORIENTED_EDGE('',*,*,#12180,.T.);
#12180 = EDGE_CURVE('',#12181,#12181,#12183,.T.);
#12181 = VERTEX_POINT('',#12182);
#12182 = CARTESIAN_POINT('',(1.4043837E+03,-180.8396,1.51));
#12183 = CIRCLE('',#12184,0.127);
#12184 = AXIS2_PLACEMENT_3D('',#12185,#12186,#12187);
#12185 = CARTESIAN_POINT('',(1.4043837E+03,-180.7126,1.51));
#12186 = DIRECTION('',(-0.,0.,-1.));
#12187 = DIRECTION('',(1.790343901125E-12,-1.,-0.));
#12188 = FACE_BOUND('',#12189,.T.);
#12189 = EDGE_LOOP('',(#12190));
#12190 = ORIENTED_EDGE('',*,*,#12191,.T.);
#12191 = EDGE_CURVE('',#12192,#12192,#12194,.T.);
#12192 = VERTEX_POINT('',#12193);
#12193 = CARTESIAN_POINT('',(1.395E+03,-170.325,1.51));
#12194 = CIRCLE('',#12195,0.325);
#12195 = AXIS2_PLACEMENT_3D('',#12196,#12197,#12198);
#12196 = CARTESIAN_POINT('',(1.395E+03,-170.,1.51));
#12197 = DIRECTION('',(-0.,0.,-1.));
#12198 = DIRECTION('',(-0.,-1.,0.));
#12199 = FACE_BOUND('',#12200,.T.);
#12200 = EDGE_LOOP('',(#12201));
#12201 = ORIENTED_EDGE('',*,*,#12202,.T.);
#12202 = EDGE_CURVE('',#12203,#12203,#12205,.T.);
#12203 = VERTEX_POINT('',#12204);
#12204 = CARTESIAN_POINT('',(1.39627E+03,-170.325,1.51));
#12205 = CIRCLE('',#12206,0.325);
#12206 = AXIS2_PLACEMENT_3D('',#12207,#12208,#12209);
#12207 = CARTESIAN_POINT('',(1.39627E+03,-170.,1.51));
#12208 = DIRECTION('',(-0.,0.,-1.));
#12209 = DIRECTION('',(-0.,-1.,0.));
#12210 = FACE_BOUND('',#12211,.T.);
#12211 = EDGE_LOOP('',(#12212));
#12212 = ORIENTED_EDGE('',*,*,#12213,.T.);
#12213 = EDGE_CURVE('',#12214,#12214,#12216,.T.);
#12214 = VERTEX_POINT('',#12215);
#12215 = CARTESIAN_POINT('',(1.445E+03,-181.3,1.51));
#12216 = CIRCLE('',#12217,0.3);
#12217 = AXIS2_PLACEMENT_3D('',#12218,#12219,#12220);
#12218 = CARTESIAN_POINT('',(1.445E+03,-181.,1.51));
#12219 = DIRECTION('',(-0.,0.,-1.));
#12220 = DIRECTION('',(-0.,-1.,0.));
#12221 = FACE_BOUND('',#12222,.T.);
#12222 = EDGE_LOOP('',(#12223));
#12223 = ORIENTED_EDGE('',*,*,#12224,.T.);
#12224 = EDGE_CURVE('',#12225,#12225,#12227,.T.);
#12225 = VERTEX_POINT('',#12226);
#12226 = CARTESIAN_POINT('',(1.445E+03,-180.05,1.51));
#12227 = CIRCLE('',#12228,0.3);
#12228 = AXIS2_PLACEMENT_3D('',#12229,#12230,#12231);
#12229 = CARTESIAN_POINT('',(1.445E+03,-179.75,1.51));
#12230 = DIRECTION('',(-0.,0.,-1.));
#12231 = DIRECTION('',(-0.,-1.,0.));
#12232 = FACE_BOUND('',#12233,.T.);
#12233 = EDGE_LOOP('',(#12234));
#12234 = ORIENTED_EDGE('',*,*,#12235,.T.);
#12235 = EDGE_CURVE('',#12236,#12236,#12238,.T.);
#12236 = VERTEX_POINT('',#12237);
#12237 = CARTESIAN_POINT('',(1.445E+03,-178.8,1.51));
#12238 = CIRCLE('',#12239,0.3);
#12239 = AXIS2_PLACEMENT_3D('',#12240,#12241,#12242);
#12240 = CARTESIAN_POINT('',(1.445E+03,-178.5,1.51));
#12241 = DIRECTION('',(-0.,0.,-1.));
#12242 = DIRECTION('',(-0.,-1.,0.));
#12243 = FACE_BOUND('',#12244,.T.);
#12244 = EDGE_LOOP('',(#12245));
#12245 = ORIENTED_EDGE('',*,*,#12246,.T.);
#12246 = EDGE_CURVE('',#12247,#12247,#12249,.T.);
#12247 = VERTEX_POINT('',#12248);
#12248 = CARTESIAN_POINT('',(1.445E+03,-177.55,1.51));
#12249 = CIRCLE('',#12250,0.3);
#12250 = AXIS2_PLACEMENT_3D('',#12251,#12252,#12253);
#12251 = CARTESIAN_POINT('',(1.445E+03,-177.25,1.51));
#12252 = DIRECTION('',(-0.,0.,-1.));
#12253 = DIRECTION('',(-0.,-1.,0.));
#12254 = FACE_BOUND('',#12255,.T.);
#12255 = EDGE_LOOP('',(#12256));
#12256 = ORIENTED_EDGE('',*,*,#12257,.T.);
#12257 = EDGE_CURVE('',#12258,#12258,#12260,.T.);
#12258 = VERTEX_POINT('',#12259);
#12259 = CARTESIAN_POINT('',(1.445E+03,-176.3,1.51));
#12260 = CIRCLE('',#12261,0.3);
#12261 = AXIS2_PLACEMENT_3D('',#12262,#12263,#12264);
#12262 = CARTESIAN_POINT('',(1.445E+03,-176.,1.51));
#12263 = DIRECTION('',(-0.,0.,-1.));
#12264 = DIRECTION('',(-0.,-1.,0.));
#12265 = FACE_BOUND('',#12266,.T.);
#12266 = EDGE_LOOP('',(#12267));
#12267 = ORIENTED_EDGE('',*,*,#12268,.T.);
#12268 = EDGE_CURVE('',#12269,#12269,#12271,.T.);
#12269 = VERTEX_POINT('',#12270);
#12270 = CARTESIAN_POINT('',(1.4705E+03,-182.75,1.51));
#12271 = CIRCLE('',#12272,1.25);
#12272 = AXIS2_PLACEMENT_3D('',#12273,#12274,#12275);
#12273 = CARTESIAN_POINT('',(1.4705E+03,-181.5,1.51));
#12274 = DIRECTION('',(-0.,0.,-1.));
#12275 = DIRECTION('',(-0.,-1.,0.));
#12276 = FACE_BOUND('',#12277,.T.);
#12277 = EDGE_LOOP('',(#12278));
#12278 = ORIENTED_EDGE('',*,*,#12279,.T.);
#12279 = EDGE_CURVE('',#12280,#12280,#12282,.T.);
#12280 = VERTEX_POINT('',#12281);
#12281 = CARTESIAN_POINT('',(1.445E+03,-175.05,1.51));
#12282 = CIRCLE('',#12283,0.3);
#12283 = AXIS2_PLACEMENT_3D('',#12284,#12285,#12286);
#12284 = CARTESIAN_POINT('',(1.445E+03,-174.75,1.51));
#12285 = DIRECTION('',(-0.,0.,-1.));
#12286 = DIRECTION('',(-0.,-1.,0.));
#12287 = FACE_BOUND('',#12288,.T.);
#12288 = EDGE_LOOP('',(#12289));
#12289 = ORIENTED_EDGE('',*,*,#12290,.T.);
#12290 = EDGE_CURVE('',#12291,#12291,#12293,.T.);
#12291 = VERTEX_POINT('',#12292);
#12292 = CARTESIAN_POINT('',(1.445E+03,-173.8,1.51));
#12293 = CIRCLE('',#12294,0.3);
#12294 = AXIS2_PLACEMENT_3D('',#12295,#12296,#12297);
#12295 = CARTESIAN_POINT('',(1.445E+03,-173.5,1.51));
#12296 = DIRECTION('',(-0.,0.,-1.));
#12297 = DIRECTION('',(-0.,-1.,0.));
#12298 = FACE_BOUND('',#12299,.T.);
#12299 = EDGE_LOOP('',(#12300));
#12300 = ORIENTED_EDGE('',*,*,#12301,.T.);
#12301 = EDGE_CURVE('',#12302,#12302,#12304,.T.);
#12302 = VERTEX_POINT('',#12303);
#12303 = CARTESIAN_POINT('',(1.47075E+03,-175.3475,1.51));
#12304 = CIRCLE('',#12305,0.875);
#12305 = AXIS2_PLACEMENT_3D('',#12306,#12307,#12308);
#12306 = CARTESIAN_POINT('',(1.47075E+03,-174.4725,1.51));
#12307 = DIRECTION('',(-0.,0.,-1.));
#12308 = DIRECTION('',(-0.,-1.,0.));
#12309 = FACE_BOUND('',#12310,.T.);
#12310 = EDGE_LOOP('',(#12311));
#12311 = ORIENTED_EDGE('',*,*,#12312,.T.);
#12312 = EDGE_CURVE('',#12313,#12313,#12315,.T.);
#12313 = VERTEX_POINT('',#12314);
#12314 = CARTESIAN_POINT('',(1.4505E+03,-170.325,1.51));
#12315 = CIRCLE('',#12316,0.325);
#12316 = AXIS2_PLACEMENT_3D('',#12317,#12318,#12319);
#12317 = CARTESIAN_POINT('',(1.4505E+03,-170.,1.51));
#12318 = DIRECTION('',(-0.,0.,-1.));
#12319 = DIRECTION('',(-0.,-1.,0.));
#12320 = FACE_BOUND('',#12321,.T.);
#12321 = EDGE_LOOP('',(#12322));
#12322 = ORIENTED_EDGE('',*,*,#12323,.T.);
#12323 = EDGE_CURVE('',#12324,#12324,#12326,.T.);
#12324 = VERTEX_POINT('',#12325);
#12325 = CARTESIAN_POINT('',(1.45177E+03,-170.325,1.51));
#12326 = CIRCLE('',#12327,0.325);
#12327 = AXIS2_PLACEMENT_3D('',#12328,#12329,#12330);
#12328 = CARTESIAN_POINT('',(1.45177E+03,-170.,1.51));
#12329 = DIRECTION('',(-0.,0.,-1.));
#12330 = DIRECTION('',(-0.,-1.,0.));
#12331 = FACE_BOUND('',#12332,.T.);
#12332 = EDGE_LOOP('',(#12333));
#12333 = ORIENTED_EDGE('',*,*,#12334,.T.);
#12334 = EDGE_CURVE('',#12335,#12335,#12337,.T.);
#12335 = VERTEX_POINT('',#12336);
#12336 = CARTESIAN_POINT('',(1.47075E+03,-171.4675,1.51));
#12337 = CIRCLE('',#12338,0.875);
#12338 = AXIS2_PLACEMENT_3D('',#12339,#12340,#12341);
#12339 = CARTESIAN_POINT('',(1.47075E+03,-170.5925,1.51));
#12340 = DIRECTION('',(-0.,0.,-1.));
#12341 = DIRECTION('',(-0.,-1.,0.));
#12342 = PLANE('',#12343);
#12343 = AXIS2_PLACEMENT_3D('',#12344,#12345,#12346);
#12344 = CARTESIAN_POINT('',(0.,0.,1.51));
#12345 = DIRECTION('',(0.,0.,1.));
#12346 = DIRECTION('',(1.,0.,-0.));
#12347 = ADVANCED_FACE('',(#12348),#12359,.T.);
#12348 = FACE_BOUND('',#12349,.T.);
#12349 = EDGE_LOOP('',(#12350,#12356,#12357,#12358));
#12350 = ORIENTED_EDGE('',*,*,#12351,.T.);
#12351 = EDGE_CURVE('',#11568,#11961,#12352,.T.);
#12352 = LINE('',#12353,#12354);
#12353 = CARTESIAN_POINT('',(1.3825E+03,-168.5,0.));
#12354 = VECTOR('',#12355,1.);
#12355 = DIRECTION('',(0.,0.,1.));
#12356 = ORIENTED_EDGE('',*,*,#11960,.T.);
#12357 = ORIENTED_EDGE('',*,*,#11503,.F.);
#12358 = ORIENTED_EDGE('',*,*,#11567,.F.);
#12359 = PLANE('',#12360);
#12360 = AXIS2_PLACEMENT_3D('',#12361,#12362,#12363);
#12361 = CARTESIAN_POINT('',(1.3825E+03,-168.5,0.));
#12362 = DIRECTION('',(0.,1.,0.));
#12363 = DIRECTION('',(1.,0.,0.));
#12364 = ADVANCED_FACE('',(#12365),#12376,.T.);
#12365 = FACE_BOUND('',#12366,.T.);
#12366 = EDGE_LOOP('',(#12367,#12368,#12369,#12375));
#12367 = ORIENTED_EDGE('',*,*,#11543,.T.);
#12368 = ORIENTED_EDGE('',*,*,#11984,.T.);
#12369 = ORIENTED_EDGE('',*,*,#12370,.F.);
#12370 = EDGE_CURVE('',#11584,#11977,#12371,.T.);
#12371 = LINE('',#12372,#12373);
#12372 = CARTESIAN_POINT('',(1.376E+03,-189.,0.));
#12373 = VECTOR('',#12374,1.);
#12374 = DIRECTION('',(0.,0.,1.));
#12375 = ORIENTED_EDGE('',*,*,#11591,.F.);
#12376 = PLANE('',#12377);
#12377 = AXIS2_PLACEMENT_3D('',#12378,#12379,#12380);
#12378 = CARTESIAN_POINT('',(1.3825E+03,-195.5,0.));
#12379 = DIRECTION('',(-0.707106781187,-0.707106781187,0.));
#12380 = DIRECTION('',(-0.707106781187,0.707106781187,0.));
#12381 = ADVANCED_FACE('',(#12382),#12393,.T.);
#12382 = FACE_BOUND('',#12383,.T.);
#12383 = EDGE_LOOP('',(#12384,#12390,#12391,#12392));
#12384 = ORIENTED_EDGE('',*,*,#12385,.T.);
#12385 = EDGE_CURVE('',#11576,#11969,#12386,.T.);
#12386 = LINE('',#12387,#12388);
#12387 = CARTESIAN_POINT('',(1.376E+03,-174.5,0.));
#12388 = VECTOR('',#12389,1.);
#12389 = DIRECTION('',(0.,0.,1.));
#12390 = ORIENTED_EDGE('',*,*,#11968,.T.);
#12391 = ORIENTED_EDGE('',*,*,#12351,.F.);
#12392 = ORIENTED_EDGE('',*,*,#11575,.F.);
#12393 = PLANE('',#12394);
#12394 = AXIS2_PLACEMENT_3D('',#12395,#12396,#12397);
#12395 = CARTESIAN_POINT('',(1.376E+03,-174.5,0.));
#12396 = DIRECTION('',(-0.678280102733,0.734803444627,0.));
#12397 = DIRECTION('',(0.734803444627,0.678280102733,0.));
#12398 = ADVANCED_FACE('',(#12399),#12405,.T.);
#12399 = FACE_BOUND('',#12400,.T.);
#12400 = EDGE_LOOP('',(#12401,#12402,#12403,#12404));
#12401 = ORIENTED_EDGE('',*,*,#12370,.T.);
#12402 = ORIENTED_EDGE('',*,*,#11976,.T.);
#12403 = ORIENTED_EDGE('',*,*,#12385,.F.);
#12404 = ORIENTED_EDGE('',*,*,#11583,.F.);
#12405 = PLANE('',#12406);
#12406 = AXIS2_PLACEMENT_3D('',#12407,#12408,#12409);
#12407 = CARTESIAN_POINT('',(1.376E+03,-189.,0.));
#12408 = DIRECTION('',(-1.,0.,0.));
#12409 = DIRECTION('',(0.,1.,0.));
#12410 = ADVANCED_FACE('',(#12411),#12422,.F.);
#12411 = FACE_BOUND('',#12412,.T.);
#12412 = EDGE_LOOP('',(#12413,#12414,#12420,#12421));
#12413 = ORIENTED_EDGE('',*,*,#11600,.T.);
#12414 = ORIENTED_EDGE('',*,*,#12415,.T.);
#12415 = EDGE_CURVE('',#11601,#11994,#12416,.T.);
#12416 = LINE('',#12417,#12418);
#12417 = CARTESIAN_POINT('',(1.396E+03,-194.325,-4.6E-02));
#12418 = VECTOR('',#12419,1.);
#12419 = DIRECTION('',(0.,0.,1.));
#12420 = ORIENTED_EDGE('',*,*,#11993,.F.);
#12421 = ORIENTED_EDGE('',*,*,#12415,.F.);
#12422 = CYLINDRICAL_SURFACE('',#12423,0.325);
#12423 = AXIS2_PLACEMENT_3D('',#12424,#12425,#12426);
#12424 = CARTESIAN_POINT('',(1.396E+03,-194.,-4.6E-02));
#12425 = DIRECTION('',(-0.,-0.,-1.));
#12426 = DIRECTION('',(-0.,-1.,0.));
#12427 = ADVANCED_FACE('',(#12428),#12439,.F.);
#12428 = FACE_BOUND('',#12429,.T.);
#12429 = EDGE_LOOP('',(#12430,#12431,#12437,#12438));
#12430 = ORIENTED_EDGE('',*,*,#11611,.T.);
#12431 = ORIENTED_EDGE('',*,*,#12432,.T.);
#12432 = EDGE_CURVE('',#11612,#12005,#12433,.T.);
#12433 = LINE('',#12434,#12435);
#12434 = CARTESIAN_POINT('',(1.39727E+03,-194.325,-4.6E-02));
#12435 = VECTOR('',#12436,1.);
#12436 = DIRECTION('',(0.,0.,1.));
#12437 = ORIENTED_EDGE('',*,*,#12004,.F.);
#12438 = ORIENTED_EDGE('',*,*,#12432,.F.);
#12439 = CYLINDRICAL_SURFACE('',#12440,0.325);
#12440 = AXIS2_PLACEMENT_3D('',#12441,#12442,#12443);
#12441 = CARTESIAN_POINT('',(1.39727E+03,-194.,-4.6E-02));
#12442 = DIRECTION('',(-0.,-0.,-1.));
#12443 = DIRECTION('',(-0.,-1.,0.));
#12444 = ADVANCED_FACE('',(#12445),#12456,.F.);
#12445 = FACE_BOUND('',#12446,.T.);
#12446 = EDGE_LOOP('',(#12447,#12448,#12454,#12455));
#12447 = ORIENTED_EDGE('',*,*,#11622,.T.);
#12448 = ORIENTED_EDGE('',*,*,#12449,.T.);
#12449 = EDGE_CURVE('',#11623,#12016,#12450,.T.);
#12450 = LINE('',#12451,#12452);
#12451 = CARTESIAN_POINT('',(1.4035963E+03,-182.4144,-4.6E-02));
#12452 = VECTOR('',#12453,1.);
#12453 = DIRECTION('',(0.,0.,1.));
#12454 = ORIENTED_EDGE('',*,*,#12015,.F.);
#12455 = ORIENTED_EDGE('',*,*,#12449,.F.);
#12456 = CYLINDRICAL_SURFACE('',#12457,0.127);
#12457 = AXIS2_PLACEMENT_3D('',#12458,#12459,#12460);
#12458 = CARTESIAN_POINT('',(1.4035963E+03,-182.2874,-4.6E-02));
#12459 = DIRECTION('',(-0.,-0.,-1.));
#12460 = DIRECTION('',(-1.79034390113E-12,-1.,0.));
#12461 = ADVANCED_FACE('',(#12462),#12473,.F.);
#12462 = FACE_BOUND('',#12463,.T.);
#12463 = EDGE_LOOP('',(#12464,#12465,#12471,#12472));
#12464 = ORIENTED_EDGE('',*,*,#11633,.T.);
#12465 = ORIENTED_EDGE('',*,*,#12466,.T.);
#12466 = EDGE_CURVE('',#11634,#12027,#12467,.T.);
#12467 = LINE('',#12468,#12469);
#12468 = CARTESIAN_POINT('',(1.4043837E+03,-182.4144,-4.6E-02));
#12469 = VECTOR('',#12470,1.);
#12470 = DIRECTION('',(0.,0.,1.));
#12471 = ORIENTED_EDGE('',*,*,#12026,.F.);
#12472 = ORIENTED_EDGE('',*,*,#12466,.F.);
#12473 = CYLINDRICAL_SURFACE('',#12474,0.127);
#12474 = AXIS2_PLACEMENT_3D('',#12475,#12476,#12477);
#12475 = CARTESIAN_POINT('',(1.4043837E+03,-182.2874,-4.6E-02));
#12476 = DIRECTION('',(-0.,0.,-1.));
#12477 = DIRECTION('',(1.790343901125E-12,-1.,-0.));
#12478 = ADVANCED_FACE('',(#12479),#12490,.F.);
#12479 = FACE_BOUND('',#12480,.T.);
#12480 = EDGE_LOOP('',(#12481,#12482,#12488,#12489));
#12481 = ORIENTED_EDGE('',*,*,#11644,.T.);
#12482 = ORIENTED_EDGE('',*,*,#12483,.T.);
#12483 = EDGE_CURVE('',#11645,#12038,#12484,.T.);
#12484 = LINE('',#12485,#12486);
#12485 = CARTESIAN_POINT('',(1.428625E+03,-194.3,-4.6E-02));
#12486 = VECTOR('',#12487,1.);
#12487 = DIRECTION('',(0.,0.,1.));
#12488 = ORIENTED_EDGE('',*,*,#12037,.F.);
#12489 = ORIENTED_EDGE('',*,*,#12483,.F.);
#12490 = CYLINDRICAL_SURFACE('',#12491,0.3);
#12491 = AXIS2_PLACEMENT_3D('',#12492,#12493,#12494);
#12492 = CARTESIAN_POINT('',(1.428625E+03,-194.,-4.6E-02));
#12493 = DIRECTION('',(-0.,-0.,-1.));
#12494 = DIRECTION('',(-0.,-1.,0.));
#12495 = ADVANCED_FACE('',(#12496),#12507,.F.);
#12496 = FACE_BOUND('',#12497,.T.);
#12497 = EDGE_LOOP('',(#12498,#12499,#12505,#12506));
#12498 = ORIENTED_EDGE('',*,*,#11655,.T.);
#12499 = ORIENTED_EDGE('',*,*,#12500,.T.);
#12500 = EDGE_CURVE('',#11656,#12049,#12501,.T.);
#12501 = LINE('',#12502,#12503);
#12502 = CARTESIAN_POINT('',(1.429875E+03,-194.3,-4.6E-02));
#12503 = VECTOR('',#12504,1.);
#12504 = DIRECTION('',(0.,0.,1.));
#12505 = ORIENTED_EDGE('',*,*,#12048,.F.);
#12506 = ORIENTED_EDGE('',*,*,#12500,.F.);
#12507 = CYLINDRICAL_SURFACE('',#12508,0.3);
#12508 = AXIS2_PLACEMENT_3D('',#12509,#12510,#12511);
#12509 = CARTESIAN_POINT('',(1.429875E+03,-194.,-4.6E-02));
#12510 = DIRECTION('',(-0.,-0.,-1.));
#12511 = DIRECTION('',(-0.,-1.,0.));
#12512 = ADVANCED_FACE('',(#12513),#12524,.F.);
#12513 = FACE_BOUND('',#12514,.T.);
#12514 = EDGE_LOOP('',(#12515,#12516,#12522,#12523));
#12515 = ORIENTED_EDGE('',*,*,#11666,.T.);
#12516 = ORIENTED_EDGE('',*,*,#12517,.T.);
#12517 = EDGE_CURVE('',#11667,#12060,#12518,.T.);
#12518 = LINE('',#12519,#12520);
#12519 = CARTESIAN_POINT('',(1.431125E+03,-194.3,-4.6E-02));
#12520 = VECTOR('',#12521,1.);
#12521 = DIRECTION('',(0.,0.,1.));
#12522 = ORIENTED_EDGE('',*,*,#12059,.F.);
#12523 = ORIENTED_EDGE('',*,*,#12517,.F.);
#12524 = CYLINDRICAL_SURFACE('',#12525,0.3);
#12525 = AXIS2_PLACEMENT_3D('',#12526,#12527,#12528);
#12526 = CARTESIAN_POINT('',(1.431125E+03,-194.,-4.6E-02));
#12527 = DIRECTION('',(-0.,-0.,-1.));
#12528 = DIRECTION('',(-0.,-1.,0.));
#12529 = ADVANCED_FACE('',(#12530),#12541,.F.);
#12530 = FACE_BOUND('',#12531,.T.);
#12531 = EDGE_LOOP('',(#12532,#12533,#12539,#12540));
#12532 = ORIENTED_EDGE('',*,*,#11677,.T.);
#12533 = ORIENTED_EDGE('',*,*,#12534,.T.);
#12534 = EDGE_CURVE('',#11678,#12071,#12535,.T.);
#12535 = LINE('',#12536,#12537);
#12536 = CARTESIAN_POINT('',(1.432375E+03,-194.3,-4.6E-02));
#12537 = VECTOR('',#12538,1.);
#12538 = DIRECTION('',(0.,0.,1.));
#12539 = ORIENTED_EDGE('',*,*,#12070,.F.);
#12540 = ORIENTED_EDGE('',*,*,#12534,.F.);
#12541 = CYLINDRICAL_SURFACE('',#12542,0.3);
#12542 = AXIS2_PLACEMENT_3D('',#12543,#12544,#12545);
#12543 = CARTESIAN_POINT('',(1.432375E+03,-194.,-4.6E-02));
#12544 = DIRECTION('',(-0.,-0.,-1.));
#12545 = DIRECTION('',(-0.,-1.,0.));
#12546 = ADVANCED_FACE('',(#12547),#12558,.F.);
#12547 = FACE_BOUND('',#12548,.T.);
#12548 = EDGE_LOOP('',(#12549,#12550,#12556,#12557));
#12549 = ORIENTED_EDGE('',*,*,#11688,.T.);
#12550 = ORIENTED_EDGE('',*,*,#12551,.T.);
#12551 = EDGE_CURVE('',#11689,#12082,#12552,.T.);
#12552 = LINE('',#12553,#12554);
#12553 = CARTESIAN_POINT('',(1.45073E+03,-194.325,-4.6E-02));
#12554 = VECTOR('',#12555,1.);
#12555 = DIRECTION('',(0.,0.,1.));
#12556 = ORIENTED_EDGE('',*,*,#12081,.F.);
#12557 = ORIENTED_EDGE('',*,*,#12551,.F.);
#12558 = CYLINDRICAL_SURFACE('',#12559,0.325);
#12559 = AXIS2_PLACEMENT_3D('',#12560,#12561,#12562);
#12560 = CARTESIAN_POINT('',(1.45073E+03,-194.,-4.6E-02));
#12561 = DIRECTION('',(-0.,-0.,-1.));
#12562 = DIRECTION('',(-0.,-1.,0.));
#12563 = ADVANCED_FACE('',(#12564),#12575,.F.);
#12564 = FACE_BOUND('',#12565,.T.);
#12565 = EDGE_LOOP('',(#12566,#12567,#12573,#12574));
#12566 = ORIENTED_EDGE('',*,*,#11699,.T.);
#12567 = ORIENTED_EDGE('',*,*,#12568,.T.);
#12568 = EDGE_CURVE('',#11700,#12093,#12569,.T.);
#12569 = LINE('',#12570,#12571);
#12570 = CARTESIAN_POINT('',(1.452E+03,-194.325,-4.6E-02));
#12571 = VECTOR('',#12572,1.);
#12572 = DIRECTION('',(0.,0.,1.));
#12573 = ORIENTED_EDGE('',*,*,#12092,.F.);
#12574 = ORIENTED_EDGE('',*,*,#12568,.F.);
#12575 = CYLINDRICAL_SURFACE('',#12576,0.325);
#12576 = AXIS2_PLACEMENT_3D('',#12577,#12578,#12579);
#12577 = CARTESIAN_POINT('',(1.452E+03,-194.,-4.6E-02));
#12578 = DIRECTION('',(-0.,-0.,-1.));
#12579 = DIRECTION('',(-0.,-1.,0.));
#12580 = ADVANCED_FACE('',(#12581),#12592,.F.);
#12581 = FACE_BOUND('',#12582,.T.);
#12582 = EDGE_LOOP('',(#12583,#12584,#12590,#12591));
#12583 = ORIENTED_EDGE('',*,*,#11710,.T.);
#12584 = ORIENTED_EDGE('',*,*,#12585,.T.);
#12585 = EDGE_CURVE('',#11711,#12104,#12586,.T.);
#12586 = LINE('',#12587,#12588);
#12587 = CARTESIAN_POINT('',(1.445E+03,-185.05,-4.6E-02));
#12588 = VECTOR('',#12589,1.);
#12589 = DIRECTION('',(0.,0.,1.));
#12590 = ORIENTED_EDGE('',*,*,#12103,.F.);
#12591 = ORIENTED_EDGE('',*,*,#12585,.F.);
#12592 = CYLINDRICAL_SURFACE('',#12593,0.3);
#12593 = AXIS2_PLACEMENT_3D('',#12594,#12595,#12596);
#12594 = CARTESIAN_POINT('',(1.445E+03,-184.75,-4.6E-02));
#12595 = DIRECTION('',(-0.,-0.,-1.));
#12596 = DIRECTION('',(-0.,-1.,0.));
#12597 = ADVANCED_FACE('',(#12598),#12609,.F.);
#12598 = FACE_BOUND('',#12599,.T.);
#12599 = EDGE_LOOP('',(#12600,#12601,#12607,#12608));
#12600 = ORIENTED_EDGE('',*,*,#11721,.T.);
#12601 = ORIENTED_EDGE('',*,*,#12602,.T.);
#12602 = EDGE_CURVE('',#11722,#12115,#12603,.T.);
#12603 = LINE('',#12604,#12605);
#12604 = CARTESIAN_POINT('',(1.445E+03,-183.8,-4.6E-02));
#12605 = VECTOR('',#12606,1.);
#12606 = DIRECTION('',(0.,0.,1.));
#12607 = ORIENTED_EDGE('',*,*,#12114,.F.);
#12608 = ORIENTED_EDGE('',*,*,#12602,.F.);
#12609 = CYLINDRICAL_SURFACE('',#12610,0.3);
#12610 = AXIS2_PLACEMENT_3D('',#12611,#12612,#12613);
#12611 = CARTESIAN_POINT('',(1.445E+03,-183.5,-4.6E-02));
#12612 = DIRECTION('',(-0.,-0.,-1.));
#12613 = DIRECTION('',(-0.,-1.,0.));
#12614 = ADVANCED_FACE('',(#12615),#12626,.F.);
#12615 = FACE_BOUND('',#12616,.T.);
#12616 = EDGE_LOOP('',(#12617,#12618,#12624,#12625));
#12617 = ORIENTED_EDGE('',*,*,#11732,.T.);
#12618 = ORIENTED_EDGE('',*,*,#12619,.T.);
#12619 = EDGE_CURVE('',#11733,#12126,#12620,.T.);
#12620 = LINE('',#12621,#12622);
#12621 = CARTESIAN_POINT('',(1.445E+03,-182.55,-4.6E-02));
#12622 = VECTOR('',#12623,1.);
#12623 = DIRECTION('',(0.,0.,1.));
#12624 = ORIENTED_EDGE('',*,*,#12125,.F.);
#12625 = ORIENTED_EDGE('',*,*,#12619,.F.);
#12626 = CYLINDRICAL_SURFACE('',#12627,0.3);
#12627 = AXIS2_PLACEMENT_3D('',#12628,#12629,#12630);
#12628 = CARTESIAN_POINT('',(1.445E+03,-182.25,-4.6E-02));
#12629 = DIRECTION('',(-0.,-0.,-1.));
#12630 = DIRECTION('',(-0.,-1.,0.));
#12631 = ADVANCED_FACE('',(#12632),#12643,.F.);
#12632 = FACE_BOUND('',#12633,.T.);
#12633 = EDGE_LOOP('',(#12634,#12635,#12641,#12642));
#12634 = ORIENTED_EDGE('',*,*,#11743,.T.);
#12635 = ORIENTED_EDGE('',*,*,#12636,.T.);
#12636 = EDGE_CURVE('',#11744,#12137,#12637,.T.);
#12637 = LINE('',#12638,#12639);
#12638 = CARTESIAN_POINT('',(1.3795E+03,-182.75,-4.6E-02));
#12639 = VECTOR('',#12640,1.);
#12640 = DIRECTION('',(0.,0.,1.));
#12641 = ORIENTED_EDGE('',*,*,#12136,.F.);
#12642 = ORIENTED_EDGE('',*,*,#12636,.F.);
#12643 = CYLINDRICAL_SURFACE('',#12644,1.25);
#12644 = AXIS2_PLACEMENT_3D('',#12645,#12646,#12647);
#12645 = CARTESIAN_POINT('',(1.3795E+03,-181.5,-4.6E-02));
#12646 = DIRECTION('',(-0.,-0.,-1.));
#12647 = DIRECTION('',(-0.,-1.,0.));
#12648 = ADVANCED_FACE('',(#12649),#12660,.F.);
#12649 = FACE_BOUND('',#12650,.T.);
#12650 = EDGE_LOOP('',(#12651,#12652,#12658,#12659));
#12651 = ORIENTED_EDGE('',*,*,#11754,.T.);
#12652 = ORIENTED_EDGE('',*,*,#12653,.T.);
#12653 = EDGE_CURVE('',#11755,#12148,#12654,.T.);
#12654 = LINE('',#12655,#12656);
#12655 = CARTESIAN_POINT('',(1.4035963E+03,-181.627,-4.6E-02));
#12656 = VECTOR('',#12657,1.);
#12657 = DIRECTION('',(0.,0.,1.));
#12658 = ORIENTED_EDGE('',*,*,#12147,.F.);
#12659 = ORIENTED_EDGE('',*,*,#12653,.F.);
#12660 = CYLINDRICAL_SURFACE('',#12661,0.127);
#12661 = AXIS2_PLACEMENT_3D('',#12662,#12663,#12664);
#12662 = CARTESIAN_POINT('',(1.4035963E+03,-181.5,-4.6E-02));
#12663 = DIRECTION('',(-0.,-0.,-1.));
#12664 = DIRECTION('',(-1.79034390113E-12,-1.,0.));
#12665 = ADVANCED_FACE('',(#12666),#12677,.F.);
#12666 = FACE_BOUND('',#12667,.T.);
#12667 = EDGE_LOOP('',(#12668,#12669,#12675,#12676));
#12668 = ORIENTED_EDGE('',*,*,#11765,.T.);
#12669 = ORIENTED_EDGE('',*,*,#12670,.T.);
#12670 = EDGE_CURVE('',#11766,#12159,#12671,.T.);
#12671 = LINE('',#12672,#12673);
#12672 = CARTESIAN_POINT('',(1.4043837E+03,-181.627,-4.6E-02));
#12673 = VECTOR('',#12674,1.);
#12674 = DIRECTION('',(0.,0.,1.));
#12675 = ORIENTED_EDGE('',*,*,#12158,.F.);
#12676 = ORIENTED_EDGE('',*,*,#12670,.F.);
#12677 = CYLINDRICAL_SURFACE('',#12678,0.127);
#12678 = AXIS2_PLACEMENT_3D('',#12679,#12680,#12681);
#12679 = CARTESIAN_POINT('',(1.4043837E+03,-181.5,-4.6E-02));
#12680 = DIRECTION('',(-0.,0.,-1.));
#12681 = DIRECTION('',(1.790343901125E-12,-1.,-0.));
#12682 = ADVANCED_FACE('',(#12683),#12694,.F.);
#12683 = FACE_BOUND('',#12684,.T.);
#12684 = EDGE_LOOP('',(#12685,#12686,#12692,#12693));
#12685 = ORIENTED_EDGE('',*,*,#11776,.T.);
#12686 = ORIENTED_EDGE('',*,*,#12687,.T.);
#12687 = EDGE_CURVE('',#11777,#12170,#12688,.T.);
#12688 = LINE('',#12689,#12690);
#12689 = CARTESIAN_POINT('',(1.4035963E+03,-180.8396,-4.6E-02));
#12690 = VECTOR('',#12691,1.);
#12691 = DIRECTION('',(0.,0.,1.));
#12692 = ORIENTED_EDGE('',*,*,#12169,.F.);
#12693 = ORIENTED_EDGE('',*,*,#12687,.F.);
#12694 = CYLINDRICAL_SURFACE('',#12695,0.127);
#12695 = AXIS2_PLACEMENT_3D('',#12696,#12697,#12698);
#12696 = CARTESIAN_POINT('',(1.4035963E+03,-180.7126,-4.6E-02));
#12697 = DIRECTION('',(-0.,-0.,-1.));
#12698 = DIRECTION('',(-1.79034390113E-12,-1.,0.));
#12699 = ADVANCED_FACE('',(#12700),#12711,.F.);
#12700 = FACE_BOUND('',#12701,.T.);
#12701 = EDGE_LOOP('',(#12702,#12703,#12709,#12710));
#12702 = ORIENTED_EDGE('',*,*,#11787,.T.);
#12703 = ORIENTED_EDGE('',*,*,#12704,.T.);
#12704 = EDGE_CURVE('',#11788,#12181,#12705,.T.);
#12705 = LINE('',#12706,#12707);
#12706 = CARTESIAN_POINT('',(1.4043837E+03,-180.8396,-4.6E-02));
#12707 = VECTOR('',#12708,1.);
#12708 = DIRECTION('',(0.,0.,1.));
#12709 = ORIENTED_EDGE('',*,*,#12180,.F.);
#12710 = ORIENTED_EDGE('',*,*,#12704,.F.);
#12711 = CYLINDRICAL_SURFACE('',#12712,0.127);
#12712 = AXIS2_PLACEMENT_3D('',#12713,#12714,#12715);
#12713 = CARTESIAN_POINT('',(1.4043837E+03,-180.7126,-4.6E-02));
#12714 = DIRECTION('',(-0.,0.,-1.));
#12715 = DIRECTION('',(1.790343901125E-12,-1.,-0.));
#12716 = ADVANCED_FACE('',(#12717),#12728,.F.);
#12717 = FACE_BOUND('',#12718,.T.);
#12718 = EDGE_LOOP('',(#12719,#12720,#12726,#12727));
#12719 = ORIENTED_EDGE('',*,*,#11798,.T.);
#12720 = ORIENTED_EDGE('',*,*,#12721,.T.);
#12721 = EDGE_CURVE('',#11799,#12192,#12722,.T.);
#12722 = LINE('',#12723,#12724);
#12723 = CARTESIAN_POINT('',(1.395E+03,-170.325,-4.6E-02));
#12724 = VECTOR('',#12725,1.);
#12725 = DIRECTION('',(0.,0.,1.));
#12726 = ORIENTED_EDGE('',*,*,#12191,.F.);
#12727 = ORIENTED_EDGE('',*,*,#12721,.F.);
#12728 = CYLINDRICAL_SURFACE('',#12729,0.325);
#12729 = AXIS2_PLACEMENT_3D('',#12730,#12731,#12732);
#12730 = CARTESIAN_POINT('',(1.395E+03,-170.,-4.6E-02));
#12731 = DIRECTION('',(-0.,-0.,-1.));
#12732 = DIRECTION('',(-0.,-1.,0.));
#12733 = ADVANCED_FACE('',(#12734),#12745,.F.);
#12734 = FACE_BOUND('',#12735,.T.);
#12735 = EDGE_LOOP('',(#12736,#12737,#12743,#12744));
#12736 = ORIENTED_EDGE('',*,*,#11809,.T.);
#12737 = ORIENTED_EDGE('',*,*,#12738,.T.);
#12738 = EDGE_CURVE('',#11810,#12203,#12739,.T.);
#12739 = LINE('',#12740,#12741);
#12740 = CARTESIAN_POINT('',(1.39627E+03,-170.325,-4.6E-02));
#12741 = VECTOR('',#12742,1.);
#12742 = DIRECTION('',(0.,0.,1.));
#12743 = ORIENTED_EDGE('',*,*,#12202,.F.);
#12744 = ORIENTED_EDGE('',*,*,#12738,.F.);
#12745 = CYLINDRICAL_SURFACE('',#12746,0.325);
#12746 = AXIS2_PLACEMENT_3D('',#12747,#12748,#12749);
#12747 = CARTESIAN_POINT('',(1.39627E+03,-170.,-4.6E-02));
#12748 = DIRECTION('',(-0.,-0.,-1.));
#12749 = DIRECTION('',(-0.,-1.,0.));
#12750 = ADVANCED_FACE('',(#12751),#12762,.F.);
#12751 = FACE_BOUND('',#12752,.T.);
#12752 = EDGE_LOOP('',(#12753,#12754,#12760,#12761));
#12753 = ORIENTED_EDGE('',*,*,#11820,.T.);
#12754 = ORIENTED_EDGE('',*,*,#12755,.T.);
#12755 = EDGE_CURVE('',#11821,#12214,#12756,.T.);
#12756 = LINE('',#12757,#12758);
#12757 = CARTESIAN_POINT('',(1.445E+03,-181.3,-4.6E-02));
#12758 = VECTOR('',#12759,1.);
#12759 = DIRECTION('',(0.,0.,1.));
#12760 = ORIENTED_EDGE('',*,*,#12213,.F.);
#12761 = ORIENTED_EDGE('',*,*,#12755,.F.);
#12762 = CYLINDRICAL_SURFACE('',#12763,0.3);
#12763 = AXIS2_PLACEMENT_3D('',#12764,#12765,#12766);
#12764 = CARTESIAN_POINT('',(1.445E+03,-181.,-4.6E-02));
#12765 = DIRECTION('',(-0.,-0.,-1.));
#12766 = DIRECTION('',(-0.,-1.,0.));
#12767 = ADVANCED_FACE('',(#12768),#12779,.F.);
#12768 = FACE_BOUND('',#12769,.T.);
#12769 = EDGE_LOOP('',(#12770,#12771,#12777,#12778));
#12770 = ORIENTED_EDGE('',*,*,#11831,.T.);
#12771 = ORIENTED_EDGE('',*,*,#12772,.T.);
#12772 = EDGE_CURVE('',#11832,#12225,#12773,.T.);
#12773 = LINE('',#12774,#12775);
#12774 = CARTESIAN_POINT('',(1.445E+03,-180.05,-4.6E-02));
#12775 = VECTOR('',#12776,1.);
#12776 = DIRECTION('',(0.,0.,1.));
#12777 = ORIENTED_EDGE('',*,*,#12224,.F.);
#12778 = ORIENTED_EDGE('',*,*,#12772,.F.);
#12779 = CYLINDRICAL_SURFACE('',#12780,0.3);
#12780 = AXIS2_PLACEMENT_3D('',#12781,#12782,#12783);
#12781 = CARTESIAN_POINT('',(1.445E+03,-179.75,-4.6E-02));
#12782 = DIRECTION('',(-0.,-0.,-1.));
#12783 = DIRECTION('',(-0.,-1.,0.));
#12784 = ADVANCED_FACE('',(#12785),#12796,.F.);
#12785 = FACE_BOUND('',#12786,.T.);
#12786 = EDGE_LOOP('',(#12787,#12788,#12794,#12795));
#12787 = ORIENTED_EDGE('',*,*,#11842,.T.);
#12788 = ORIENTED_EDGE('',*,*,#12789,.T.);
#12789 = EDGE_CURVE('',#11843,#12236,#12790,.T.);
#12790 = LINE('',#12791,#12792);
#12791 = CARTESIAN_POINT('',(1.445E+03,-178.8,-4.6E-02));
#12792 = VECTOR('',#12793,1.);
#12793 = DIRECTION('',(0.,0.,1.));
#12794 = ORIENTED_EDGE('',*,*,#12235,.F.);
#12795 = ORIENTED_EDGE('',*,*,#12789,.F.);
#12796 = CYLINDRICAL_SURFACE('',#12797,0.3);
#12797 = AXIS2_PLACEMENT_3D('',#12798,#12799,#12800);
#12798 = CARTESIAN_POINT('',(1.445E+03,-178.5,-4.6E-02));
#12799 = DIRECTION('',(-0.,-0.,-1.));
#12800 = DIRECTION('',(-0.,-1.,0.));
#12801 = ADVANCED_FACE('',(#12802),#12813,.F.);
#12802 = FACE_BOUND('',#12803,.T.);
#12803 = EDGE_LOOP('',(#12804,#12805,#12811,#12812));
#12804 = ORIENTED_EDGE('',*,*,#11853,.T.);
#12805 = ORIENTED_EDGE('',*,*,#12806,.T.);
#12806 = EDGE_CURVE('',#11854,#12247,#12807,.T.);
#12807 = LINE('',#12808,#12809);
#12808 = CARTESIAN_POINT('',(1.445E+03,-177.55,-4.6E-02));
#12809 = VECTOR('',#12810,1.);
#12810 = DIRECTION('',(0.,0.,1.));
#12811 = ORIENTED_EDGE('',*,*,#12246,.F.);
#12812 = ORIENTED_EDGE('',*,*,#12806,.F.);
#12813 = CYLINDRICAL_SURFACE('',#12814,0.3);
#12814 = AXIS2_PLACEMENT_3D('',#12815,#12816,#12817);
#12815 = CARTESIAN_POINT('',(1.445E+03,-177.25,-4.6E-02));
#12816 = DIRECTION('',(-0.,-0.,-1.));
#12817 = DIRECTION('',(-0.,-1.,0.));
#12818 = ADVANCED_FACE('',(#12819),#12830,.F.);
#12819 = FACE_BOUND('',#12820,.T.);
#12820 = EDGE_LOOP('',(#12821,#12822,#12828,#12829));
#12821 = ORIENTED_EDGE('',*,*,#11864,.T.);
#12822 = ORIENTED_EDGE('',*,*,#12823,.T.);
#12823 = EDGE_CURVE('',#11865,#12258,#12824,.T.);
#12824 = LINE('',#12825,#12826);
#12825 = CARTESIAN_POINT('',(1.445E+03,-176.3,-4.6E-02));
#12826 = VECTOR('',#12827,1.);
#12827 = DIRECTION('',(0.,0.,1.));
#12828 = ORIENTED_EDGE('',*,*,#12257,.F.);
#12829 = ORIENTED_EDGE('',*,*,#12823,.F.);
#12830 = CYLINDRICAL_SURFACE('',#12831,0.3);
#12831 = AXIS2_PLACEMENT_3D('',#12832,#12833,#12834);
#12832 = CARTESIAN_POINT('',(1.445E+03,-176.,-4.6E-02));
#12833 = DIRECTION('',(-0.,-0.,-1.));
#12834 = DIRECTION('',(-0.,-1.,0.));
#12835 = ADVANCED_FACE('',(#12836),#12847,.F.);
#12836 = FACE_BOUND('',#12837,.T.);
#12837 = EDGE_LOOP('',(#12838,#12839,#12845,#12846));
#12838 = ORIENTED_EDGE('',*,*,#11875,.T.);
#12839 = ORIENTED_EDGE('',*,*,#12840,.T.);
#12840 = EDGE_CURVE('',#11876,#12269,#12841,.T.);
#12841 = LINE('',#12842,#12843);
#12842 = CARTESIAN_POINT('',(1.4705E+03,-182.75,-4.6E-02));
#12843 = VECTOR('',#12844,1.);
#12844 = DIRECTION('',(0.,0.,1.));
#12845 = ORIENTED_EDGE('',*,*,#12268,.F.);
#12846 = ORIENTED_EDGE('',*,*,#12840,.F.);
#12847 = CYLINDRICAL_SURFACE('',#12848,1.25);
#12848 = AXIS2_PLACEMENT_3D('',#12849,#12850,#12851);
#12849 = CARTESIAN_POINT('',(1.4705E+03,-181.5,-4.6E-02));
#12850 = DIRECTION('',(-0.,-0.,-1.));
#12851 = DIRECTION('',(-0.,-1.,0.));
#12852 = ADVANCED_FACE('',(#12853),#12864,.F.);
#12853 = FACE_BOUND('',#12854,.T.);
#12854 = EDGE_LOOP('',(#12855,#12856,#12862,#12863));
#12855 = ORIENTED_EDGE('',*,*,#11886,.T.);
#12856 = ORIENTED_EDGE('',*,*,#12857,.T.);
#12857 = EDGE_CURVE('',#11887,#12280,#12858,.T.);
#12858 = LINE('',#12859,#12860);
#12859 = CARTESIAN_POINT('',(1.445E+03,-175.05,-4.6E-02));
#12860 = VECTOR('',#12861,1.);
#12861 = DIRECTION('',(0.,0.,1.));
#12862 = ORIENTED_EDGE('',*,*,#12279,.F.);
#12863 = ORIENTED_EDGE('',*,*,#12857,.F.);
#12864 = CYLINDRICAL_SURFACE('',#12865,0.3);
#12865 = AXIS2_PLACEMENT_3D('',#12866,#12867,#12868);
#12866 = CARTESIAN_POINT('',(1.445E+03,-174.75,-4.6E-02));
#12867 = DIRECTION('',(-0.,-0.,-1.));
#12868 = DIRECTION('',(-0.,-1.,0.));
#12869 = ADVANCED_FACE('',(#12870),#12881,.F.);
#12870 = FACE_BOUND('',#12871,.T.);
#12871 = EDGE_LOOP('',(#12872,#12873,#12879,#12880));
#12872 = ORIENTED_EDGE('',*,*,#11897,.T.);
#12873 = ORIENTED_EDGE('',*,*,#12874,.T.);
#12874 = EDGE_CURVE('',#11898,#12291,#12875,.T.);
#12875 = LINE('',#12876,#12877);
#12876 = CARTESIAN_POINT('',(1.445E+03,-173.8,-4.6E-02));
#12877 = VECTOR('',#12878,1.);
#12878 = DIRECTION('',(0.,0.,1.));
#12879 = ORIENTED_EDGE('',*,*,#12290,.F.);
#12880 = ORIENTED_EDGE('',*,*,#12874,.F.);
#12881 = CYLINDRICAL_SURFACE('',#12882,0.3);
#12882 = AXIS2_PLACEMENT_3D('',#12883,#12884,#12885);
#12883 = CARTESIAN_POINT('',(1.445E+03,-173.5,-4.6E-02));
#12884 = DIRECTION('',(-0.,-0.,-1.));
#12885 = DIRECTION('',(-0.,-1.,0.));
#12886 = ADVANCED_FACE('',(#12887),#12898,.F.);
#12887 = FACE_BOUND('',#12888,.T.);
#12888 = EDGE_LOOP('',(#12889,#12890,#12896,#12897));
#12889 = ORIENTED_EDGE('',*,*,#11908,.T.);
#12890 = ORIENTED_EDGE('',*,*,#12891,.T.);
#12891 = EDGE_CURVE('',#11909,#12302,#12892,.T.);
#12892 = LINE('',#12893,#12894);
#12893 = CARTESIAN_POINT('',(1.47075E+03,-175.3475,-4.6E-02));
#12894 = VECTOR('',#12895,1.);
#12895 = DIRECTION('',(0.,0.,1.));
#12896 = ORIENTED_EDGE('',*,*,#12301,.F.);
#12897 = ORIENTED_EDGE('',*,*,#12891,.F.);
#12898 = CYLINDRICAL_SURFACE('',#12899,0.875);
#12899 = AXIS2_PLACEMENT_3D('',#12900,#12901,#12902);
#12900 = CARTESIAN_POINT('',(1.47075E+03,-174.4725,-4.6E-02));
#12901 = DIRECTION('',(-0.,-0.,-1.));
#12902 = DIRECTION('',(-0.,-1.,0.));
#12903 = ADVANCED_FACE('',(#12904),#12915,.F.);
#12904 = FACE_BOUND('',#12905,.T.);
#12905 = EDGE_LOOP('',(#12906,#12907,#12913,#12914));
#12906 = ORIENTED_EDGE('',*,*,#11919,.T.);
#12907 = ORIENTED_EDGE('',*,*,#12908,.T.);
#12908 = EDGE_CURVE('',#11920,#12313,#12909,.T.);
#12909 = LINE('',#12910,#12911);
#12910 = CARTESIAN_POINT('',(1.4505E+03,-170.325,-4.6E-02));
#12911 = VECTOR('',#12912,1.);
#12912 = DIRECTION('',(0.,0.,1.));
#12913 = ORIENTED_EDGE('',*,*,#12312,.F.);
#12914 = ORIENTED_EDGE('',*,*,#12908,.F.);
#12915 = CYLINDRICAL_SURFACE('',#12916,0.325);
#12916 = AXIS2_PLACEMENT_3D('',#12917,#12918,#12919);
#12917 = CARTESIAN_POINT('',(1.4505E+03,-170.,-4.6E-02));
#12918 = DIRECTION('',(-0.,-0.,-1.));
#12919 = DIRECTION('',(-0.,-1.,0.));
#12920 = ADVANCED_FACE('',(#12921),#12932,.F.);
#12921 = FACE_BOUND('',#12922,.T.);
#12922 = EDGE_LOOP('',(#12923,#12924,#12930,#12931));
#12923 = ORIENTED_EDGE('',*,*,#11930,.T.);
#12924 = ORIENTED_EDGE('',*,*,#12925,.T.);
#12925 = EDGE_CURVE('',#11931,#12324,#12926,.T.);
#12926 = LINE('',#12927,#12928);
#12927 = CARTESIAN_POINT('',(1.45177E+03,-170.325,-4.6E-02));
#12928 = VECTOR('',#12929,1.);
#12929 = DIRECTION('',(0.,0.,1.));
#12930 = ORIENTED_EDGE('',*,*,#12323,.F.);
#12931 = ORIENTED_EDGE('',*,*,#12925,.F.);
#12932 = CYLINDRICAL_SURFACE('',#12933,0.325);
#12933 = AXIS2_PLACEMENT_3D('',#12934,#12935,#12936);
#12934 = CARTESIAN_POINT('',(1.45177E+03,-170.,-4.6E-02));
#12935 = DIRECTION('',(-0.,-0.,-1.));
#12936 = DIRECTION('',(-0.,-1.,0.));
#12937 = ADVANCED_FACE('',(#12938),#12949,.F.);
#12938 = FACE_BOUND('',#12939,.T.);
#12939 = EDGE_LOOP('',(#12940,#12941,#12947,#12948));
#12940 = ORIENTED_EDGE('',*,*,#11941,.T.);
#12941 = ORIENTED_EDGE('',*,*,#12942,.T.);
#12942 = EDGE_CURVE('',#11942,#12335,#12943,.T.);
#12943 = LINE('',#12944,#12945);
#12944 = CARTESIAN_POINT('',(1.47075E+03,-171.4675,-4.6E-02));
#12945 = VECTOR('',#12946,1.);
#12946 = DIRECTION('',(0.,0.,1.));
#12947 = ORIENTED_EDGE('',*,*,#12334,.F.);
#12948 = ORIENTED_EDGE('',*,*,#12942,.F.);
#12949 = CYLINDRICAL_SURFACE('',#12950,0.875);
#12950 = AXIS2_PLACEMENT_3D('',#12951,#12952,#12953);
#12951 = CARTESIAN_POINT('',(1.47075E+03,-170.5925,-4.6E-02));
#12952 = DIRECTION('',(-0.,-0.,-1.));
#12953 = DIRECTION('',(-0.,-1.,0.));
#12954 = ( GEOMETRIC_REPRESENTATION_CONTEXT(3) 
GLOBAL_UNCERTAINTY_ASSIGNED_CONTEXT((#12958)) 
GLOBAL_UNIT_ASSIGNED_CONTEXT((#12955,#12956,#12957)) 
REPRESENTATION_CONTEXT('Context #1',
  '3D Context with UNIT and UNCERTAINTY') );
#12955 = ( LENGTH_UNIT() NAMED_UNIT(*) SI_UNIT(.MILLI.,.METRE.) );
#12956 = ( NAMED_UNIT(*) PLANE_ANGLE_UNIT() SI_UNIT($,.RADIAN.) );
#12957 = ( NAMED_UNIT(*) SI_UNIT($,.STERADIAN.) SOLID_ANGLE_UNIT() );
#12958 = UNCERTAINTY_MEASURE_WITH_UNIT(LENGTH_MEASURE(1.E-07),#12955,
  'distance_accuracy_value','confusion accuracy');
#12959 = CONTEXT_DEPENDENT_SHAPE_REPRESENTATION(#12960,#12962);
#12960 = ( REPRESENTATION_RELATIONSHIP('','',#11456,#10) 
REPRESENTATION_RELATIONSHIP_WITH_TRANSFORMATION(#12961) 
SHAPE_REPRESENTATION_RELATIONSHIP() );
#12961 = ITEM_DEFINED_TRANSFORMATION('','',#11,#115);
#12962 = PRODUCT_DEFINITION_SHAPE('Placement','Placement of an item',
  #12963);
#12963 = NEXT_ASSEMBLY_USAGE_OCCURRENCE('33','=>[0:1:1:16]','',#5,#11451
  ,$);
#12964 = PRODUCT_RELATED_PRODUCT_CATEGORY('part',$,(#11453));
#12965 = MECHANICAL_DESIGN_GEOMETRIC_PRESENTATION_REPRESENTATION('',(
    #12966,#12974,#12981,#12988,#12995,#13002,#13009,#13016,#13023,
    #13030,#13037,#13045,#13052,#13059,#13066,#13073,#13080,#13087,
    #13094,#13101,#13108,#13115,#13122,#13129,#13136,#13143,#13150,
    #13157),#1010);
#12966 = STYLED_ITEM('color',(#12967),#158);
#12967 = PRESENTATION_STYLE_ASSIGNMENT((#12968));
#12968 = SURFACE_STYLE_USAGE(.BOTH.,#12969);
#12969 = SURFACE_SIDE_STYLE('',(#12970));
#12970 = SURFACE_STYLE_FILL_AREA(#12971);
#12971 = FILL_AREA_STYLE('',(#12972));
#12972 = FILL_AREA_STYLE_COLOUR('',#12973);
#12973 = COLOUR_RGB('',0.823999987314,0.819999987296,0.781000009244);
#12974 = STYLED_ITEM('color',(#12975),#234);
#12975 = PRESENTATION_STYLE_ASSIGNMENT((#12976));
#12976 = SURFACE_STYLE_USAGE(.BOTH.,#12977);
#12977 = SURFACE_SIDE_STYLE('',(#12978));
#12978 = SURFACE_STYLE_FILL_AREA(#12979);
#12979 = FILL_AREA_STYLE('',(#12980));
#12980 = FILL_AREA_STYLE_COLOUR('',#12973);
#12981 = STYLED_ITEM('color',(#12982),#265);
#12982 = PRESENTATION_STYLE_ASSIGNMENT((#12983));
#12983 = SURFACE_STYLE_USAGE(.BOTH.,#12984);
#12984 = SURFACE_SIDE_STYLE('',(#12985));
#12985 = SURFACE_STYLE_FILL_AREA(#12986);
#12986 = FILL_AREA_STYLE('',(#12987));
#12987 = FILL_AREA_STYLE_COLOUR('',#12973);
#12988 = STYLED_ITEM('color',(#12989),#290);
#12989 = PRESENTATION_STYLE_ASSIGNMENT((#12990));
#12990 = SURFACE_STYLE_USAGE(.BOTH.,#12991);
#12991 = SURFACE_SIDE_STYLE('',(#12992));
#12992 = SURFACE_STYLE_FILL_AREA(#12993);
#12993 = FILL_AREA_STYLE('',(#12994));
#12994 = FILL_AREA_STYLE_COLOUR('',#12973);
#12995 = STYLED_ITEM('color',(#12996),#315);
#12996 = PRESENTATION_STYLE_ASSIGNMENT((#12997));
#12997 = SURFACE_STYLE_USAGE(.BOTH.,#12998);
#12998 = SURFACE_SIDE_STYLE('',(#12999));
#12999 = SURFACE_STYLE_FILL_AREA(#13000);
#13000 = FILL_AREA_STYLE('',(#13001));
#13001 = FILL_AREA_STYLE_COLOUR('',#12973);
#13002 = STYLED_ITEM('color',(#13003),#339);
#13003 = PRESENTATION_STYLE_ASSIGNMENT((#13004));
#13004 = SURFACE_STYLE_USAGE(.BOTH.,#13005);
#13005 = SURFACE_SIDE_STYLE('',(#13006));
#13006 = SURFACE_STYLE_FILL_AREA(#13007);
#13007 = FILL_AREA_STYLE('',(#13008));
#13008 = FILL_AREA_STYLE_COLOUR('',#12973);
#13009 = STYLED_ITEM('color',(#13010),#363);
#13010 = PRESENTATION_STYLE_ASSIGNMENT((#13011));
#13011 = SURFACE_STYLE_USAGE(.BOTH.,#13012);
#13012 = SURFACE_SIDE_STYLE('',(#13013));
#13013 = SURFACE_STYLE_FILL_AREA(#13014);
#13014 = FILL_AREA_STYLE('',(#13015));
#13015 = FILL_AREA_STYLE_COLOUR('',#12973);
#13016 = STYLED_ITEM('color',(#13017),#388);
#13017 = PRESENTATION_STYLE_ASSIGNMENT((#13018));
#13018 = SURFACE_STYLE_USAGE(.BOTH.,#13019);
#13019 = SURFACE_SIDE_STYLE('',(#13020));
#13020 = SURFACE_STYLE_FILL_AREA(#13021);
#13021 = FILL_AREA_STYLE('',(#13022));
#13022 = FILL_AREA_STYLE_COLOUR('',#12973);
#13023 = STYLED_ITEM('color',(#13024),#413);
#13024 = PRESENTATION_STYLE_ASSIGNMENT((#13025));
#13025 = SURFACE_STYLE_USAGE(.BOTH.,#13026);
#13026 = SURFACE_SIDE_STYLE('',(#13027));
#13027 = SURFACE_STYLE_FILL_AREA(#13028);
#13028 = FILL_AREA_STYLE('',(#13029));
#13029 = FILL_AREA_STYLE_COLOUR('',#12973);
#13030 = STYLED_ITEM('color',(#13031),#430);
#13031 = PRESENTATION_STYLE_ASSIGNMENT((#13032));
#13032 = SURFACE_STYLE_USAGE(.BOTH.,#13033);
#13033 = SURFACE_SIDE_STYLE('',(#13034));
#13034 = SURFACE_STYLE_FILL_AREA(#13035);
#13035 = FILL_AREA_STYLE('',(#13036));
#13036 = FILL_AREA_STYLE_COLOUR('',#12973);
#13037 = STYLED_ITEM('color',(#13038),#516);
#13038 = PRESENTATION_STYLE_ASSIGNMENT((#13039));
#13039 = SURFACE_STYLE_USAGE(.BOTH.,#13040);
#13040 = SURFACE_SIDE_STYLE('',(#13041));
#13041 = SURFACE_STYLE_FILL_AREA(#13042);
#13042 = FILL_AREA_STYLE('',(#13043));
#13043 = FILL_AREA_STYLE_COLOUR('',#13044);
#13044 = COLOUR_RGB('',0.379000005575,0.270000008848,0.214999999939);
#13045 = STYLED_ITEM('color',(#13046),#548);
#13046 = PRESENTATION_STYLE_ASSIGNMENT((#13047));
#13047 = SURFACE_STYLE_USAGE(.BOTH.,#13048);
#13048 = SURFACE_SIDE_STYLE('',(#13049));
#13049 = SURFACE_STYLE_FILL_AREA(#13050);
#13050 = FILL_AREA_STYLE('',(#13051));
#13051 = FILL_AREA_STYLE_COLOUR('',#13044);
#13052 = STYLED_ITEM('color',(#13053),#572);
#13053 = PRESENTATION_STYLE_ASSIGNMENT((#13054));
#13054 = SURFACE_STYLE_USAGE(.BOTH.,#13055);
#13055 = SURFACE_SIDE_STYLE('',(#13056));
#13056 = SURFACE_STYLE_FILL_AREA(#13057);
#13057 = FILL_AREA_STYLE('',(#13058));
#13058 = FILL_AREA_STYLE_COLOUR('',#13044);
#13059 = STYLED_ITEM('color',(#13060),#597);
#13060 = PRESENTATION_STYLE_ASSIGNMENT((#13061));
#13061 = SURFACE_STYLE_USAGE(.BOTH.,#13062);
#13062 = SURFACE_SIDE_STYLE('',(#13063));
#13063 = SURFACE_STYLE_FILL_AREA(#13064);
#13064 = FILL_AREA_STYLE('',(#13065));
#13065 = FILL_AREA_STYLE_COLOUR('',#13044);
#13066 = STYLED_ITEM('color',(#13067),#621);
#13067 = PRESENTATION_STYLE_ASSIGNMENT((#13068));
#13068 = SURFACE_STYLE_USAGE(.BOTH.,#13069);
#13069 = SURFACE_SIDE_STYLE('',(#13070));
#13070 = SURFACE_STYLE_FILL_AREA(#13071);
#13071 = FILL_AREA_STYLE('',(#13072));
#13072 = FILL_AREA_STYLE_COLOUR('',#13044);
#13073 = STYLED_ITEM('color',(#13074),#646);
#13074 = PRESENTATION_STYLE_ASSIGNMENT((#13075));
#13075 = SURFACE_STYLE_USAGE(.BOTH.,#13076);
#13076 = SURFACE_SIDE_STYLE('',(#13077));
#13077 = SURFACE_STYLE_FILL_AREA(#13078);
#13078 = FILL_AREA_STYLE('',(#13079));
#13079 = FILL_AREA_STYLE_COLOUR('',#13044);
#13080 = STYLED_ITEM('color',(#13081),#670);
#13081 = PRESENTATION_STYLE_ASSIGNMENT((#13082));
#13082 = SURFACE_STYLE_USAGE(.BOTH.,#13083);
#13083 = SURFACE_SIDE_STYLE('',(#13084));
#13084 = SURFACE_STYLE_FILL_AREA(#13085);
#13085 = FILL_AREA_STYLE('',(#13086));
#13086 = FILL_AREA_STYLE_COLOUR('',#13044);
#13087 = STYLED_ITEM('color',(#13088),#695);
#13088 = PRESENTATION_STYLE_ASSIGNMENT((#13089));
#13089 = SURFACE_STYLE_USAGE(.BOTH.,#13090);
#13090 = SURFACE_SIDE_STYLE('',(#13091));
#13091 = SURFACE_STYLE_FILL_AREA(#13092);
#13092 = FILL_AREA_STYLE('',(#13093));
#13093 = FILL_AREA_STYLE_COLOUR('',#13044);
#13094 = STYLED_ITEM('color',(#13095),#712);
#13095 = PRESENTATION_STYLE_ASSIGNMENT((#13096));
#13096 = SURFACE_STYLE_USAGE(.BOTH.,#13097);
#13097 = SURFACE_SIDE_STYLE('',(#13098));
#13098 = SURFACE_STYLE_FILL_AREA(#13099);
#13099 = FILL_AREA_STYLE('',(#13100));
#13100 = FILL_AREA_STYLE_COLOUR('',#12973);
#13101 = STYLED_ITEM('color',(#13102),#798);
#13102 = PRESENTATION_STYLE_ASSIGNMENT((#13103));
#13103 = SURFACE_STYLE_USAGE(.BOTH.,#13104);
#13104 = SURFACE_SIDE_STYLE('',(#13105));
#13105 = SURFACE_STYLE_FILL_AREA(#13106);
#13106 = FILL_AREA_STYLE('',(#13107));
#13107 = FILL_AREA_STYLE_COLOUR('',#12973);
#13108 = STYLED_ITEM('color',(#13109),#829);
#13109 = PRESENTATION_STYLE_ASSIGNMENT((#13110));
#13110 = SURFACE_STYLE_USAGE(.BOTH.,#13111);
#13111 = SURFACE_SIDE_STYLE('',(#13112));
#13112 = SURFACE_STYLE_FILL_AREA(#13113);
#13113 = FILL_AREA_STYLE('',(#13114));
#13114 = FILL_AREA_STYLE_COLOUR('',#12973);
#13115 = STYLED_ITEM('color',(#13116),#854);
#13116 = PRESENTATION_STYLE_ASSIGNMENT((#13117));
#13117 = SURFACE_STYLE_USAGE(.BOTH.,#13118);
#13118 = SURFACE_SIDE_STYLE('',(#13119));
#13119 = SURFACE_STYLE_FILL_AREA(#13120);
#13120 = FILL_AREA_STYLE('',(#13121));
#13121 = FILL_AREA_STYLE_COLOUR('',#12973);
#13122 = STYLED_ITEM('color',(#13123),#879);
#13123 = PRESENTATION_STYLE_ASSIGNMENT((#13124));
#13124 = SURFACE_STYLE_USAGE(.BOTH.,#13125);
#13125 = SURFACE_SIDE_STYLE('',(#13126));
#13126 = SURFACE_STYLE_FILL_AREA(#13127);
#13127 = FILL_AREA_STYLE('',(#13128));
#13128 = FILL_AREA_STYLE_COLOUR('',#12973);
#13129 = STYLED_ITEM('color',(#13130),#903);
#13130 = PRESENTATION_STYLE_ASSIGNMENT((#13131));
#13131 = SURFACE_STYLE_USAGE(.BOTH.,#13132);
#13132 = SURFACE_SIDE_STYLE('',(#13133));
#13133 = SURFACE_STYLE_FILL_AREA(#13134);
#13134 = FILL_AREA_STYLE('',(#13135));
#13135 = FILL_AREA_STYLE_COLOUR('',#12973);
#13136 = STYLED_ITEM('color',(#13137),#927);
#13137 = PRESENTATION_STYLE_ASSIGNMENT((#13138));
#13138 = SURFACE_STYLE_USAGE(.BOTH.,#13139);
#13139 = SURFACE_SIDE_STYLE('',(#13140));
#13140 = SURFACE_STYLE_FILL_AREA(#13141);
#13141 = FILL_AREA_STYLE('',(#13142));
#13142 = FILL_AREA_STYLE_COLOUR('',#12973);
#13143 = STYLED_ITEM('color',(#13144),#952);
#13144 = PRESENTATION_STYLE_ASSIGNMENT((#13145));
#13145 = SURFACE_STYLE_USAGE(.BOTH.,#13146);
#13146 = SURFACE_SIDE_STYLE('',(#13147));
#13147 = SURFACE_STYLE_FILL_AREA(#13148);
#13148 = FILL_AREA_STYLE('',(#13149));
#13149 = FILL_AREA_STYLE_COLOUR('',#12973);
#13150 = STYLED_ITEM('color',(#13151),#977);
#13151 = PRESENTATION_STYLE_ASSIGNMENT((#13152));
#13152 = SURFACE_STYLE_USAGE(.BOTH.,#13153);
#13153 = SURFACE_SIDE_STYLE('',(#13154));
#13154 = SURFACE_STYLE_FILL_AREA(#13155);
#13155 = FILL_AREA_STYLE('',(#13156));
#13156 = FILL_AREA_STYLE_COLOUR('',#12973);
#13157 = STYLED_ITEM('color',(#13158),#994);
#13158 = PRESENTATION_STYLE_ASSIGNMENT((#13159));
#13159 = SURFACE_STYLE_USAGE(.BOTH.,#13160);
#13160 = SURFACE_SIDE_STYLE('',(#13161));
#13161 = SURFACE_STYLE_FILL_AREA(#13162);
#13162 = FILL_AREA_STYLE('',(#13163));
#13163 = FILL_AREA_STYLE_COLOUR('',#12973);
#13164 = MECHANICAL_DESIGN_GEOMETRIC_PRESENTATION_REPRESENTATION('',(
    #13165,#13172,#13179,#13186,#13193,#13200,#13207,#13214,#13221,
    #13228,#13235,#13242,#13249,#13256,#13263,#13270,#13277,#13284,
    #13291,#13298,#13305,#13312,#13319,#13326,#13333,#13340,#13347,
    #13354),#9643);
#13165 = STYLED_ITEM('color',(#13166),#8791);
#13166 = PRESENTATION_STYLE_ASSIGNMENT((#13167));
#13167 = SURFACE_STYLE_USAGE(.BOTH.,#13168);
#13168 = SURFACE_SIDE_STYLE('',(#13169));
#13169 = SURFACE_STYLE_FILL_AREA(#13170);
#13170 = FILL_AREA_STYLE('',(#13171));
#13171 = FILL_AREA_STYLE_COLOUR('',#12973);
#13172 = STYLED_ITEM('color',(#13173),#8867);
#13173 = PRESENTATION_STYLE_ASSIGNMENT((#13174));
#13174 = SURFACE_STYLE_USAGE(.BOTH.,#13175);
#13175 = SURFACE_SIDE_STYLE('',(#13176));
#13176 = SURFACE_STYLE_FILL_AREA(#13177);
#13177 = FILL_AREA_STYLE('',(#13178));
#13178 = FILL_AREA_STYLE_COLOUR('',#12973);
#13179 = STYLED_ITEM('color',(#13180),#8898);
#13180 = PRESENTATION_STYLE_ASSIGNMENT((#13181));
#13181 = SURFACE_STYLE_USAGE(.BOTH.,#13182);
#13182 = SURFACE_SIDE_STYLE('',(#13183));
#13183 = SURFACE_STYLE_FILL_AREA(#13184);
#13184 = FILL_AREA_STYLE('',(#13185));
#13185 = FILL_AREA_STYLE_COLOUR('',#12973);
#13186 = STYLED_ITEM('color',(#13187),#8923);
#13187 = PRESENTATION_STYLE_ASSIGNMENT((#13188));
#13188 = SURFACE_STYLE_USAGE(.BOTH.,#13189);
#13189 = SURFACE_SIDE_STYLE('',(#13190));
#13190 = SURFACE_STYLE_FILL_AREA(#13191);
#13191 = FILL_AREA_STYLE('',(#13192));
#13192 = FILL_AREA_STYLE_COLOUR('',#12973);
#13193 = STYLED_ITEM('color',(#13194),#8948);
#13194 = PRESENTATION_STYLE_ASSIGNMENT((#13195));
#13195 = SURFACE_STYLE_USAGE(.BOTH.,#13196);
#13196 = SURFACE_SIDE_STYLE('',(#13197));
#13197 = SURFACE_STYLE_FILL_AREA(#13198);
#13198 = FILL_AREA_STYLE('',(#13199));
#13199 = FILL_AREA_STYLE_COLOUR('',#12973);
#13200 = STYLED_ITEM('color',(#13201),#8972);
#13201 = PRESENTATION_STYLE_ASSIGNMENT((#13202));
#13202 = SURFACE_STYLE_USAGE(.BOTH.,#13203);
#13203 = SURFACE_SIDE_STYLE('',(#13204));
#13204 = SURFACE_STYLE_FILL_AREA(#13205);
#13205 = FILL_AREA_STYLE('',(#13206));
#13206 = FILL_AREA_STYLE_COLOUR('',#12973);
#13207 = STYLED_ITEM('color',(#13208),#8996);
#13208 = PRESENTATION_STYLE_ASSIGNMENT((#13209));
#13209 = SURFACE_STYLE_USAGE(.BOTH.,#13210);
#13210 = SURFACE_SIDE_STYLE('',(#13211));
#13211 = SURFACE_STYLE_FILL_AREA(#13212);
#13212 = FILL_AREA_STYLE('',(#13213));
#13213 = FILL_AREA_STYLE_COLOUR('',#12973);
#13214 = STYLED_ITEM('color',(#13215),#9021);
#13215 = PRESENTATION_STYLE_ASSIGNMENT((#13216));
#13216 = SURFACE_STYLE_USAGE(.BOTH.,#13217);
#13217 = SURFACE_SIDE_STYLE('',(#13218));
#13218 = SURFACE_STYLE_FILL_AREA(#13219);
#13219 = FILL_AREA_STYLE('',(#13220));
#13220 = FILL_AREA_STYLE_COLOUR('',#12973);
#13221 = STYLED_ITEM('color',(#13222),#9046);
#13222 = PRESENTATION_STYLE_ASSIGNMENT((#13223));
#13223 = SURFACE_STYLE_USAGE(.BOTH.,#13224);
#13224 = SURFACE_SIDE_STYLE('',(#13225));
#13225 = SURFACE_STYLE_FILL_AREA(#13226);
#13226 = FILL_AREA_STYLE('',(#13227));
#13227 = FILL_AREA_STYLE_COLOUR('',#12973);
#13228 = STYLED_ITEM('color',(#13229),#9063);
#13229 = PRESENTATION_STYLE_ASSIGNMENT((#13230));
#13230 = SURFACE_STYLE_USAGE(.BOTH.,#13231);
#13231 = SURFACE_SIDE_STYLE('',(#13232));
#13232 = SURFACE_STYLE_FILL_AREA(#13233);
#13233 = FILL_AREA_STYLE('',(#13234));
#13234 = FILL_AREA_STYLE_COLOUR('',#12973);
#13235 = STYLED_ITEM('color',(#13236),#9149);
#13236 = PRESENTATION_STYLE_ASSIGNMENT((#13237));
#13237 = SURFACE_STYLE_USAGE(.BOTH.,#13238);
#13238 = SURFACE_SIDE_STYLE('',(#13239));
#13239 = SURFACE_STYLE_FILL_AREA(#13240);
#13240 = FILL_AREA_STYLE('',(#13241));
#13241 = FILL_AREA_STYLE_COLOUR('',#13044);
#13242 = STYLED_ITEM('color',(#13243),#9181);
#13243 = PRESENTATION_STYLE_ASSIGNMENT((#13244));
#13244 = SURFACE_STYLE_USAGE(.BOTH.,#13245);
#13245 = SURFACE_SIDE_STYLE('',(#13246));
#13246 = SURFACE_STYLE_FILL_AREA(#13247);
#13247 = FILL_AREA_STYLE('',(#13248));
#13248 = FILL_AREA_STYLE_COLOUR('',#13044);
#13249 = STYLED_ITEM('color',(#13250),#9205);
#13250 = PRESENTATION_STYLE_ASSIGNMENT((#13251));
#13251 = SURFACE_STYLE_USAGE(.BOTH.,#13252);
#13252 = SURFACE_SIDE_STYLE('',(#13253));
#13253 = SURFACE_STYLE_FILL_AREA(#13254);
#13254 = FILL_AREA_STYLE('',(#13255));
#13255 = FILL_AREA_STYLE_COLOUR('',#13044);
#13256 = STYLED_ITEM('color',(#13257),#9230);
#13257 = PRESENTATION_STYLE_ASSIGNMENT((#13258));
#13258 = SURFACE_STYLE_USAGE(.BOTH.,#13259);
#13259 = SURFACE_SIDE_STYLE('',(#13260));
#13260 = SURFACE_STYLE_FILL_AREA(#13261);
#13261 = FILL_AREA_STYLE('',(#13262));
#13262 = FILL_AREA_STYLE_COLOUR('',#13044);
#13263 = STYLED_ITEM('color',(#13264),#9254);
#13264 = PRESENTATION_STYLE_ASSIGNMENT((#13265));
#13265 = SURFACE_STYLE_USAGE(.BOTH.,#13266);
#13266 = SURFACE_SIDE_STYLE('',(#13267));
#13267 = SURFACE_STYLE_FILL_AREA(#13268);
#13268 = FILL_AREA_STYLE('',(#13269));
#13269 = FILL_AREA_STYLE_COLOUR('',#13044);
#13270 = STYLED_ITEM('color',(#13271),#9279);
#13271 = PRESENTATION_STYLE_ASSIGNMENT((#13272));
#13272 = SURFACE_STYLE_USAGE(.BOTH.,#13273);
#13273 = SURFACE_SIDE_STYLE('',(#13274));
#13274 = SURFACE_STYLE_FILL_AREA(#13275);
#13275 = FILL_AREA_STYLE('',(#13276));
#13276 = FILL_AREA_STYLE_COLOUR('',#13044);
#13277 = STYLED_ITEM('color',(#13278),#9303);
#13278 = PRESENTATION_STYLE_ASSIGNMENT((#13279));
#13279 = SURFACE_STYLE_USAGE(.BOTH.,#13280);
#13280 = SURFACE_SIDE_STYLE('',(#13281));
#13281 = SURFACE_STYLE_FILL_AREA(#13282);
#13282 = FILL_AREA_STYLE('',(#13283));
#13283 = FILL_AREA_STYLE_COLOUR('',#13044);
#13284 = STYLED_ITEM('color',(#13285),#9328);
#13285 = PRESENTATION_STYLE_ASSIGNMENT((#13286));
#13286 = SURFACE_STYLE_USAGE(.BOTH.,#13287);
#13287 = SURFACE_SIDE_STYLE('',(#13288));
#13288 = SURFACE_STYLE_FILL_AREA(#13289);
#13289 = FILL_AREA_STYLE('',(#13290));
#13290 = FILL_AREA_STYLE_COLOUR('',#13044);
#13291 = STYLED_ITEM('color',(#13292),#9345);
#13292 = PRESENTATION_STYLE_ASSIGNMENT((#13293));
#13293 = SURFACE_STYLE_USAGE(.BOTH.,#13294);
#13294 = SURFACE_SIDE_STYLE('',(#13295));
#13295 = SURFACE_STYLE_FILL_AREA(#13296);
#13296 = FILL_AREA_STYLE('',(#13297));
#13297 = FILL_AREA_STYLE_COLOUR('',#12973);
#13298 = STYLED_ITEM('color',(#13299),#9431);
#13299 = PRESENTATION_STYLE_ASSIGNMENT((#13300));
#13300 = SURFACE_STYLE_USAGE(.BOTH.,#13301);
#13301 = SURFACE_SIDE_STYLE('',(#13302));
#13302 = SURFACE_STYLE_FILL_AREA(#13303);
#13303 = FILL_AREA_STYLE('',(#13304));
#13304 = FILL_AREA_STYLE_COLOUR('',#12973);
#13305 = STYLED_ITEM('color',(#13306),#9462);
#13306 = PRESENTATION_STYLE_ASSIGNMENT((#13307));
#13307 = SURFACE_STYLE_USAGE(.BOTH.,#13308);
#13308 = SURFACE_SIDE_STYLE('',(#13309));
#13309 = SURFACE_STYLE_FILL_AREA(#13310);
#13310 = FILL_AREA_STYLE('',(#13311));
#13311 = FILL_AREA_STYLE_COLOUR('',#12973);
#13312 = STYLED_ITEM('color',(#13313),#9487);
#13313 = PRESENTATION_STYLE_ASSIGNMENT((#13314));
#13314 = SURFACE_STYLE_USAGE(.BOTH.,#13315);
#13315 = SURFACE_SIDE_STYLE('',(#13316));
#13316 = SURFACE_STYLE_FILL_AREA(#13317);
#13317 = FILL_AREA_STYLE('',(#13318));
#13318 = FILL_AREA_STYLE_COLOUR('',#12973);
#13319 = STYLED_ITEM('color',(#13320),#9512);
#13320 = PRESENTATION_STYLE_ASSIGNMENT((#13321));
#13321 = SURFACE_STYLE_USAGE(.BOTH.,#13322);
#13322 = SURFACE_SIDE_STYLE('',(#13323));
#13323 = SURFACE_STYLE_FILL_AREA(#13324);
#13324 = FILL_AREA_STYLE('',(#13325));
#13325 = FILL_AREA_STYLE_COLOUR('',#12973);
#13326 = STYLED_ITEM('color',(#13327),#9536);
#13327 = PRESENTATION_STYLE_ASSIGNMENT((#13328));
#13328 = SURFACE_STYLE_USAGE(.BOTH.,#13329);
#13329 = SURFACE_SIDE_STYLE('',(#13330));
#13330 = SURFACE_STYLE_FILL_AREA(#13331);
#13331 = FILL_AREA_STYLE('',(#13332));
#13332 = FILL_AREA_STYLE_COLOUR('',#12973);
#13333 = STYLED_ITEM('color',(#13334),#9560);
#13334 = PRESENTATION_STYLE_ASSIGNMENT((#13335));
#13335 = SURFACE_STYLE_USAGE(.BOTH.,#13336);
#13336 = SURFACE_SIDE_STYLE('',(#13337));
#13337 = SURFACE_STYLE_FILL_AREA(#13338);
#13338 = FILL_AREA_STYLE('',(#13339));
#13339 = FILL_AREA_STYLE_COLOUR('',#12973);
#13340 = STYLED_ITEM('color',(#13341),#9585);
#13341 = PRESENTATION_STYLE_ASSIGNMENT((#13342));
#13342 = SURFACE_STYLE_USAGE(.BOTH.,#13343);
#13343 = SURFACE_SIDE_STYLE('',(#13344));
#13344 = SURFACE_STYLE_FILL_AREA(#13345);
#13345 = FILL_AREA_STYLE('',(#13346));
#13346 = FILL_AREA_STYLE_COLOUR('',#12973);
#13347 = STYLED_ITEM('color',(#13348),#9610);
#13348 = PRESENTATION_STYLE_ASSIGNMENT((#13349));
#13349 = SURFACE_STYLE_USAGE(.BOTH.,#13350);
#13350 = SURFACE_SIDE_STYLE('',(#13351));
#13351 = SURFACE_STYLE_FILL_AREA(#13352);
#13352 = FILL_AREA_STYLE('',(#13353));
#13353 = FILL_AREA_STYLE_COLOUR('',#12973);
#13354 = STYLED_ITEM('color',(#13355),#9627);
#13355 = PRESENTATION_STYLE_ASSIGNMENT((#13356));
#13356 = SURFACE_STYLE_USAGE(.BOTH.,#13357);
#13357 = SURFACE_SIDE_STYLE('',(#13358));
#13358 = SURFACE_STYLE_FILL_AREA(#13359);
#13359 = FILL_AREA_STYLE('',(#13360));
#13360 = FILL_AREA_STYLE_COLOUR('',#12973);
#13361 = MECHANICAL_DESIGN_GEOMETRIC_PRESENTATION_REPRESENTATION('',(
    #13362,#13369,#13376,#13383,#13390,#13397,#13404,#13411,#13419,
    #13426,#13433,#13440,#13447,#13454,#13462,#13469,#13476,#13483,
    #13490,#13497,#13504,#13511,#13518,#13525,#13532,#13539),#8742);
#13362 = STYLED_ITEM('color',(#13363),#7954);
#13363 = PRESENTATION_STYLE_ASSIGNMENT((#13364));
#13364 = SURFACE_STYLE_USAGE(.BOTH.,#13365);
#13365 = SURFACE_SIDE_STYLE('',(#13366));
#13366 = SURFACE_STYLE_FILL_AREA(#13367);
#13367 = FILL_AREA_STYLE('',(#13368));
#13368 = FILL_AREA_STYLE_COLOUR('',#12973);
#13369 = STYLED_ITEM('color',(#13370),#7994);
#13370 = PRESENTATION_STYLE_ASSIGNMENT((#13371));
#13371 = SURFACE_STYLE_USAGE(.BOTH.,#13372);
#13372 = SURFACE_SIDE_STYLE('',(#13373));
#13373 = SURFACE_STYLE_FILL_AREA(#13374);
#13374 = FILL_AREA_STYLE('',(#13375));
#13375 = FILL_AREA_STYLE_COLOUR('',#12973);
#13376 = STYLED_ITEM('color',(#13377),#8077);
#13377 = PRESENTATION_STYLE_ASSIGNMENT((#13378));
#13378 = SURFACE_STYLE_USAGE(.BOTH.,#13379);
#13379 = SURFACE_SIDE_STYLE('',(#13380));
#13380 = SURFACE_STYLE_FILL_AREA(#13381);
#13381 = FILL_AREA_STYLE('',(#13382));
#13382 = FILL_AREA_STYLE_COLOUR('',#12973);
#13383 = STYLED_ITEM('color',(#13384),#8102);
#13384 = PRESENTATION_STYLE_ASSIGNMENT((#13385));
#13385 = SURFACE_STYLE_USAGE(.BOTH.,#13386);
#13386 = SURFACE_SIDE_STYLE('',(#13387));
#13387 = SURFACE_STYLE_FILL_AREA(#13388);
#13388 = FILL_AREA_STYLE('',(#13389));
#13389 = FILL_AREA_STYLE_COLOUR('',#12973);
#13390 = STYLED_ITEM('color',(#13391),#8127);
#13391 = PRESENTATION_STYLE_ASSIGNMENT((#13392));
#13392 = SURFACE_STYLE_USAGE(.BOTH.,#13393);
#13393 = SURFACE_SIDE_STYLE('',(#13394));
#13394 = SURFACE_STYLE_FILL_AREA(#13395);
#13395 = FILL_AREA_STYLE('',(#13396));
#13396 = FILL_AREA_STYLE_COLOUR('',#12973);
#13397 = STYLED_ITEM('color',(#13398),#8194);
#13398 = PRESENTATION_STYLE_ASSIGNMENT((#13399));
#13399 = SURFACE_STYLE_USAGE(.BOTH.,#13400);
#13400 = SURFACE_SIDE_STYLE('',(#13401));
#13401 = SURFACE_STYLE_FILL_AREA(#13402);
#13402 = FILL_AREA_STYLE('',(#13403));
#13403 = FILL_AREA_STYLE_COLOUR('',#12973);
#13404 = STYLED_ITEM('color',(#13405),#8211);
#13405 = PRESENTATION_STYLE_ASSIGNMENT((#13406));
#13406 = SURFACE_STYLE_USAGE(.BOTH.,#13407);
#13407 = SURFACE_SIDE_STYLE('',(#13408));
#13408 = SURFACE_STYLE_FILL_AREA(#13409);
#13409 = FILL_AREA_STYLE('',(#13410));
#13410 = FILL_AREA_STYLE_COLOUR('',#12973);
#13411 = STYLED_ITEM('color',(#13412),#8228);
#13412 = PRESENTATION_STYLE_ASSIGNMENT((#13413));
#13413 = SURFACE_STYLE_USAGE(.BOTH.,#13414);
#13414 = SURFACE_SIDE_STYLE('',(#13415));
#13415 = SURFACE_STYLE_FILL_AREA(#13416);
#13416 = FILL_AREA_STYLE('',(#13417));
#13417 = FILL_AREA_STYLE_COLOUR('',#13418);
#13418 = COLOUR_RGB('',0.894999966383,0.890999961016,0.813000030345);
#13419 = STYLED_ITEM('color',(#13420),#8277);
#13420 = PRESENTATION_STYLE_ASSIGNMENT((#13421));
#13421 = SURFACE_STYLE_USAGE(.BOTH.,#13422);
#13422 = SURFACE_SIDE_STYLE('',(#13423));
#13423 = SURFACE_STYLE_FILL_AREA(#13424);
#13424 = FILL_AREA_STYLE('',(#13425));
#13425 = FILL_AREA_STYLE_COLOUR('',#12973);
#13426 = STYLED_ITEM('color',(#13427),#8294);
#13427 = PRESENTATION_STYLE_ASSIGNMENT((#13428));
#13428 = SURFACE_STYLE_USAGE(.BOTH.,#13429);
#13429 = SURFACE_SIDE_STYLE('',(#13430));
#13430 = SURFACE_STYLE_FILL_AREA(#13431);
#13431 = FILL_AREA_STYLE('',(#13432));
#13432 = FILL_AREA_STYLE_COLOUR('',#12973);
#13433 = STYLED_ITEM('color',(#13434),#8311);
#13434 = PRESENTATION_STYLE_ASSIGNMENT((#13435));
#13435 = SURFACE_STYLE_USAGE(.BOTH.,#13436);
#13436 = SURFACE_SIDE_STYLE('',(#13437));
#13437 = SURFACE_STYLE_FILL_AREA(#13438);
#13438 = FILL_AREA_STYLE('',(#13439));
#13439 = FILL_AREA_STYLE_COLOUR('',#13418);
#13440 = STYLED_ITEM('color',(#13441),#8360);
#13441 = PRESENTATION_STYLE_ASSIGNMENT((#13442));
#13442 = SURFACE_STYLE_USAGE(.BOTH.,#13443);
#13443 = SURFACE_SIDE_STYLE('',(#13444));
#13444 = SURFACE_STYLE_FILL_AREA(#13445);
#13445 = FILL_AREA_STYLE('',(#13446));
#13446 = FILL_AREA_STYLE_COLOUR('',#13418);
#13447 = STYLED_ITEM('color',(#13448),#8377);
#13448 = PRESENTATION_STYLE_ASSIGNMENT((#13449));
#13449 = SURFACE_STYLE_USAGE(.BOTH.,#13450);
#13450 = SURFACE_SIDE_STYLE('',(#13451));
#13451 = SURFACE_STYLE_FILL_AREA(#13452);
#13452 = FILL_AREA_STYLE('',(#13453));
#13453 = FILL_AREA_STYLE_COLOUR('',#12973);
#13454 = STYLED_ITEM('color',(#13455),#8446);
#13455 = PRESENTATION_STYLE_ASSIGNMENT((#13456));
#13456 = SURFACE_STYLE_USAGE(.BOTH.,#13457);
#13457 = SURFACE_SIDE_STYLE('',(#13458));
#13458 = SURFACE_STYLE_FILL_AREA(#13459);
#13459 = FILL_AREA_STYLE('',(#13460));
#13460 = FILL_AREA_STYLE_COLOUR('',#13461);
#13461 = COLOUR_RGB('',8.200000279077E-02,8.600000121357E-02,
  9.399999706163E-02);
#13462 = STYLED_ITEM('color',(#13463),#8477);
#13463 = PRESENTATION_STYLE_ASSIGNMENT((#13464));
#13464 = SURFACE_STYLE_USAGE(.BOTH.,#13465);
#13465 = SURFACE_SIDE_STYLE('',(#13466));
#13466 = SURFACE_STYLE_FILL_AREA(#13467);
#13467 = FILL_AREA_STYLE('',(#13468));
#13468 = FILL_AREA_STYLE_COLOUR('',#13461);
#13469 = STYLED_ITEM('color',(#13470),#8501);
#13470 = PRESENTATION_STYLE_ASSIGNMENT((#13471));
#13471 = SURFACE_STYLE_USAGE(.BOTH.,#13472);
#13472 = SURFACE_SIDE_STYLE('',(#13473));
#13473 = SURFACE_STYLE_FILL_AREA(#13474);
#13474 = FILL_AREA_STYLE('',(#13475));
#13475 = FILL_AREA_STYLE_COLOUR('',#12973);
#13476 = STYLED_ITEM('color',(#13477),#8570);
#13477 = PRESENTATION_STYLE_ASSIGNMENT((#13478));
#13478 = SURFACE_STYLE_USAGE(.BOTH.,#13479);
#13479 = SURFACE_SIDE_STYLE('',(#13480));
#13480 = SURFACE_STYLE_FILL_AREA(#13481);
#13481 = FILL_AREA_STYLE('',(#13482));
#13482 = FILL_AREA_STYLE_COLOUR('',#13461);
#13483 = STYLED_ITEM('color',(#13484),#8594);
#13484 = PRESENTATION_STYLE_ASSIGNMENT((#13485));
#13485 = SURFACE_STYLE_USAGE(.BOTH.,#13486);
#13486 = SURFACE_SIDE_STYLE('',(#13487));
#13487 = SURFACE_STYLE_FILL_AREA(#13488);
#13488 = FILL_AREA_STYLE('',(#13489));
#13489 = FILL_AREA_STYLE_COLOUR('',#12973);
#13490 = STYLED_ITEM('color',(#13491),#8611);
#13491 = PRESENTATION_STYLE_ASSIGNMENT((#13492));
#13492 = SURFACE_STYLE_USAGE(.BOTH.,#13493);
#13493 = SURFACE_SIDE_STYLE('',(#13494));
#13494 = SURFACE_STYLE_FILL_AREA(#13495);
#13495 = FILL_AREA_STYLE('',(#13496));
#13496 = FILL_AREA_STYLE_COLOUR('',#12973);
#13497 = STYLED_ITEM('color',(#13498),#8628);
#13498 = PRESENTATION_STYLE_ASSIGNMENT((#13499));
#13499 = SURFACE_STYLE_USAGE(.BOTH.,#13500);
#13500 = SURFACE_SIDE_STYLE('',(#13501));
#13501 = SURFACE_STYLE_FILL_AREA(#13502);
#13502 = FILL_AREA_STYLE('',(#13503));
#13503 = FILL_AREA_STYLE_COLOUR('',#12973);
#13504 = STYLED_ITEM('color',(#13505),#8645);
#13505 = PRESENTATION_STYLE_ASSIGNMENT((#13506));
#13506 = SURFACE_STYLE_USAGE(.BOTH.,#13507);
#13507 = SURFACE_SIDE_STYLE('',(#13508));
#13508 = SURFACE_STYLE_FILL_AREA(#13509);
#13509 = FILL_AREA_STYLE('',(#13510));
#13510 = FILL_AREA_STYLE_COLOUR('',#12973);
#13511 = STYLED_ITEM('color',(#13512),#8662);
#13512 = PRESENTATION_STYLE_ASSIGNMENT((#13513));
#13513 = SURFACE_STYLE_USAGE(.BOTH.,#13514);
#13514 = SURFACE_SIDE_STYLE('',(#13515));
#13515 = SURFACE_STYLE_FILL_AREA(#13516);
#13516 = FILL_AREA_STYLE('',(#13517));
#13517 = FILL_AREA_STYLE_COLOUR('',#12973);
#13518 = STYLED_ITEM('color',(#13519),#8679);
#13519 = PRESENTATION_STYLE_ASSIGNMENT((#13520));
#13520 = SURFACE_STYLE_USAGE(.BOTH.,#13521);
#13521 = SURFACE_SIDE_STYLE('',(#13522));
#13522 = SURFACE_STYLE_FILL_AREA(#13523);
#13523 = FILL_AREA_STYLE('',(#13524));
#13524 = FILL_AREA_STYLE_COLOUR('',#12973);
#13525 = STYLED_ITEM('color',(#13526),#8696);
#13526 = PRESENTATION_STYLE_ASSIGNMENT((#13527));
#13527 = SURFACE_STYLE_USAGE(.BOTH.,#13528);
#13528 = SURFACE_SIDE_STYLE('',(#13529));
#13529 = SURFACE_STYLE_FILL_AREA(#13530);
#13530 = FILL_AREA_STYLE('',(#13531));
#13531 = FILL_AREA_STYLE_COLOUR('',#12973);
#13532 = STYLED_ITEM('color',(#13533),#8713);
#13533 = PRESENTATION_STYLE_ASSIGNMENT((#13534));
#13534 = SURFACE_STYLE_USAGE(.BOTH.,#13535);
#13535 = SURFACE_SIDE_STYLE('',(#13536));
#13536 = SURFACE_STYLE_FILL_AREA(#13537);
#13537 = FILL_AREA_STYLE('',(#13538));
#13538 = FILL_AREA_STYLE_COLOUR('',#13461);
#13539 = STYLED_ITEM('color',(#13540),#8730);
#13540 = PRESENTATION_STYLE_ASSIGNMENT((#13541));
#13541 = SURFACE_STYLE_USAGE(.BOTH.,#13542);
#13542 = SURFACE_SIDE_STYLE('',(#13543));
#13543 = SURFACE_STYLE_FILL_AREA(#13544);
#13544 = FILL_AREA_STYLE('',(#13545));
#13545 = FILL_AREA_STYLE_COLOUR('',#13461);
#13546 = MECHANICAL_DESIGN_GEOMETRIC_PRESENTATION_REPRESENTATION('',(
    #13547,#13557,#13566,#13575,#13584,#13593,#13602,#13611,#13620,
    #13629,#13638,#13647,#13656,#13665,#13674,#13683,#13692,#13701,
    #13710,#13719,#13728,#13737,#13746,#13755,#13764,#13773,#13782,
    #13791,#13800,#13809,#13818,#13827,#13836,#13845,#13854,#13863,
    #13872,#13881,#13890,#13899,#13908,#13917,#13926,#13935,#13944,
    #13953,#13962,#13971,#13980,#13989,#13998,#14007,#14016,#14025,
    #14034,#14043,#14052,#14061,#14070,#14079,#14088,#14097,#14106,
    #14115,#14124,#14133,#14142,#14151,#14160,#14169,#14178,#14187,
    #14196,#14205,#14214,#14223,#14232,#14241,#14250,#14259,#14268,
    #14277,#14286,#14295,#14304,#14313,#14322,#14331,#14340,#14349,
    #14358,#14367,#14376,#14385,#14394,#14403,#14412,#14421,#14430,
    #14439,#14448,#14457,#14466,#14475,#14484,#14493,#14502,#14511,
    #14520,#14529,#14538,#14547,#14556,#14565,#14574,#14583,#14592,
    #14601,#14610,#14619,#14628,#14637,#14646,#14655,#14664,#14673,
    #14682,#14691,#14700,#14709,#14718,#14727,#14736,#14745,#14754,
    #14763,#14772,#14781,#14790,#14799,#14808,#14817,#14826,#14835,
    #14844,#14853,#14862),#7910);
#13547 = STYLED_ITEM('color',(#13548),#3444);
#13548 = PRESENTATION_STYLE_ASSIGNMENT((#13549,#13555));
#13549 = SURFACE_STYLE_USAGE(.BOTH.,#13550);
#13550 = SURFACE_SIDE_STYLE('',(#13551));
#13551 = SURFACE_STYLE_FILL_AREA(#13552);
#13552 = FILL_AREA_STYLE('',(#13553));
#13553 = FILL_AREA_STYLE_COLOUR('',#13554);
#13554 = COLOUR_RGB('',0.147999998088,0.144999993226,0.144999993226);
#13555 = CURVE_STYLE('',#13556,POSITIVE_LENGTH_MEASURE(0.1),#13554);
#13556 = DRAUGHTING_PRE_DEFINED_CURVE_FONT('continuous');
#13557 = STYLED_ITEM('color',(#13558),#3482);
#13558 = PRESENTATION_STYLE_ASSIGNMENT((#13559,#13564));
#13559 = SURFACE_STYLE_USAGE(.BOTH.,#13560);
#13560 = SURFACE_SIDE_STYLE('',(#13561));
#13561 = SURFACE_STYLE_FILL_AREA(#13562);
#13562 = FILL_AREA_STYLE('',(#13563));
#13563 = FILL_AREA_STYLE_COLOUR('',#13554);
#13564 = CURVE_STYLE('',#13565,POSITIVE_LENGTH_MEASURE(0.1),#13554);
#13565 = DRAUGHTING_PRE_DEFINED_CURVE_FONT('continuous');
#13566 = STYLED_ITEM('color',(#13567),#3545);
#13567 = PRESENTATION_STYLE_ASSIGNMENT((#13568,#13573));
#13568 = SURFACE_STYLE_USAGE(.BOTH.,#13569);
#13569 = SURFACE_SIDE_STYLE('',(#13570));
#13570 = SURFACE_STYLE_FILL_AREA(#13571);
#13571 = FILL_AREA_STYLE('',(#13572));
#13572 = FILL_AREA_STYLE_COLOUR('',#13554);
#13573 = CURVE_STYLE('',#13574,POSITIVE_LENGTH_MEASURE(0.1),#13554);
#13574 = DRAUGHTING_PRE_DEFINED_CURVE_FONT('continuous');
#13575 = STYLED_ITEM('color',(#13576),#3568);
#13576 = PRESENTATION_STYLE_ASSIGNMENT((#13577,#13582));
#13577 = SURFACE_STYLE_USAGE(.BOTH.,#13578);
#13578 = SURFACE_SIDE_STYLE('',(#13579));
#13579 = SURFACE_STYLE_FILL_AREA(#13580);
#13580 = FILL_AREA_STYLE('',(#13581));
#13581 = FILL_AREA_STYLE_COLOUR('',#13554);
#13582 = CURVE_STYLE('',#13583,POSITIVE_LENGTH_MEASURE(0.1),#13554);
#13583 = DRAUGHTING_PRE_DEFINED_CURVE_FONT('continuous');
#13584 = STYLED_ITEM('color',(#13585),#3597);
#13585 = PRESENTATION_STYLE_ASSIGNMENT((#13586,#13591));
#13586 = SURFACE_STYLE_USAGE(.BOTH.,#13587);
#13587 = SURFACE_SIDE_STYLE('',(#13588));
#13588 = SURFACE_STYLE_FILL_AREA(#13589);
#13589 = FILL_AREA_STYLE('',(#13590));
#13590 = FILL_AREA_STYLE_COLOUR('',#13554);
#13591 = CURVE_STYLE('',#13592,POSITIVE_LENGTH_MEASURE(0.1),#13554);
#13592 = DRAUGHTING_PRE_DEFINED_CURVE_FONT('continuous');
#13593 = STYLED_ITEM('color',(#13594),#3620);
#13594 = PRESENTATION_STYLE_ASSIGNMENT((#13595,#13600));
#13595 = SURFACE_STYLE_USAGE(.BOTH.,#13596);
#13596 = SURFACE_SIDE_STYLE('',(#13597));
#13597 = SURFACE_STYLE_FILL_AREA(#13598);
#13598 = FILL_AREA_STYLE('',(#13599));
#13599 = FILL_AREA_STYLE_COLOUR('',#13554);
#13600 = CURVE_STYLE('',#13601,POSITIVE_LENGTH_MEASURE(0.1),#13554);
#13601 = DRAUGHTING_PRE_DEFINED_CURVE_FONT('continuous');
#13602 = STYLED_ITEM('color',(#13603),#3707);
#13603 = PRESENTATION_STYLE_ASSIGNMENT((#13604,#13609));
#13604 = SURFACE_STYLE_USAGE(.BOTH.,#13605);
#13605 = SURFACE_SIDE_STYLE('',(#13606));
#13606 = SURFACE_STYLE_FILL_AREA(#13607);
#13607 = FILL_AREA_STYLE('',(#13608));
#13608 = FILL_AREA_STYLE_COLOUR('',#13554);
#13609 = CURVE_STYLE('',#13610,POSITIVE_LENGTH_MEASURE(0.1),#13554);
#13610 = DRAUGHTING_PRE_DEFINED_CURVE_FONT('continuous');
#13611 = STYLED_ITEM('color',(#13612),#3794);
#13612 = PRESENTATION_STYLE_ASSIGNMENT((#13613,#13618));
#13613 = SURFACE_STYLE_USAGE(.BOTH.,#13614);
#13614 = SURFACE_SIDE_STYLE('',(#13615));
#13615 = SURFACE_STYLE_FILL_AREA(#13616);
#13616 = FILL_AREA_STYLE('',(#13617));
#13617 = FILL_AREA_STYLE_COLOUR('',#13554);
#13618 = CURVE_STYLE('',#13619,POSITIVE_LENGTH_MEASURE(0.1),#13554);
#13619 = DRAUGHTING_PRE_DEFINED_CURVE_FONT('continuous');
#13620 = STYLED_ITEM('color',(#13621),#3817);
#13621 = PRESENTATION_STYLE_ASSIGNMENT((#13622,#13627));
#13622 = SURFACE_STYLE_USAGE(.BOTH.,#13623);
#13623 = SURFACE_SIDE_STYLE('',(#13624));
#13624 = SURFACE_STYLE_FILL_AREA(#13625);
#13625 = FILL_AREA_STYLE('',(#13626));
#13626 = FILL_AREA_STYLE_COLOUR('',#13554);
#13627 = CURVE_STYLE('',#13628,POSITIVE_LENGTH_MEASURE(0.1),#13554);
#13628 = DRAUGHTING_PRE_DEFINED_CURVE_FONT('continuous');
#13629 = STYLED_ITEM('color',(#13630),#3840);
#13630 = PRESENTATION_STYLE_ASSIGNMENT((#13631,#13636));
#13631 = SURFACE_STYLE_USAGE(.BOTH.,#13632);
#13632 = SURFACE_SIDE_STYLE('',(#13633));
#13633 = SURFACE_STYLE_FILL_AREA(#13634);
#13634 = FILL_AREA_STYLE('',(#13635));
#13635 = FILL_AREA_STYLE_COLOUR('',#13554);
#13636 = CURVE_STYLE('',#13637,POSITIVE_LENGTH_MEASURE(0.1),#13554);
#13637 = DRAUGHTING_PRE_DEFINED_CURVE_FONT('continuous');
#13638 = STYLED_ITEM('color',(#13639),#3857);
#13639 = PRESENTATION_STYLE_ASSIGNMENT((#13640,#13645));
#13640 = SURFACE_STYLE_USAGE(.BOTH.,#13641);
#13641 = SURFACE_SIDE_STYLE('',(#13642));
#13642 = SURFACE_STYLE_FILL_AREA(#13643);
#13643 = FILL_AREA_STYLE('',(#13644));
#13644 = FILL_AREA_STYLE_COLOUR('',#13554);
#13645 = CURVE_STYLE('',#13646,POSITIVE_LENGTH_MEASURE(0.1),#13554);
#13646 = DRAUGHTING_PRE_DEFINED_CURVE_FONT('continuous');
#13647 = STYLED_ITEM('color',(#13648),#3880);
#13648 = PRESENTATION_STYLE_ASSIGNMENT((#13649,#13654));
#13649 = SURFACE_STYLE_USAGE(.BOTH.,#13650);
#13650 = SURFACE_SIDE_STYLE('',(#13651));
#13651 = SURFACE_STYLE_FILL_AREA(#13652);
#13652 = FILL_AREA_STYLE('',(#13653));
#13653 = FILL_AREA_STYLE_COLOUR('',#13554);
#13654 = CURVE_STYLE('',#13655,POSITIVE_LENGTH_MEASURE(0.1),#13554);
#13655 = DRAUGHTING_PRE_DEFINED_CURVE_FONT('continuous');
#13656 = STYLED_ITEM('color',(#13657),#3968);
#13657 = PRESENTATION_STYLE_ASSIGNMENT((#13658,#13663));
#13658 = SURFACE_STYLE_USAGE(.BOTH.,#13659);
#13659 = SURFACE_SIDE_STYLE('',(#13660));
#13660 = SURFACE_STYLE_FILL_AREA(#13661);
#13661 = FILL_AREA_STYLE('',(#13662));
#13662 = FILL_AREA_STYLE_COLOUR('',#13554);
#13663 = CURVE_STYLE('',#13664,POSITIVE_LENGTH_MEASURE(0.1),#13554);
#13664 = DRAUGHTING_PRE_DEFINED_CURVE_FONT('continuous');
#13665 = STYLED_ITEM('color',(#13666),#3984);
#13666 = PRESENTATION_STYLE_ASSIGNMENT((#13667,#13672));
#13667 = SURFACE_STYLE_USAGE(.BOTH.,#13668);
#13668 = SURFACE_SIDE_STYLE('',(#13669));
#13669 = SURFACE_STYLE_FILL_AREA(#13670);
#13670 = FILL_AREA_STYLE('',(#13671));
#13671 = FILL_AREA_STYLE_COLOUR('',#13554);
#13672 = CURVE_STYLE('',#13673,POSITIVE_LENGTH_MEASURE(0.1),#13554);
#13673 = DRAUGHTING_PRE_DEFINED_CURVE_FONT('continuous');
#13674 = STYLED_ITEM('color',(#13675),#4014);
#13675 = PRESENTATION_STYLE_ASSIGNMENT((#13676,#13681));
#13676 = SURFACE_STYLE_USAGE(.BOTH.,#13677);
#13677 = SURFACE_SIDE_STYLE('',(#13678));
#13678 = SURFACE_STYLE_FILL_AREA(#13679);
#13679 = FILL_AREA_STYLE('',(#13680));
#13680 = FILL_AREA_STYLE_COLOUR('',#12973);
#13681 = CURVE_STYLE('',#13682,POSITIVE_LENGTH_MEASURE(0.1),#12973);
#13682 = DRAUGHTING_PRE_DEFINED_CURVE_FONT('continuous');
#13683 = STYLED_ITEM('color',(#13684),#4045);
#13684 = PRESENTATION_STYLE_ASSIGNMENT((#13685,#13690));
#13685 = SURFACE_STYLE_USAGE(.BOTH.,#13686);
#13686 = SURFACE_SIDE_STYLE('',(#13687));
#13687 = SURFACE_STYLE_FILL_AREA(#13688);
#13688 = FILL_AREA_STYLE('',(#13689));
#13689 = FILL_AREA_STYLE_COLOUR('',#13554);
#13690 = CURVE_STYLE('',#13691,POSITIVE_LENGTH_MEASURE(0.1),#13554);
#13691 = DRAUGHTING_PRE_DEFINED_CURVE_FONT('continuous');
#13692 = STYLED_ITEM('color',(#13693),#4076);
#13693 = PRESENTATION_STYLE_ASSIGNMENT((#13694,#13699));
#13694 = SURFACE_STYLE_USAGE(.BOTH.,#13695);
#13695 = SURFACE_SIDE_STYLE('',(#13696));
#13696 = SURFACE_STYLE_FILL_AREA(#13697);
#13697 = FILL_AREA_STYLE('',(#13698));
#13698 = FILL_AREA_STYLE_COLOUR('',#12973);
#13699 = CURVE_STYLE('',#13700,POSITIVE_LENGTH_MEASURE(0.1),#12973);
#13700 = DRAUGHTING_PRE_DEFINED_CURVE_FONT('continuous');
#13701 = STYLED_ITEM('color',(#13702),#4107);
#13702 = PRESENTATION_STYLE_ASSIGNMENT((#13703,#13708));
#13703 = SURFACE_STYLE_USAGE(.BOTH.,#13704);
#13704 = SURFACE_SIDE_STYLE('',(#13705));
#13705 = SURFACE_STYLE_FILL_AREA(#13706);
#13706 = FILL_AREA_STYLE('',(#13707));
#13707 = FILL_AREA_STYLE_COLOUR('',#13554);
#13708 = CURVE_STYLE('',#13709,POSITIVE_LENGTH_MEASURE(0.1),#13554);
#13709 = DRAUGHTING_PRE_DEFINED_CURVE_FONT('continuous');
#13710 = STYLED_ITEM('color',(#13711),#4138);
#13711 = PRESENTATION_STYLE_ASSIGNMENT((#13712,#13717));
#13712 = SURFACE_STYLE_USAGE(.BOTH.,#13713);
#13713 = SURFACE_SIDE_STYLE('',(#13714));
#13714 = SURFACE_STYLE_FILL_AREA(#13715);
#13715 = FILL_AREA_STYLE('',(#13716));
#13716 = FILL_AREA_STYLE_COLOUR('',#12973);
#13717 = CURVE_STYLE('',#13718,POSITIVE_LENGTH_MEASURE(0.1),#12973);
#13718 = DRAUGHTING_PRE_DEFINED_CURVE_FONT('continuous');
#13719 = STYLED_ITEM('color',(#13720),#4169);
#13720 = PRESENTATION_STYLE_ASSIGNMENT((#13721,#13726));
#13721 = SURFACE_STYLE_USAGE(.BOTH.,#13722);
#13722 = SURFACE_SIDE_STYLE('',(#13723));
#13723 = SURFACE_STYLE_FILL_AREA(#13724);
#13724 = FILL_AREA_STYLE('',(#13725));
#13725 = FILL_AREA_STYLE_COLOUR('',#13554);
#13726 = CURVE_STYLE('',#13727,POSITIVE_LENGTH_MEASURE(0.1),#13554);
#13727 = DRAUGHTING_PRE_DEFINED_CURVE_FONT('continuous');
#13728 = STYLED_ITEM('color',(#13729),#4200);
#13729 = PRESENTATION_STYLE_ASSIGNMENT((#13730,#13735));
#13730 = SURFACE_STYLE_USAGE(.BOTH.,#13731);
#13731 = SURFACE_SIDE_STYLE('',(#13732));
#13732 = SURFACE_STYLE_FILL_AREA(#13733);
#13733 = FILL_AREA_STYLE('',(#13734));
#13734 = FILL_AREA_STYLE_COLOUR('',#12973);
#13735 = CURVE_STYLE('',#13736,POSITIVE_LENGTH_MEASURE(0.1),#12973);
#13736 = DRAUGHTING_PRE_DEFINED_CURVE_FONT('continuous');
#13737 = STYLED_ITEM('color',(#13738),#4231);
#13738 = PRESENTATION_STYLE_ASSIGNMENT((#13739,#13744));
#13739 = SURFACE_STYLE_USAGE(.BOTH.,#13740);
#13740 = SURFACE_SIDE_STYLE('',(#13741));
#13741 = SURFACE_STYLE_FILL_AREA(#13742);
#13742 = FILL_AREA_STYLE('',(#13743));
#13743 = FILL_AREA_STYLE_COLOUR('',#13554);
#13744 = CURVE_STYLE('',#13745,POSITIVE_LENGTH_MEASURE(0.1),#13554);
#13745 = DRAUGHTING_PRE_DEFINED_CURVE_FONT('continuous');
#13746 = STYLED_ITEM('color',(#13747),#4248);
#13747 = PRESENTATION_STYLE_ASSIGNMENT((#13748,#13753));
#13748 = SURFACE_STYLE_USAGE(.BOTH.,#13749);
#13749 = SURFACE_SIDE_STYLE('',(#13750));
#13750 = SURFACE_STYLE_FILL_AREA(#13751);
#13751 = FILL_AREA_STYLE('',(#13752));
#13752 = FILL_AREA_STYLE_COLOUR('',#13554);
#13753 = CURVE_STYLE('',#13754,POSITIVE_LENGTH_MEASURE(0.1),#13554);
#13754 = DRAUGHTING_PRE_DEFINED_CURVE_FONT('continuous');
#13755 = STYLED_ITEM('color',(#13756),#4265);
#13756 = PRESENTATION_STYLE_ASSIGNMENT((#13757,#13762));
#13757 = SURFACE_STYLE_USAGE(.BOTH.,#13758);
#13758 = SURFACE_SIDE_STYLE('',(#13759));
#13759 = SURFACE_STYLE_FILL_AREA(#13760);
#13760 = FILL_AREA_STYLE('',(#13761));
#13761 = FILL_AREA_STYLE_COLOUR('',#12973);
#13762 = CURVE_STYLE('',#13763,POSITIVE_LENGTH_MEASURE(0.1),#12973);
#13763 = DRAUGHTING_PRE_DEFINED_CURVE_FONT('continuous');
#13764 = STYLED_ITEM('color',(#13765),#4296);
#13765 = PRESENTATION_STYLE_ASSIGNMENT((#13766,#13771));
#13766 = SURFACE_STYLE_USAGE(.BOTH.,#13767);
#13767 = SURFACE_SIDE_STYLE('',(#13768));
#13768 = SURFACE_STYLE_FILL_AREA(#13769);
#13769 = FILL_AREA_STYLE('',(#13770));
#13770 = FILL_AREA_STYLE_COLOUR('',#13554);
#13771 = CURVE_STYLE('',#13772,POSITIVE_LENGTH_MEASURE(0.1),#13554);
#13772 = DRAUGHTING_PRE_DEFINED_CURVE_FONT('continuous');
#13773 = STYLED_ITEM('color',(#13774),#4327);
#13774 = PRESENTATION_STYLE_ASSIGNMENT((#13775,#13780));
#13775 = SURFACE_STYLE_USAGE(.BOTH.,#13776);
#13776 = SURFACE_SIDE_STYLE('',(#13777));
#13777 = SURFACE_STYLE_FILL_AREA(#13778);
#13778 = FILL_AREA_STYLE('',(#13779));
#13779 = FILL_AREA_STYLE_COLOUR('',#12973);
#13780 = CURVE_STYLE('',#13781,POSITIVE_LENGTH_MEASURE(0.1),#12973);
#13781 = DRAUGHTING_PRE_DEFINED_CURVE_FONT('continuous');
#13782 = STYLED_ITEM('color',(#13783),#4358);
#13783 = PRESENTATION_STYLE_ASSIGNMENT((#13784,#13789));
#13784 = SURFACE_STYLE_USAGE(.BOTH.,#13785);
#13785 = SURFACE_SIDE_STYLE('',(#13786));
#13786 = SURFACE_STYLE_FILL_AREA(#13787);
#13787 = FILL_AREA_STYLE('',(#13788));
#13788 = FILL_AREA_STYLE_COLOUR('',#13554);
#13789 = CURVE_STYLE('',#13790,POSITIVE_LENGTH_MEASURE(0.1),#13554);
#13790 = DRAUGHTING_PRE_DEFINED_CURVE_FONT('continuous');
#13791 = STYLED_ITEM('color',(#13792),#4389);
#13792 = PRESENTATION_STYLE_ASSIGNMENT((#13793,#13798));
#13793 = SURFACE_STYLE_USAGE(.BOTH.,#13794);
#13794 = SURFACE_SIDE_STYLE('',(#13795));
#13795 = SURFACE_STYLE_FILL_AREA(#13796);
#13796 = FILL_AREA_STYLE('',(#13797));
#13797 = FILL_AREA_STYLE_COLOUR('',#12973);
#13798 = CURVE_STYLE('',#13799,POSITIVE_LENGTH_MEASURE(0.1),#12973);
#13799 = DRAUGHTING_PRE_DEFINED_CURVE_FONT('continuous');
#13800 = STYLED_ITEM('color',(#13801),#4420);
#13801 = PRESENTATION_STYLE_ASSIGNMENT((#13802,#13807));
#13802 = SURFACE_STYLE_USAGE(.BOTH.,#13803);
#13803 = SURFACE_SIDE_STYLE('',(#13804));
#13804 = SURFACE_STYLE_FILL_AREA(#13805);
#13805 = FILL_AREA_STYLE('',(#13806));
#13806 = FILL_AREA_STYLE_COLOUR('',#13554);
#13807 = CURVE_STYLE('',#13808,POSITIVE_LENGTH_MEASURE(0.1),#13554);
#13808 = DRAUGHTING_PRE_DEFINED_CURVE_FONT('continuous');
#13809 = STYLED_ITEM('color',(#13810),#4451);
#13810 = PRESENTATION_STYLE_ASSIGNMENT((#13811,#13816));
#13811 = SURFACE_STYLE_USAGE(.BOTH.,#13812);
#13812 = SURFACE_SIDE_STYLE('',(#13813));
#13813 = SURFACE_STYLE_FILL_AREA(#13814);
#13814 = FILL_AREA_STYLE('',(#13815));
#13815 = FILL_AREA_STYLE_COLOUR('',#12973);
#13816 = CURVE_STYLE('',#13817,POSITIVE_LENGTH_MEASURE(0.1),#12973);
#13817 = DRAUGHTING_PRE_DEFINED_CURVE_FONT('continuous');
#13818 = STYLED_ITEM('color',(#13819),#4482);
#13819 = PRESENTATION_STYLE_ASSIGNMENT((#13820,#13825));
#13820 = SURFACE_STYLE_USAGE(.BOTH.,#13821);
#13821 = SURFACE_SIDE_STYLE('',(#13822));
#13822 = SURFACE_STYLE_FILL_AREA(#13823);
#13823 = FILL_AREA_STYLE('',(#13824));
#13824 = FILL_AREA_STYLE_COLOUR('',#13554);
#13825 = CURVE_STYLE('',#13826,POSITIVE_LENGTH_MEASURE(0.1),#13554);
#13826 = DRAUGHTING_PRE_DEFINED_CURVE_FONT('continuous');
#13827 = STYLED_ITEM('color',(#13828),#4512);
#13828 = PRESENTATION_STYLE_ASSIGNMENT((#13829,#13834));
#13829 = SURFACE_STYLE_USAGE(.BOTH.,#13830);
#13830 = SURFACE_SIDE_STYLE('',(#13831));
#13831 = SURFACE_STYLE_FILL_AREA(#13832);
#13832 = FILL_AREA_STYLE('',(#13833));
#13833 = FILL_AREA_STYLE_COLOUR('',#13554);
#13834 = CURVE_STYLE('',#13835,POSITIVE_LENGTH_MEASURE(0.1),#13554);
#13835 = DRAUGHTING_PRE_DEFINED_CURVE_FONT('continuous');
#13836 = STYLED_ITEM('color',(#13837),#4535);
#13837 = PRESENTATION_STYLE_ASSIGNMENT((#13838,#13843));
#13838 = SURFACE_STYLE_USAGE(.BOTH.,#13839);
#13839 = SURFACE_SIDE_STYLE('',(#13840));
#13840 = SURFACE_STYLE_FILL_AREA(#13841);
#13841 = FILL_AREA_STYLE('',(#13842));
#13842 = FILL_AREA_STYLE_COLOUR('',#13554);
#13843 = CURVE_STYLE('',#13844,POSITIVE_LENGTH_MEASURE(0.1),#13554);
#13844 = DRAUGHTING_PRE_DEFINED_CURVE_FONT('continuous');
#13845 = STYLED_ITEM('color',(#13846),#4558);
#13846 = PRESENTATION_STYLE_ASSIGNMENT((#13847,#13852));
#13847 = SURFACE_STYLE_USAGE(.BOTH.,#13848);
#13848 = SURFACE_SIDE_STYLE('',(#13849));
#13849 = SURFACE_STYLE_FILL_AREA(#13850);
#13850 = FILL_AREA_STYLE('',(#13851));
#13851 = FILL_AREA_STYLE_COLOUR('',#13554);
#13852 = CURVE_STYLE('',#13853,POSITIVE_LENGTH_MEASURE(0.1),#13554);
#13853 = DRAUGHTING_PRE_DEFINED_CURVE_FONT('continuous');
#13854 = STYLED_ITEM('color',(#13855),#4575);
#13855 = PRESENTATION_STYLE_ASSIGNMENT((#13856,#13861));
#13856 = SURFACE_STYLE_USAGE(.BOTH.,#13857);
#13857 = SURFACE_SIDE_STYLE('',(#13858));
#13858 = SURFACE_STYLE_FILL_AREA(#13859);
#13859 = FILL_AREA_STYLE('',(#13860));
#13860 = FILL_AREA_STYLE_COLOUR('',#12973);
#13861 = CURVE_STYLE('',#13862,POSITIVE_LENGTH_MEASURE(0.1),#12973);
#13862 = DRAUGHTING_PRE_DEFINED_CURVE_FONT('continuous');
#13863 = STYLED_ITEM('color',(#13864),#4620);
#13864 = PRESENTATION_STYLE_ASSIGNMENT((#13865,#13870));
#13865 = SURFACE_STYLE_USAGE(.BOTH.,#13866);
#13866 = SURFACE_SIDE_STYLE('',(#13867));
#13867 = SURFACE_STYLE_FILL_AREA(#13868);
#13868 = FILL_AREA_STYLE('',(#13869));
#13869 = FILL_AREA_STYLE_COLOUR('',#13554);
#13870 = CURVE_STYLE('',#13871,POSITIVE_LENGTH_MEASURE(0.1),#13554);
#13871 = DRAUGHTING_PRE_DEFINED_CURVE_FONT('continuous');
#13872 = STYLED_ITEM('color',(#13873),#4706);
#13873 = PRESENTATION_STYLE_ASSIGNMENT((#13874,#13879));
#13874 = SURFACE_STYLE_USAGE(.BOTH.,#13875);
#13875 = SURFACE_SIDE_STYLE('',(#13876));
#13876 = SURFACE_STYLE_FILL_AREA(#13877);
#13877 = FILL_AREA_STYLE('',(#13878));
#13878 = FILL_AREA_STYLE_COLOUR('',#13554);
#13879 = CURVE_STYLE('',#13880,POSITIVE_LENGTH_MEASURE(0.1),#13554);
#13880 = DRAUGHTING_PRE_DEFINED_CURVE_FONT('continuous');
#13881 = STYLED_ITEM('color',(#13882),#4729);
#13882 = PRESENTATION_STYLE_ASSIGNMENT((#13883,#13888));
#13883 = SURFACE_STYLE_USAGE(.BOTH.,#13884);
#13884 = SURFACE_SIDE_STYLE('',(#13885));
#13885 = SURFACE_STYLE_FILL_AREA(#13886);
#13886 = FILL_AREA_STYLE('',(#13887));
#13887 = FILL_AREA_STYLE_COLOUR('',#13554);
#13888 = CURVE_STYLE('',#13889,POSITIVE_LENGTH_MEASURE(0.1),#13554);
#13889 = DRAUGHTING_PRE_DEFINED_CURVE_FONT('continuous');
#13890 = STYLED_ITEM('color',(#13891),#4752);
#13891 = PRESENTATION_STYLE_ASSIGNMENT((#13892,#13897));
#13892 = SURFACE_STYLE_USAGE(.BOTH.,#13893);
#13893 = SURFACE_SIDE_STYLE('',(#13894));
#13894 = SURFACE_STYLE_FILL_AREA(#13895);
#13895 = FILL_AREA_STYLE('',(#13896));
#13896 = FILL_AREA_STYLE_COLOUR('',#13554);
#13897 = CURVE_STYLE('',#13898,POSITIVE_LENGTH_MEASURE(0.1),#13554);
#13898 = DRAUGHTING_PRE_DEFINED_CURVE_FONT('continuous');
#13899 = STYLED_ITEM('color',(#13900),#4775);
#13900 = PRESENTATION_STYLE_ASSIGNMENT((#13901,#13906));
#13901 = SURFACE_STYLE_USAGE(.BOTH.,#13902);
#13902 = SURFACE_SIDE_STYLE('',(#13903));
#13903 = SURFACE_STYLE_FILL_AREA(#13904);
#13904 = FILL_AREA_STYLE('',(#13905));
#13905 = FILL_AREA_STYLE_COLOUR('',#13554);
#13906 = CURVE_STYLE('',#13907,POSITIVE_LENGTH_MEASURE(0.1),#13554);
#13907 = DRAUGHTING_PRE_DEFINED_CURVE_FONT('continuous');
#13908 = STYLED_ITEM('color',(#13909),#4862);
#13909 = PRESENTATION_STYLE_ASSIGNMENT((#13910,#13915));
#13910 = SURFACE_STYLE_USAGE(.BOTH.,#13911);
#13911 = SURFACE_SIDE_STYLE('',(#13912));
#13912 = SURFACE_STYLE_FILL_AREA(#13913);
#13913 = FILL_AREA_STYLE('',(#13914));
#13914 = FILL_AREA_STYLE_COLOUR('',#12973);
#13915 = CURVE_STYLE('',#13916,POSITIVE_LENGTH_MEASURE(0.1),#12973);
#13916 = DRAUGHTING_PRE_DEFINED_CURVE_FONT('continuous');
#13917 = STYLED_ITEM('color',(#13918),#4900);
#13918 = PRESENTATION_STYLE_ASSIGNMENT((#13919,#13924));
#13919 = SURFACE_STYLE_USAGE(.BOTH.,#13920);
#13920 = SURFACE_SIDE_STYLE('',(#13921));
#13921 = SURFACE_STYLE_FILL_AREA(#13922);
#13922 = FILL_AREA_STYLE('',(#13923));
#13923 = FILL_AREA_STYLE_COLOUR('',#13554);
#13924 = CURVE_STYLE('',#13925,POSITIVE_LENGTH_MEASURE(0.1),#13554);
#13925 = DRAUGHTING_PRE_DEFINED_CURVE_FONT('continuous');
#13926 = STYLED_ITEM('color',(#13927),#4949);
#13927 = PRESENTATION_STYLE_ASSIGNMENT((#13928,#13933));
#13928 = SURFACE_STYLE_USAGE(.BOTH.,#13929);
#13929 = SURFACE_SIDE_STYLE('',(#13930));
#13930 = SURFACE_STYLE_FILL_AREA(#13931);
#13931 = FILL_AREA_STYLE('',(#13932));
#13932 = FILL_AREA_STYLE_COLOUR('',#12973);
#13933 = CURVE_STYLE('',#13934,POSITIVE_LENGTH_MEASURE(0.1),#12973);
#13934 = DRAUGHTING_PRE_DEFINED_CURVE_FONT('continuous');
#13935 = STYLED_ITEM('color',(#13936),#5041);
#13936 = PRESENTATION_STYLE_ASSIGNMENT((#13937,#13942));
#13937 = SURFACE_STYLE_USAGE(.BOTH.,#13938);
#13938 = SURFACE_SIDE_STYLE('',(#13939));
#13939 = SURFACE_STYLE_FILL_AREA(#13940);
#13940 = FILL_AREA_STYLE('',(#13941));
#13941 = FILL_AREA_STYLE_COLOUR('',#12973);
#13942 = CURVE_STYLE('',#13943,POSITIVE_LENGTH_MEASURE(0.1),#12973);
#13943 = DRAUGHTING_PRE_DEFINED_CURVE_FONT('continuous');
#13944 = STYLED_ITEM('color',(#13945),#5066);
#13945 = PRESENTATION_STYLE_ASSIGNMENT((#13946,#13951));
#13946 = SURFACE_STYLE_USAGE(.BOTH.,#13947);
#13947 = SURFACE_SIDE_STYLE('',(#13948));
#13948 = SURFACE_STYLE_FILL_AREA(#13949);
#13949 = FILL_AREA_STYLE('',(#13950));
#13950 = FILL_AREA_STYLE_COLOUR('',#12973);
#13951 = CURVE_STYLE('',#13952,POSITIVE_LENGTH_MEASURE(0.1),#12973);
#13952 = DRAUGHTING_PRE_DEFINED_CURVE_FONT('continuous');
#13953 = STYLED_ITEM('color',(#13954),#5150);
#13954 = PRESENTATION_STYLE_ASSIGNMENT((#13955,#13960));
#13955 = SURFACE_STYLE_USAGE(.BOTH.,#13956);
#13956 = SURFACE_SIDE_STYLE('',(#13957));
#13957 = SURFACE_STYLE_FILL_AREA(#13958);
#13958 = FILL_AREA_STYLE('',(#13959));
#13959 = FILL_AREA_STYLE_COLOUR('',#13554);
#13960 = CURVE_STYLE('',#13961,POSITIVE_LENGTH_MEASURE(0.1),#13554);
#13961 = DRAUGHTING_PRE_DEFINED_CURVE_FONT('continuous');
#13962 = STYLED_ITEM('color',(#13963),#5172);
#13963 = PRESENTATION_STYLE_ASSIGNMENT((#13964,#13969));
#13964 = SURFACE_STYLE_USAGE(.BOTH.,#13965);
#13965 = SURFACE_SIDE_STYLE('',(#13966));
#13966 = SURFACE_STYLE_FILL_AREA(#13967);
#13967 = FILL_AREA_STYLE('',(#13968));
#13968 = FILL_AREA_STYLE_COLOUR('',#12973);
#13969 = CURVE_STYLE('',#13970,POSITIVE_LENGTH_MEASURE(0.1),#12973);
#13970 = DRAUGHTING_PRE_DEFINED_CURVE_FONT('continuous');
#13971 = STYLED_ITEM('color',(#13972),#5264);
#13972 = PRESENTATION_STYLE_ASSIGNMENT((#13973,#13978));
#13973 = SURFACE_STYLE_USAGE(.BOTH.,#13974);
#13974 = SURFACE_SIDE_STYLE('',(#13975));
#13975 = SURFACE_STYLE_FILL_AREA(#13976);
#13976 = FILL_AREA_STYLE('',(#13977));
#13977 = FILL_AREA_STYLE_COLOUR('',#12973);
#13978 = CURVE_STYLE('',#13979,POSITIVE_LENGTH_MEASURE(0.1),#12973);
#13979 = DRAUGHTING_PRE_DEFINED_CURVE_FONT('continuous');
#13980 = STYLED_ITEM('color',(#13981),#5289);
#13981 = PRESENTATION_STYLE_ASSIGNMENT((#13982,#13987));
#13982 = SURFACE_STYLE_USAGE(.BOTH.,#13983);
#13983 = SURFACE_SIDE_STYLE('',(#13984));
#13984 = SURFACE_STYLE_FILL_AREA(#13985);
#13985 = FILL_AREA_STYLE('',(#13986));
#13986 = FILL_AREA_STYLE_COLOUR('',#12973);
#13987 = CURVE_STYLE('',#13988,POSITIVE_LENGTH_MEASURE(0.1),#12973);
#13988 = DRAUGHTING_PRE_DEFINED_CURVE_FONT('continuous');
#13989 = STYLED_ITEM('color',(#13990),#5373);
#13990 = PRESENTATION_STYLE_ASSIGNMENT((#13991,#13996));
#13991 = SURFACE_STYLE_USAGE(.BOTH.,#13992);
#13992 = SURFACE_SIDE_STYLE('',(#13993));
#13993 = SURFACE_STYLE_FILL_AREA(#13994);
#13994 = FILL_AREA_STYLE('',(#13995));
#13995 = FILL_AREA_STYLE_COLOUR('',#13554);
#13996 = CURVE_STYLE('',#13997,POSITIVE_LENGTH_MEASURE(0.1),#13554);
#13997 = DRAUGHTING_PRE_DEFINED_CURVE_FONT('continuous');
#13998 = STYLED_ITEM('color',(#13999),#5395);
#13999 = PRESENTATION_STYLE_ASSIGNMENT((#14000,#14005));
#14000 = SURFACE_STYLE_USAGE(.BOTH.,#14001);
#14001 = SURFACE_SIDE_STYLE('',(#14002));
#14002 = SURFACE_STYLE_FILL_AREA(#14003);
#14003 = FILL_AREA_STYLE('',(#14004));
#14004 = FILL_AREA_STYLE_COLOUR('',#12973);
#14005 = CURVE_STYLE('',#14006,POSITIVE_LENGTH_MEASURE(0.1),#12973);
#14006 = DRAUGHTING_PRE_DEFINED_CURVE_FONT('continuous');
#14007 = STYLED_ITEM('color',(#14008),#5487);
#14008 = PRESENTATION_STYLE_ASSIGNMENT((#14009,#14014));
#14009 = SURFACE_STYLE_USAGE(.BOTH.,#14010);
#14010 = SURFACE_SIDE_STYLE('',(#14011));
#14011 = SURFACE_STYLE_FILL_AREA(#14012);
#14012 = FILL_AREA_STYLE('',(#14013));
#14013 = FILL_AREA_STYLE_COLOUR('',#12973);
#14014 = CURVE_STYLE('',#14015,POSITIVE_LENGTH_MEASURE(0.1),#12973);
#14015 = DRAUGHTING_PRE_DEFINED_CURVE_FONT('continuous');
#14016 = STYLED_ITEM('color',(#14017),#5512);
#14017 = PRESENTATION_STYLE_ASSIGNMENT((#14018,#14023));
#14018 = SURFACE_STYLE_USAGE(.BOTH.,#14019);
#14019 = SURFACE_SIDE_STYLE('',(#14020));
#14020 = SURFACE_STYLE_FILL_AREA(#14021);
#14021 = FILL_AREA_STYLE('',(#14022));
#14022 = FILL_AREA_STYLE_COLOUR('',#12973);
#14023 = CURVE_STYLE('',#14024,POSITIVE_LENGTH_MEASURE(0.1),#12973);
#14024 = DRAUGHTING_PRE_DEFINED_CURVE_FONT('continuous');
#14025 = STYLED_ITEM('color',(#14026),#5596);
#14026 = PRESENTATION_STYLE_ASSIGNMENT((#14027,#14032));
#14027 = SURFACE_STYLE_USAGE(.BOTH.,#14028);
#14028 = SURFACE_SIDE_STYLE('',(#14029));
#14029 = SURFACE_STYLE_FILL_AREA(#14030);
#14030 = FILL_AREA_STYLE('',(#14031));
#14031 = FILL_AREA_STYLE_COLOUR('',#13554);
#14032 = CURVE_STYLE('',#14033,POSITIVE_LENGTH_MEASURE(0.1),#13554);
#14033 = DRAUGHTING_PRE_DEFINED_CURVE_FONT('continuous');
#14034 = STYLED_ITEM('color',(#14035),#5613);
#14035 = PRESENTATION_STYLE_ASSIGNMENT((#14036,#14041));
#14036 = SURFACE_STYLE_USAGE(.BOTH.,#14037);
#14037 = SURFACE_SIDE_STYLE('',(#14038));
#14038 = SURFACE_STYLE_FILL_AREA(#14039);
#14039 = FILL_AREA_STYLE('',(#14040));
#14040 = FILL_AREA_STYLE_COLOUR('',#12973);
#14041 = CURVE_STYLE('',#14042,POSITIVE_LENGTH_MEASURE(0.1),#12973);
#14042 = DRAUGHTING_PRE_DEFINED_CURVE_FONT('continuous');
#14043 = STYLED_ITEM('color',(#14044),#5698);
#14044 = PRESENTATION_STYLE_ASSIGNMENT((#14045,#14050));
#14045 = SURFACE_STYLE_USAGE(.BOTH.,#14046);
#14046 = SURFACE_SIDE_STYLE('',(#14047));
#14047 = SURFACE_STYLE_FILL_AREA(#14048);
#14048 = FILL_AREA_STYLE('',(#14049));
#14049 = FILL_AREA_STYLE_COLOUR('',#12973);
#14050 = CURVE_STYLE('',#14051,POSITIVE_LENGTH_MEASURE(0.1),#12973);
#14051 = DRAUGHTING_PRE_DEFINED_CURVE_FONT('continuous');
#14052 = STYLED_ITEM('color',(#14053),#5723);
#14053 = PRESENTATION_STYLE_ASSIGNMENT((#14054,#14059));
#14054 = SURFACE_STYLE_USAGE(.BOTH.,#14055);
#14055 = SURFACE_SIDE_STYLE('',(#14056));
#14056 = SURFACE_STYLE_FILL_AREA(#14057);
#14057 = FILL_AREA_STYLE('',(#14058));
#14058 = FILL_AREA_STYLE_COLOUR('',#12973);
#14059 = CURVE_STYLE('',#14060,POSITIVE_LENGTH_MEASURE(0.1),#12973);
#14060 = DRAUGHTING_PRE_DEFINED_CURVE_FONT('continuous');
#14061 = STYLED_ITEM('color',(#14062),#5800);
#14062 = PRESENTATION_STYLE_ASSIGNMENT((#14063,#14068));
#14063 = SURFACE_STYLE_USAGE(.BOTH.,#14064);
#14064 = SURFACE_SIDE_STYLE('',(#14065));
#14065 = SURFACE_STYLE_FILL_AREA(#14066);
#14066 = FILL_AREA_STYLE('',(#14067));
#14067 = FILL_AREA_STYLE_COLOUR('',#12973);
#14068 = CURVE_STYLE('',#14069,POSITIVE_LENGTH_MEASURE(0.1),#12973);
#14069 = DRAUGHTING_PRE_DEFINED_CURVE_FONT('continuous');
#14070 = STYLED_ITEM('color',(#14071),#5885);
#14071 = PRESENTATION_STYLE_ASSIGNMENT((#14072,#14077));
#14072 = SURFACE_STYLE_USAGE(.BOTH.,#14073);
#14073 = SURFACE_SIDE_STYLE('',(#14074));
#14074 = SURFACE_STYLE_FILL_AREA(#14075);
#14075 = FILL_AREA_STYLE('',(#14076));
#14076 = FILL_AREA_STYLE_COLOUR('',#12973);
#14077 = CURVE_STYLE('',#14078,POSITIVE_LENGTH_MEASURE(0.1),#12973);
#14078 = DRAUGHTING_PRE_DEFINED_CURVE_FONT('continuous');
#14079 = STYLED_ITEM('color',(#14080),#5910);
#14080 = PRESENTATION_STYLE_ASSIGNMENT((#14081,#14086));
#14081 = SURFACE_STYLE_USAGE(.BOTH.,#14082);
#14082 = SURFACE_SIDE_STYLE('',(#14083));
#14083 = SURFACE_STYLE_FILL_AREA(#14084);
#14084 = FILL_AREA_STYLE('',(#14085));
#14085 = FILL_AREA_STYLE_COLOUR('',#12973);
#14086 = CURVE_STYLE('',#14087,POSITIVE_LENGTH_MEASURE(0.1),#12973);
#14087 = DRAUGHTING_PRE_DEFINED_CURVE_FONT('continuous');
#14088 = STYLED_ITEM('color',(#14089),#5987);
#14089 = PRESENTATION_STYLE_ASSIGNMENT((#14090,#14095));
#14090 = SURFACE_STYLE_USAGE(.BOTH.,#14091);
#14091 = SURFACE_SIDE_STYLE('',(#14092));
#14092 = SURFACE_STYLE_FILL_AREA(#14093);
#14093 = FILL_AREA_STYLE('',(#14094));
#14094 = FILL_AREA_STYLE_COLOUR('',#13554);
#14095 = CURVE_STYLE('',#14096,POSITIVE_LENGTH_MEASURE(0.1),#13554);
#14096 = DRAUGHTING_PRE_DEFINED_CURVE_FONT('continuous');
#14097 = STYLED_ITEM('color',(#14098),#6004);
#14098 = PRESENTATION_STYLE_ASSIGNMENT((#14099,#14104));
#14099 = SURFACE_STYLE_USAGE(.BOTH.,#14100);
#14100 = SURFACE_SIDE_STYLE('',(#14101));
#14101 = SURFACE_STYLE_FILL_AREA(#14102);
#14102 = FILL_AREA_STYLE('',(#14103));
#14103 = FILL_AREA_STYLE_COLOUR('',#12973);
#14104 = CURVE_STYLE('',#14105,POSITIVE_LENGTH_MEASURE(0.1),#12973);
#14105 = DRAUGHTING_PRE_DEFINED_CURVE_FONT('continuous');
#14106 = STYLED_ITEM('color',(#14107),#6096);
#14107 = PRESENTATION_STYLE_ASSIGNMENT((#14108,#14113));
#14108 = SURFACE_STYLE_USAGE(.BOTH.,#14109);
#14109 = SURFACE_SIDE_STYLE('',(#14110));
#14110 = SURFACE_STYLE_FILL_AREA(#14111);
#14111 = FILL_AREA_STYLE('',(#14112));
#14112 = FILL_AREA_STYLE_COLOUR('',#12973);
#14113 = CURVE_STYLE('',#14114,POSITIVE_LENGTH_MEASURE(0.1),#12973);
#14114 = DRAUGHTING_PRE_DEFINED_CURVE_FONT('continuous');
#14115 = STYLED_ITEM('color',(#14116),#6121);
#14116 = PRESENTATION_STYLE_ASSIGNMENT((#14117,#14122));
#14117 = SURFACE_STYLE_USAGE(.BOTH.,#14118);
#14118 = SURFACE_SIDE_STYLE('',(#14119));
#14119 = SURFACE_STYLE_FILL_AREA(#14120);
#14120 = FILL_AREA_STYLE('',(#14121));
#14121 = FILL_AREA_STYLE_COLOUR('',#12973);
#14122 = CURVE_STYLE('',#14123,POSITIVE_LENGTH_MEASURE(0.1),#12973);
#14123 = DRAUGHTING_PRE_DEFINED_CURVE_FONT('continuous');
#14124 = STYLED_ITEM('color',(#14125),#6205);
#14125 = PRESENTATION_STYLE_ASSIGNMENT((#14126,#14131));
#14126 = SURFACE_STYLE_USAGE(.BOTH.,#14127);
#14127 = SURFACE_SIDE_STYLE('',(#14128));
#14128 = SURFACE_STYLE_FILL_AREA(#14129);
#14129 = FILL_AREA_STYLE('',(#14130));
#14130 = FILL_AREA_STYLE_COLOUR('',#13554);
#14131 = CURVE_STYLE('',#14132,POSITIVE_LENGTH_MEASURE(0.1),#13554);
#14132 = DRAUGHTING_PRE_DEFINED_CURVE_FONT('continuous');
#14133 = STYLED_ITEM('color',(#14134),#6227);
#14134 = PRESENTATION_STYLE_ASSIGNMENT((#14135,#14140));
#14135 = SURFACE_STYLE_USAGE(.BOTH.,#14136);
#14136 = SURFACE_SIDE_STYLE('',(#14137));
#14137 = SURFACE_STYLE_FILL_AREA(#14138);
#14138 = FILL_AREA_STYLE('',(#14139));
#14139 = FILL_AREA_STYLE_COLOUR('',#12973);
#14140 = CURVE_STYLE('',#14141,POSITIVE_LENGTH_MEASURE(0.1),#12973);
#14141 = DRAUGHTING_PRE_DEFINED_CURVE_FONT('continuous');
#14142 = STYLED_ITEM('color',(#14143),#6319);
#14143 = PRESENTATION_STYLE_ASSIGNMENT((#14144,#14149));
#14144 = SURFACE_STYLE_USAGE(.BOTH.,#14145);
#14145 = SURFACE_SIDE_STYLE('',(#14146));
#14146 = SURFACE_STYLE_FILL_AREA(#14147);
#14147 = FILL_AREA_STYLE('',(#14148));
#14148 = FILL_AREA_STYLE_COLOUR('',#12973);
#14149 = CURVE_STYLE('',#14150,POSITIVE_LENGTH_MEASURE(0.1),#12973);
#14150 = DRAUGHTING_PRE_DEFINED_CURVE_FONT('continuous');
#14151 = STYLED_ITEM('color',(#14152),#6344);
#14152 = PRESENTATION_STYLE_ASSIGNMENT((#14153,#14158));
#14153 = SURFACE_STYLE_USAGE(.BOTH.,#14154);
#14154 = SURFACE_SIDE_STYLE('',(#14155));
#14155 = SURFACE_STYLE_FILL_AREA(#14156);
#14156 = FILL_AREA_STYLE('',(#14157));
#14157 = FILL_AREA_STYLE_COLOUR('',#12973);
#14158 = CURVE_STYLE('',#14159,POSITIVE_LENGTH_MEASURE(0.1),#12973);
#14159 = DRAUGHTING_PRE_DEFINED_CURVE_FONT('continuous');
#14160 = STYLED_ITEM('color',(#14161),#6428);
#14161 = PRESENTATION_STYLE_ASSIGNMENT((#14162,#14167));
#14162 = SURFACE_STYLE_USAGE(.BOTH.,#14163);
#14163 = SURFACE_SIDE_STYLE('',(#14164));
#14164 = SURFACE_STYLE_FILL_AREA(#14165);
#14165 = FILL_AREA_STYLE('',(#14166));
#14166 = FILL_AREA_STYLE_COLOUR('',#13554);
#14167 = CURVE_STYLE('',#14168,POSITIVE_LENGTH_MEASURE(0.1),#13554);
#14168 = DRAUGHTING_PRE_DEFINED_CURVE_FONT('continuous');
#14169 = STYLED_ITEM('color',(#14170),#6450);
#14170 = PRESENTATION_STYLE_ASSIGNMENT((#14171,#14176));
#14171 = SURFACE_STYLE_USAGE(.BOTH.,#14172);
#14172 = SURFACE_SIDE_STYLE('',(#14173));
#14173 = SURFACE_STYLE_FILL_AREA(#14174);
#14174 = FILL_AREA_STYLE('',(#14175));
#14175 = FILL_AREA_STYLE_COLOUR('',#12973);
#14176 = CURVE_STYLE('',#14177,POSITIVE_LENGTH_MEASURE(0.1),#12973);
#14177 = DRAUGHTING_PRE_DEFINED_CURVE_FONT('continuous');
#14178 = STYLED_ITEM('color',(#14179),#6542);
#14179 = PRESENTATION_STYLE_ASSIGNMENT((#14180,#14185));
#14180 = SURFACE_STYLE_USAGE(.BOTH.,#14181);
#14181 = SURFACE_SIDE_STYLE('',(#14182));
#14182 = SURFACE_STYLE_FILL_AREA(#14183);
#14183 = FILL_AREA_STYLE('',(#14184));
#14184 = FILL_AREA_STYLE_COLOUR('',#12973);
#14185 = CURVE_STYLE('',#14186,POSITIVE_LENGTH_MEASURE(0.1),#12973);
#14186 = DRAUGHTING_PRE_DEFINED_CURVE_FONT('continuous');
#14187 = STYLED_ITEM('color',(#14188),#6567);
#14188 = PRESENTATION_STYLE_ASSIGNMENT((#14189,#14194));
#14189 = SURFACE_STYLE_USAGE(.BOTH.,#14190);
#14190 = SURFACE_SIDE_STYLE('',(#14191));
#14191 = SURFACE_STYLE_FILL_AREA(#14192);
#14192 = FILL_AREA_STYLE('',(#14193));
#14193 = FILL_AREA_STYLE_COLOUR('',#12973);
#14194 = CURVE_STYLE('',#14195,POSITIVE_LENGTH_MEASURE(0.1),#12973);
#14195 = DRAUGHTING_PRE_DEFINED_CURVE_FONT('continuous');
#14196 = STYLED_ITEM('color',(#14197),#6651);
#14197 = PRESENTATION_STYLE_ASSIGNMENT((#14198,#14203));
#14198 = SURFACE_STYLE_USAGE(.BOTH.,#14199);
#14199 = SURFACE_SIDE_STYLE('',(#14200));
#14200 = SURFACE_STYLE_FILL_AREA(#14201);
#14201 = FILL_AREA_STYLE('',(#14202));
#14202 = FILL_AREA_STYLE_COLOUR('',#12973);
#14203 = CURVE_STYLE('',#14204,POSITIVE_LENGTH_MEASURE(0.1),#12973);
#14204 = DRAUGHTING_PRE_DEFINED_CURVE_FONT('continuous');
#14205 = STYLED_ITEM('color',(#14206),#6668);
#14206 = PRESENTATION_STYLE_ASSIGNMENT((#14207,#14212));
#14207 = SURFACE_STYLE_USAGE(.BOTH.,#14208);
#14208 = SURFACE_SIDE_STYLE('',(#14209));
#14209 = SURFACE_STYLE_FILL_AREA(#14210);
#14210 = FILL_AREA_STYLE('',(#14211));
#14211 = FILL_AREA_STYLE_COLOUR('',#12973);
#14212 = CURVE_STYLE('',#14213,POSITIVE_LENGTH_MEASURE(0.1),#12973);
#14213 = DRAUGHTING_PRE_DEFINED_CURVE_FONT('continuous');
#14214 = STYLED_ITEM('color',(#14215),#6687);
#14215 = PRESENTATION_STYLE_ASSIGNMENT((#14216,#14221));
#14216 = SURFACE_STYLE_USAGE(.BOTH.,#14217);
#14217 = SURFACE_SIDE_STYLE('',(#14218));
#14218 = SURFACE_STYLE_FILL_AREA(#14219);
#14219 = FILL_AREA_STYLE('',(#14220));
#14220 = FILL_AREA_STYLE_COLOUR('',#12973);
#14221 = CURVE_STYLE('',#14222,POSITIVE_LENGTH_MEASURE(0.1),#12973);
#14222 = DRAUGHTING_PRE_DEFINED_CURVE_FONT('continuous');
#14223 = STYLED_ITEM('color',(#14224),#6706);
#14224 = PRESENTATION_STYLE_ASSIGNMENT((#14225,#14230));
#14225 = SURFACE_STYLE_USAGE(.BOTH.,#14226);
#14226 = SURFACE_SIDE_STYLE('',(#14227));
#14227 = SURFACE_STYLE_FILL_AREA(#14228);
#14228 = FILL_AREA_STYLE('',(#14229));
#14229 = FILL_AREA_STYLE_COLOUR('',#12973);
#14230 = CURVE_STYLE('',#14231,POSITIVE_LENGTH_MEASURE(0.1),#12973);
#14231 = DRAUGHTING_PRE_DEFINED_CURVE_FONT('continuous');
#14232 = STYLED_ITEM('color',(#14233),#6725);
#14233 = PRESENTATION_STYLE_ASSIGNMENT((#14234,#14239));
#14234 = SURFACE_STYLE_USAGE(.BOTH.,#14235);
#14235 = SURFACE_SIDE_STYLE('',(#14236));
#14236 = SURFACE_STYLE_FILL_AREA(#14237);
#14237 = FILL_AREA_STYLE('',(#14238));
#14238 = FILL_AREA_STYLE_COLOUR('',#13554);
#14239 = CURVE_STYLE('',#14240,POSITIVE_LENGTH_MEASURE(0.1),#13554);
#14240 = DRAUGHTING_PRE_DEFINED_CURVE_FONT('continuous');
#14241 = STYLED_ITEM('color',(#14242),#6771);
#14242 = PRESENTATION_STYLE_ASSIGNMENT((#14243,#14248));
#14243 = SURFACE_STYLE_USAGE(.BOTH.,#14244);
#14244 = SURFACE_SIDE_STYLE('',(#14245));
#14245 = SURFACE_STYLE_FILL_AREA(#14246);
#14246 = FILL_AREA_STYLE('',(#14247));
#14247 = FILL_AREA_STYLE_COLOUR('',#13554);
#14248 = CURVE_STYLE('',#14249,POSITIVE_LENGTH_MEASURE(0.1),#13554);
#14249 = DRAUGHTING_PRE_DEFINED_CURVE_FONT('continuous');
#14250 = STYLED_ITEM('color',(#14251),#6787);
#14251 = PRESENTATION_STYLE_ASSIGNMENT((#14252,#14257));
#14252 = SURFACE_STYLE_USAGE(.BOTH.,#14253);
#14253 = SURFACE_SIDE_STYLE('',(#14254));
#14254 = SURFACE_STYLE_FILL_AREA(#14255);
#14255 = FILL_AREA_STYLE('',(#14256));
#14256 = FILL_AREA_STYLE_COLOUR('',#12973);
#14257 = CURVE_STYLE('',#14258,POSITIVE_LENGTH_MEASURE(0.1),#12973);
#14258 = DRAUGHTING_PRE_DEFINED_CURVE_FONT('continuous');
#14259 = STYLED_ITEM('color',(#14260),#6806);
#14260 = PRESENTATION_STYLE_ASSIGNMENT((#14261,#14266));
#14261 = SURFACE_STYLE_USAGE(.BOTH.,#14262);
#14262 = SURFACE_SIDE_STYLE('',(#14263));
#14263 = SURFACE_STYLE_FILL_AREA(#14264);
#14264 = FILL_AREA_STYLE('',(#14265));
#14265 = FILL_AREA_STYLE_COLOUR('',#12973);
#14266 = CURVE_STYLE('',#14267,POSITIVE_LENGTH_MEASURE(0.1),#12973);
#14267 = DRAUGHTING_PRE_DEFINED_CURVE_FONT('continuous');
#14268 = STYLED_ITEM('color',(#14269),#6825);
#14269 = PRESENTATION_STYLE_ASSIGNMENT((#14270,#14275));
#14270 = SURFACE_STYLE_USAGE(.BOTH.,#14271);
#14271 = SURFACE_SIDE_STYLE('',(#14272));
#14272 = SURFACE_STYLE_FILL_AREA(#14273);
#14273 = FILL_AREA_STYLE('',(#14274));
#14274 = FILL_AREA_STYLE_COLOUR('',#12973);
#14275 = CURVE_STYLE('',#14276,POSITIVE_LENGTH_MEASURE(0.1),#12973);
#14276 = DRAUGHTING_PRE_DEFINED_CURVE_FONT('continuous');
#14277 = STYLED_ITEM('color',(#14278),#6844);
#14278 = PRESENTATION_STYLE_ASSIGNMENT((#14279,#14284));
#14279 = SURFACE_STYLE_USAGE(.BOTH.,#14280);
#14280 = SURFACE_SIDE_STYLE('',(#14281));
#14281 = SURFACE_STYLE_FILL_AREA(#14282);
#14282 = FILL_AREA_STYLE('',(#14283));
#14283 = FILL_AREA_STYLE_COLOUR('',#13554);
#14284 = CURVE_STYLE('',#14285,POSITIVE_LENGTH_MEASURE(0.1),#13554);
#14285 = DRAUGHTING_PRE_DEFINED_CURVE_FONT('continuous');
#14286 = STYLED_ITEM('color',(#14287),#6860);
#14287 = PRESENTATION_STYLE_ASSIGNMENT((#14288,#14293));
#14288 = SURFACE_STYLE_USAGE(.BOTH.,#14289);
#14289 = SURFACE_SIDE_STYLE('',(#14290));
#14290 = SURFACE_STYLE_FILL_AREA(#14291);
#14291 = FILL_AREA_STYLE('',(#14292));
#14292 = FILL_AREA_STYLE_COLOUR('',#12973);
#14293 = CURVE_STYLE('',#14294,POSITIVE_LENGTH_MEASURE(0.1),#12973);
#14294 = DRAUGHTING_PRE_DEFINED_CURVE_FONT('continuous');
#14295 = STYLED_ITEM('color',(#14296),#6877);
#14296 = PRESENTATION_STYLE_ASSIGNMENT((#14297,#14302));
#14297 = SURFACE_STYLE_USAGE(.BOTH.,#14298);
#14298 = SURFACE_SIDE_STYLE('',(#14299));
#14299 = SURFACE_STYLE_FILL_AREA(#14300);
#14300 = FILL_AREA_STYLE('',(#14301));
#14301 = FILL_AREA_STYLE_COLOUR('',#13554);
#14302 = CURVE_STYLE('',#14303,POSITIVE_LENGTH_MEASURE(0.1),#13554);
#14303 = DRAUGHTING_PRE_DEFINED_CURVE_FONT('continuous');
#14304 = STYLED_ITEM('color',(#14305),#6889);
#14305 = PRESENTATION_STYLE_ASSIGNMENT((#14306,#14311));
#14306 = SURFACE_STYLE_USAGE(.BOTH.,#14307);
#14307 = SURFACE_SIDE_STYLE('',(#14308));
#14308 = SURFACE_STYLE_FILL_AREA(#14309);
#14309 = FILL_AREA_STYLE('',(#14310));
#14310 = FILL_AREA_STYLE_COLOUR('',#12973);
#14311 = CURVE_STYLE('',#14312,POSITIVE_LENGTH_MEASURE(0.1),#12973);
#14312 = DRAUGHTING_PRE_DEFINED_CURVE_FONT('continuous');
#14313 = STYLED_ITEM('color',(#14314),#6906);
#14314 = PRESENTATION_STYLE_ASSIGNMENT((#14315,#14320));
#14315 = SURFACE_STYLE_USAGE(.BOTH.,#14316);
#14316 = SURFACE_SIDE_STYLE('',(#14317));
#14317 = SURFACE_STYLE_FILL_AREA(#14318);
#14318 = FILL_AREA_STYLE('',(#14319));
#14319 = FILL_AREA_STYLE_COLOUR('',#12973);
#14320 = CURVE_STYLE('',#14321,POSITIVE_LENGTH_MEASURE(0.1),#12973);
#14321 = DRAUGHTING_PRE_DEFINED_CURVE_FONT('continuous');
#14322 = STYLED_ITEM('color',(#14323),#6923);
#14323 = PRESENTATION_STYLE_ASSIGNMENT((#14324,#14329));
#14324 = SURFACE_STYLE_USAGE(.BOTH.,#14325);
#14325 = SURFACE_SIDE_STYLE('',(#14326));
#14326 = SURFACE_STYLE_FILL_AREA(#14327);
#14327 = FILL_AREA_STYLE('',(#14328));
#14328 = FILL_AREA_STYLE_COLOUR('',#12973);
#14329 = CURVE_STYLE('',#14330,POSITIVE_LENGTH_MEASURE(0.1),#12973);
#14330 = DRAUGHTING_PRE_DEFINED_CURVE_FONT('continuous');
#14331 = STYLED_ITEM('color',(#14332),#6940);
#14332 = PRESENTATION_STYLE_ASSIGNMENT((#14333,#14338));
#14333 = SURFACE_STYLE_USAGE(.BOTH.,#14334);
#14334 = SURFACE_SIDE_STYLE('',(#14335));
#14335 = SURFACE_STYLE_FILL_AREA(#14336);
#14336 = FILL_AREA_STYLE('',(#14337));
#14337 = FILL_AREA_STYLE_COLOUR('',#12973);
#14338 = CURVE_STYLE('',#14339,POSITIVE_LENGTH_MEASURE(0.1),#12973);
#14339 = DRAUGHTING_PRE_DEFINED_CURVE_FONT('continuous');
#14340 = STYLED_ITEM('color',(#14341),#6957);
#14341 = PRESENTATION_STYLE_ASSIGNMENT((#14342,#14347));
#14342 = SURFACE_STYLE_USAGE(.BOTH.,#14343);
#14343 = SURFACE_SIDE_STYLE('',(#14344));
#14344 = SURFACE_STYLE_FILL_AREA(#14345);
#14345 = FILL_AREA_STYLE('',(#14346));
#14346 = FILL_AREA_STYLE_COLOUR('',#12973);
#14347 = CURVE_STYLE('',#14348,POSITIVE_LENGTH_MEASURE(0.1),#12973);
#14348 = DRAUGHTING_PRE_DEFINED_CURVE_FONT('continuous');
#14349 = STYLED_ITEM('color',(#14350),#6974);
#14350 = PRESENTATION_STYLE_ASSIGNMENT((#14351,#14356));
#14351 = SURFACE_STYLE_USAGE(.BOTH.,#14352);
#14352 = SURFACE_SIDE_STYLE('',(#14353));
#14353 = SURFACE_STYLE_FILL_AREA(#14354);
#14354 = FILL_AREA_STYLE('',(#14355));
#14355 = FILL_AREA_STYLE_COLOUR('',#12973);
#14356 = CURVE_STYLE('',#14357,POSITIVE_LENGTH_MEASURE(0.1),#12973);
#14357 = DRAUGHTING_PRE_DEFINED_CURVE_FONT('continuous');
#14358 = STYLED_ITEM('color',(#14359),#6991);
#14359 = PRESENTATION_STYLE_ASSIGNMENT((#14360,#14365));
#14360 = SURFACE_STYLE_USAGE(.BOTH.,#14361);
#14361 = SURFACE_SIDE_STYLE('',(#14362));
#14362 = SURFACE_STYLE_FILL_AREA(#14363);
#14363 = FILL_AREA_STYLE('',(#14364));
#14364 = FILL_AREA_STYLE_COLOUR('',#12973);
#14365 = CURVE_STYLE('',#14366,POSITIVE_LENGTH_MEASURE(0.1),#12973);
#14366 = DRAUGHTING_PRE_DEFINED_CURVE_FONT('continuous');
#14367 = STYLED_ITEM('color',(#14368),#7008);
#14368 = PRESENTATION_STYLE_ASSIGNMENT((#14369,#14374));
#14369 = SURFACE_STYLE_USAGE(.BOTH.,#14370);
#14370 = SURFACE_SIDE_STYLE('',(#14371));
#14371 = SURFACE_STYLE_FILL_AREA(#14372);
#14372 = FILL_AREA_STYLE('',(#14373));
#14373 = FILL_AREA_STYLE_COLOUR('',#12973);
#14374 = CURVE_STYLE('',#14375,POSITIVE_LENGTH_MEASURE(0.1),#12973);
#14375 = DRAUGHTING_PRE_DEFINED_CURVE_FONT('continuous');
#14376 = STYLED_ITEM('color',(#14377),#7020);
#14377 = PRESENTATION_STYLE_ASSIGNMENT((#14378,#14383));
#14378 = SURFACE_STYLE_USAGE(.BOTH.,#14379);
#14379 = SURFACE_SIDE_STYLE('',(#14380));
#14380 = SURFACE_STYLE_FILL_AREA(#14381);
#14381 = FILL_AREA_STYLE('',(#14382));
#14382 = FILL_AREA_STYLE_COLOUR('',#12973);
#14383 = CURVE_STYLE('',#14384,POSITIVE_LENGTH_MEASURE(0.1),#12973);
#14384 = DRAUGHTING_PRE_DEFINED_CURVE_FONT('continuous');
#14385 = STYLED_ITEM('color',(#14386),#7037);
#14386 = PRESENTATION_STYLE_ASSIGNMENT((#14387,#14392));
#14387 = SURFACE_STYLE_USAGE(.BOTH.,#14388);
#14388 = SURFACE_SIDE_STYLE('',(#14389));
#14389 = SURFACE_STYLE_FILL_AREA(#14390);
#14390 = FILL_AREA_STYLE('',(#14391));
#14391 = FILL_AREA_STYLE_COLOUR('',#12973);
#14392 = CURVE_STYLE('',#14393,POSITIVE_LENGTH_MEASURE(0.1),#12973);
#14393 = DRAUGHTING_PRE_DEFINED_CURVE_FONT('continuous');
#14394 = STYLED_ITEM('color',(#14395),#7054);
#14395 = PRESENTATION_STYLE_ASSIGNMENT((#14396,#14401));
#14396 = SURFACE_STYLE_USAGE(.BOTH.,#14397);
#14397 = SURFACE_SIDE_STYLE('',(#14398));
#14398 = SURFACE_STYLE_FILL_AREA(#14399);
#14399 = FILL_AREA_STYLE('',(#14400));
#14400 = FILL_AREA_STYLE_COLOUR('',#12973);
#14401 = CURVE_STYLE('',#14402,POSITIVE_LENGTH_MEASURE(0.1),#12973);
#14402 = DRAUGHTING_PRE_DEFINED_CURVE_FONT('continuous');
#14403 = STYLED_ITEM('color',(#14404),#7071);
#14404 = PRESENTATION_STYLE_ASSIGNMENT((#14405,#14410));
#14405 = SURFACE_STYLE_USAGE(.BOTH.,#14406);
#14406 = SURFACE_SIDE_STYLE('',(#14407));
#14407 = SURFACE_STYLE_FILL_AREA(#14408);
#14408 = FILL_AREA_STYLE('',(#14409));
#14409 = FILL_AREA_STYLE_COLOUR('',#12973);
#14410 = CURVE_STYLE('',#14411,POSITIVE_LENGTH_MEASURE(0.1),#12973);
#14411 = DRAUGHTING_PRE_DEFINED_CURVE_FONT('continuous');
#14412 = STYLED_ITEM('color',(#14413),#7088);
#14413 = PRESENTATION_STYLE_ASSIGNMENT((#14414,#14419));
#14414 = SURFACE_STYLE_USAGE(.BOTH.,#14415);
#14415 = SURFACE_SIDE_STYLE('',(#14416));
#14416 = SURFACE_STYLE_FILL_AREA(#14417);
#14417 = FILL_AREA_STYLE('',(#14418));
#14418 = FILL_AREA_STYLE_COLOUR('',#12973);
#14419 = CURVE_STYLE('',#14420,POSITIVE_LENGTH_MEASURE(0.1),#12973);
#14420 = DRAUGHTING_PRE_DEFINED_CURVE_FONT('continuous');
#14421 = STYLED_ITEM('color',(#14422),#7105);
#14422 = PRESENTATION_STYLE_ASSIGNMENT((#14423,#14428));
#14423 = SURFACE_STYLE_USAGE(.BOTH.,#14424);
#14424 = SURFACE_SIDE_STYLE('',(#14425));
#14425 = SURFACE_STYLE_FILL_AREA(#14426);
#14426 = FILL_AREA_STYLE('',(#14427));
#14427 = FILL_AREA_STYLE_COLOUR('',#12973);
#14428 = CURVE_STYLE('',#14429,POSITIVE_LENGTH_MEASURE(0.1),#12973);
#14429 = DRAUGHTING_PRE_DEFINED_CURVE_FONT('continuous');
#14430 = STYLED_ITEM('color',(#14431),#7122);
#14431 = PRESENTATION_STYLE_ASSIGNMENT((#14432,#14437));
#14432 = SURFACE_STYLE_USAGE(.BOTH.,#14433);
#14433 = SURFACE_SIDE_STYLE('',(#14434));
#14434 = SURFACE_STYLE_FILL_AREA(#14435);
#14435 = FILL_AREA_STYLE('',(#14436));
#14436 = FILL_AREA_STYLE_COLOUR('',#12973);
#14437 = CURVE_STYLE('',#14438,POSITIVE_LENGTH_MEASURE(0.1),#12973);
#14438 = DRAUGHTING_PRE_DEFINED_CURVE_FONT('continuous');
#14439 = STYLED_ITEM('color',(#14440),#7139);
#14440 = PRESENTATION_STYLE_ASSIGNMENT((#14441,#14446));
#14441 = SURFACE_STYLE_USAGE(.BOTH.,#14442);
#14442 = SURFACE_SIDE_STYLE('',(#14443));
#14443 = SURFACE_STYLE_FILL_AREA(#14444);
#14444 = FILL_AREA_STYLE('',(#14445));
#14445 = FILL_AREA_STYLE_COLOUR('',#12973);
#14446 = CURVE_STYLE('',#14447,POSITIVE_LENGTH_MEASURE(0.1),#12973);
#14447 = DRAUGHTING_PRE_DEFINED_CURVE_FONT('continuous');
#14448 = STYLED_ITEM('color',(#14449),#7151);
#14449 = PRESENTATION_STYLE_ASSIGNMENT((#14450,#14455));
#14450 = SURFACE_STYLE_USAGE(.BOTH.,#14451);
#14451 = SURFACE_SIDE_STYLE('',(#14452));
#14452 = SURFACE_STYLE_FILL_AREA(#14453);
#14453 = FILL_AREA_STYLE('',(#14454));
#14454 = FILL_AREA_STYLE_COLOUR('',#12973);
#14455 = CURVE_STYLE('',#14456,POSITIVE_LENGTH_MEASURE(0.1),#12973);
#14456 = DRAUGHTING_PRE_DEFINED_CURVE_FONT('continuous');
#14457 = STYLED_ITEM('color',(#14458),#7168);
#14458 = PRESENTATION_STYLE_ASSIGNMENT((#14459,#14464));
#14459 = SURFACE_STYLE_USAGE(.BOTH.,#14460);
#14460 = SURFACE_SIDE_STYLE('',(#14461));
#14461 = SURFACE_STYLE_FILL_AREA(#14462);
#14462 = FILL_AREA_STYLE('',(#14463));
#14463 = FILL_AREA_STYLE_COLOUR('',#12973);
#14464 = CURVE_STYLE('',#14465,POSITIVE_LENGTH_MEASURE(0.1),#12973);
#14465 = DRAUGHTING_PRE_DEFINED_CURVE_FONT('continuous');
#14466 = STYLED_ITEM('color',(#14467),#7185);
#14467 = PRESENTATION_STYLE_ASSIGNMENT((#14468,#14473));
#14468 = SURFACE_STYLE_USAGE(.BOTH.,#14469);
#14469 = SURFACE_SIDE_STYLE('',(#14470));
#14470 = SURFACE_STYLE_FILL_AREA(#14471);
#14471 = FILL_AREA_STYLE('',(#14472));
#14472 = FILL_AREA_STYLE_COLOUR('',#12973);
#14473 = CURVE_STYLE('',#14474,POSITIVE_LENGTH_MEASURE(0.1),#12973);
#14474 = DRAUGHTING_PRE_DEFINED_CURVE_FONT('continuous');
#14475 = STYLED_ITEM('color',(#14476),#7202);
#14476 = PRESENTATION_STYLE_ASSIGNMENT((#14477,#14482));
#14477 = SURFACE_STYLE_USAGE(.BOTH.,#14478);
#14478 = SURFACE_SIDE_STYLE('',(#14479));
#14479 = SURFACE_STYLE_FILL_AREA(#14480);
#14480 = FILL_AREA_STYLE('',(#14481));
#14481 = FILL_AREA_STYLE_COLOUR('',#12973);
#14482 = CURVE_STYLE('',#14483,POSITIVE_LENGTH_MEASURE(0.1),#12973);
#14483 = DRAUGHTING_PRE_DEFINED_CURVE_FONT('continuous');
#14484 = STYLED_ITEM('color',(#14485),#7219);
#14485 = PRESENTATION_STYLE_ASSIGNMENT((#14486,#14491));
#14486 = SURFACE_STYLE_USAGE(.BOTH.,#14487);
#14487 = SURFACE_SIDE_STYLE('',(#14488));
#14488 = SURFACE_STYLE_FILL_AREA(#14489);
#14489 = FILL_AREA_STYLE('',(#14490));
#14490 = FILL_AREA_STYLE_COLOUR('',#12973);
#14491 = CURVE_STYLE('',#14492,POSITIVE_LENGTH_MEASURE(0.1),#12973);
#14492 = DRAUGHTING_PRE_DEFINED_CURVE_FONT('continuous');
#14493 = STYLED_ITEM('color',(#14494),#7236);
#14494 = PRESENTATION_STYLE_ASSIGNMENT((#14495,#14500));
#14495 = SURFACE_STYLE_USAGE(.BOTH.,#14496);
#14496 = SURFACE_SIDE_STYLE('',(#14497));
#14497 = SURFACE_STYLE_FILL_AREA(#14498);
#14498 = FILL_AREA_STYLE('',(#14499));
#14499 = FILL_AREA_STYLE_COLOUR('',#12973);
#14500 = CURVE_STYLE('',#14501,POSITIVE_LENGTH_MEASURE(0.1),#12973);
#14501 = DRAUGHTING_PRE_DEFINED_CURVE_FONT('continuous');
#14502 = STYLED_ITEM('color',(#14503),#7253);
#14503 = PRESENTATION_STYLE_ASSIGNMENT((#14504,#14509));
#14504 = SURFACE_STYLE_USAGE(.BOTH.,#14505);
#14505 = SURFACE_SIDE_STYLE('',(#14506));
#14506 = SURFACE_STYLE_FILL_AREA(#14507);
#14507 = FILL_AREA_STYLE('',(#14508));
#14508 = FILL_AREA_STYLE_COLOUR('',#12973);
#14509 = CURVE_STYLE('',#14510,POSITIVE_LENGTH_MEASURE(0.1),#12973);
#14510 = DRAUGHTING_PRE_DEFINED_CURVE_FONT('continuous');
#14511 = STYLED_ITEM('color',(#14512),#7270);
#14512 = PRESENTATION_STYLE_ASSIGNMENT((#14513,#14518));
#14513 = SURFACE_STYLE_USAGE(.BOTH.,#14514);
#14514 = SURFACE_SIDE_STYLE('',(#14515));
#14515 = SURFACE_STYLE_FILL_AREA(#14516);
#14516 = FILL_AREA_STYLE('',(#14517));
#14517 = FILL_AREA_STYLE_COLOUR('',#12973);
#14518 = CURVE_STYLE('',#14519,POSITIVE_LENGTH_MEASURE(0.1),#12973);
#14519 = DRAUGHTING_PRE_DEFINED_CURVE_FONT('continuous');
#14520 = STYLED_ITEM('color',(#14521),#7282);
#14521 = PRESENTATION_STYLE_ASSIGNMENT((#14522,#14527));
#14522 = SURFACE_STYLE_USAGE(.BOTH.,#14523);
#14523 = SURFACE_SIDE_STYLE('',(#14524));
#14524 = SURFACE_STYLE_FILL_AREA(#14525);
#14525 = FILL_AREA_STYLE('',(#14526));
#14526 = FILL_AREA_STYLE_COLOUR('',#12973);
#14527 = CURVE_STYLE('',#14528,POSITIVE_LENGTH_MEASURE(0.1),#12973);
#14528 = DRAUGHTING_PRE_DEFINED_CURVE_FONT('continuous');
#14529 = STYLED_ITEM('color',(#14530),#7299);
#14530 = PRESENTATION_STYLE_ASSIGNMENT((#14531,#14536));
#14531 = SURFACE_STYLE_USAGE(.BOTH.,#14532);
#14532 = SURFACE_SIDE_STYLE('',(#14533));
#14533 = SURFACE_STYLE_FILL_AREA(#14534);
#14534 = FILL_AREA_STYLE('',(#14535));
#14535 = FILL_AREA_STYLE_COLOUR('',#12973);
#14536 = CURVE_STYLE('',#14537,POSITIVE_LENGTH_MEASURE(0.1),#12973);
#14537 = DRAUGHTING_PRE_DEFINED_CURVE_FONT('continuous');
#14538 = STYLED_ITEM('color',(#14539),#7316);
#14539 = PRESENTATION_STYLE_ASSIGNMENT((#14540,#14545));
#14540 = SURFACE_STYLE_USAGE(.BOTH.,#14541);
#14541 = SURFACE_SIDE_STYLE('',(#14542));
#14542 = SURFACE_STYLE_FILL_AREA(#14543);
#14543 = FILL_AREA_STYLE('',(#14544));
#14544 = FILL_AREA_STYLE_COLOUR('',#12973);
#14545 = CURVE_STYLE('',#14546,POSITIVE_LENGTH_MEASURE(0.1),#12973);
#14546 = DRAUGHTING_PRE_DEFINED_CURVE_FONT('continuous');
#14547 = STYLED_ITEM('color',(#14548),#7333);
#14548 = PRESENTATION_STYLE_ASSIGNMENT((#14549,#14554));
#14549 = SURFACE_STYLE_USAGE(.BOTH.,#14550);
#14550 = SURFACE_SIDE_STYLE('',(#14551));
#14551 = SURFACE_STYLE_FILL_AREA(#14552);
#14552 = FILL_AREA_STYLE('',(#14553));
#14553 = FILL_AREA_STYLE_COLOUR('',#12973);
#14554 = CURVE_STYLE('',#14555,POSITIVE_LENGTH_MEASURE(0.1),#12973);
#14555 = DRAUGHTING_PRE_DEFINED_CURVE_FONT('continuous');
#14556 = STYLED_ITEM('color',(#14557),#7350);
#14557 = PRESENTATION_STYLE_ASSIGNMENT((#14558,#14563));
#14558 = SURFACE_STYLE_USAGE(.BOTH.,#14559);
#14559 = SURFACE_SIDE_STYLE('',(#14560));
#14560 = SURFACE_STYLE_FILL_AREA(#14561);
#14561 = FILL_AREA_STYLE('',(#14562));
#14562 = FILL_AREA_STYLE_COLOUR('',#12973);
#14563 = CURVE_STYLE('',#14564,POSITIVE_LENGTH_MEASURE(0.1),#12973);
#14564 = DRAUGHTING_PRE_DEFINED_CURVE_FONT('continuous');
#14565 = STYLED_ITEM('color',(#14566),#7367);
#14566 = PRESENTATION_STYLE_ASSIGNMENT((#14567,#14572));
#14567 = SURFACE_STYLE_USAGE(.BOTH.,#14568);
#14568 = SURFACE_SIDE_STYLE('',(#14569));
#14569 = SURFACE_STYLE_FILL_AREA(#14570);
#14570 = FILL_AREA_STYLE('',(#14571));
#14571 = FILL_AREA_STYLE_COLOUR('',#12973);
#14572 = CURVE_STYLE('',#14573,POSITIVE_LENGTH_MEASURE(0.1),#12973);
#14573 = DRAUGHTING_PRE_DEFINED_CURVE_FONT('continuous');
#14574 = STYLED_ITEM('color',(#14575),#7384);
#14575 = PRESENTATION_STYLE_ASSIGNMENT((#14576,#14581));
#14576 = SURFACE_STYLE_USAGE(.BOTH.,#14577);
#14577 = SURFACE_SIDE_STYLE('',(#14578));
#14578 = SURFACE_STYLE_FILL_AREA(#14579);
#14579 = FILL_AREA_STYLE('',(#14580));
#14580 = FILL_AREA_STYLE_COLOUR('',#12973);
#14581 = CURVE_STYLE('',#14582,POSITIVE_LENGTH_MEASURE(0.1),#12973);
#14582 = DRAUGHTING_PRE_DEFINED_CURVE_FONT('continuous');
#14583 = STYLED_ITEM('color',(#14584),#7396);
#14584 = PRESENTATION_STYLE_ASSIGNMENT((#14585,#14590));
#14585 = SURFACE_STYLE_USAGE(.BOTH.,#14586);
#14586 = SURFACE_SIDE_STYLE('',(#14587));
#14587 = SURFACE_STYLE_FILL_AREA(#14588);
#14588 = FILL_AREA_STYLE('',(#14589));
#14589 = FILL_AREA_STYLE_COLOUR('',#12973);
#14590 = CURVE_STYLE('',#14591,POSITIVE_LENGTH_MEASURE(0.1),#12973);
#14591 = DRAUGHTING_PRE_DEFINED_CURVE_FONT('continuous');
#14592 = STYLED_ITEM('color',(#14593),#7413);
#14593 = PRESENTATION_STYLE_ASSIGNMENT((#14594,#14599));
#14594 = SURFACE_STYLE_USAGE(.BOTH.,#14595);
#14595 = SURFACE_SIDE_STYLE('',(#14596));
#14596 = SURFACE_STYLE_FILL_AREA(#14597);
#14597 = FILL_AREA_STYLE('',(#14598));
#14598 = FILL_AREA_STYLE_COLOUR('',#12973);
#14599 = CURVE_STYLE('',#14600,POSITIVE_LENGTH_MEASURE(0.1),#12973);
#14600 = DRAUGHTING_PRE_DEFINED_CURVE_FONT('continuous');
#14601 = STYLED_ITEM('color',(#14602),#7430);
#14602 = PRESENTATION_STYLE_ASSIGNMENT((#14603,#14608));
#14603 = SURFACE_STYLE_USAGE(.BOTH.,#14604);
#14604 = SURFACE_SIDE_STYLE('',(#14605));
#14605 = SURFACE_STYLE_FILL_AREA(#14606);
#14606 = FILL_AREA_STYLE('',(#14607));
#14607 = FILL_AREA_STYLE_COLOUR('',#12973);
#14608 = CURVE_STYLE('',#14609,POSITIVE_LENGTH_MEASURE(0.1),#12973);
#14609 = DRAUGHTING_PRE_DEFINED_CURVE_FONT('continuous');
#14610 = STYLED_ITEM('color',(#14611),#7447);
#14611 = PRESENTATION_STYLE_ASSIGNMENT((#14612,#14617));
#14612 = SURFACE_STYLE_USAGE(.BOTH.,#14613);
#14613 = SURFACE_SIDE_STYLE('',(#14614));
#14614 = SURFACE_STYLE_FILL_AREA(#14615);
#14615 = FILL_AREA_STYLE('',(#14616));
#14616 = FILL_AREA_STYLE_COLOUR('',#12973);
#14617 = CURVE_STYLE('',#14618,POSITIVE_LENGTH_MEASURE(0.1),#12973);
#14618 = DRAUGHTING_PRE_DEFINED_CURVE_FONT('continuous');
#14619 = STYLED_ITEM('color',(#14620),#7464);
#14620 = PRESENTATION_STYLE_ASSIGNMENT((#14621,#14626));
#14621 = SURFACE_STYLE_USAGE(.BOTH.,#14622);
#14622 = SURFACE_SIDE_STYLE('',(#14623));
#14623 = SURFACE_STYLE_FILL_AREA(#14624);
#14624 = FILL_AREA_STYLE('',(#14625));
#14625 = FILL_AREA_STYLE_COLOUR('',#12973);
#14626 = CURVE_STYLE('',#14627,POSITIVE_LENGTH_MEASURE(0.1),#12973);
#14627 = DRAUGHTING_PRE_DEFINED_CURVE_FONT('continuous');
#14628 = STYLED_ITEM('color',(#14629),#7481);
#14629 = PRESENTATION_STYLE_ASSIGNMENT((#14630,#14635));
#14630 = SURFACE_STYLE_USAGE(.BOTH.,#14631);
#14631 = SURFACE_SIDE_STYLE('',(#14632));
#14632 = SURFACE_STYLE_FILL_AREA(#14633);
#14633 = FILL_AREA_STYLE('',(#14634));
#14634 = FILL_AREA_STYLE_COLOUR('',#12973);
#14635 = CURVE_STYLE('',#14636,POSITIVE_LENGTH_MEASURE(0.1),#12973);
#14636 = DRAUGHTING_PRE_DEFINED_CURVE_FONT('continuous');
#14637 = STYLED_ITEM('color',(#14638),#7498);
#14638 = PRESENTATION_STYLE_ASSIGNMENT((#14639,#14644));
#14639 = SURFACE_STYLE_USAGE(.BOTH.,#14640);
#14640 = SURFACE_SIDE_STYLE('',(#14641));
#14641 = SURFACE_STYLE_FILL_AREA(#14642);
#14642 = FILL_AREA_STYLE('',(#14643));
#14643 = FILL_AREA_STYLE_COLOUR('',#12973);
#14644 = CURVE_STYLE('',#14645,POSITIVE_LENGTH_MEASURE(0.1),#12973);
#14645 = DRAUGHTING_PRE_DEFINED_CURVE_FONT('continuous');
#14646 = STYLED_ITEM('color',(#14647),#7510);
#14647 = PRESENTATION_STYLE_ASSIGNMENT((#14648,#14653));
#14648 = SURFACE_STYLE_USAGE(.BOTH.,#14649);
#14649 = SURFACE_SIDE_STYLE('',(#14650));
#14650 = SURFACE_STYLE_FILL_AREA(#14651);
#14651 = FILL_AREA_STYLE('',(#14652));
#14652 = FILL_AREA_STYLE_COLOUR('',#12973);
#14653 = CURVE_STYLE('',#14654,POSITIVE_LENGTH_MEASURE(0.1),#12973);
#14654 = DRAUGHTING_PRE_DEFINED_CURVE_FONT('continuous');
#14655 = STYLED_ITEM('color',(#14656),#7527);
#14656 = PRESENTATION_STYLE_ASSIGNMENT((#14657,#14662));
#14657 = SURFACE_STYLE_USAGE(.BOTH.,#14658);
#14658 = SURFACE_SIDE_STYLE('',(#14659));
#14659 = SURFACE_STYLE_FILL_AREA(#14660);
#14660 = FILL_AREA_STYLE('',(#14661));
#14661 = FILL_AREA_STYLE_COLOUR('',#12973);
#14662 = CURVE_STYLE('',#14663,POSITIVE_LENGTH_MEASURE(0.1),#12973);
#14663 = DRAUGHTING_PRE_DEFINED_CURVE_FONT('continuous');
#14664 = STYLED_ITEM('color',(#14665),#7544);
#14665 = PRESENTATION_STYLE_ASSIGNMENT((#14666,#14671));
#14666 = SURFACE_STYLE_USAGE(.BOTH.,#14667);
#14667 = SURFACE_SIDE_STYLE('',(#14668));
#14668 = SURFACE_STYLE_FILL_AREA(#14669);
#14669 = FILL_AREA_STYLE('',(#14670));
#14670 = FILL_AREA_STYLE_COLOUR('',#12973);
#14671 = CURVE_STYLE('',#14672,POSITIVE_LENGTH_MEASURE(0.1),#12973);
#14672 = DRAUGHTING_PRE_DEFINED_CURVE_FONT('continuous');
#14673 = STYLED_ITEM('color',(#14674),#7561);
#14674 = PRESENTATION_STYLE_ASSIGNMENT((#14675,#14680));
#14675 = SURFACE_STYLE_USAGE(.BOTH.,#14676);
#14676 = SURFACE_SIDE_STYLE('',(#14677));
#14677 = SURFACE_STYLE_FILL_AREA(#14678);
#14678 = FILL_AREA_STYLE('',(#14679));
#14679 = FILL_AREA_STYLE_COLOUR('',#12973);
#14680 = CURVE_STYLE('',#14681,POSITIVE_LENGTH_MEASURE(0.1),#12973);
#14681 = DRAUGHTING_PRE_DEFINED_CURVE_FONT('continuous');
#14682 = STYLED_ITEM('color',(#14683),#7578);
#14683 = PRESENTATION_STYLE_ASSIGNMENT((#14684,#14689));
#14684 = SURFACE_STYLE_USAGE(.BOTH.,#14685);
#14685 = SURFACE_SIDE_STYLE('',(#14686));
#14686 = SURFACE_STYLE_FILL_AREA(#14687);
#14687 = FILL_AREA_STYLE('',(#14688));
#14688 = FILL_AREA_STYLE_COLOUR('',#12973);
#14689 = CURVE_STYLE('',#14690,POSITIVE_LENGTH_MEASURE(0.1),#12973);
#14690 = DRAUGHTING_PRE_DEFINED_CURVE_FONT('continuous');
#14691 = STYLED_ITEM('color',(#14692),#7595);
#14692 = PRESENTATION_STYLE_ASSIGNMENT((#14693,#14698));
#14693 = SURFACE_STYLE_USAGE(.BOTH.,#14694);
#14694 = SURFACE_SIDE_STYLE('',(#14695));
#14695 = SURFACE_STYLE_FILL_AREA(#14696);
#14696 = FILL_AREA_STYLE('',(#14697));
#14697 = FILL_AREA_STYLE_COLOUR('',#12973);
#14698 = CURVE_STYLE('',#14699,POSITIVE_LENGTH_MEASURE(0.1),#12973);
#14699 = DRAUGHTING_PRE_DEFINED_CURVE_FONT('continuous');
#14700 = STYLED_ITEM('color',(#14701),#7612);
#14701 = PRESENTATION_STYLE_ASSIGNMENT((#14702,#14707));
#14702 = SURFACE_STYLE_USAGE(.BOTH.,#14703);
#14703 = SURFACE_SIDE_STYLE('',(#14704));
#14704 = SURFACE_STYLE_FILL_AREA(#14705);
#14705 = FILL_AREA_STYLE('',(#14706));
#14706 = FILL_AREA_STYLE_COLOUR('',#12973);
#14707 = CURVE_STYLE('',#14708,POSITIVE_LENGTH_MEASURE(0.1),#12973);
#14708 = DRAUGHTING_PRE_DEFINED_CURVE_FONT('continuous');
#14709 = STYLED_ITEM('color',(#14710),#7629);
#14710 = PRESENTATION_STYLE_ASSIGNMENT((#14711,#14716));
#14711 = SURFACE_STYLE_USAGE(.BOTH.,#14712);
#14712 = SURFACE_SIDE_STYLE('',(#14713));
#14713 = SURFACE_STYLE_FILL_AREA(#14714);
#14714 = FILL_AREA_STYLE('',(#14715));
#14715 = FILL_AREA_STYLE_COLOUR('',#12973);
#14716 = CURVE_STYLE('',#14717,POSITIVE_LENGTH_MEASURE(0.1),#12973);
#14717 = DRAUGHTING_PRE_DEFINED_CURVE_FONT('continuous');
#14718 = STYLED_ITEM('color',(#14719),#7641);
#14719 = PRESENTATION_STYLE_ASSIGNMENT((#14720,#14725));
#14720 = SURFACE_STYLE_USAGE(.BOTH.,#14721);
#14721 = SURFACE_SIDE_STYLE('',(#14722));
#14722 = SURFACE_STYLE_FILL_AREA(#14723);
#14723 = FILL_AREA_STYLE('',(#14724));
#14724 = FILL_AREA_STYLE_COLOUR('',#12973);
#14725 = CURVE_STYLE('',#14726,POSITIVE_LENGTH_MEASURE(0.1),#12973);
#14726 = DRAUGHTING_PRE_DEFINED_CURVE_FONT('continuous');
#14727 = STYLED_ITEM('color',(#14728),#7658);
#14728 = PRESENTATION_STYLE_ASSIGNMENT((#14729,#14734));
#14729 = SURFACE_STYLE_USAGE(.BOTH.,#14730);
#14730 = SURFACE_SIDE_STYLE('',(#14731));
#14731 = SURFACE_STYLE_FILL_AREA(#14732);
#14732 = FILL_AREA_STYLE('',(#14733));
#14733 = FILL_AREA_STYLE_COLOUR('',#12973);
#14734 = CURVE_STYLE('',#14735,POSITIVE_LENGTH_MEASURE(0.1),#12973);
#14735 = DRAUGHTING_PRE_DEFINED_CURVE_FONT('continuous');
#14736 = STYLED_ITEM('color',(#14737),#7675);
#14737 = PRESENTATION_STYLE_ASSIGNMENT((#14738,#14743));
#14738 = SURFACE_STYLE_USAGE(.BOTH.,#14739);
#14739 = SURFACE_SIDE_STYLE('',(#14740));
#14740 = SURFACE_STYLE_FILL_AREA(#14741);
#14741 = FILL_AREA_STYLE('',(#14742));
#14742 = FILL_AREA_STYLE_COLOUR('',#12973);
#14743 = CURVE_STYLE('',#14744,POSITIVE_LENGTH_MEASURE(0.1),#12973);
#14744 = DRAUGHTING_PRE_DEFINED_CURVE_FONT('continuous');
#14745 = STYLED_ITEM('color',(#14746),#7692);
#14746 = PRESENTATION_STYLE_ASSIGNMENT((#14747,#14752));
#14747 = SURFACE_STYLE_USAGE(.BOTH.,#14748);
#14748 = SURFACE_SIDE_STYLE('',(#14749));
#14749 = SURFACE_STYLE_FILL_AREA(#14750);
#14750 = FILL_AREA_STYLE('',(#14751));
#14751 = FILL_AREA_STYLE_COLOUR('',#12973);
#14752 = CURVE_STYLE('',#14753,POSITIVE_LENGTH_MEASURE(0.1),#12973);
#14753 = DRAUGHTING_PRE_DEFINED_CURVE_FONT('continuous');
#14754 = STYLED_ITEM('color',(#14755),#7709);
#14755 = PRESENTATION_STYLE_ASSIGNMENT((#14756,#14761));
#14756 = SURFACE_STYLE_USAGE(.BOTH.,#14757);
#14757 = SURFACE_SIDE_STYLE('',(#14758));
#14758 = SURFACE_STYLE_FILL_AREA(#14759);
#14759 = FILL_AREA_STYLE('',(#14760));
#14760 = FILL_AREA_STYLE_COLOUR('',#12973);
#14761 = CURVE_STYLE('',#14762,POSITIVE_LENGTH_MEASURE(0.1),#12973);
#14762 = DRAUGHTING_PRE_DEFINED_CURVE_FONT('continuous');
#14763 = STYLED_ITEM('color',(#14764),#7726);
#14764 = PRESENTATION_STYLE_ASSIGNMENT((#14765,#14770));
#14765 = SURFACE_STYLE_USAGE(.BOTH.,#14766);
#14766 = SURFACE_SIDE_STYLE('',(#14767));
#14767 = SURFACE_STYLE_FILL_AREA(#14768);
#14768 = FILL_AREA_STYLE('',(#14769));
#14769 = FILL_AREA_STYLE_COLOUR('',#12973);
#14770 = CURVE_STYLE('',#14771,POSITIVE_LENGTH_MEASURE(0.1),#12973);
#14771 = DRAUGHTING_PRE_DEFINED_CURVE_FONT('continuous');
#14772 = STYLED_ITEM('color',(#14773),#7743);
#14773 = PRESENTATION_STYLE_ASSIGNMENT((#14774,#14779));
#14774 = SURFACE_STYLE_USAGE(.BOTH.,#14775);
#14775 = SURFACE_SIDE_STYLE('',(#14776));
#14776 = SURFACE_STYLE_FILL_AREA(#14777);
#14777 = FILL_AREA_STYLE('',(#14778));
#14778 = FILL_AREA_STYLE_COLOUR('',#12973);
#14779 = CURVE_STYLE('',#14780,POSITIVE_LENGTH_MEASURE(0.1),#12973);
#14780 = DRAUGHTING_PRE_DEFINED_CURVE_FONT('continuous');
#14781 = STYLED_ITEM('color',(#14782),#7760);
#14782 = PRESENTATION_STYLE_ASSIGNMENT((#14783,#14788));
#14783 = SURFACE_STYLE_USAGE(.BOTH.,#14784);
#14784 = SURFACE_SIDE_STYLE('',(#14785));
#14785 = SURFACE_STYLE_FILL_AREA(#14786);
#14786 = FILL_AREA_STYLE('',(#14787));
#14787 = FILL_AREA_STYLE_COLOUR('',#12973);
#14788 = CURVE_STYLE('',#14789,POSITIVE_LENGTH_MEASURE(0.1),#12973);
#14789 = DRAUGHTING_PRE_DEFINED_CURVE_FONT('continuous');
#14790 = STYLED_ITEM('color',(#14791),#7772);
#14791 = PRESENTATION_STYLE_ASSIGNMENT((#14792,#14797));
#14792 = SURFACE_STYLE_USAGE(.BOTH.,#14793);
#14793 = SURFACE_SIDE_STYLE('',(#14794));
#14794 = SURFACE_STYLE_FILL_AREA(#14795);
#14795 = FILL_AREA_STYLE('',(#14796));
#14796 = FILL_AREA_STYLE_COLOUR('',#12973);
#14797 = CURVE_STYLE('',#14798,POSITIVE_LENGTH_MEASURE(0.1),#12973);
#14798 = DRAUGHTING_PRE_DEFINED_CURVE_FONT('continuous');
#14799 = STYLED_ITEM('color',(#14800),#7789);
#14800 = PRESENTATION_STYLE_ASSIGNMENT((#14801,#14806));
#14801 = SURFACE_STYLE_USAGE(.BOTH.,#14802);
#14802 = SURFACE_SIDE_STYLE('',(#14803));
#14803 = SURFACE_STYLE_FILL_AREA(#14804);
#14804 = FILL_AREA_STYLE('',(#14805));
#14805 = FILL_AREA_STYLE_COLOUR('',#12973);
#14806 = CURVE_STYLE('',#14807,POSITIVE_LENGTH_MEASURE(0.1),#12973);
#14807 = DRAUGHTING_PRE_DEFINED_CURVE_FONT('continuous');
#14808 = STYLED_ITEM('color',(#14809),#7806);
#14809 = PRESENTATION_STYLE_ASSIGNMENT((#14810,#14815));
#14810 = SURFACE_STYLE_USAGE(.BOTH.,#14811);
#14811 = SURFACE_SIDE_STYLE('',(#14812));
#14812 = SURFACE_STYLE_FILL_AREA(#14813);
#14813 = FILL_AREA_STYLE('',(#14814));
#14814 = FILL_AREA_STYLE_COLOUR('',#12973);
#14815 = CURVE_STYLE('',#14816,POSITIVE_LENGTH_MEASURE(0.1),#12973);
#14816 = DRAUGHTING_PRE_DEFINED_CURVE_FONT('continuous');
#14817 = STYLED_ITEM('color',(#14818),#7823);
#14818 = PRESENTATION_STYLE_ASSIGNMENT((#14819,#14824));
#14819 = SURFACE_STYLE_USAGE(.BOTH.,#14820);
#14820 = SURFACE_SIDE_STYLE('',(#14821));
#14821 = SURFACE_STYLE_FILL_AREA(#14822);
#14822 = FILL_AREA_STYLE('',(#14823));
#14823 = FILL_AREA_STYLE_COLOUR('',#12973);
#14824 = CURVE_STYLE('',#14825,POSITIVE_LENGTH_MEASURE(0.1),#12973);
#14825 = DRAUGHTING_PRE_DEFINED_CURVE_FONT('continuous');
#14826 = STYLED_ITEM('color',(#14827),#7840);
#14827 = PRESENTATION_STYLE_ASSIGNMENT((#14828,#14833));
#14828 = SURFACE_STYLE_USAGE(.BOTH.,#14829);
#14829 = SURFACE_SIDE_STYLE('',(#14830));
#14830 = SURFACE_STYLE_FILL_AREA(#14831);
#14831 = FILL_AREA_STYLE('',(#14832));
#14832 = FILL_AREA_STYLE_COLOUR('',#12973);
#14833 = CURVE_STYLE('',#14834,POSITIVE_LENGTH_MEASURE(0.1),#12973);
#14834 = DRAUGHTING_PRE_DEFINED_CURVE_FONT('continuous');
#14835 = STYLED_ITEM('color',(#14836),#7857);
#14836 = PRESENTATION_STYLE_ASSIGNMENT((#14837,#14842));
#14837 = SURFACE_STYLE_USAGE(.BOTH.,#14838);
#14838 = SURFACE_SIDE_STYLE('',(#14839));
#14839 = SURFACE_STYLE_FILL_AREA(#14840);
#14840 = FILL_AREA_STYLE('',(#14841));
#14841 = FILL_AREA_STYLE_COLOUR('',#12973);
#14842 = CURVE_STYLE('',#14843,POSITIVE_LENGTH_MEASURE(0.1),#12973);
#14843 = DRAUGHTING_PRE_DEFINED_CURVE_FONT('continuous');
#14844 = STYLED_ITEM('color',(#14845),#7874);
#14845 = PRESENTATION_STYLE_ASSIGNMENT((#14846,#14851));
#14846 = SURFACE_STYLE_USAGE(.BOTH.,#14847);
#14847 = SURFACE_SIDE_STYLE('',(#14848));
#14848 = SURFACE_STYLE_FILL_AREA(#14849);
#14849 = FILL_AREA_STYLE('',(#14850));
#14850 = FILL_AREA_STYLE_COLOUR('',#12973);
#14851 = CURVE_STYLE('',#14852,POSITIVE_LENGTH_MEASURE(0.1),#12973);
#14852 = DRAUGHTING_PRE_DEFINED_CURVE_FONT('continuous');
#14853 = STYLED_ITEM('color',(#14854),#7891);
#14854 = PRESENTATION_STYLE_ASSIGNMENT((#14855,#14860));
#14855 = SURFACE_STYLE_USAGE(.BOTH.,#14856);
#14856 = SURFACE_SIDE_STYLE('',(#14857));
#14857 = SURFACE_STYLE_FILL_AREA(#14858);
#14858 = FILL_AREA_STYLE('',(#14859));
#14859 = FILL_AREA_STYLE_COLOUR('',#12973);
#14860 = CURVE_STYLE('',#14861,POSITIVE_LENGTH_MEASURE(0.1),#12973);
#14861 = DRAUGHTING_PRE_DEFINED_CURVE_FONT('continuous');
#14862 = STYLED_ITEM('color',(#14863),#7903);
#14863 = PRESENTATION_STYLE_ASSIGNMENT((#14864,#14870));
#14864 = SURFACE_STYLE_USAGE(.BOTH.,#14865);
#14865 = SURFACE_SIDE_STYLE('',(#14866));
#14866 = SURFACE_STYLE_FILL_AREA(#14867);
#14867 = FILL_AREA_STYLE('',(#14868));
#14868 = FILL_AREA_STYLE_COLOUR('',#14869);
#14869 = COLOUR_RGB('',0.690999998585,0.664000007176,0.597999987832);
#14870 = CURVE_STYLE('',#14871,POSITIVE_LENGTH_MEASURE(0.1),#14869);
#14871 = DRAUGHTING_PRE_DEFINED_CURVE_FONT('continuous');
#14872 = MECHANICAL_DESIGN_GEOMETRIC_PRESENTATION_REPRESENTATION('',(
    #14873,#14880,#14887,#14894,#14901,#14908,#14915,#14922,#14929,
    #14936,#14943,#14950,#14957,#14964,#14971,#14978,#14985,#14992,
    #14999,#15006,#15013,#15020,#15027,#15034,#15041,#15048,#15055,
    #15062),#3385);
#14873 = STYLED_ITEM('color',(#14874),#2533);
#14874 = PRESENTATION_STYLE_ASSIGNMENT((#14875));
#14875 = SURFACE_STYLE_USAGE(.BOTH.,#14876);
#14876 = SURFACE_SIDE_STYLE('',(#14877));
#14877 = SURFACE_STYLE_FILL_AREA(#14878);
#14878 = FILL_AREA_STYLE('',(#14879));
#14879 = FILL_AREA_STYLE_COLOUR('',#12973);
#14880 = STYLED_ITEM('color',(#14881),#2609);
#14881 = PRESENTATION_STYLE_ASSIGNMENT((#14882));
#14882 = SURFACE_STYLE_USAGE(.BOTH.,#14883);
#14883 = SURFACE_SIDE_STYLE('',(#14884));
#14884 = SURFACE_STYLE_FILL_AREA(#14885);
#14885 = FILL_AREA_STYLE('',(#14886));
#14886 = FILL_AREA_STYLE_COLOUR('',#12973);
#14887 = STYLED_ITEM('color',(#14888),#2640);
#14888 = PRESENTATION_STYLE_ASSIGNMENT((#14889));
#14889 = SURFACE_STYLE_USAGE(.BOTH.,#14890);
#14890 = SURFACE_SIDE_STYLE('',(#14891));
#14891 = SURFACE_STYLE_FILL_AREA(#14892);
#14892 = FILL_AREA_STYLE('',(#14893));
#14893 = FILL_AREA_STYLE_COLOUR('',#12973);
#14894 = STYLED_ITEM('color',(#14895),#2665);
#14895 = PRESENTATION_STYLE_ASSIGNMENT((#14896));
#14896 = SURFACE_STYLE_USAGE(.BOTH.,#14897);
#14897 = SURFACE_SIDE_STYLE('',(#14898));
#14898 = SURFACE_STYLE_FILL_AREA(#14899);
#14899 = FILL_AREA_STYLE('',(#14900));
#14900 = FILL_AREA_STYLE_COLOUR('',#12973);
#14901 = STYLED_ITEM('color',(#14902),#2690);
#14902 = PRESENTATION_STYLE_ASSIGNMENT((#14903));
#14903 = SURFACE_STYLE_USAGE(.BOTH.,#14904);
#14904 = SURFACE_SIDE_STYLE('',(#14905));
#14905 = SURFACE_STYLE_FILL_AREA(#14906);
#14906 = FILL_AREA_STYLE('',(#14907));
#14907 = FILL_AREA_STYLE_COLOUR('',#12973);
#14908 = STYLED_ITEM('color',(#14909),#2714);
#14909 = PRESENTATION_STYLE_ASSIGNMENT((#14910));
#14910 = SURFACE_STYLE_USAGE(.BOTH.,#14911);
#14911 = SURFACE_SIDE_STYLE('',(#14912));
#14912 = SURFACE_STYLE_FILL_AREA(#14913);
#14913 = FILL_AREA_STYLE('',(#14914));
#14914 = FILL_AREA_STYLE_COLOUR('',#12973);
#14915 = STYLED_ITEM('color',(#14916),#2738);
#14916 = PRESENTATION_STYLE_ASSIGNMENT((#14917));
#14917 = SURFACE_STYLE_USAGE(.BOTH.,#14918);
#14918 = SURFACE_SIDE_STYLE('',(#14919));
#14919 = SURFACE_STYLE_FILL_AREA(#14920);
#14920 = FILL_AREA_STYLE('',(#14921));
#14921 = FILL_AREA_STYLE_COLOUR('',#12973);
#14922 = STYLED_ITEM('color',(#14923),#2763);
#14923 = PRESENTATION_STYLE_ASSIGNMENT((#14924));
#14924 = SURFACE_STYLE_USAGE(.BOTH.,#14925);
#14925 = SURFACE_SIDE_STYLE('',(#14926));
#14926 = SURFACE_STYLE_FILL_AREA(#14927);
#14927 = FILL_AREA_STYLE('',(#14928));
#14928 = FILL_AREA_STYLE_COLOUR('',#12973);
#14929 = STYLED_ITEM('color',(#14930),#2788);
#14930 = PRESENTATION_STYLE_ASSIGNMENT((#14931));
#14931 = SURFACE_STYLE_USAGE(.BOTH.,#14932);
#14932 = SURFACE_SIDE_STYLE('',(#14933));
#14933 = SURFACE_STYLE_FILL_AREA(#14934);
#14934 = FILL_AREA_STYLE('',(#14935));
#14935 = FILL_AREA_STYLE_COLOUR('',#12973);
#14936 = STYLED_ITEM('color',(#14937),#2805);
#14937 = PRESENTATION_STYLE_ASSIGNMENT((#14938));
#14938 = SURFACE_STYLE_USAGE(.BOTH.,#14939);
#14939 = SURFACE_SIDE_STYLE('',(#14940));
#14940 = SURFACE_STYLE_FILL_AREA(#14941);
#14941 = FILL_AREA_STYLE('',(#14942));
#14942 = FILL_AREA_STYLE_COLOUR('',#12973);
#14943 = STYLED_ITEM('color',(#14944),#2891);
#14944 = PRESENTATION_STYLE_ASSIGNMENT((#14945));
#14945 = SURFACE_STYLE_USAGE(.BOTH.,#14946);
#14946 = SURFACE_SIDE_STYLE('',(#14947));
#14947 = SURFACE_STYLE_FILL_AREA(#14948);
#14948 = FILL_AREA_STYLE('',(#14949));
#14949 = FILL_AREA_STYLE_COLOUR('',#13044);
#14950 = STYLED_ITEM('color',(#14951),#2923);
#14951 = PRESENTATION_STYLE_ASSIGNMENT((#14952));
#14952 = SURFACE_STYLE_USAGE(.BOTH.,#14953);
#14953 = SURFACE_SIDE_STYLE('',(#14954));
#14954 = SURFACE_STYLE_FILL_AREA(#14955);
#14955 = FILL_AREA_STYLE('',(#14956));
#14956 = FILL_AREA_STYLE_COLOUR('',#13044);
#14957 = STYLED_ITEM('color',(#14958),#2947);
#14958 = PRESENTATION_STYLE_ASSIGNMENT((#14959));
#14959 = SURFACE_STYLE_USAGE(.BOTH.,#14960);
#14960 = SURFACE_SIDE_STYLE('',(#14961));
#14961 = SURFACE_STYLE_FILL_AREA(#14962);
#14962 = FILL_AREA_STYLE('',(#14963));
#14963 = FILL_AREA_STYLE_COLOUR('',#13044);
#14964 = STYLED_ITEM('color',(#14965),#2972);
#14965 = PRESENTATION_STYLE_ASSIGNMENT((#14966));
#14966 = SURFACE_STYLE_USAGE(.BOTH.,#14967);
#14967 = SURFACE_SIDE_STYLE('',(#14968));
#14968 = SURFACE_STYLE_FILL_AREA(#14969);
#14969 = FILL_AREA_STYLE('',(#14970));
#14970 = FILL_AREA_STYLE_COLOUR('',#13044);
#14971 = STYLED_ITEM('color',(#14972),#2996);
#14972 = PRESENTATION_STYLE_ASSIGNMENT((#14973));
#14973 = SURFACE_STYLE_USAGE(.BOTH.,#14974);
#14974 = SURFACE_SIDE_STYLE('',(#14975));
#14975 = SURFACE_STYLE_FILL_AREA(#14976);
#14976 = FILL_AREA_STYLE('',(#14977));
#14977 = FILL_AREA_STYLE_COLOUR('',#13044);
#14978 = STYLED_ITEM('color',(#14979),#3021);
#14979 = PRESENTATION_STYLE_ASSIGNMENT((#14980));
#14980 = SURFACE_STYLE_USAGE(.BOTH.,#14981);
#14981 = SURFACE_SIDE_STYLE('',(#14982));
#14982 = SURFACE_STYLE_FILL_AREA(#14983);
#14983 = FILL_AREA_STYLE('',(#14984));
#14984 = FILL_AREA_STYLE_COLOUR('',#13044);
#14985 = STYLED_ITEM('color',(#14986),#3045);
#14986 = PRESENTATION_STYLE_ASSIGNMENT((#14987));
#14987 = SURFACE_STYLE_USAGE(.BOTH.,#14988);
#14988 = SURFACE_SIDE_STYLE('',(#14989));
#14989 = SURFACE_STYLE_FILL_AREA(#14990);
#14990 = FILL_AREA_STYLE('',(#14991));
#14991 = FILL_AREA_STYLE_COLOUR('',#13044);
#14992 = STYLED_ITEM('color',(#14993),#3070);
#14993 = PRESENTATION_STYLE_ASSIGNMENT((#14994));
#14994 = SURFACE_STYLE_USAGE(.BOTH.,#14995);
#14995 = SURFACE_SIDE_STYLE('',(#14996));
#14996 = SURFACE_STYLE_FILL_AREA(#14997);
#14997 = FILL_AREA_STYLE('',(#14998));
#14998 = FILL_AREA_STYLE_COLOUR('',#13044);
#14999 = STYLED_ITEM('color',(#15000),#3087);
#15000 = PRESENTATION_STYLE_ASSIGNMENT((#15001));
#15001 = SURFACE_STYLE_USAGE(.BOTH.,#15002);
#15002 = SURFACE_SIDE_STYLE('',(#15003));
#15003 = SURFACE_STYLE_FILL_AREA(#15004);
#15004 = FILL_AREA_STYLE('',(#15005));
#15005 = FILL_AREA_STYLE_COLOUR('',#12973);
#15006 = STYLED_ITEM('color',(#15007),#3173);
#15007 = PRESENTATION_STYLE_ASSIGNMENT((#15008));
#15008 = SURFACE_STYLE_USAGE(.BOTH.,#15009);
#15009 = SURFACE_SIDE_STYLE('',(#15010));
#15010 = SURFACE_STYLE_FILL_AREA(#15011);
#15011 = FILL_AREA_STYLE('',(#15012));
#15012 = FILL_AREA_STYLE_COLOUR('',#12973);
#15013 = STYLED_ITEM('color',(#15014),#3204);
#15014 = PRESENTATION_STYLE_ASSIGNMENT((#15015));
#15015 = SURFACE_STYLE_USAGE(.BOTH.,#15016);
#15016 = SURFACE_SIDE_STYLE('',(#15017));
#15017 = SURFACE_STYLE_FILL_AREA(#15018);
#15018 = FILL_AREA_STYLE('',(#15019));
#15019 = FILL_AREA_STYLE_COLOUR('',#12973);
#15020 = STYLED_ITEM('color',(#15021),#3229);
#15021 = PRESENTATION_STYLE_ASSIGNMENT((#15022));
#15022 = SURFACE_STYLE_USAGE(.BOTH.,#15023);
#15023 = SURFACE_SIDE_STYLE('',(#15024));
#15024 = SURFACE_STYLE_FILL_AREA(#15025);
#15025 = FILL_AREA_STYLE('',(#15026));
#15026 = FILL_AREA_STYLE_COLOUR('',#12973);
#15027 = STYLED_ITEM('color',(#15028),#3254);
#15028 = PRESENTATION_STYLE_ASSIGNMENT((#15029));
#15029 = SURFACE_STYLE_USAGE(.BOTH.,#15030);
#15030 = SURFACE_SIDE_STYLE('',(#15031));
#15031 = SURFACE_STYLE_FILL_AREA(#15032);
#15032 = FILL_AREA_STYLE('',(#15033));
#15033 = FILL_AREA_STYLE_COLOUR('',#12973);
#15034 = STYLED_ITEM('color',(#15035),#3278);
#15035 = PRESENTATION_STYLE_ASSIGNMENT((#15036));
#15036 = SURFACE_STYLE_USAGE(.BOTH.,#15037);
#15037 = SURFACE_SIDE_STYLE('',(#15038));
#15038 = SURFACE_STYLE_FILL_AREA(#15039);
#15039 = FILL_AREA_STYLE('',(#15040));
#15040 = FILL_AREA_STYLE_COLOUR('',#12973);
#15041 = STYLED_ITEM('color',(#15042),#3302);
#15042 = PRESENTATION_STYLE_ASSIGNMENT((#15043));
#15043 = SURFACE_STYLE_USAGE(.BOTH.,#15044);
#15044 = SURFACE_SIDE_STYLE('',(#15045));
#15045 = SURFACE_STYLE_FILL_AREA(#15046);
#15046 = FILL_AREA_STYLE('',(#15047));
#15047 = FILL_AREA_STYLE_COLOUR('',#12973);
#15048 = STYLED_ITEM('color',(#15049),#3327);
#15049 = PRESENTATION_STYLE_ASSIGNMENT((#15050));
#15050 = SURFACE_STYLE_USAGE(.BOTH.,#15051);
#15051 = SURFACE_SIDE_STYLE('',(#15052));
#15052 = SURFACE_STYLE_FILL_AREA(#15053);
#15053 = FILL_AREA_STYLE('',(#15054));
#15054 = FILL_AREA_STYLE_COLOUR('',#12973);
#15055 = STYLED_ITEM('color',(#15056),#3352);
#15056 = PRESENTATION_STYLE_ASSIGNMENT((#15057));
#15057 = SURFACE_STYLE_USAGE(.BOTH.,#15058);
#15058 = SURFACE_SIDE_STYLE('',(#15059));
#15059 = SURFACE_STYLE_FILL_AREA(#15060);
#15060 = FILL_AREA_STYLE('',(#15061));
#15061 = FILL_AREA_STYLE_COLOUR('',#12973);
#15062 = STYLED_ITEM('color',(#15063),#3369);
#15063 = PRESENTATION_STYLE_ASSIGNMENT((#15064));
#15064 = SURFACE_STYLE_USAGE(.BOTH.,#15065);
#15065 = SURFACE_SIDE_STYLE('',(#15066));
#15066 = SURFACE_STYLE_FILL_AREA(#15067);
#15067 = FILL_AREA_STYLE('',(#15068));
#15068 = FILL_AREA_STYLE_COLOUR('',#12973);
#15069 = MECHANICAL_DESIGN_GEOMETRIC_PRESENTATION_REPRESENTATION('',(
    #15070),#12954);
#15070 = STYLED_ITEM('color',(#15071),#11457);
#15071 = PRESENTATION_STYLE_ASSIGNMENT((#15072));
#15072 = SURFACE_STYLE_USAGE(.BOTH.,#15073);
#15073 = SURFACE_SIDE_STYLE('',(#15074));
#15074 = SURFACE_STYLE_FILL_AREA(#15075);
#15075 = FILL_AREA_STYLE('',(#15076));
#15076 = FILL_AREA_STYLE_COLOUR('',#15077);
#15077 = COLOUR_RGB('',0.313304153717,0.484529207832,0.410020903123);
#15078 = MECHANICAL_DESIGN_GEOMETRIC_PRESENTATION_REPRESENTATION('',(
    #15079,#15088,#15097,#15106,#15115,#15124,#15133,#15142,#15151,
    #15160,#15169,#15178,#15187,#15196,#15205,#15214,#15223,#15232,
    #15241,#15250,#15259,#15268,#15277,#15286,#15295,#15304,#15313,
    #15322,#15331,#15340,#15349,#15358,#15367,#15376,#15385,#15394,
    #15403,#15412,#15421,#15430,#15439,#15448,#15457,#15466,#15475,
    #15484,#15493,#15502,#15511,#15520,#15529,#15538,#15547,#15556,
    #15565,#15574,#15583,#15592,#15601),#11413);
#15079 = STYLED_ITEM('color',(#15080),#9727);
#15080 = PRESENTATION_STYLE_ASSIGNMENT((#15081,#15086));
#15081 = SURFACE_STYLE_USAGE(.BOTH.,#15082);
#15082 = SURFACE_SIDE_STYLE('',(#15083));
#15083 = SURFACE_STYLE_FILL_AREA(#15084);
#15084 = FILL_AREA_STYLE('',(#15085));
#15085 = FILL_AREA_STYLE_COLOUR('',#13554);
#15086 = CURVE_STYLE('',#15087,POSITIVE_LENGTH_MEASURE(0.1),#13554);
#15087 = DRAUGHTING_PRE_DEFINED_CURVE_FONT('continuous');
#15088 = STYLED_ITEM('color',(#15089),#9781);
#15089 = PRESENTATION_STYLE_ASSIGNMENT((#15090,#15095));
#15090 = SURFACE_STYLE_USAGE(.BOTH.,#15091);
#15091 = SURFACE_SIDE_STYLE('',(#15092));
#15092 = SURFACE_STYLE_FILL_AREA(#15093);
#15093 = FILL_AREA_STYLE('',(#15094));
#15094 = FILL_AREA_STYLE_COLOUR('',#13554);
#15095 = CURVE_STYLE('',#15096,POSITIVE_LENGTH_MEASURE(0.1),#13554);
#15096 = DRAUGHTING_PRE_DEFINED_CURVE_FONT('continuous');
#15097 = STYLED_ITEM('color',(#15098),#9844);
#15098 = PRESENTATION_STYLE_ASSIGNMENT((#15099,#15104));
#15099 = SURFACE_STYLE_USAGE(.BOTH.,#15100);
#15100 = SURFACE_SIDE_STYLE('',(#15101));
#15101 = SURFACE_STYLE_FILL_AREA(#15102);
#15102 = FILL_AREA_STYLE('',(#15103));
#15103 = FILL_AREA_STYLE_COLOUR('',#13554);
#15104 = CURVE_STYLE('',#15105,POSITIVE_LENGTH_MEASURE(0.1),#13554);
#15105 = DRAUGHTING_PRE_DEFINED_CURVE_FONT('continuous');
#15106 = STYLED_ITEM('color',(#15107),#9867);
#15107 = PRESENTATION_STYLE_ASSIGNMENT((#15108,#15113));
#15108 = SURFACE_STYLE_USAGE(.BOTH.,#15109);
#15109 = SURFACE_SIDE_STYLE('',(#15110));
#15110 = SURFACE_STYLE_FILL_AREA(#15111);
#15111 = FILL_AREA_STYLE('',(#15112));
#15112 = FILL_AREA_STYLE_COLOUR('',#13554);
#15113 = CURVE_STYLE('',#15114,POSITIVE_LENGTH_MEASURE(0.1),#13554);
#15114 = DRAUGHTING_PRE_DEFINED_CURVE_FONT('continuous');
#15115 = STYLED_ITEM('color',(#15116),#9897);
#15116 = PRESENTATION_STYLE_ASSIGNMENT((#15117,#15122));
#15117 = SURFACE_STYLE_USAGE(.BOTH.,#15118);
#15118 = SURFACE_SIDE_STYLE('',(#15119));
#15119 = SURFACE_STYLE_FILL_AREA(#15120);
#15120 = FILL_AREA_STYLE('',(#15121));
#15121 = FILL_AREA_STYLE_COLOUR('',#12973);
#15122 = CURVE_STYLE('',#15123,POSITIVE_LENGTH_MEASURE(0.1),#12973);
#15123 = DRAUGHTING_PRE_DEFINED_CURVE_FONT('continuous');
#15124 = STYLED_ITEM('color',(#15125),#9930);
#15125 = PRESENTATION_STYLE_ASSIGNMENT((#15126,#15131));
#15126 = SURFACE_STYLE_USAGE(.BOTH.,#15127);
#15127 = SURFACE_SIDE_STYLE('',(#15128));
#15128 = SURFACE_STYLE_FILL_AREA(#15129);
#15129 = FILL_AREA_STYLE('',(#15130));
#15130 = FILL_AREA_STYLE_COLOUR('',#13554);
#15131 = CURVE_STYLE('',#15132,POSITIVE_LENGTH_MEASURE(0.1),#13554);
#15132 = DRAUGHTING_PRE_DEFINED_CURVE_FONT('continuous');
#15133 = STYLED_ITEM('color',(#15134),#9960);
#15134 = PRESENTATION_STYLE_ASSIGNMENT((#15135,#15140));
#15135 = SURFACE_STYLE_USAGE(.BOTH.,#15136);
#15136 = SURFACE_SIDE_STYLE('',(#15137));
#15137 = SURFACE_STYLE_FILL_AREA(#15138);
#15138 = FILL_AREA_STYLE('',(#15139));
#15139 = FILL_AREA_STYLE_COLOUR('',#13554);
#15140 = CURVE_STYLE('',#15141,POSITIVE_LENGTH_MEASURE(0.1),#13554);
#15141 = DRAUGHTING_PRE_DEFINED_CURVE_FONT('continuous');
#15142 = STYLED_ITEM('color',(#15143),#9983);
#15143 = PRESENTATION_STYLE_ASSIGNMENT((#15144,#15149));
#15144 = SURFACE_STYLE_USAGE(.BOTH.,#15145);
#15145 = SURFACE_SIDE_STYLE('',(#15146));
#15146 = SURFACE_STYLE_FILL_AREA(#15147);
#15147 = FILL_AREA_STYLE('',(#15148));
#15148 = FILL_AREA_STYLE_COLOUR('',#13554);
#15149 = CURVE_STYLE('',#15150,POSITIVE_LENGTH_MEASURE(0.1),#13554);
#15150 = DRAUGHTING_PRE_DEFINED_CURVE_FONT('continuous');
#15151 = STYLED_ITEM('color',(#15152),#10006);
#15152 = PRESENTATION_STYLE_ASSIGNMENT((#15153,#15158));
#15153 = SURFACE_STYLE_USAGE(.BOTH.,#15154);
#15154 = SURFACE_SIDE_STYLE('',(#15155));
#15155 = SURFACE_STYLE_FILL_AREA(#15156);
#15156 = FILL_AREA_STYLE('',(#15157));
#15157 = FILL_AREA_STYLE_COLOUR('',#13554);
#15158 = CURVE_STYLE('',#15159,POSITIVE_LENGTH_MEASURE(0.1),#13554);
#15159 = DRAUGHTING_PRE_DEFINED_CURVE_FONT('continuous');
#15160 = STYLED_ITEM('color',(#15161),#10029);
#15161 = PRESENTATION_STYLE_ASSIGNMENT((#15162,#15167));
#15162 = SURFACE_STYLE_USAGE(.BOTH.,#15163);
#15163 = SURFACE_SIDE_STYLE('',(#15164));
#15164 = SURFACE_STYLE_FILL_AREA(#15165);
#15165 = FILL_AREA_STYLE('',(#15166));
#15166 = FILL_AREA_STYLE_COLOUR('',#13554);
#15167 = CURVE_STYLE('',#15168,POSITIVE_LENGTH_MEASURE(0.1),#13554);
#15168 = DRAUGHTING_PRE_DEFINED_CURVE_FONT('continuous');
#15169 = STYLED_ITEM('color',(#15170),#10052);
#15170 = PRESENTATION_STYLE_ASSIGNMENT((#15171,#15176));
#15171 = SURFACE_STYLE_USAGE(.BOTH.,#15172);
#15172 = SURFACE_SIDE_STYLE('',(#15173));
#15173 = SURFACE_STYLE_FILL_AREA(#15174);
#15174 = FILL_AREA_STYLE('',(#15175));
#15175 = FILL_AREA_STYLE_COLOUR('',#13554);
#15176 = CURVE_STYLE('',#15177,POSITIVE_LENGTH_MEASURE(0.1),#13554);
#15177 = DRAUGHTING_PRE_DEFINED_CURVE_FONT('continuous');
#15178 = STYLED_ITEM('color',(#15179),#10075);
#15179 = PRESENTATION_STYLE_ASSIGNMENT((#15180,#15185));
#15180 = SURFACE_STYLE_USAGE(.BOTH.,#15181);
#15181 = SURFACE_SIDE_STYLE('',(#15182));
#15182 = SURFACE_STYLE_FILL_AREA(#15183);
#15183 = FILL_AREA_STYLE('',(#15184));
#15184 = FILL_AREA_STYLE_COLOUR('',#13554);
#15185 = CURVE_STYLE('',#15186,POSITIVE_LENGTH_MEASURE(0.1),#13554);
#15186 = DRAUGHTING_PRE_DEFINED_CURVE_FONT('continuous');
#15187 = STYLED_ITEM('color',(#15188),#10108);
#15188 = PRESENTATION_STYLE_ASSIGNMENT((#15189,#15194));
#15189 = SURFACE_STYLE_USAGE(.BOTH.,#15190);
#15190 = SURFACE_SIDE_STYLE('',(#15191));
#15191 = SURFACE_STYLE_FILL_AREA(#15192);
#15192 = FILL_AREA_STYLE('',(#15193));
#15193 = FILL_AREA_STYLE_COLOUR('',#13554);
#15194 = CURVE_STYLE('',#15195,POSITIVE_LENGTH_MEASURE(0.1),#13554);
#15195 = DRAUGHTING_PRE_DEFINED_CURVE_FONT('continuous');
#15196 = STYLED_ITEM('color',(#15197),#10131);
#15197 = PRESENTATION_STYLE_ASSIGNMENT((#15198,#15203));
#15198 = SURFACE_STYLE_USAGE(.BOTH.,#15199);
#15199 = SURFACE_SIDE_STYLE('',(#15200));
#15200 = SURFACE_STYLE_FILL_AREA(#15201);
#15201 = FILL_AREA_STYLE('',(#15202));
#15202 = FILL_AREA_STYLE_COLOUR('',#13554);
#15203 = CURVE_STYLE('',#15204,POSITIVE_LENGTH_MEASURE(0.1),#13554);
#15204 = DRAUGHTING_PRE_DEFINED_CURVE_FONT('continuous');
#15205 = STYLED_ITEM('color',(#15206),#10154);
#15206 = PRESENTATION_STYLE_ASSIGNMENT((#15207,#15212));
#15207 = SURFACE_STYLE_USAGE(.BOTH.,#15208);
#15208 = SURFACE_SIDE_STYLE('',(#15209));
#15209 = SURFACE_STYLE_FILL_AREA(#15210);
#15210 = FILL_AREA_STYLE('',(#15211));
#15211 = FILL_AREA_STYLE_COLOUR('',#13554);
#15212 = CURVE_STYLE('',#15213,POSITIVE_LENGTH_MEASURE(0.1),#13554);
#15213 = DRAUGHTING_PRE_DEFINED_CURVE_FONT('continuous');
#15214 = STYLED_ITEM('color',(#15215),#10242);
#15215 = PRESENTATION_STYLE_ASSIGNMENT((#15216,#15221));
#15216 = SURFACE_STYLE_USAGE(.BOTH.,#15217);
#15217 = SURFACE_SIDE_STYLE('',(#15218));
#15218 = SURFACE_STYLE_FILL_AREA(#15219);
#15219 = FILL_AREA_STYLE('',(#15220));
#15220 = FILL_AREA_STYLE_COLOUR('',#12973);
#15221 = CURVE_STYLE('',#15222,POSITIVE_LENGTH_MEASURE(0.1),#12973);
#15222 = DRAUGHTING_PRE_DEFINED_CURVE_FONT('continuous');
#15223 = STYLED_ITEM('color',(#15224),#10317);
#15224 = PRESENTATION_STYLE_ASSIGNMENT((#15225,#15230));
#15225 = SURFACE_STYLE_USAGE(.BOTH.,#15226);
#15226 = SURFACE_SIDE_STYLE('',(#15227));
#15227 = SURFACE_STYLE_FILL_AREA(#15228);
#15228 = FILL_AREA_STYLE('',(#15229));
#15229 = FILL_AREA_STYLE_COLOUR('',#12973);
#15230 = CURVE_STYLE('',#15231,POSITIVE_LENGTH_MEASURE(0.1),#12973);
#15231 = DRAUGHTING_PRE_DEFINED_CURVE_FONT('continuous');
#15232 = STYLED_ITEM('color',(#15233),#10341);
#15233 = PRESENTATION_STYLE_ASSIGNMENT((#15234,#15239));
#15234 = SURFACE_STYLE_USAGE(.BOTH.,#15235);
#15235 = SURFACE_SIDE_STYLE('',(#15236));
#15236 = SURFACE_STYLE_FILL_AREA(#15237);
#15237 = FILL_AREA_STYLE('',(#15238));
#15238 = FILL_AREA_STYLE_COLOUR('',#12973);
#15239 = CURVE_STYLE('',#15240,POSITIVE_LENGTH_MEASURE(0.1),#12973);
#15240 = DRAUGHTING_PRE_DEFINED_CURVE_FONT('continuous');
#15241 = STYLED_ITEM('color',(#15242),#10409);
#15242 = PRESENTATION_STYLE_ASSIGNMENT((#15243,#15248));
#15243 = SURFACE_STYLE_USAGE(.BOTH.,#15244);
#15244 = SURFACE_SIDE_STYLE('',(#15245));
#15245 = SURFACE_STYLE_FILL_AREA(#15246);
#15246 = FILL_AREA_STYLE('',(#15247));
#15247 = FILL_AREA_STYLE_COLOUR('',#13554);
#15248 = CURVE_STYLE('',#15249,POSITIVE_LENGTH_MEASURE(0.1),#13554);
#15249 = DRAUGHTING_PRE_DEFINED_CURVE_FONT('continuous');
#15250 = STYLED_ITEM('color',(#15251),#10497);
#15251 = PRESENTATION_STYLE_ASSIGNMENT((#15252,#15257));
#15252 = SURFACE_STYLE_USAGE(.BOTH.,#15253);
#15253 = SURFACE_SIDE_STYLE('',(#15254));
#15254 = SURFACE_STYLE_FILL_AREA(#15255);
#15255 = FILL_AREA_STYLE('',(#15256));
#15256 = FILL_AREA_STYLE_COLOUR('',#13554);
#15257 = CURVE_STYLE('',#15258,POSITIVE_LENGTH_MEASURE(0.1),#13554);
#15258 = DRAUGHTING_PRE_DEFINED_CURVE_FONT('continuous');
#15259 = STYLED_ITEM('color',(#15260),#10513);
#15260 = PRESENTATION_STYLE_ASSIGNMENT((#15261,#15266));
#15261 = SURFACE_STYLE_USAGE(.BOTH.,#15262);
#15262 = SURFACE_SIDE_STYLE('',(#15263));
#15263 = SURFACE_STYLE_FILL_AREA(#15264);
#15264 = FILL_AREA_STYLE('',(#15265));
#15265 = FILL_AREA_STYLE_COLOUR('',#13554);
#15266 = CURVE_STYLE('',#15267,POSITIVE_LENGTH_MEASURE(0.1),#13554);
#15267 = DRAUGHTING_PRE_DEFINED_CURVE_FONT('continuous');
#15268 = STYLED_ITEM('color',(#15269),#10529);
#15269 = PRESENTATION_STYLE_ASSIGNMENT((#15270,#15275));
#15270 = SURFACE_STYLE_USAGE(.BOTH.,#15271);
#15271 = SURFACE_SIDE_STYLE('',(#15272));
#15272 = SURFACE_STYLE_FILL_AREA(#15273);
#15273 = FILL_AREA_STYLE('',(#15274));
#15274 = FILL_AREA_STYLE_COLOUR('',#13554);
#15275 = CURVE_STYLE('',#15276,POSITIVE_LENGTH_MEASURE(0.1),#13554);
#15276 = DRAUGHTING_PRE_DEFINED_CURVE_FONT('continuous');
#15277 = STYLED_ITEM('color',(#15278),#10545);
#15278 = PRESENTATION_STYLE_ASSIGNMENT((#15279,#15284));
#15279 = SURFACE_STYLE_USAGE(.BOTH.,#15280);
#15280 = SURFACE_SIDE_STYLE('',(#15281));
#15281 = SURFACE_STYLE_FILL_AREA(#15282);
#15282 = FILL_AREA_STYLE('',(#15283));
#15283 = FILL_AREA_STYLE_COLOUR('',#13554);
#15284 = CURVE_STYLE('',#15285,POSITIVE_LENGTH_MEASURE(0.1),#13554);
#15285 = DRAUGHTING_PRE_DEFINED_CURVE_FONT('continuous');
#15286 = STYLED_ITEM('color',(#15287),#10561);
#15287 = PRESENTATION_STYLE_ASSIGNMENT((#15288,#15293));
#15288 = SURFACE_STYLE_USAGE(.BOTH.,#15289);
#15289 = SURFACE_SIDE_STYLE('',(#15290));
#15290 = SURFACE_STYLE_FILL_AREA(#15291);
#15291 = FILL_AREA_STYLE('',(#15292));
#15292 = FILL_AREA_STYLE_COLOUR('',#13554);
#15293 = CURVE_STYLE('',#15294,POSITIVE_LENGTH_MEASURE(0.1),#13554);
#15294 = DRAUGHTING_PRE_DEFINED_CURVE_FONT('continuous');
#15295 = STYLED_ITEM('color',(#15296),#10578);
#15296 = PRESENTATION_STYLE_ASSIGNMENT((#15297,#15302));
#15297 = SURFACE_STYLE_USAGE(.BOTH.,#15298);
#15298 = SURFACE_SIDE_STYLE('',(#15299));
#15299 = SURFACE_STYLE_FILL_AREA(#15300);
#15300 = FILL_AREA_STYLE('',(#15301));
#15301 = FILL_AREA_STYLE_COLOUR('',#12973);
#15302 = CURVE_STYLE('',#15303,POSITIVE_LENGTH_MEASURE(0.1),#12973);
#15303 = DRAUGHTING_PRE_DEFINED_CURVE_FONT('continuous');
#15304 = STYLED_ITEM('color',(#15305),#10611);
#15305 = PRESENTATION_STYLE_ASSIGNMENT((#15306,#15311));
#15306 = SURFACE_STYLE_USAGE(.BOTH.,#15307);
#15307 = SURFACE_SIDE_STYLE('',(#15308));
#15308 = SURFACE_STYLE_FILL_AREA(#15309);
#15309 = FILL_AREA_STYLE('',(#15310));
#15310 = FILL_AREA_STYLE_COLOUR('',#13554);
#15311 = CURVE_STYLE('',#15312,POSITIVE_LENGTH_MEASURE(0.1),#13554);
#15312 = DRAUGHTING_PRE_DEFINED_CURVE_FONT('continuous');
#15313 = STYLED_ITEM('color',(#15314),#10628);
#15314 = PRESENTATION_STYLE_ASSIGNMENT((#15315,#15320));
#15315 = SURFACE_STYLE_USAGE(.BOTH.,#15316);
#15316 = SURFACE_SIDE_STYLE('',(#15317));
#15317 = SURFACE_STYLE_FILL_AREA(#15318);
#15318 = FILL_AREA_STYLE('',(#15319));
#15319 = FILL_AREA_STYLE_COLOUR('',#12973);
#15320 = CURVE_STYLE('',#15321,POSITIVE_LENGTH_MEASURE(0.1),#12973);
#15321 = DRAUGHTING_PRE_DEFINED_CURVE_FONT('continuous');
#15322 = STYLED_ITEM('color',(#15323),#10650);
#15323 = PRESENTATION_STYLE_ASSIGNMENT((#15324,#15329));
#15324 = SURFACE_STYLE_USAGE(.BOTH.,#15325);
#15325 = SURFACE_SIDE_STYLE('',(#15326));
#15326 = SURFACE_STYLE_FILL_AREA(#15327);
#15327 = FILL_AREA_STYLE('',(#15328));
#15328 = FILL_AREA_STYLE_COLOUR('',#13554);
#15329 = CURVE_STYLE('',#15330,POSITIVE_LENGTH_MEASURE(0.1),#13554);
#15330 = DRAUGHTING_PRE_DEFINED_CURVE_FONT('continuous');
#15331 = STYLED_ITEM('color',(#15332),#10681);
#15332 = PRESENTATION_STYLE_ASSIGNMENT((#15333,#15338));
#15333 = SURFACE_STYLE_USAGE(.BOTH.,#15334);
#15334 = SURFACE_SIDE_STYLE('',(#15335));
#15335 = SURFACE_STYLE_FILL_AREA(#15336);
#15336 = FILL_AREA_STYLE('',(#15337));
#15337 = FILL_AREA_STYLE_COLOUR('',#13554);
#15338 = CURVE_STYLE('',#15339,POSITIVE_LENGTH_MEASURE(0.1),#13554);
#15339 = DRAUGHTING_PRE_DEFINED_CURVE_FONT('continuous');
#15340 = STYLED_ITEM('color',(#15341),#10704);
#15341 = PRESENTATION_STYLE_ASSIGNMENT((#15342,#15347));
#15342 = SURFACE_STYLE_USAGE(.BOTH.,#15343);
#15343 = SURFACE_SIDE_STYLE('',(#15344));
#15344 = SURFACE_STYLE_FILL_AREA(#15345);
#15345 = FILL_AREA_STYLE('',(#15346));
#15346 = FILL_AREA_STYLE_COLOUR('',#13554);
#15347 = CURVE_STYLE('',#15348,POSITIVE_LENGTH_MEASURE(0.1),#13554);
#15348 = DRAUGHTING_PRE_DEFINED_CURVE_FONT('continuous');
#15349 = STYLED_ITEM('color',(#15350),#10727);
#15350 = PRESENTATION_STYLE_ASSIGNMENT((#15351,#15356));
#15351 = SURFACE_STYLE_USAGE(.BOTH.,#15352);
#15352 = SURFACE_SIDE_STYLE('',(#15353));
#15353 = SURFACE_STYLE_FILL_AREA(#15354);
#15354 = FILL_AREA_STYLE('',(#15355));
#15355 = FILL_AREA_STYLE_COLOUR('',#13554);
#15356 = CURVE_STYLE('',#15357,POSITIVE_LENGTH_MEASURE(0.1),#13554);
#15357 = DRAUGHTING_PRE_DEFINED_CURVE_FONT('continuous');
#15358 = STYLED_ITEM('color',(#15359),#10750);
#15359 = PRESENTATION_STYLE_ASSIGNMENT((#15360,#15365));
#15360 = SURFACE_STYLE_USAGE(.BOTH.,#15361);
#15361 = SURFACE_SIDE_STYLE('',(#15362));
#15362 = SURFACE_STYLE_FILL_AREA(#15363);
#15363 = FILL_AREA_STYLE('',(#15364));
#15364 = FILL_AREA_STYLE_COLOUR('',#13554);
#15365 = CURVE_STYLE('',#15366,POSITIVE_LENGTH_MEASURE(0.1),#13554);
#15366 = DRAUGHTING_PRE_DEFINED_CURVE_FONT('continuous');
#15367 = STYLED_ITEM('color',(#15368),#10780);
#15368 = PRESENTATION_STYLE_ASSIGNMENT((#15369,#15374));
#15369 = SURFACE_STYLE_USAGE(.BOTH.,#15370);
#15370 = SURFACE_SIDE_STYLE('',(#15371));
#15371 = SURFACE_STYLE_FILL_AREA(#15372);
#15372 = FILL_AREA_STYLE('',(#15373));
#15373 = FILL_AREA_STYLE_COLOUR('',#12973);
#15374 = CURVE_STYLE('',#15375,POSITIVE_LENGTH_MEASURE(0.1),#12973);
#15375 = DRAUGHTING_PRE_DEFINED_CURVE_FONT('continuous');
#15376 = STYLED_ITEM('color',(#15377),#10797);
#15377 = PRESENTATION_STYLE_ASSIGNMENT((#15378,#15383));
#15378 = SURFACE_STYLE_USAGE(.BOTH.,#15379);
#15379 = SURFACE_SIDE_STYLE('',(#15380));
#15380 = SURFACE_STYLE_FILL_AREA(#15381);
#15381 = FILL_AREA_STYLE('',(#15382));
#15382 = FILL_AREA_STYLE_COLOUR('',#12973);
#15383 = CURVE_STYLE('',#15384,POSITIVE_LENGTH_MEASURE(0.1),#12973);
#15384 = DRAUGHTING_PRE_DEFINED_CURVE_FONT('continuous');
#15385 = STYLED_ITEM('color',(#15386),#10814);
#15386 = PRESENTATION_STYLE_ASSIGNMENT((#15387,#15392));
#15387 = SURFACE_STYLE_USAGE(.BOTH.,#15388);
#15388 = SURFACE_SIDE_STYLE('',(#15389));
#15389 = SURFACE_STYLE_FILL_AREA(#15390);
#15390 = FILL_AREA_STYLE('',(#15391));
#15391 = FILL_AREA_STYLE_COLOUR('',#12973);
#15392 = CURVE_STYLE('',#15393,POSITIVE_LENGTH_MEASURE(0.1),#12973);
#15393 = DRAUGHTING_PRE_DEFINED_CURVE_FONT('continuous');
#15394 = STYLED_ITEM('color',(#15395),#10831);
#15395 = PRESENTATION_STYLE_ASSIGNMENT((#15396,#15401));
#15396 = SURFACE_STYLE_USAGE(.BOTH.,#15397);
#15397 = SURFACE_SIDE_STYLE('',(#15398));
#15398 = SURFACE_STYLE_FILL_AREA(#15399);
#15399 = FILL_AREA_STYLE('',(#15400));
#15400 = FILL_AREA_STYLE_COLOUR('',#12973);
#15401 = CURVE_STYLE('',#15402,POSITIVE_LENGTH_MEASURE(0.1),#12973);
#15402 = DRAUGHTING_PRE_DEFINED_CURVE_FONT('continuous');
#15403 = STYLED_ITEM('color',(#15404),#10848);
#15404 = PRESENTATION_STYLE_ASSIGNMENT((#15405,#15410));
#15405 = SURFACE_STYLE_USAGE(.BOTH.,#15406);
#15406 = SURFACE_SIDE_STYLE('',(#15407));
#15407 = SURFACE_STYLE_FILL_AREA(#15408);
#15408 = FILL_AREA_STYLE('',(#15409));
#15409 = FILL_AREA_STYLE_COLOUR('',#12973);
#15410 = CURVE_STYLE('',#15411,POSITIVE_LENGTH_MEASURE(0.1),#12973);
#15411 = DRAUGHTING_PRE_DEFINED_CURVE_FONT('continuous');
#15412 = STYLED_ITEM('color',(#15413),#10865);
#15413 = PRESENTATION_STYLE_ASSIGNMENT((#15414,#15419));
#15414 = SURFACE_STYLE_USAGE(.BOTH.,#15415);
#15415 = SURFACE_SIDE_STYLE('',(#15416));
#15416 = SURFACE_STYLE_FILL_AREA(#15417);
#15417 = FILL_AREA_STYLE('',(#15418));
#15418 = FILL_AREA_STYLE_COLOUR('',#12973);
#15419 = CURVE_STYLE('',#15420,POSITIVE_LENGTH_MEASURE(0.1),#12973);
#15420 = DRAUGHTING_PRE_DEFINED_CURVE_FONT('continuous');
#15421 = STYLED_ITEM('color',(#15422),#10882);
#15422 = PRESENTATION_STYLE_ASSIGNMENT((#15423,#15428));
#15423 = SURFACE_STYLE_USAGE(.BOTH.,#15424);
#15424 = SURFACE_SIDE_STYLE('',(#15425));
#15425 = SURFACE_STYLE_FILL_AREA(#15426);
#15426 = FILL_AREA_STYLE('',(#15427));
#15427 = FILL_AREA_STYLE_COLOUR('',#12973);
#15428 = CURVE_STYLE('',#15429,POSITIVE_LENGTH_MEASURE(0.1),#12973);
#15429 = DRAUGHTING_PRE_DEFINED_CURVE_FONT('continuous');
#15430 = STYLED_ITEM('color',(#15431),#10899);
#15431 = PRESENTATION_STYLE_ASSIGNMENT((#15432,#15437));
#15432 = SURFACE_STYLE_USAGE(.BOTH.,#15433);
#15433 = SURFACE_SIDE_STYLE('',(#15434));
#15434 = SURFACE_STYLE_FILL_AREA(#15435);
#15435 = FILL_AREA_STYLE('',(#15436));
#15436 = FILL_AREA_STYLE_COLOUR('',#12973);
#15437 = CURVE_STYLE('',#15438,POSITIVE_LENGTH_MEASURE(0.1),#12973);
#15438 = DRAUGHTING_PRE_DEFINED_CURVE_FONT('continuous');
#15439 = STYLED_ITEM('color',(#15440),#10911);
#15440 = PRESENTATION_STYLE_ASSIGNMENT((#15441,#15446));
#15441 = SURFACE_STYLE_USAGE(.BOTH.,#15442);
#15442 = SURFACE_SIDE_STYLE('',(#15443));
#15443 = SURFACE_STYLE_FILL_AREA(#15444);
#15444 = FILL_AREA_STYLE('',(#15445));
#15445 = FILL_AREA_STYLE_COLOUR('',#13554);
#15446 = CURVE_STYLE('',#15447,POSITIVE_LENGTH_MEASURE(0.1),#13554);
#15447 = DRAUGHTING_PRE_DEFINED_CURVE_FONT('continuous');
#15448 = STYLED_ITEM('color',(#15449),#10934);
#15449 = PRESENTATION_STYLE_ASSIGNMENT((#15450,#15455));
#15450 = SURFACE_STYLE_USAGE(.BOTH.,#15451);
#15451 = SURFACE_SIDE_STYLE('',(#15452));
#15452 = SURFACE_STYLE_FILL_AREA(#15453);
#15453 = FILL_AREA_STYLE('',(#15454));
#15454 = FILL_AREA_STYLE_COLOUR('',#13554);
#15455 = CURVE_STYLE('',#15456,POSITIVE_LENGTH_MEASURE(0.1),#13554);
#15456 = DRAUGHTING_PRE_DEFINED_CURVE_FONT('continuous');
#15457 = STYLED_ITEM('color',(#15458),#10957);
#15458 = PRESENTATION_STYLE_ASSIGNMENT((#15459,#15464));
#15459 = SURFACE_STYLE_USAGE(.BOTH.,#15460);
#15460 = SURFACE_SIDE_STYLE('',(#15461));
#15461 = SURFACE_STYLE_FILL_AREA(#15462);
#15462 = FILL_AREA_STYLE('',(#15463));
#15463 = FILL_AREA_STYLE_COLOUR('',#13554);
#15464 = CURVE_STYLE('',#15465,POSITIVE_LENGTH_MEASURE(0.1),#13554);
#15465 = DRAUGHTING_PRE_DEFINED_CURVE_FONT('continuous');
#15466 = STYLED_ITEM('color',(#15467),#10974);
#15467 = PRESENTATION_STYLE_ASSIGNMENT((#15468,#15473));
#15468 = SURFACE_STYLE_USAGE(.BOTH.,#15469);
#15469 = SURFACE_SIDE_STYLE('',(#15470));
#15470 = SURFACE_STYLE_FILL_AREA(#15471);
#15471 = FILL_AREA_STYLE('',(#15472));
#15472 = FILL_AREA_STYLE_COLOUR('',#12973);
#15473 = CURVE_STYLE('',#15474,POSITIVE_LENGTH_MEASURE(0.1),#12973);
#15474 = DRAUGHTING_PRE_DEFINED_CURVE_FONT('continuous');
#15475 = STYLED_ITEM('color',(#15476),#11049);
#15476 = PRESENTATION_STYLE_ASSIGNMENT((#15477,#15482));
#15477 = SURFACE_STYLE_USAGE(.BOTH.,#15478);
#15478 = SURFACE_SIDE_STYLE('',(#15479));
#15479 = SURFACE_STYLE_FILL_AREA(#15480);
#15480 = FILL_AREA_STYLE('',(#15481));
#15481 = FILL_AREA_STYLE_COLOUR('',#12973);
#15482 = CURVE_STYLE('',#15483,POSITIVE_LENGTH_MEASURE(0.1),#12973);
#15483 = DRAUGHTING_PRE_DEFINED_CURVE_FONT('continuous');
#15484 = STYLED_ITEM('color',(#15485),#11073);
#15485 = PRESENTATION_STYLE_ASSIGNMENT((#15486,#15491));
#15486 = SURFACE_STYLE_USAGE(.BOTH.,#15487);
#15487 = SURFACE_SIDE_STYLE('',(#15488));
#15488 = SURFACE_STYLE_FILL_AREA(#15489);
#15489 = FILL_AREA_STYLE('',(#15490));
#15490 = FILL_AREA_STYLE_COLOUR('',#12973);
#15491 = CURVE_STYLE('',#15492,POSITIVE_LENGTH_MEASURE(0.1),#12973);
#15492 = DRAUGHTING_PRE_DEFINED_CURVE_FONT('continuous');
#15493 = STYLED_ITEM('color',(#15494),#11141);
#15494 = PRESENTATION_STYLE_ASSIGNMENT((#15495,#15500));
#15495 = SURFACE_STYLE_USAGE(.BOTH.,#15496);
#15496 = SURFACE_SIDE_STYLE('',(#15497));
#15497 = SURFACE_STYLE_FILL_AREA(#15498);
#15498 = FILL_AREA_STYLE('',(#15499));
#15499 = FILL_AREA_STYLE_COLOUR('',#12973);
#15500 = CURVE_STYLE('',#15501,POSITIVE_LENGTH_MEASURE(0.1),#12973);
#15501 = DRAUGHTING_PRE_DEFINED_CURVE_FONT('continuous');
#15502 = STYLED_ITEM('color',(#15503),#11158);
#15503 = PRESENTATION_STYLE_ASSIGNMENT((#15504,#15509));
#15504 = SURFACE_STYLE_USAGE(.BOTH.,#15505);
#15505 = SURFACE_SIDE_STYLE('',(#15506));
#15506 = SURFACE_STYLE_FILL_AREA(#15507);
#15507 = FILL_AREA_STYLE('',(#15508));
#15508 = FILL_AREA_STYLE_COLOUR('',#13554);
#15509 = CURVE_STYLE('',#15510,POSITIVE_LENGTH_MEASURE(0.1),#13554);
#15510 = DRAUGHTING_PRE_DEFINED_CURVE_FONT('continuous');
#15511 = STYLED_ITEM('color',(#15512),#11208);
#15512 = PRESENTATION_STYLE_ASSIGNMENT((#15513,#15518));
#15513 = SURFACE_STYLE_USAGE(.BOTH.,#15514);
#15514 = SURFACE_SIDE_STYLE('',(#15515));
#15515 = SURFACE_STYLE_FILL_AREA(#15516);
#15516 = FILL_AREA_STYLE('',(#15517));
#15517 = FILL_AREA_STYLE_COLOUR('',#12973);
#15518 = CURVE_STYLE('',#15519,POSITIVE_LENGTH_MEASURE(0.1),#12973);
#15519 = DRAUGHTING_PRE_DEFINED_CURVE_FONT('continuous');
#15520 = STYLED_ITEM('color',(#15521),#11225);
#15521 = PRESENTATION_STYLE_ASSIGNMENT((#15522,#15527));
#15522 = SURFACE_STYLE_USAGE(.BOTH.,#15523);
#15523 = SURFACE_SIDE_STYLE('',(#15524));
#15524 = SURFACE_STYLE_FILL_AREA(#15525);
#15525 = FILL_AREA_STYLE('',(#15526));
#15526 = FILL_AREA_STYLE_COLOUR('',#12973);
#15527 = CURVE_STYLE('',#15528,POSITIVE_LENGTH_MEASURE(0.1),#12973);
#15528 = DRAUGHTING_PRE_DEFINED_CURVE_FONT('continuous');
#15529 = STYLED_ITEM('color',(#15530),#11242);
#15530 = PRESENTATION_STYLE_ASSIGNMENT((#15531,#15536));
#15531 = SURFACE_STYLE_USAGE(.BOTH.,#15532);
#15532 = SURFACE_SIDE_STYLE('',(#15533));
#15533 = SURFACE_STYLE_FILL_AREA(#15534);
#15534 = FILL_AREA_STYLE('',(#15535));
#15535 = FILL_AREA_STYLE_COLOUR('',#12973);
#15536 = CURVE_STYLE('',#15537,POSITIVE_LENGTH_MEASURE(0.1),#12973);
#15537 = DRAUGHTING_PRE_DEFINED_CURVE_FONT('continuous');
#15538 = STYLED_ITEM('color',(#15539),#11259);
#15539 = PRESENTATION_STYLE_ASSIGNMENT((#15540,#15545));
#15540 = SURFACE_STYLE_USAGE(.BOTH.,#15541);
#15541 = SURFACE_SIDE_STYLE('',(#15542));
#15542 = SURFACE_STYLE_FILL_AREA(#15543);
#15543 = FILL_AREA_STYLE('',(#15544));
#15544 = FILL_AREA_STYLE_COLOUR('',#12973);
#15545 = CURVE_STYLE('',#15546,POSITIVE_LENGTH_MEASURE(0.1),#12973);
#15546 = DRAUGHTING_PRE_DEFINED_CURVE_FONT('continuous');
#15547 = STYLED_ITEM('color',(#15548),#11276);
#15548 = PRESENTATION_STYLE_ASSIGNMENT((#15549,#15554));
#15549 = SURFACE_STYLE_USAGE(.BOTH.,#15550);
#15550 = SURFACE_SIDE_STYLE('',(#15551));
#15551 = SURFACE_STYLE_FILL_AREA(#15552);
#15552 = FILL_AREA_STYLE('',(#15553));
#15553 = FILL_AREA_STYLE_COLOUR('',#12973);
#15554 = CURVE_STYLE('',#15555,POSITIVE_LENGTH_MEASURE(0.1),#12973);
#15555 = DRAUGHTING_PRE_DEFINED_CURVE_FONT('continuous');
#15556 = STYLED_ITEM('color',(#15557),#11293);
#15557 = PRESENTATION_STYLE_ASSIGNMENT((#15558,#15563));
#15558 = SURFACE_STYLE_USAGE(.BOTH.,#15559);
#15559 = SURFACE_SIDE_STYLE('',(#15560));
#15560 = SURFACE_STYLE_FILL_AREA(#15561);
#15561 = FILL_AREA_STYLE('',(#15562));
#15562 = FILL_AREA_STYLE_COLOUR('',#12973);
#15563 = CURVE_STYLE('',#15564,POSITIVE_LENGTH_MEASURE(0.1),#12973);
#15564 = DRAUGHTING_PRE_DEFINED_CURVE_FONT('continuous');
#15565 = STYLED_ITEM('color',(#15566),#11305);
#15566 = PRESENTATION_STYLE_ASSIGNMENT((#15567,#15572));
#15567 = SURFACE_STYLE_USAGE(.BOTH.,#15568);
#15568 = SURFACE_SIDE_STYLE('',(#15569));
#15569 = SURFACE_STYLE_FILL_AREA(#15570);
#15570 = FILL_AREA_STYLE('',(#15571));
#15571 = FILL_AREA_STYLE_COLOUR('',#14869);
#15572 = CURVE_STYLE('',#15573,POSITIVE_LENGTH_MEASURE(0.1),#14869);
#15573 = DRAUGHTING_PRE_DEFINED_CURVE_FONT('continuous');
#15574 = STYLED_ITEM('color',(#15575),#11336);
#15575 = PRESENTATION_STYLE_ASSIGNMENT((#15576,#15581));
#15576 = SURFACE_STYLE_USAGE(.BOTH.,#15577);
#15577 = SURFACE_SIDE_STYLE('',(#15578));
#15578 = SURFACE_STYLE_FILL_AREA(#15579);
#15579 = FILL_AREA_STYLE('',(#15580));
#15580 = FILL_AREA_STYLE_COLOUR('',#14869);
#15581 = CURVE_STYLE('',#15582,POSITIVE_LENGTH_MEASURE(0.1),#14869);
#15582 = DRAUGHTING_PRE_DEFINED_CURVE_FONT('continuous');
#15583 = STYLED_ITEM('color',(#15584),#11360);
#15584 = PRESENTATION_STYLE_ASSIGNMENT((#15585,#15590));
#15585 = SURFACE_STYLE_USAGE(.BOTH.,#15586);
#15586 = SURFACE_SIDE_STYLE('',(#15587));
#15587 = SURFACE_STYLE_FILL_AREA(#15588);
#15588 = FILL_AREA_STYLE('',(#15589));
#15589 = FILL_AREA_STYLE_COLOUR('',#14869);
#15590 = CURVE_STYLE('',#15591,POSITIVE_LENGTH_MEASURE(0.1),#14869);
#15591 = DRAUGHTING_PRE_DEFINED_CURVE_FONT('continuous');
#15592 = STYLED_ITEM('color',(#15593),#11384);
#15593 = PRESENTATION_STYLE_ASSIGNMENT((#15594,#15599));
#15594 = SURFACE_STYLE_USAGE(.BOTH.,#15595);
#15595 = SURFACE_SIDE_STYLE('',(#15596));
#15596 = SURFACE_STYLE_FILL_AREA(#15597);
#15597 = FILL_AREA_STYLE('',(#15598));
#15598 = FILL_AREA_STYLE_COLOUR('',#14869);
#15599 = CURVE_STYLE('',#15600,POSITIVE_LENGTH_MEASURE(0.1),#14869);
#15600 = DRAUGHTING_PRE_DEFINED_CURVE_FONT('continuous');
#15601 = STYLED_ITEM('color',(#15602),#11401);
#15602 = PRESENTATION_STYLE_ASSIGNMENT((#15603,#15608));
#15603 = SURFACE_STYLE_USAGE(.BOTH.,#15604);
#15604 = SURFACE_SIDE_STYLE('',(#15605));
#15605 = SURFACE_STYLE_FILL_AREA(#15606);
#15606 = FILL_AREA_STYLE('',(#15607));
#15607 = FILL_AREA_STYLE_COLOUR('',#14869);
#15608 = CURVE_STYLE('',#15609,POSITIVE_LENGTH_MEASURE(0.1),#14869);
#15609 = DRAUGHTING_PRE_DEFINED_CURVE_FONT('continuous');
#15610 = MECHANICAL_DESIGN_GEOMETRIC_PRESENTATION_REPRESENTATION('',(
    #15611,#15618,#15625,#15632,#15639,#15646,#15653,#15660,#15667,
    #15674,#15681,#15688,#15695,#15702,#15709,#15716,#15723,#15731,
    #15738,#15745,#15752,#15759,#15766,#15773,#15780,#15787,#15794,
    #15801,#15808,#15815,#15822,#15829,#15836,#15843,#15850,#15857,
    #15864,#15871,#15878,#15885,#15892,#15899,#15906,#15913,#15920,
    #15927,#15934,#15941,#15948,#15955,#15962,#15969),#2489);
#15611 = STYLED_ITEM('color',(#15612),#1059);
#15612 = PRESENTATION_STYLE_ASSIGNMENT((#15613));
#15613 = SURFACE_STYLE_USAGE(.BOTH.,#15614);
#15614 = SURFACE_SIDE_STYLE('',(#15615));
#15615 = SURFACE_STYLE_FILL_AREA(#15616);
#15616 = FILL_AREA_STYLE('',(#15617));
#15617 = FILL_AREA_STYLE_COLOUR('',#13554);
#15618 = STYLED_ITEM('color',(#15619),#1099);
#15619 = PRESENTATION_STYLE_ASSIGNMENT((#15620));
#15620 = SURFACE_STYLE_USAGE(.BOTH.,#15621);
#15621 = SURFACE_SIDE_STYLE('',(#15622));
#15622 = SURFACE_STYLE_FILL_AREA(#15623);
#15623 = FILL_AREA_STYLE('',(#15624));
#15624 = FILL_AREA_STYLE_COLOUR('',#13554);
#15625 = STYLED_ITEM('color',(#15626),#1130);
#15626 = PRESENTATION_STYLE_ASSIGNMENT((#15627));
#15627 = SURFACE_STYLE_USAGE(.BOTH.,#15628);
#15628 = SURFACE_SIDE_STYLE('',(#15629));
#15629 = SURFACE_STYLE_FILL_AREA(#15630);
#15630 = FILL_AREA_STYLE('',(#15631));
#15631 = FILL_AREA_STYLE_COLOUR('',#13554);
#15632 = STYLED_ITEM('color',(#15633),#1161);
#15633 = PRESENTATION_STYLE_ASSIGNMENT((#15634));
#15634 = SURFACE_STYLE_USAGE(.BOTH.,#15635);
#15635 = SURFACE_SIDE_STYLE('',(#15636));
#15636 = SURFACE_STYLE_FILL_AREA(#15637);
#15637 = FILL_AREA_STYLE('',(#15638));
#15638 = FILL_AREA_STYLE_COLOUR('',#13554);
#15639 = STYLED_ITEM('color',(#15640),#1326);
#15640 = PRESENTATION_STYLE_ASSIGNMENT((#15641));
#15641 = SURFACE_STYLE_USAGE(.BOTH.,#15642);
#15642 = SURFACE_SIDE_STYLE('',(#15643));
#15643 = SURFACE_STYLE_FILL_AREA(#15644);
#15644 = FILL_AREA_STYLE('',(#15645));
#15645 = FILL_AREA_STYLE_COLOUR('',#13554);
#15646 = STYLED_ITEM('color',(#15647),#1491);
#15647 = PRESENTATION_STYLE_ASSIGNMENT((#15648));
#15648 = SURFACE_STYLE_USAGE(.BOTH.,#15649);
#15649 = SURFACE_SIDE_STYLE('',(#15650));
#15650 = SURFACE_STYLE_FILL_AREA(#15651);
#15651 = FILL_AREA_STYLE('',(#15652));
#15652 = FILL_AREA_STYLE_COLOUR('',#13554);
#15653 = STYLED_ITEM('color',(#15654),#1508);
#15654 = PRESENTATION_STYLE_ASSIGNMENT((#15655));
#15655 = SURFACE_STYLE_USAGE(.BOTH.,#15656);
#15656 = SURFACE_SIDE_STYLE('',(#15657));
#15657 = SURFACE_STYLE_FILL_AREA(#15658);
#15658 = FILL_AREA_STYLE('',(#15659));
#15659 = FILL_AREA_STYLE_COLOUR('',#13554);
#15660 = STYLED_ITEM('color',(#15661),#1525);
#15661 = PRESENTATION_STYLE_ASSIGNMENT((#15662));
#15662 = SURFACE_STYLE_USAGE(.BOTH.,#15663);
#15663 = SURFACE_SIDE_STYLE('',(#15664));
#15664 = SURFACE_STYLE_FILL_AREA(#15665);
#15665 = FILL_AREA_STYLE('',(#15666));
#15666 = FILL_AREA_STYLE_COLOUR('',#13554);
#15667 = STYLED_ITEM('color',(#15668),#1542);
#15668 = PRESENTATION_STYLE_ASSIGNMENT((#15669));
#15669 = SURFACE_STYLE_USAGE(.BOTH.,#15670);
#15670 = SURFACE_SIDE_STYLE('',(#15671));
#15671 = SURFACE_STYLE_FILL_AREA(#15672);
#15672 = FILL_AREA_STYLE('',(#15673));
#15673 = FILL_AREA_STYLE_COLOUR('',#13554);
#15674 = STYLED_ITEM('color',(#15675),#1559);
#15675 = PRESENTATION_STYLE_ASSIGNMENT((#15676));
#15676 = SURFACE_STYLE_USAGE(.BOTH.,#15677);
#15677 = SURFACE_SIDE_STYLE('',(#15678));
#15678 = SURFACE_STYLE_FILL_AREA(#15679);
#15679 = FILL_AREA_STYLE('',(#15680));
#15680 = FILL_AREA_STYLE_COLOUR('',#13554);
#15681 = STYLED_ITEM('color',(#15682),#1576);
#15682 = PRESENTATION_STYLE_ASSIGNMENT((#15683));
#15683 = SURFACE_STYLE_USAGE(.BOTH.,#15684);
#15684 = SURFACE_SIDE_STYLE('',(#15685));
#15685 = SURFACE_STYLE_FILL_AREA(#15686);
#15686 = FILL_AREA_STYLE('',(#15687));
#15687 = FILL_AREA_STYLE_COLOUR('',#13554);
#15688 = STYLED_ITEM('color',(#15689),#1593);
#15689 = PRESENTATION_STYLE_ASSIGNMENT((#15690));
#15690 = SURFACE_STYLE_USAGE(.BOTH.,#15691);
#15691 = SURFACE_SIDE_STYLE('',(#15692));
#15692 = SURFACE_STYLE_FILL_AREA(#15693);
#15693 = FILL_AREA_STYLE('',(#15694));
#15694 = FILL_AREA_STYLE_COLOUR('',#13554);
#15695 = STYLED_ITEM('color',(#15696),#1610);
#15696 = PRESENTATION_STYLE_ASSIGNMENT((#15697));
#15697 = SURFACE_STYLE_USAGE(.BOTH.,#15698);
#15698 = SURFACE_SIDE_STYLE('',(#15699));
#15699 = SURFACE_STYLE_FILL_AREA(#15700);
#15700 = FILL_AREA_STYLE('',(#15701));
#15701 = FILL_AREA_STYLE_COLOUR('',#13554);
#15702 = STYLED_ITEM('color',(#15703),#1627);
#15703 = PRESENTATION_STYLE_ASSIGNMENT((#15704));
#15704 = SURFACE_STYLE_USAGE(.BOTH.,#15705);
#15705 = SURFACE_SIDE_STYLE('',(#15706));
#15706 = SURFACE_STYLE_FILL_AREA(#15707);
#15707 = FILL_AREA_STYLE('',(#15708));
#15708 = FILL_AREA_STYLE_COLOUR('',#13554);
#15709 = STYLED_ITEM('color',(#15710),#1644);
#15710 = PRESENTATION_STYLE_ASSIGNMENT((#15711));
#15711 = SURFACE_STYLE_USAGE(.BOTH.,#15712);
#15712 = SURFACE_SIDE_STYLE('',(#15713));
#15713 = SURFACE_STYLE_FILL_AREA(#15714);
#15714 = FILL_AREA_STYLE('',(#15715));
#15715 = FILL_AREA_STYLE_COLOUR('',#13554);
#15716 = STYLED_ITEM('color',(#15717),#1661);
#15717 = PRESENTATION_STYLE_ASSIGNMENT((#15718));
#15718 = SURFACE_STYLE_USAGE(.BOTH.,#15719);
#15719 = SURFACE_SIDE_STYLE('',(#15720));
#15720 = SURFACE_STYLE_FILL_AREA(#15721);
#15721 = FILL_AREA_STYLE('',(#15722));
#15722 = FILL_AREA_STYLE_COLOUR('',#13554);
#15723 = STYLED_ITEM('color',(#15724),#1673);
#15724 = PRESENTATION_STYLE_ASSIGNMENT((#15725));
#15725 = SURFACE_STYLE_USAGE(.BOTH.,#15726);
#15726 = SURFACE_SIDE_STYLE('',(#15727));
#15727 = SURFACE_STYLE_FILL_AREA(#15728);
#15728 = FILL_AREA_STYLE('',(#15729));
#15729 = FILL_AREA_STYLE_COLOUR('',#15730);
#15730 = COLOUR_RGB('',0.859000020776,0.737999965183,0.495999988746);
#15731 = STYLED_ITEM('color',(#15732),#1704);
#15732 = PRESENTATION_STYLE_ASSIGNMENT((#15733));
#15733 = SURFACE_STYLE_USAGE(.BOTH.,#15734);
#15734 = SURFACE_SIDE_STYLE('',(#15735));
#15735 = SURFACE_STYLE_FILL_AREA(#15736);
#15736 = FILL_AREA_STYLE('',(#15737));
#15737 = FILL_AREA_STYLE_COLOUR('',#15730);
#15738 = STYLED_ITEM('color',(#15739),#1728);
#15739 = PRESENTATION_STYLE_ASSIGNMENT((#15740));
#15740 = SURFACE_STYLE_USAGE(.BOTH.,#15741);
#15741 = SURFACE_SIDE_STYLE('',(#15742));
#15742 = SURFACE_STYLE_FILL_AREA(#15743);
#15743 = FILL_AREA_STYLE('',(#15744));
#15744 = FILL_AREA_STYLE_COLOUR('',#15730);
#15745 = STYLED_ITEM('color',(#15746),#1752);
#15746 = PRESENTATION_STYLE_ASSIGNMENT((#15747));
#15747 = SURFACE_STYLE_USAGE(.BOTH.,#15748);
#15748 = SURFACE_SIDE_STYLE('',(#15749));
#15749 = SURFACE_STYLE_FILL_AREA(#15750);
#15750 = FILL_AREA_STYLE('',(#15751));
#15751 = FILL_AREA_STYLE_COLOUR('',#15730);
#15752 = STYLED_ITEM('color',(#15753),#1769);
#15753 = PRESENTATION_STYLE_ASSIGNMENT((#15754));
#15754 = SURFACE_STYLE_USAGE(.BOTH.,#15755);
#15755 = SURFACE_SIDE_STYLE('',(#15756));
#15756 = SURFACE_STYLE_FILL_AREA(#15757);
#15757 = FILL_AREA_STYLE('',(#15758));
#15758 = FILL_AREA_STYLE_COLOUR('',#15730);
#15759 = STYLED_ITEM('color',(#15760),#1800);
#15760 = PRESENTATION_STYLE_ASSIGNMENT((#15761));
#15761 = SURFACE_STYLE_USAGE(.BOTH.,#15762);
#15762 = SURFACE_SIDE_STYLE('',(#15763));
#15763 = SURFACE_STYLE_FILL_AREA(#15764);
#15764 = FILL_AREA_STYLE('',(#15765));
#15765 = FILL_AREA_STYLE_COLOUR('',#15730);
#15766 = STYLED_ITEM('color',(#15767),#1824);
#15767 = PRESENTATION_STYLE_ASSIGNMENT((#15768));
#15768 = SURFACE_STYLE_USAGE(.BOTH.,#15769);
#15769 = SURFACE_SIDE_STYLE('',(#15770));
#15770 = SURFACE_STYLE_FILL_AREA(#15771);
#15771 = FILL_AREA_STYLE('',(#15772));
#15772 = FILL_AREA_STYLE_COLOUR('',#15730);
#15773 = STYLED_ITEM('color',(#15774),#1848);
#15774 = PRESENTATION_STYLE_ASSIGNMENT((#15775));
#15775 = SURFACE_STYLE_USAGE(.BOTH.,#15776);
#15776 = SURFACE_SIDE_STYLE('',(#15777));
#15777 = SURFACE_STYLE_FILL_AREA(#15778);
#15778 = FILL_AREA_STYLE('',(#15779));
#15779 = FILL_AREA_STYLE_COLOUR('',#15730);
#15780 = STYLED_ITEM('color',(#15781),#1865);
#15781 = PRESENTATION_STYLE_ASSIGNMENT((#15782));
#15782 = SURFACE_STYLE_USAGE(.BOTH.,#15783);
#15783 = SURFACE_SIDE_STYLE('',(#15784));
#15784 = SURFACE_STYLE_FILL_AREA(#15785);
#15785 = FILL_AREA_STYLE('',(#15786));
#15786 = FILL_AREA_STYLE_COLOUR('',#15730);
#15787 = STYLED_ITEM('color',(#15788),#1896);
#15788 = PRESENTATION_STYLE_ASSIGNMENT((#15789));
#15789 = SURFACE_STYLE_USAGE(.BOTH.,#15790);
#15790 = SURFACE_SIDE_STYLE('',(#15791));
#15791 = SURFACE_STYLE_FILL_AREA(#15792);
#15792 = FILL_AREA_STYLE('',(#15793));
#15793 = FILL_AREA_STYLE_COLOUR('',#15730);
#15794 = STYLED_ITEM('color',(#15795),#1920);
#15795 = PRESENTATION_STYLE_ASSIGNMENT((#15796));
#15796 = SURFACE_STYLE_USAGE(.BOTH.,#15797);
#15797 = SURFACE_SIDE_STYLE('',(#15798));
#15798 = SURFACE_STYLE_FILL_AREA(#15799);
#15799 = FILL_AREA_STYLE('',(#15800));
#15800 = FILL_AREA_STYLE_COLOUR('',#15730);
#15801 = STYLED_ITEM('color',(#15802),#1944);
#15802 = PRESENTATION_STYLE_ASSIGNMENT((#15803));
#15803 = SURFACE_STYLE_USAGE(.BOTH.,#15804);
#15804 = SURFACE_SIDE_STYLE('',(#15805));
#15805 = SURFACE_STYLE_FILL_AREA(#15806);
#15806 = FILL_AREA_STYLE('',(#15807));
#15807 = FILL_AREA_STYLE_COLOUR('',#15730);
#15808 = STYLED_ITEM('color',(#15809),#1961);
#15809 = PRESENTATION_STYLE_ASSIGNMENT((#15810));
#15810 = SURFACE_STYLE_USAGE(.BOTH.,#15811);
#15811 = SURFACE_SIDE_STYLE('',(#15812));
#15812 = SURFACE_STYLE_FILL_AREA(#15813);
#15813 = FILL_AREA_STYLE('',(#15814));
#15814 = FILL_AREA_STYLE_COLOUR('',#15730);
#15815 = STYLED_ITEM('color',(#15816),#1992);
#15816 = PRESENTATION_STYLE_ASSIGNMENT((#15817));
#15817 = SURFACE_STYLE_USAGE(.BOTH.,#15818);
#15818 = SURFACE_SIDE_STYLE('',(#15819));
#15819 = SURFACE_STYLE_FILL_AREA(#15820);
#15820 = FILL_AREA_STYLE('',(#15821));
#15821 = FILL_AREA_STYLE_COLOUR('',#15730);
#15822 = STYLED_ITEM('color',(#15823),#2016);
#15823 = PRESENTATION_STYLE_ASSIGNMENT((#15824));
#15824 = SURFACE_STYLE_USAGE(.BOTH.,#15825);
#15825 = SURFACE_SIDE_STYLE('',(#15826));
#15826 = SURFACE_STYLE_FILL_AREA(#15827);
#15827 = FILL_AREA_STYLE('',(#15828));
#15828 = FILL_AREA_STYLE_COLOUR('',#15730);
#15829 = STYLED_ITEM('color',(#15830),#2040);
#15830 = PRESENTATION_STYLE_ASSIGNMENT((#15831));
#15831 = SURFACE_STYLE_USAGE(.BOTH.,#15832);
#15832 = SURFACE_SIDE_STYLE('',(#15833));
#15833 = SURFACE_STYLE_FILL_AREA(#15834);
#15834 = FILL_AREA_STYLE('',(#15835));
#15835 = FILL_AREA_STYLE_COLOUR('',#15730);
#15836 = STYLED_ITEM('color',(#15837),#2057);
#15837 = PRESENTATION_STYLE_ASSIGNMENT((#15838));
#15838 = SURFACE_STYLE_USAGE(.BOTH.,#15839);
#15839 = SURFACE_SIDE_STYLE('',(#15840));
#15840 = SURFACE_STYLE_FILL_AREA(#15841);
#15841 = FILL_AREA_STYLE('',(#15842));
#15842 = FILL_AREA_STYLE_COLOUR('',#15730);
#15843 = STYLED_ITEM('color',(#15844),#2088);
#15844 = PRESENTATION_STYLE_ASSIGNMENT((#15845));
#15845 = SURFACE_STYLE_USAGE(.BOTH.,#15846);
#15846 = SURFACE_SIDE_STYLE('',(#15847));
#15847 = SURFACE_STYLE_FILL_AREA(#15848);
#15848 = FILL_AREA_STYLE('',(#15849));
#15849 = FILL_AREA_STYLE_COLOUR('',#15730);
#15850 = STYLED_ITEM('color',(#15851),#2112);
#15851 = PRESENTATION_STYLE_ASSIGNMENT((#15852));
#15852 = SURFACE_STYLE_USAGE(.BOTH.,#15853);
#15853 = SURFACE_SIDE_STYLE('',(#15854));
#15854 = SURFACE_STYLE_FILL_AREA(#15855);
#15855 = FILL_AREA_STYLE('',(#15856));
#15856 = FILL_AREA_STYLE_COLOUR('',#15730);
#15857 = STYLED_ITEM('color',(#15858),#2136);
#15858 = PRESENTATION_STYLE_ASSIGNMENT((#15859));
#15859 = SURFACE_STYLE_USAGE(.BOTH.,#15860);
#15860 = SURFACE_SIDE_STYLE('',(#15861));
#15861 = SURFACE_STYLE_FILL_AREA(#15862);
#15862 = FILL_AREA_STYLE('',(#15863));
#15863 = FILL_AREA_STYLE_COLOUR('',#15730);
#15864 = STYLED_ITEM('color',(#15865),#2153);
#15865 = PRESENTATION_STYLE_ASSIGNMENT((#15866));
#15866 = SURFACE_STYLE_USAGE(.BOTH.,#15867);
#15867 = SURFACE_SIDE_STYLE('',(#15868));
#15868 = SURFACE_STYLE_FILL_AREA(#15869);
#15869 = FILL_AREA_STYLE('',(#15870));
#15870 = FILL_AREA_STYLE_COLOUR('',#15730);
#15871 = STYLED_ITEM('color',(#15872),#2184);
#15872 = PRESENTATION_STYLE_ASSIGNMENT((#15873));
#15873 = SURFACE_STYLE_USAGE(.BOTH.,#15874);
#15874 = SURFACE_SIDE_STYLE('',(#15875));
#15875 = SURFACE_STYLE_FILL_AREA(#15876);
#15876 = FILL_AREA_STYLE('',(#15877));
#15877 = FILL_AREA_STYLE_COLOUR('',#15730);
#15878 = STYLED_ITEM('color',(#15879),#2208);
#15879 = PRESENTATION_STYLE_ASSIGNMENT((#15880));
#15880 = SURFACE_STYLE_USAGE(.BOTH.,#15881);
#15881 = SURFACE_SIDE_STYLE('',(#15882));
#15882 = SURFACE_STYLE_FILL_AREA(#15883);
#15883 = FILL_AREA_STYLE('',(#15884));
#15884 = FILL_AREA_STYLE_COLOUR('',#15730);
#15885 = STYLED_ITEM('color',(#15886),#2232);
#15886 = PRESENTATION_STYLE_ASSIGNMENT((#15887));
#15887 = SURFACE_STYLE_USAGE(.BOTH.,#15888);
#15888 = SURFACE_SIDE_STYLE('',(#15889));
#15889 = SURFACE_STYLE_FILL_AREA(#15890);
#15890 = FILL_AREA_STYLE('',(#15891));
#15891 = FILL_AREA_STYLE_COLOUR('',#15730);
#15892 = STYLED_ITEM('color',(#15893),#2249);
#15893 = PRESENTATION_STYLE_ASSIGNMENT((#15894));
#15894 = SURFACE_STYLE_USAGE(.BOTH.,#15895);
#15895 = SURFACE_SIDE_STYLE('',(#15896));
#15896 = SURFACE_STYLE_FILL_AREA(#15897);
#15897 = FILL_AREA_STYLE('',(#15898));
#15898 = FILL_AREA_STYLE_COLOUR('',#15730);
#15899 = STYLED_ITEM('color',(#15900),#2280);
#15900 = PRESENTATION_STYLE_ASSIGNMENT((#15901));
#15901 = SURFACE_STYLE_USAGE(.BOTH.,#15902);
#15902 = SURFACE_SIDE_STYLE('',(#15903));
#15903 = SURFACE_STYLE_FILL_AREA(#15904);
#15904 = FILL_AREA_STYLE('',(#15905));
#15905 = FILL_AREA_STYLE_COLOUR('',#15730);
#15906 = STYLED_ITEM('color',(#15907),#2304);
#15907 = PRESENTATION_STYLE_ASSIGNMENT((#15908));
#15908 = SURFACE_STYLE_USAGE(.BOTH.,#15909);
#15909 = SURFACE_SIDE_STYLE('',(#15910));
#15910 = SURFACE_STYLE_FILL_AREA(#15911);
#15911 = FILL_AREA_STYLE('',(#15912));
#15912 = FILL_AREA_STYLE_COLOUR('',#15730);
#15913 = STYLED_ITEM('color',(#15914),#2328);
#15914 = PRESENTATION_STYLE_ASSIGNMENT((#15915));
#15915 = SURFACE_STYLE_USAGE(.BOTH.,#15916);
#15916 = SURFACE_SIDE_STYLE('',(#15917));
#15917 = SURFACE_STYLE_FILL_AREA(#15918);
#15918 = FILL_AREA_STYLE('',(#15919));
#15919 = FILL_AREA_STYLE_COLOUR('',#15730);
#15920 = STYLED_ITEM('color',(#15921),#2345);
#15921 = PRESENTATION_STYLE_ASSIGNMENT((#15922));
#15922 = SURFACE_STYLE_USAGE(.BOTH.,#15923);
#15923 = SURFACE_SIDE_STYLE('',(#15924));
#15924 = SURFACE_STYLE_FILL_AREA(#15925);
#15925 = FILL_AREA_STYLE('',(#15926));
#15926 = FILL_AREA_STYLE_COLOUR('',#15730);
#15927 = STYLED_ITEM('color',(#15928),#2376);
#15928 = PRESENTATION_STYLE_ASSIGNMENT((#15929));
#15929 = SURFACE_STYLE_USAGE(.BOTH.,#15930);
#15930 = SURFACE_SIDE_STYLE('',(#15931));
#15931 = SURFACE_STYLE_FILL_AREA(#15932);
#15932 = FILL_AREA_STYLE('',(#15933));
#15933 = FILL_AREA_STYLE_COLOUR('',#15730);
#15934 = STYLED_ITEM('color',(#15935),#2400);
#15935 = PRESENTATION_STYLE_ASSIGNMENT((#15936));
#15936 = SURFACE_STYLE_USAGE(.BOTH.,#15937);
#15937 = SURFACE_SIDE_STYLE('',(#15938));
#15938 = SURFACE_STYLE_FILL_AREA(#15939);
#15939 = FILL_AREA_STYLE('',(#15940));
#15940 = FILL_AREA_STYLE_COLOUR('',#15730);
#15941 = STYLED_ITEM('color',(#15942),#2424);
#15942 = PRESENTATION_STYLE_ASSIGNMENT((#15943));
#15943 = SURFACE_STYLE_USAGE(.BOTH.,#15944);
#15944 = SURFACE_SIDE_STYLE('',(#15945));
#15945 = SURFACE_STYLE_FILL_AREA(#15946);
#15946 = FILL_AREA_STYLE('',(#15947));
#15947 = FILL_AREA_STYLE_COLOUR('',#15730);
#15948 = STYLED_ITEM('color',(#15949),#2441);
#15949 = PRESENTATION_STYLE_ASSIGNMENT((#15950));
#15950 = SURFACE_STYLE_USAGE(.BOTH.,#15951);
#15951 = SURFACE_SIDE_STYLE('',(#15952));
#15952 = SURFACE_STYLE_FILL_AREA(#15953);
#15953 = FILL_AREA_STYLE('',(#15954));
#15954 = FILL_AREA_STYLE_COLOUR('',#15730);
#15955 = STYLED_ITEM('color',(#15956),#2453);
#15956 = PRESENTATION_STYLE_ASSIGNMENT((#15957));
#15957 = SURFACE_STYLE_USAGE(.BOTH.,#15958);
#15958 = SURFACE_SIDE_STYLE('',(#15959));
#15959 = SURFACE_STYLE_FILL_AREA(#15960);
#15960 = FILL_AREA_STYLE('',(#15961));
#15961 = FILL_AREA_STYLE_COLOUR('',#15730);
#15962 = STYLED_ITEM('color',(#15963),#2465);
#15963 = PRESENTATION_STYLE_ASSIGNMENT((#15964));
#15964 = SURFACE_STYLE_USAGE(.BOTH.,#15965);
#15965 = SURFACE_SIDE_STYLE('',(#15966));
#15966 = SURFACE_STYLE_FILL_AREA(#15967);
#15967 = FILL_AREA_STYLE('',(#15968));
#15968 = FILL_AREA_STYLE_COLOUR('',#15730);
#15969 = STYLED_ITEM('color',(#15970),#2477);
#15970 = PRESENTATION_STYLE_ASSIGNMENT((#15971));
#15971 = SURFACE_STYLE_USAGE(.BOTH.,#15972);
#15972 = SURFACE_SIDE_STYLE('',(#15973));
#15973 = SURFACE_STYLE_FILL_AREA(#15974);
#15974 = FILL_AREA_STYLE('',(#15975));
#15975 = FILL_AREA_STYLE_COLOUR('',#15730);
ENDSEC;
END-ISO-10303-21;
