ISO-10303-21;
HEADER;
FILE_DESCRIPTION(('KiCad electronic assembly'),'2;1');
FILE_NAME('lux.step','2026-09-14T10:03:03',('Pcbnew'),('Kicad'),
  'Open CASCADE STEP processor 7.9','KiCad to STEP converter','Unknown'
  );
FILE_SCHEMA(('AUTOMOTIVE_DESIGN { 1 0 10303 214 1 1 1 1 }'));
ENDSEC;
DATA;
#1 = APPLICATION_PROTOCOL_DEFINITION('international standard',
  'automotive_design',2000,#2);
#2 = APPLICATION_CONTEXT(
  'core data for automotive mechanical design processes');
#3 = SHAPE_DEFINITION_REPRESENTATION(#4,#10);
#4 = PRODUCT_DEFINITION_SHAPE('','',#5);
#5 = PRODUCT_DEFINITION('design','',#6,#9);
#6 = PRODUCT_DEFINITION_FORMATION('','',#7);
#7 = PRODUCT('lux 1','lux 1','',(#8));
#8 = PRODUCT_CONTEXT('',#2,'mechanical');
#9 = PRODUCT_DEFINITION_CONTEXT('part definition',#2,'design');
#10 = SHAPE_REPRESENTATION('',(#11,#15,#19,#23,#27,#31,#35,#39,#43,#47,
    #51,#55,#59,#63,#67,#71,#75,#79,#83,#87,#91,#95,#99,#103,#107,#111,
    #115,#119,#123,#127,#131,#135,#139,#143,#147,#151,#155,#159),#163);
#11 = AXIS2_PLACEMENT_3D('',#12,#13,#14);
#12 = CARTESIAN_POINT('',(0.,0.,0.));
#13 = DIRECTION('',(0.,0.,1.));
#14 = DIRECTION('',(1.,0.,-0.));
#15 = AXIS2_PLACEMENT_3D('',#16,#17,#18);
#16 = CARTESIAN_POINT('',(1.1685E+03,-1.04302E+03,1.595));
#17 = DIRECTION('',(-0.,0.,1.));
#18 = DIRECTION('',(1.110223024625E-16,-1.,0.));
#19 = AXIS2_PLACEMENT_3D('',#20,#21,#22);
#20 = CARTESIAN_POINT('',(1.231E+03,-1.05845E+03,1.595));
#21 = DIRECTION('',(0.,0.,1.));
#22 = DIRECTION('',(1.,0.,0.));
#23 = AXIS2_PLACEMENT_3D('',#24,#25,#26);
#24 = CARTESIAN_POINT('',(1.1635E+03,-1.0405E+03,1.595));
#25 = DIRECTION('',(0.,0.,1.));
#26 = DIRECTION('',(1.,0.,0.));
#27 = AXIS2_PLACEMENT_3D('',#28,#29,#30);
#28 = CARTESIAN_POINT('',(1.1645E+03,-1.036E+03,1.595));
#29 = DIRECTION('',(0.,0.,1.));
#30 = DIRECTION('',(1.,0.,0.));
#31 = AXIS2_PLACEMENT_3D('',#32,#33,#34);
#32 = CARTESIAN_POINT('',(1.181E+03,-1.043675E+03,1.595));
#33 = DIRECTION('',(0.,-0.,1.));
#34 = DIRECTION('',(1.110223024625E-16,1.,0.));
#35 = AXIS2_PLACEMENT_3D('',#36,#37,#38);
#36 = CARTESIAN_POINT('',(1.195925E+03,-1.056E+03,1.595));
#37 = DIRECTION('',(0.,0.,1.));
#38 = DIRECTION('',(1.,0.,0.));
#39 = AXIS2_PLACEMENT_3D('',#40,#41,#42);
#40 = CARTESIAN_POINT('',(1.2105E+03,-1.059E+03,1.595));
#41 = DIRECTION('',(-0.,0.,1.));
#42 = DIRECTION('',(1.110223024625E-16,-1.,0.));
#43 = AXIS2_PLACEMENT_3D('',#44,#45,#46);
#44 = CARTESIAN_POINT('',(1.23895E+03,-1.058E+03,1.595));
#45 = DIRECTION('',(0.,0.,1.));
#46 = DIRECTION('',(-1.,1.224646799147E-16,0.));
#47 = AXIS2_PLACEMENT_3D('',#48,#49,#50);
#48 = CARTESIAN_POINT('',(1.232025E+03,-1.0545E+03,1.595));
#49 = DIRECTION('',(0.,0.,1.));
#50 = DIRECTION('',(1.,0.,0.));
#51 = AXIS2_PLACEMENT_3D('',#52,#53,#54);
#52 = CARTESIAN_POINT('',(1.2185E+03,-1.047175E+03,1.595));
#53 = DIRECTION('',(0.,-0.,1.));
#54 = DIRECTION('',(1.110223024625E-16,1.,0.));
#55 = AXIS2_PLACEMENT_3D('',#56,#57,#58);
#56 = CARTESIAN_POINT('',(1.239E+03,-1.0365E+03,1.595));
#57 = DIRECTION('',(0.,0.,1.));
#58 = DIRECTION('',(1.,0.,0.));
#59 = AXIS2_PLACEMENT_3D('',#60,#61,#62);
#60 = CARTESIAN_POINT('',(1.2255E+03,-1.04798E+03,1.595));
#61 = DIRECTION('',(0.,-0.,1.));
#62 = DIRECTION('',(1.110223024625E-16,1.,0.));
#63 = AXIS2_PLACEMENT_3D('',#64,#65,#66);
#64 = CARTESIAN_POINT('',(1.175475E+03,-1.036E+03,1.595));
#65 = DIRECTION('',(0.,0.,1.));
#66 = DIRECTION('',(1.,0.,0.));
#67 = AXIS2_PLACEMENT_3D('',#68,#69,#70);
#68 = CARTESIAN_POINT('',(1.2175E+03,-1.053E+03,1.595));
#69 = DIRECTION('',(0.,0.,1.));
#70 = DIRECTION('',(1.,0.,0.));
#71 = AXIS2_PLACEMENT_3D('',#72,#73,#74);
#72 = CARTESIAN_POINT('',(1.231525E+03,-1.0425E+03,1.595));
#73 = DIRECTION('',(0.,0.,1.));
#74 = DIRECTION('',(1.,0.,0.));
#75 = AXIS2_PLACEMENT_3D('',#76,#77,#78);
#76 = CARTESIAN_POINT('',(1.213E+03,-1.059E+03,1.595));
#77 = DIRECTION('',(-0.,0.,1.));
#78 = DIRECTION('',(1.110223024625E-16,-1.,0.));
#79 = AXIS2_PLACEMENT_3D('',#80,#81,#82);
#80 = CARTESIAN_POINT('',(1.164475E+03,-1.054E+03,1.595));
#81 = DIRECTION('',(0.,0.,1.));
#82 = DIRECTION('',(1.,0.,0.));
#83 = AXIS2_PLACEMENT_3D('',#84,#85,#86);
#84 = CARTESIAN_POINT('',(1.157E+03,-1.04E+03,1.595));
#85 = DIRECTION('',(0.,0.,1.));
#86 = DIRECTION('',(1.,0.,0.));
#87 = AXIS2_PLACEMENT_3D('',#88,#89,#90);
#88 = CARTESIAN_POINT('',(1.2155E+03,-1.059E+03,1.595));
#89 = DIRECTION('',(-0.,0.,1.));
#90 = DIRECTION('',(1.110223024625E-16,-1.,0.));
#91 = AXIS2_PLACEMENT_3D('',#92,#93,#94);
#92 = CARTESIAN_POINT('',(1.22E+03,-1.0445E+03,1.595));
#93 = DIRECTION('',(0.,0.,1.));
#94 = DIRECTION('',(1.,0.,0.));
#95 = AXIS2_PLACEMENT_3D('',#96,#97,#98);
#96 = CARTESIAN_POINT('',(1.157E+03,-1.0605E+03,1.595));
#97 = DIRECTION('',(0.,0.,1.));
#98 = DIRECTION('',(-1.,1.224646799147E-16,0.));
#99 = AXIS2_PLACEMENT_3D('',#100,#101,#102);
#100 = CARTESIAN_POINT('',(1.157025E+03,-1.0375E+03,1.595));
#101 = DIRECTION('',(0.,0.,1.));
#102 = DIRECTION('',(1.,0.,0.));
#103 = AXIS2_PLACEMENT_3D('',#104,#105,#106);
#104 = CARTESIAN_POINT('',(1.157E+03,-1.058E+03,1.595));
#105 = DIRECTION('',(0.,0.,1.));
#106 = DIRECTION('',(-1.,1.224646799147E-16,0.));
#107 = AXIS2_PLACEMENT_3D('',#108,#109,#110);
#108 = CARTESIAN_POINT('',(1.204E+03,-1.05925E+03,1.595));
#109 = DIRECTION('',(0.,-0.,1.));
#110 = DIRECTION('',(1.110223024625E-16,1.,0.));
#111 = AXIS2_PLACEMENT_3D('',#112,#113,#114);
#112 = CARTESIAN_POINT('',(1.2275E+03,-1.0485E+03,1.595));
#113 = DIRECTION('',(-0.,0.,1.));
#114 = DIRECTION('',(1.110223024625E-16,-1.,0.));
#115 = AXIS2_PLACEMENT_3D('',#116,#117,#118);
#116 = CARTESIAN_POINT('',(1.218E+03,-1.059E+03,1.595));
#117 = DIRECTION('',(-0.,0.,1.));
#118 = DIRECTION('',(1.110223024625E-16,-1.,0.));
#119 = AXIS2_PLACEMENT_3D('',#120,#121,#122);
#120 = CARTESIAN_POINT('',(1.20575E+03,-1.052575E+03,1.595));
#121 = DIRECTION('',(-0.,0.,1.));
#122 = DIRECTION('',(1.110223024625E-16,-1.,0.));
#123 = AXIS2_PLACEMENT_3D('',#124,#125,#126);
#124 = CARTESIAN_POINT('',(1.238975E+03,-1.0605E+03,1.595));
#125 = DIRECTION('',(0.,0.,1.));
#126 = DIRECTION('',(-1.,1.224646799147E-16,0.));
#127 = AXIS2_PLACEMENT_3D('',#128,#129,#130);
#128 = CARTESIAN_POINT('',(1.181E+03,-1.03575E+03,1.595));
#129 = DIRECTION('',(0.,0.,1.));
#130 = DIRECTION('',(1.,0.,0.));
#131 = AXIS2_PLACEMENT_3D('',#132,#133,#134);
#132 = CARTESIAN_POINT('',(1.2185E+03,-1.050175E+03,1.595));
#133 = DIRECTION('',(0.,-0.,1.));
#134 = DIRECTION('',(1.110223024625E-16,1.,0.));
#135 = AXIS2_PLACEMENT_3D('',#136,#137,#138);
#136 = CARTESIAN_POINT('',(1.23025E+03,-1.03725E+03,1.595));
#137 = DIRECTION('',(0.,0.,1.));
#138 = DIRECTION('',(1.,0.,0.));
#139 = AXIS2_PLACEMENT_3D('',#140,#141,#142);
#140 = CARTESIAN_POINT('',(1.224E+03,-1.0445E+03,1.595));
#141 = DIRECTION('',(0.,0.,1.));
#142 = DIRECTION('',(-1.,1.224646799147E-16,0.));
#143 = AXIS2_PLACEMENT_3D('',#144,#145,#146);
#144 = CARTESIAN_POINT('',(1.163E+03,-1.05795E+03,1.595));
#145 = DIRECTION('',(0.,0.,1.));
#146 = DIRECTION('',(1.,0.,0.));
#147 = AXIS2_PLACEMENT_3D('',#148,#149,#150);
#148 = CARTESIAN_POINT('',(1.17975E+03,-1.04077E+03,1.595));
#149 = DIRECTION('',(-0.,0.,1.));
#150 = DIRECTION('',(1.110223024625E-16,-1.,0.));
#151 = AXIS2_PLACEMENT_3D('',#152,#153,#154);
#152 = CARTESIAN_POINT('',(1.239E+03,-1.039E+03,1.595));
#153 = DIRECTION('',(0.,0.,1.));
#154 = DIRECTION('',(1.,0.,0.));
#155 = AXIS2_PLACEMENT_3D('',#156,#157,#158);
#156 = CARTESIAN_POINT('',(1.181E+03,-1.0375E+03,1.595));
#157 = DIRECTION('',(0.,0.,1.));
#158 = DIRECTION('',(1.,0.,0.));
#159 = AXIS2_PLACEMENT_3D('',#160,#161,#162);
#160 = CARTESIAN_POINT('',(0.,0.,0.));
#161 = DIRECTION('',(0.,0.,1.));
#162 = DIRECTION('',(1.,0.,-0.));
#163 = ( GEOMETRIC_REPRESENTATION_CONTEXT(3) 
GLOBAL_UNCERTAINTY_ASSIGNED_CONTEXT((#167)) GLOBAL_UNIT_ASSIGNED_CONTEXT
((#164,#165,#166)) REPRESENTATION_CONTEXT('Context #1',
  '3D Context with UNIT and UNCERTAINTY') );
#164 = ( LENGTH_UNIT() NAMED_UNIT(*) SI_UNIT(.MILLI.,.METRE.) );
#165 = ( NAMED_UNIT(*) PLANE_ANGLE_UNIT() SI_UNIT($,.RADIAN.) );
#166 = ( NAMED_UNIT(*) SI_UNIT($,.STERADIAN.) SOLID_ANGLE_UNIT() );
#167 = UNCERTAINTY_MEASURE_WITH_UNIT(LENGTH_MEASURE(1.E-07),#164,
  'distance_accuracy_value','confusion accuracy');
#168 = PRODUCT_RELATED_PRODUCT_CATEGORY('part',$,(#7));
#169 = SHAPE_DEFINITION_REPRESENTATION(#170,#176);
#170 = PRODUCT_DEFINITION_SHAPE('','',#171);
#171 = PRODUCT_DEFINITION('design','',#172,#175);
#172 = PRODUCT_DEFINITION_FORMATION('','',#173);
#173 = PRODUCT('C_0402_1005Metric','C_0402_1005Metric','',(#174));
#174 = PRODUCT_CONTEXT('',#2,'mechanical');
#175 = PRODUCT_DEFINITION_CONTEXT('part definition',#2,'design');
#176 = SHAPE_REPRESENTATION('',(#11,#177),#181);
#177 = AXIS2_PLACEMENT_3D('',#178,#179,#180);
#178 = CARTESIAN_POINT('',(0.,0.,0.));
#179 = DIRECTION('',(0.,0.,1.));
#180 = DIRECTION('',(1.,0.,-0.));
#181 = ( GEOMETRIC_REPRESENTATION_CONTEXT(3) 
GLOBAL_UNCERTAINTY_ASSIGNED_CONTEXT((#185)) GLOBAL_UNIT_ASSIGNED_CONTEXT
((#182,#183,#184)) REPRESENTATION_CONTEXT('Context #1',
  '3D Context with UNIT and UNCERTAINTY') );
#182 = ( LENGTH_UNIT() NAMED_UNIT(*) SI_UNIT(.MILLI.,.METRE.) );
#183 = ( NAMED_UNIT(*) PLANE_ANGLE_UNIT() SI_UNIT($,.RADIAN.) );
#184 = ( NAMED_UNIT(*) SI_UNIT($,.STERADIAN.) SOLID_ANGLE_UNIT() );
#185 = UNCERTAINTY_MEASURE_WITH_UNIT(LENGTH_MEASURE(1.E-07),#182,
  'distance_accuracy_value','confusion accuracy');
#186 = CONTEXT_DEPENDENT_SHAPE_REPRESENTATION(#187,#189);
#187 = ( REPRESENTATION_RELATIONSHIP('','',#176,#10) 
REPRESENTATION_RELATIONSHIP_WITH_TRANSFORMATION(#188) 
SHAPE_REPRESENTATION_RELATIONSHIP() );
#188 = ITEM_DEFINED_TRANSFORMATION('','',#11,#15);
#189 = PRODUCT_DEFINITION_SHAPE('Placement','Placement of an item',#190
  );
#190 = NEXT_ASSEMBLY_USAGE_OCCURRENCE('2','C17','',#5,#171,$);
#191 = PRODUCT_RELATED_PRODUCT_CATEGORY('part',$,(#173));
#192 = SHAPE_DEFINITION_REPRESENTATION(#193,#199);
#193 = PRODUCT_DEFINITION_SHAPE('','',#194);
#194 = PRODUCT_DEFINITION('design','',#195,#198);
#195 = PRODUCT_DEFINITION_FORMATION('','',#196);
#196 = PRODUCT('C_0402_1005Metric','C_0402_1005Metric','',(#197));
#197 = PRODUCT_CONTEXT('',#2,'mechanical');
#198 = PRODUCT_DEFINITION_CONTEXT('part definition',#2,'design');
#199 = ADVANCED_BREP_SHAPE_REPRESENTATION('',(#11,#200),#1054);
#200 = MANIFOLD_SOLID_BREP('',#201);
#201 = CLOSED_SHELL('',(#202,#278,#309,#334,#359,#383,#407,#432,#457,
    #474,#560,#592,#616,#641,#665,#690,#714,#739,#756,#842,#873,#898,
    #923,#947,#971,#996,#1021,#1038));
#202 = ADVANCED_FACE('',(#203),#273,.F.);
#203 = FACE_BOUND('',#204,.F.);
#204 = EDGE_LOOP('',(#205,#215,#224,#232,#241,#249,#258,#266));
#205 = ORIENTED_EDGE('',*,*,#206,.F.);
#206 = EDGE_CURVE('',#207,#209,#211,.T.);
#207 = VERTEX_POINT('',#208);
#208 = CARTESIAN_POINT('',(-0.5,-0.25,2.E-02));
#209 = VERTEX_POINT('',#210);
#210 = CARTESIAN_POINT('',(-0.5,-0.25,0.48));
#211 = LINE('',#212,#213);
#212 = CARTESIAN_POINT('',(-0.5,-0.25,0.));
#213 = VECTOR('',#214,1.);
#214 = DIRECTION('',(0.,0.,1.));
#215 = ORIENTED_EDGE('',*,*,#216,.T.);
#216 = EDGE_CURVE('',#207,#217,#219,.T.);
#217 = VERTEX_POINT('',#218);
#218 = CARTESIAN_POINT('',(-0.5,-0.23,0.));
#219 = CIRCLE('',#220,2.E-02);
#220 = AXIS2_PLACEMENT_3D('',#221,#222,#223);
#221 = CARTESIAN_POINT('',(-0.5,-0.23,2.E-02));
#222 = DIRECTION('',(1.,0.,-0.));
#223 = DIRECTION('',(0.,0.,1.));
#224 = ORIENTED_EDGE('',*,*,#225,.T.);
#225 = EDGE_CURVE('',#217,#226,#228,.T.);
#226 = VERTEX_POINT('',#227);
#227 = CARTESIAN_POINT('',(-0.5,0.23,0.));
#228 = LINE('',#229,#230);
#229 = CARTESIAN_POINT('',(-0.5,-0.25,0.));
#230 = VECTOR('',#231,1.);
#231 = DIRECTION('',(0.,1.,0.));
#232 = ORIENTED_EDGE('',*,*,#233,.F.);
#233 = EDGE_CURVE('',#234,#226,#236,.T.);
#234 = VERTEX_POINT('',#235);
#235 = CARTESIAN_POINT('',(-0.5,0.25,2.E-02));
#236 = CIRCLE('',#237,2.E-02);
#237 = AXIS2_PLACEMENT_3D('',#238,#239,#240);
#238 = CARTESIAN_POINT('',(-0.5,0.23,2.E-02));
#239 = DIRECTION('',(-1.,0.,0.));
#240 = DIRECTION('',(0.,0.,1.));
#241 = ORIENTED_EDGE('',*,*,#242,.T.);
#242 = EDGE_CURVE('',#234,#243,#245,.T.);
#243 = VERTEX_POINT('',#244);
#244 = CARTESIAN_POINT('',(-0.5,0.25,0.48));
#245 = LINE('',#246,#247);
#246 = CARTESIAN_POINT('',(-0.5,0.25,0.));
#247 = VECTOR('',#248,1.);
#248 = DIRECTION('',(0.,0.,1.));
#249 = ORIENTED_EDGE('',*,*,#250,.T.);
#250 = EDGE_CURVE('',#243,#251,#253,.T.);
#251 = VERTEX_POINT('',#252);
#252 = CARTESIAN_POINT('',(-0.5,0.23,0.5));
#253 = CIRCLE('',#254,2.E-02);
#254 = AXIS2_PLACEMENT_3D('',#255,#256,#257);
#255 = CARTESIAN_POINT('',(-0.5,0.23,0.48));
#256 = DIRECTION('',(1.,0.,-0.));
#257 = DIRECTION('',(0.,0.,1.));
#258 = ORIENTED_EDGE('',*,*,#259,.F.);
#259 = EDGE_CURVE('',#260,#251,#262,.T.);
#260 = VERTEX_POINT('',#261);
#261 = CARTESIAN_POINT('',(-0.5,-0.23,0.5));
#262 = LINE('',#263,#264);
#263 = CARTESIAN_POINT('',(-0.5,-0.25,0.5));
#264 = VECTOR('',#265,1.);
#265 = DIRECTION('',(0.,1.,0.));
#266 = ORIENTED_EDGE('',*,*,#267,.F.);
#267 = EDGE_CURVE('',#209,#260,#268,.T.);
#268 = CIRCLE('',#269,2.E-02);
#269 = AXIS2_PLACEMENT_3D('',#270,#271,#272);
#270 = CARTESIAN_POINT('',(-0.5,-0.23,0.48));
#271 = DIRECTION('',(-1.,0.,0.));
#272 = DIRECTION('',(0.,0.,1.));
#273 = PLANE('',#274);
#274 = AXIS2_PLACEMENT_3D('',#275,#276,#277);
#275 = CARTESIAN_POINT('',(-0.5,-0.25,0.));
#276 = DIRECTION('',(1.,0.,0.));
#277 = DIRECTION('',(0.,0.,1.));
#278 = ADVANCED_FACE('',(#279),#304,.F.);
#279 = FACE_BOUND('',#280,.F.);
#280 = EDGE_LOOP('',(#281,#291,#297,#298));
#281 = ORIENTED_EDGE('',*,*,#282,.F.);
#282 = EDGE_CURVE('',#283,#285,#287,.T.);
#283 = VERTEX_POINT('',#284);
#284 = CARTESIAN_POINT('',(-0.3,-0.25,2.E-02));
#285 = VERTEX_POINT('',#286);
#286 = CARTESIAN_POINT('',(-0.3,-0.25,0.48));
#287 = LINE('',#288,#289);
#288 = CARTESIAN_POINT('',(-0.3,-0.25,0.));
#289 = VECTOR('',#290,1.);
#290 = DIRECTION('',(0.,0.,1.));
#291 = ORIENTED_EDGE('',*,*,#292,.F.);
#292 = EDGE_CURVE('',#207,#283,#293,.T.);
#293 = LINE('',#294,#295);
#294 = CARTESIAN_POINT('',(-0.5,-0.25,2.E-02));
#295 = VECTOR('',#296,1.);
#296 = DIRECTION('',(1.,0.,0.));
#297 = ORIENTED_EDGE('',*,*,#206,.T.);
#298 = ORIENTED_EDGE('',*,*,#299,.T.);
#299 = EDGE_CURVE('',#209,#285,#300,.T.);
#300 = LINE('',#301,#302);
#301 = CARTESIAN_POINT('',(-0.5,-0.25,0.48));
#302 = VECTOR('',#303,1.);
#303 = DIRECTION('',(1.,0.,0.));
#304 = PLANE('',#305);
#305 = AXIS2_PLACEMENT_3D('',#306,#307,#308);
#306 = CARTESIAN_POINT('',(-0.5,-0.25,0.));
#307 = DIRECTION('',(0.,1.,0.));
#308 = DIRECTION('',(0.,-0.,1.));
#309 = ADVANCED_FACE('',(#310),#329,.T.);
#310 = FACE_BOUND('',#311,.T.);
#311 = EDGE_LOOP('',(#312,#313,#321,#328));
#312 = ORIENTED_EDGE('',*,*,#216,.T.);
#313 = ORIENTED_EDGE('',*,*,#314,.T.);
#314 = EDGE_CURVE('',#217,#315,#317,.T.);
#315 = VERTEX_POINT('',#316);
#316 = CARTESIAN_POINT('',(-0.3,-0.23,0.));
#317 = LINE('',#318,#319);
#318 = CARTESIAN_POINT('',(-0.5,-0.23,0.));
#319 = VECTOR('',#320,1.);
#320 = DIRECTION('',(1.,0.,0.));
#321 = ORIENTED_EDGE('',*,*,#322,.F.);
#322 = EDGE_CURVE('',#283,#315,#323,.T.);
#323 = CIRCLE('',#324,2.E-02);
#324 = AXIS2_PLACEMENT_3D('',#325,#326,#327);
#325 = CARTESIAN_POINT('',(-0.3,-0.23,2.E-02));
#326 = DIRECTION('',(1.,0.,-0.));
#327 = DIRECTION('',(0.,0.,1.));
#328 = ORIENTED_EDGE('',*,*,#292,.F.);
#329 = CYLINDRICAL_SURFACE('',#330,2.E-02);
#330 = AXIS2_PLACEMENT_3D('',#331,#332,#333);
#331 = CARTESIAN_POINT('',(-0.5,-0.23,2.E-02));
#332 = DIRECTION('',(1.,0.,0.));
#333 = DIRECTION('',(0.,-1.,0.));
#334 = ADVANCED_FACE('',(#335),#354,.T.);
#335 = FACE_BOUND('',#336,.T.);
#336 = EDGE_LOOP('',(#337,#338,#347,#353));
#337 = ORIENTED_EDGE('',*,*,#299,.T.);
#338 = ORIENTED_EDGE('',*,*,#339,.T.);
#339 = EDGE_CURVE('',#285,#340,#342,.T.);
#340 = VERTEX_POINT('',#341);
#341 = CARTESIAN_POINT('',(-0.3,-0.23,0.5));
#342 = CIRCLE('',#343,2.E-02);
#343 = AXIS2_PLACEMENT_3D('',#344,#345,#346);
#344 = CARTESIAN_POINT('',(-0.3,-0.23,0.48));
#345 = DIRECTION('',(-1.,0.,0.));
#346 = DIRECTION('',(0.,0.,1.));
#347 = ORIENTED_EDGE('',*,*,#348,.F.);
#348 = EDGE_CURVE('',#260,#340,#349,.T.);
#349 = LINE('',#350,#351);
#350 = CARTESIAN_POINT('',(-0.5,-0.23,0.5));
#351 = VECTOR('',#352,1.);
#352 = DIRECTION('',(1.,0.,0.));
#353 = ORIENTED_EDGE('',*,*,#267,.F.);
#354 = CYLINDRICAL_SURFACE('',#355,2.E-02);
#355 = AXIS2_PLACEMENT_3D('',#356,#357,#358);
#356 = CARTESIAN_POINT('',(-0.5,-0.23,0.48));
#357 = DIRECTION('',(1.,0.,0.));
#358 = DIRECTION('',(0.,-1.,0.));
#359 = ADVANCED_FACE('',(#360),#378,.F.);
#360 = FACE_BOUND('',#361,.F.);
#361 = EDGE_LOOP('',(#362,#363,#364,#372));
#362 = ORIENTED_EDGE('',*,*,#225,.F.);
#363 = ORIENTED_EDGE('',*,*,#314,.T.);
#364 = ORIENTED_EDGE('',*,*,#365,.T.);
#365 = EDGE_CURVE('',#315,#366,#368,.T.);
#366 = VERTEX_POINT('',#367);
#367 = CARTESIAN_POINT('',(-0.3,0.23,0.));
#368 = LINE('',#369,#370);
#369 = CARTESIAN_POINT('',(-0.3,-0.25,0.));
#370 = VECTOR('',#371,1.);
#371 = DIRECTION('',(0.,1.,0.));
#372 = ORIENTED_EDGE('',*,*,#373,.F.);
#373 = EDGE_CURVE('',#226,#366,#374,.T.);
#374 = LINE('',#375,#376);
#375 = CARTESIAN_POINT('',(-0.5,0.23,0.));
#376 = VECTOR('',#377,1.);
#377 = DIRECTION('',(1.,0.,0.));
#378 = PLANE('',#379);
#379 = AXIS2_PLACEMENT_3D('',#380,#381,#382);
#380 = CARTESIAN_POINT('',(-0.5,-0.25,0.));
#381 = DIRECTION('',(0.,0.,1.));
#382 = DIRECTION('',(1.,0.,-0.));
#383 = ADVANCED_FACE('',(#384),#402,.T.);
#384 = FACE_BOUND('',#385,.T.);
#385 = EDGE_LOOP('',(#386,#387,#388,#396));
#386 = ORIENTED_EDGE('',*,*,#259,.F.);
#387 = ORIENTED_EDGE('',*,*,#348,.T.);
#388 = ORIENTED_EDGE('',*,*,#389,.T.);
#389 = EDGE_CURVE('',#340,#390,#392,.T.);
#390 = VERTEX_POINT('',#391);
#391 = CARTESIAN_POINT('',(-0.3,0.23,0.5));
#392 = LINE('',#393,#394);
#393 = CARTESIAN_POINT('',(-0.3,-0.25,0.5));
#394 = VECTOR('',#395,1.);
#395 = DIRECTION('',(0.,1.,0.));
#396 = ORIENTED_EDGE('',*,*,#397,.F.);
#397 = EDGE_CURVE('',#251,#390,#398,.T.);
#398 = LINE('',#399,#400);
#399 = CARTESIAN_POINT('',(-0.5,0.23,0.5));
#400 = VECTOR('',#401,1.);
#401 = DIRECTION('',(1.,0.,0.));
#402 = PLANE('',#403);
#403 = AXIS2_PLACEMENT_3D('',#404,#405,#406);
#404 = CARTESIAN_POINT('',(-0.5,-0.25,0.5));
#405 = DIRECTION('',(0.,0.,1.));
#406 = DIRECTION('',(1.,0.,-0.));
#407 = ADVANCED_FACE('',(#408),#427,.T.);
#408 = FACE_BOUND('',#409,.T.);
#409 = EDGE_LOOP('',(#410,#418,#425,#426));
#410 = ORIENTED_EDGE('',*,*,#411,.T.);
#411 = EDGE_CURVE('',#234,#412,#414,.T.);
#412 = VERTEX_POINT('',#413);
#413 = CARTESIAN_POINT('',(-0.3,0.25,2.E-02));
#414 = LINE('',#415,#416);
#415 = CARTESIAN_POINT('',(-0.5,0.25,2.E-02));
#416 = VECTOR('',#417,1.);
#417 = DIRECTION('',(1.,0.,0.));
#418 = ORIENTED_EDGE('',*,*,#419,.T.);
#419 = EDGE_CURVE('',#412,#366,#420,.T.);
#420 = CIRCLE('',#421,2.E-02);
#421 = AXIS2_PLACEMENT_3D('',#422,#423,#424);
#422 = CARTESIAN_POINT('',(-0.3,0.23,2.E-02));
#423 = DIRECTION('',(-1.,0.,0.));
#424 = DIRECTION('',(0.,0.,1.));
#425 = ORIENTED_EDGE('',*,*,#373,.F.);
#426 = ORIENTED_EDGE('',*,*,#233,.F.);
#427 = CYLINDRICAL_SURFACE('',#428,2.E-02);
#428 = AXIS2_PLACEMENT_3D('',#429,#430,#431);
#429 = CARTESIAN_POINT('',(-0.5,0.23,2.E-02));
#430 = DIRECTION('',(1.,0.,0.));
#431 = DIRECTION('',(-0.,1.,0.));
#432 = ADVANCED_FACE('',(#433),#452,.T.);
#433 = FACE_BOUND('',#434,.T.);
#434 = EDGE_LOOP('',(#435,#436,#437,#446));
#435 = ORIENTED_EDGE('',*,*,#250,.T.);
#436 = ORIENTED_EDGE('',*,*,#397,.T.);
#437 = ORIENTED_EDGE('',*,*,#438,.F.);
#438 = EDGE_CURVE('',#439,#390,#441,.T.);
#439 = VERTEX_POINT('',#440);
#440 = CARTESIAN_POINT('',(-0.3,0.25,0.48));
#441 = CIRCLE('',#442,2.E-02);
#442 = AXIS2_PLACEMENT_3D('',#443,#444,#445);
#443 = CARTESIAN_POINT('',(-0.3,0.23,0.48));
#444 = DIRECTION('',(1.,0.,-0.));
#445 = DIRECTION('',(0.,0.,1.));
#446 = ORIENTED_EDGE('',*,*,#447,.F.);
#447 = EDGE_CURVE('',#243,#439,#448,.T.);
#448 = LINE('',#449,#450);
#449 = CARTESIAN_POINT('',(-0.5,0.25,0.48));
#450 = VECTOR('',#451,1.);
#451 = DIRECTION('',(1.,0.,0.));
#452 = CYLINDRICAL_SURFACE('',#453,2.E-02);
#453 = AXIS2_PLACEMENT_3D('',#454,#455,#456);
#454 = CARTESIAN_POINT('',(-0.5,0.23,0.48));
#455 = DIRECTION('',(1.,0.,0.));
#456 = DIRECTION('',(-0.,1.,0.));
#457 = ADVANCED_FACE('',(#458),#469,.T.);
#458 = FACE_BOUND('',#459,.T.);
#459 = EDGE_LOOP('',(#460,#466,#467,#468));
#460 = ORIENTED_EDGE('',*,*,#461,.F.);
#461 = EDGE_CURVE('',#412,#439,#462,.T.);
#462 = LINE('',#463,#464);
#463 = CARTESIAN_POINT('',(-0.3,0.25,0.));
#464 = VECTOR('',#465,1.);
#465 = DIRECTION('',(0.,0.,1.));
#466 = ORIENTED_EDGE('',*,*,#411,.F.);
#467 = ORIENTED_EDGE('',*,*,#242,.T.);
#468 = ORIENTED_EDGE('',*,*,#447,.T.);
#469 = PLANE('',#470);
#470 = AXIS2_PLACEMENT_3D('',#471,#472,#473);
#471 = CARTESIAN_POINT('',(-0.5,0.25,0.));
#472 = DIRECTION('',(0.,1.,0.));
#473 = DIRECTION('',(0.,-0.,1.));
#474 = ADVANCED_FACE('',(#475,#485),#555,.T.);
#475 = FACE_BOUND('',#476,.T.);
#476 = EDGE_LOOP('',(#477,#478,#479,#480,#481,#482,#483,#484));
#477 = ORIENTED_EDGE('',*,*,#282,.F.);
#478 = ORIENTED_EDGE('',*,*,#322,.T.);
#479 = ORIENTED_EDGE('',*,*,#365,.T.);
#480 = ORIENTED_EDGE('',*,*,#419,.F.);
#481 = ORIENTED_EDGE('',*,*,#461,.T.);
#482 = ORIENTED_EDGE('',*,*,#438,.T.);
#483 = ORIENTED_EDGE('',*,*,#389,.F.);
#484 = ORIENTED_EDGE('',*,*,#339,.F.);
#485 = FACE_BOUND('',#486,.T.);
#486 = EDGE_LOOP('',(#487,#498,#506,#515,#523,#532,#540,#549));
#487 = ORIENTED_EDGE('',*,*,#488,.F.);
#488 = EDGE_CURVE('',#489,#491,#493,.T.);
#489 = VERTEX_POINT('',#490);
#490 = CARTESIAN_POINT('',(-0.3,-0.23,4.E-02));
#491 = VERTEX_POINT('',#492);
#492 = CARTESIAN_POINT('',(-0.3,-0.21,2.E-02));
#493 = CIRCLE('',#494,2.E-02);
#494 = AXIS2_PLACEMENT_3D('',#495,#496,#497);
#495 = CARTESIAN_POINT('',(-0.3,-0.21,4.E-02));
#496 = DIRECTION('',(1.,0.,-0.));
#497 = DIRECTION('',(0.,0.,1.));
#498 = ORIENTED_EDGE('',*,*,#499,.T.);
#499 = EDGE_CURVE('',#489,#500,#502,.T.);
#500 = VERTEX_POINT('',#501);
#501 = CARTESIAN_POINT('',(-0.3,-0.23,0.46));
#502 = LINE('',#503,#504);
#503 = CARTESIAN_POINT('',(-0.3,-0.23,2.E-02));
#504 = VECTOR('',#505,1.);
#505 = DIRECTION('',(0.,0.,1.));
#506 = ORIENTED_EDGE('',*,*,#507,.T.);
#507 = EDGE_CURVE('',#500,#508,#510,.T.);
#508 = VERTEX_POINT('',#509);
#509 = CARTESIAN_POINT('',(-0.3,-0.21,0.48));
#510 = CIRCLE('',#511,2.E-02);
#511 = AXIS2_PLACEMENT_3D('',#512,#513,#514);
#512 = CARTESIAN_POINT('',(-0.3,-0.21,0.46));
#513 = DIRECTION('',(-1.,0.,0.));
#514 = DIRECTION('',(0.,0.,1.));
#515 = ORIENTED_EDGE('',*,*,#516,.T.);
#516 = EDGE_CURVE('',#508,#517,#519,.T.);
#517 = VERTEX_POINT('',#518);
#518 = CARTESIAN_POINT('',(-0.3,0.21,0.48));
#519 = LINE('',#520,#521);
#520 = CARTESIAN_POINT('',(-0.3,-0.23,0.48));
#521 = VECTOR('',#522,1.);
#522 = DIRECTION('',(0.,1.,0.));
#523 = ORIENTED_EDGE('',*,*,#524,.F.);
#524 = EDGE_CURVE('',#525,#517,#527,.T.);
#525 = VERTEX_POINT('',#526);
#526 = CARTESIAN_POINT('',(-0.3,0.23,0.46));
#527 = CIRCLE('',#528,2.E-02);
#528 = AXIS2_PLACEMENT_3D('',#529,#530,#531);
#529 = CARTESIAN_POINT('',(-0.3,0.21,0.46));
#530 = DIRECTION('',(1.,0.,-0.));
#531 = DIRECTION('',(0.,0.,1.));
#532 = ORIENTED_EDGE('',*,*,#533,.F.);
#533 = EDGE_CURVE('',#534,#525,#536,.T.);
#534 = VERTEX_POINT('',#535);
#535 = CARTESIAN_POINT('',(-0.3,0.23,4.E-02));
#536 = LINE('',#537,#538);
#537 = CARTESIAN_POINT('',(-0.3,0.23,2.E-02));
#538 = VECTOR('',#539,1.);
#539 = DIRECTION('',(0.,0.,1.));
#540 = ORIENTED_EDGE('',*,*,#541,.T.);
#541 = EDGE_CURVE('',#534,#542,#544,.T.);
#542 = VERTEX_POINT('',#543);
#543 = CARTESIAN_POINT('',(-0.3,0.21,2.E-02));
#544 = CIRCLE('',#545,2.E-02);
#545 = AXIS2_PLACEMENT_3D('',#546,#547,#548);
#546 = CARTESIAN_POINT('',(-0.3,0.21,4.E-02));
#547 = DIRECTION('',(-1.,0.,0.));
#548 = DIRECTION('',(0.,0.,1.));
#549 = ORIENTED_EDGE('',*,*,#550,.F.);
#550 = EDGE_CURVE('',#491,#542,#551,.T.);
#551 = LINE('',#552,#553);
#552 = CARTESIAN_POINT('',(-0.3,-0.23,2.E-02));
#553 = VECTOR('',#554,1.);
#554 = DIRECTION('',(0.,1.,0.));
#555 = PLANE('',#556);
#556 = AXIS2_PLACEMENT_3D('',#557,#558,#559);
#557 = CARTESIAN_POINT('',(-0.3,-0.25,0.));
#558 = DIRECTION('',(1.,0.,0.));
#559 = DIRECTION('',(0.,0.,1.));
#560 = ADVANCED_FACE('',(#561),#587,.T.);
#561 = FACE_BOUND('',#562,.T.);
#562 = EDGE_LOOP('',(#563,#564,#572,#581));
#563 = ORIENTED_EDGE('',*,*,#488,.T.);
#564 = ORIENTED_EDGE('',*,*,#565,.T.);
#565 = EDGE_CURVE('',#491,#566,#568,.T.);
#566 = VERTEX_POINT('',#567);
#567 = CARTESIAN_POINT('',(0.3,-0.21,2.E-02));
#568 = LINE('',#569,#570);
#569 = CARTESIAN_POINT('',(-0.3,-0.21,2.E-02));
#570 = VECTOR('',#571,1.);
#571 = DIRECTION('',(1.,0.,0.));
#572 = ORIENTED_EDGE('',*,*,#573,.F.);
#573 = EDGE_CURVE('',#574,#566,#576,.T.);
#574 = VERTEX_POINT('',#575);
#575 = CARTESIAN_POINT('',(0.3,-0.23,4.E-02));
#576 = CIRCLE('',#577,2.E-02);
#577 = AXIS2_PLACEMENT_3D('',#578,#579,#580);
#578 = CARTESIAN_POINT('',(0.3,-0.21,4.E-02));
#579 = DIRECTION('',(1.,0.,-0.));
#580 = DIRECTION('',(0.,0.,1.));
#581 = ORIENTED_EDGE('',*,*,#582,.F.);
#582 = EDGE_CURVE('',#489,#574,#583,.T.);
#583 = LINE('',#584,#585);
#584 = CARTESIAN_POINT('',(-0.3,-0.23,4.E-02));
#585 = VECTOR('',#586,1.);
#586 = DIRECTION('',(1.,0.,0.));
#587 = CYLINDRICAL_SURFACE('',#588,2.E-02);
#588 = AXIS2_PLACEMENT_3D('',#589,#590,#591);
#589 = CARTESIAN_POINT('',(-0.3,-0.21,4.E-02));
#590 = DIRECTION('',(1.,0.,0.));
#591 = DIRECTION('',(0.,-1.,0.));
#592 = ADVANCED_FACE('',(#593),#611,.F.);
#593 = FACE_BOUND('',#594,.F.);
#594 = EDGE_LOOP('',(#595,#596,#597,#605));
#595 = ORIENTED_EDGE('',*,*,#550,.F.);
#596 = ORIENTED_EDGE('',*,*,#565,.T.);
#597 = ORIENTED_EDGE('',*,*,#598,.T.);
#598 = EDGE_CURVE('',#566,#599,#601,.T.);
#599 = VERTEX_POINT('',#600);
#600 = CARTESIAN_POINT('',(0.3,0.21,2.E-02));
#601 = LINE('',#602,#603);
#602 = CARTESIAN_POINT('',(0.3,-0.23,2.E-02));
#603 = VECTOR('',#604,1.);
#604 = DIRECTION('',(0.,1.,0.));
#605 = ORIENTED_EDGE('',*,*,#606,.F.);
#606 = EDGE_CURVE('',#542,#599,#607,.T.);
#607 = LINE('',#608,#609);
#608 = CARTESIAN_POINT('',(-0.3,0.21,2.E-02));
#609 = VECTOR('',#610,1.);
#610 = DIRECTION('',(1.,0.,0.));
#611 = PLANE('',#612);
#612 = AXIS2_PLACEMENT_3D('',#613,#614,#615);
#613 = CARTESIAN_POINT('',(-0.3,-0.23,2.E-02));
#614 = DIRECTION('',(0.,0.,1.));
#615 = DIRECTION('',(1.,0.,-0.));
#616 = ADVANCED_FACE('',(#617),#636,.T.);
#617 = FACE_BOUND('',#618,.T.);
#618 = EDGE_LOOP('',(#619,#627,#634,#635));
#619 = ORIENTED_EDGE('',*,*,#620,.T.);
#620 = EDGE_CURVE('',#534,#621,#623,.T.);
#621 = VERTEX_POINT('',#622);
#622 = CARTESIAN_POINT('',(0.3,0.23,4.E-02));
#623 = LINE('',#624,#625);
#624 = CARTESIAN_POINT('',(-0.3,0.23,4.E-02));
#625 = VECTOR('',#626,1.);
#626 = DIRECTION('',(1.,0.,0.));
#627 = ORIENTED_EDGE('',*,*,#628,.T.);
#628 = EDGE_CURVE('',#621,#599,#629,.T.);
#629 = CIRCLE('',#630,2.E-02);
#630 = AXIS2_PLACEMENT_3D('',#631,#632,#633);
#631 = CARTESIAN_POINT('',(0.3,0.21,4.E-02));
#632 = DIRECTION('',(-1.,0.,0.));
#633 = DIRECTION('',(0.,0.,1.));
#634 = ORIENTED_EDGE('',*,*,#606,.F.);
#635 = ORIENTED_EDGE('',*,*,#541,.F.);
#636 = CYLINDRICAL_SURFACE('',#637,2.E-02);
#637 = AXIS2_PLACEMENT_3D('',#638,#639,#640);
#638 = CARTESIAN_POINT('',(-0.3,0.21,4.E-02));
#639 = DIRECTION('',(1.,0.,0.));
#640 = DIRECTION('',(-0.,1.,0.));
#641 = ADVANCED_FACE('',(#642),#660,.T.);
#642 = FACE_BOUND('',#643,.T.);
#643 = EDGE_LOOP('',(#644,#652,#653,#654));
#644 = ORIENTED_EDGE('',*,*,#645,.F.);
#645 = EDGE_CURVE('',#621,#646,#648,.T.);
#646 = VERTEX_POINT('',#647);
#647 = CARTESIAN_POINT('',(0.3,0.23,0.46));
#648 = LINE('',#649,#650);
#649 = CARTESIAN_POINT('',(0.3,0.23,2.E-02));
#650 = VECTOR('',#651,1.);
#651 = DIRECTION('',(0.,0.,1.));
#652 = ORIENTED_EDGE('',*,*,#620,.F.);
#653 = ORIENTED_EDGE('',*,*,#533,.T.);
#654 = ORIENTED_EDGE('',*,*,#655,.T.);
#655 = EDGE_CURVE('',#525,#646,#656,.T.);
#656 = LINE('',#657,#658);
#657 = CARTESIAN_POINT('',(-0.3,0.23,0.46));
#658 = VECTOR('',#659,1.);
#659 = DIRECTION('',(1.,0.,0.));
#660 = PLANE('',#661);
#661 = AXIS2_PLACEMENT_3D('',#662,#663,#664);
#662 = CARTESIAN_POINT('',(-0.3,0.23,2.E-02));
#663 = DIRECTION('',(0.,1.,0.));
#664 = DIRECTION('',(0.,-0.,1.));
#665 = ADVANCED_FACE('',(#666),#685,.T.);
#666 = FACE_BOUND('',#667,.T.);
#667 = EDGE_LOOP('',(#668,#669,#677,#684));
#668 = ORIENTED_EDGE('',*,*,#524,.T.);
#669 = ORIENTED_EDGE('',*,*,#670,.T.);
#670 = EDGE_CURVE('',#517,#671,#673,.T.);
#671 = VERTEX_POINT('',#672);
#672 = CARTESIAN_POINT('',(0.3,0.21,0.48));
#673 = LINE('',#674,#675);
#674 = CARTESIAN_POINT('',(-0.3,0.21,0.48));
#675 = VECTOR('',#676,1.);
#676 = DIRECTION('',(1.,0.,0.));
#677 = ORIENTED_EDGE('',*,*,#678,.F.);
#678 = EDGE_CURVE('',#646,#671,#679,.T.);
#679 = CIRCLE('',#680,2.E-02);
#680 = AXIS2_PLACEMENT_3D('',#681,#682,#683);
#681 = CARTESIAN_POINT('',(0.3,0.21,0.46));
#682 = DIRECTION('',(1.,0.,-0.));
#683 = DIRECTION('',(0.,0.,1.));
#684 = ORIENTED_EDGE('',*,*,#655,.F.);
#685 = CYLINDRICAL_SURFACE('',#686,2.E-02);
#686 = AXIS2_PLACEMENT_3D('',#687,#688,#689);
#687 = CARTESIAN_POINT('',(-0.3,0.21,0.46));
#688 = DIRECTION('',(1.,0.,0.));
#689 = DIRECTION('',(-0.,1.,0.));
#690 = ADVANCED_FACE('',(#691),#709,.T.);
#691 = FACE_BOUND('',#692,.T.);
#692 = EDGE_LOOP('',(#693,#694,#702,#708));
#693 = ORIENTED_EDGE('',*,*,#516,.F.);
#694 = ORIENTED_EDGE('',*,*,#695,.T.);
#695 = EDGE_CURVE('',#508,#696,#698,.T.);
#696 = VERTEX_POINT('',#697);
#697 = CARTESIAN_POINT('',(0.3,-0.21,0.48));
#698 = LINE('',#699,#700);
#699 = CARTESIAN_POINT('',(-0.3,-0.21,0.48));
#700 = VECTOR('',#701,1.);
#701 = DIRECTION('',(1.,0.,0.));
#702 = ORIENTED_EDGE('',*,*,#703,.T.);
#703 = EDGE_CURVE('',#696,#671,#704,.T.);
#704 = LINE('',#705,#706);
#705 = CARTESIAN_POINT('',(0.3,-0.23,0.48));
#706 = VECTOR('',#707,1.);
#707 = DIRECTION('',(0.,1.,0.));
#708 = ORIENTED_EDGE('',*,*,#670,.F.);
#709 = PLANE('',#710);
#710 = AXIS2_PLACEMENT_3D('',#711,#712,#713);
#711 = CARTESIAN_POINT('',(-0.3,-0.23,0.48));
#712 = DIRECTION('',(0.,0.,1.));
#713 = DIRECTION('',(1.,0.,-0.));
#714 = ADVANCED_FACE('',(#715),#734,.T.);
#715 = FACE_BOUND('',#716,.T.);
#716 = EDGE_LOOP('',(#717,#725,#732,#733));
#717 = ORIENTED_EDGE('',*,*,#718,.T.);
#718 = EDGE_CURVE('',#500,#719,#721,.T.);
#719 = VERTEX_POINT('',#720);
#720 = CARTESIAN_POINT('',(0.3,-0.23,0.46));
#721 = LINE('',#722,#723);
#722 = CARTESIAN_POINT('',(-0.3,-0.23,0.46));
#723 = VECTOR('',#724,1.);
#724 = DIRECTION('',(1.,0.,0.));
#725 = ORIENTED_EDGE('',*,*,#726,.T.);
#726 = EDGE_CURVE('',#719,#696,#727,.T.);
#727 = CIRCLE('',#728,2.E-02);
#728 = AXIS2_PLACEMENT_3D('',#729,#730,#731);
#729 = CARTESIAN_POINT('',(0.3,-0.21,0.46));
#730 = DIRECTION('',(-1.,0.,0.));
#731 = DIRECTION('',(0.,0.,1.));
#732 = ORIENTED_EDGE('',*,*,#695,.F.);
#733 = ORIENTED_EDGE('',*,*,#507,.F.);
#734 = CYLINDRICAL_SURFACE('',#735,2.E-02);
#735 = AXIS2_PLACEMENT_3D('',#736,#737,#738);
#736 = CARTESIAN_POINT('',(-0.3,-0.21,0.46));
#737 = DIRECTION('',(1.,0.,0.));
#738 = DIRECTION('',(0.,-1.,0.));
#739 = ADVANCED_FACE('',(#740),#751,.F.);
#740 = FACE_BOUND('',#741,.F.);
#741 = EDGE_LOOP('',(#742,#748,#749,#750));
#742 = ORIENTED_EDGE('',*,*,#743,.F.);
#743 = EDGE_CURVE('',#574,#719,#744,.T.);
#744 = LINE('',#745,#746);
#745 = CARTESIAN_POINT('',(0.3,-0.23,2.E-02));
#746 = VECTOR('',#747,1.);
#747 = DIRECTION('',(0.,0.,1.));
#748 = ORIENTED_EDGE('',*,*,#582,.F.);
#749 = ORIENTED_EDGE('',*,*,#499,.T.);
#750 = ORIENTED_EDGE('',*,*,#718,.T.);
#751 = PLANE('',#752);
#752 = AXIS2_PLACEMENT_3D('',#753,#754,#755);
#753 = CARTESIAN_POINT('',(-0.3,-0.23,2.E-02));
#754 = DIRECTION('',(0.,1.,0.));
#755 = DIRECTION('',(0.,-0.,1.));
#756 = ADVANCED_FACE('',(#757,#827),#837,.F.);
#757 = FACE_BOUND('',#758,.F.);
#758 = EDGE_LOOP('',(#759,#769,#778,#786,#795,#803,#812,#820));
#759 = ORIENTED_EDGE('',*,*,#760,.F.);
#760 = EDGE_CURVE('',#761,#763,#765,.T.);
#761 = VERTEX_POINT('',#762);
#762 = CARTESIAN_POINT('',(0.3,-0.25,2.E-02));
#763 = VERTEX_POINT('',#764);
#764 = CARTESIAN_POINT('',(0.3,-0.25,0.48));
#765 = LINE('',#766,#767);
#766 = CARTESIAN_POINT('',(0.3,-0.25,0.));
#767 = VECTOR('',#768,1.);
#768 = DIRECTION('',(0.,0.,1.));
#769 = ORIENTED_EDGE('',*,*,#770,.T.);
#770 = EDGE_CURVE('',#761,#771,#773,.T.);
#771 = VERTEX_POINT('',#772);
#772 = CARTESIAN_POINT('',(0.3,-0.23,0.));
#773 = CIRCLE('',#774,2.E-02);
#774 = AXIS2_PLACEMENT_3D('',#775,#776,#777);
#775 = CARTESIAN_POINT('',(0.3,-0.23,2.E-02));
#776 = DIRECTION('',(1.,0.,-0.));
#777 = DIRECTION('',(0.,0.,1.));
#778 = ORIENTED_EDGE('',*,*,#779,.T.);
#779 = EDGE_CURVE('',#771,#780,#782,.T.);
#780 = VERTEX_POINT('',#781);
#781 = CARTESIAN_POINT('',(0.3,0.23,0.));
#782 = LINE('',#783,#784);
#783 = CARTESIAN_POINT('',(0.3,-0.25,0.));
#784 = VECTOR('',#785,1.);
#785 = DIRECTION('',(0.,1.,0.));
#786 = ORIENTED_EDGE('',*,*,#787,.F.);
#787 = EDGE_CURVE('',#788,#780,#790,.T.);
#788 = VERTEX_POINT('',#789);
#789 = CARTESIAN_POINT('',(0.3,0.25,2.E-02));
#790 = CIRCLE('',#791,2.E-02);
#791 = AXIS2_PLACEMENT_3D('',#792,#793,#794);
#792 = CARTESIAN_POINT('',(0.3,0.23,2.E-02));
#793 = DIRECTION('',(-1.,0.,0.));
#794 = DIRECTION('',(0.,0.,1.));
#795 = ORIENTED_EDGE('',*,*,#796,.T.);
#796 = EDGE_CURVE('',#788,#797,#799,.T.);
#797 = VERTEX_POINT('',#798);
#798 = CARTESIAN_POINT('',(0.3,0.25,0.48));
#799 = LINE('',#800,#801);
#800 = CARTESIAN_POINT('',(0.3,0.25,0.));
#801 = VECTOR('',#802,1.);
#802 = DIRECTION('',(0.,0.,1.));
#803 = ORIENTED_EDGE('',*,*,#804,.T.);
#804 = EDGE_CURVE('',#797,#805,#807,.T.);
#805 = VERTEX_POINT('',#806);
#806 = CARTESIAN_POINT('',(0.3,0.23,0.5));
#807 = CIRCLE('',#808,2.E-02);
#808 = AXIS2_PLACEMENT_3D('',#809,#810,#811);
#809 = CARTESIAN_POINT('',(0.3,0.23,0.48));
#810 = DIRECTION('',(1.,0.,-0.));
#811 = DIRECTION('',(0.,0.,1.));
#812 = ORIENTED_EDGE('',*,*,#813,.F.);
#813 = EDGE_CURVE('',#814,#805,#816,.T.);
#814 = VERTEX_POINT('',#815);
#815 = CARTESIAN_POINT('',(0.3,-0.23,0.5));
#816 = LINE('',#817,#818);
#817 = CARTESIAN_POINT('',(0.3,-0.25,0.5));
#818 = VECTOR('',#819,1.);
#819 = DIRECTION('',(0.,1.,0.));
#820 = ORIENTED_EDGE('',*,*,#821,.F.);
#821 = EDGE_CURVE('',#763,#814,#822,.T.);
#822 = CIRCLE('',#823,2.E-02);
#823 = AXIS2_PLACEMENT_3D('',#824,#825,#826);
#824 = CARTESIAN_POINT('',(0.3,-0.23,0.48));
#825 = DIRECTION('',(-1.,0.,0.));
#826 = DIRECTION('',(0.,0.,1.));
#827 = FACE_BOUND('',#828,.F.);
#828 = EDGE_LOOP('',(#829,#830,#831,#832,#833,#834,#835,#836));
#829 = ORIENTED_EDGE('',*,*,#573,.F.);
#830 = ORIENTED_EDGE('',*,*,#743,.T.);
#831 = ORIENTED_EDGE('',*,*,#726,.T.);
#832 = ORIENTED_EDGE('',*,*,#703,.T.);
#833 = ORIENTED_EDGE('',*,*,#678,.F.);
#834 = ORIENTED_EDGE('',*,*,#645,.F.);
#835 = ORIENTED_EDGE('',*,*,#628,.T.);
#836 = ORIENTED_EDGE('',*,*,#598,.F.);
#837 = PLANE('',#838);
#838 = AXIS2_PLACEMENT_3D('',#839,#840,#841);
#839 = CARTESIAN_POINT('',(0.3,-0.25,0.));
#840 = DIRECTION('',(1.,0.,0.));
#841 = DIRECTION('',(0.,0.,1.));
#842 = ADVANCED_FACE('',(#843),#868,.F.);
#843 = FACE_BOUND('',#844,.F.);
#844 = EDGE_LOOP('',(#845,#855,#861,#862));
#845 = ORIENTED_EDGE('',*,*,#846,.F.);
#846 = EDGE_CURVE('',#847,#849,#851,.T.);
#847 = VERTEX_POINT('',#848);
#848 = CARTESIAN_POINT('',(0.5,-0.25,2.E-02));
#849 = VERTEX_POINT('',#850);
#850 = CARTESIAN_POINT('',(0.5,-0.25,0.48));
#851 = LINE('',#852,#853);
#852 = CARTESIAN_POINT('',(0.5,-0.25,0.));
#853 = VECTOR('',#854,1.);
#854 = DIRECTION('',(0.,0.,1.));
#855 = ORIENTED_EDGE('',*,*,#856,.F.);
#856 = EDGE_CURVE('',#761,#847,#857,.T.);
#857 = LINE('',#858,#859);
#858 = CARTESIAN_POINT('',(0.3,-0.25,2.E-02));
#859 = VECTOR('',#860,1.);
#860 = DIRECTION('',(1.,0.,0.));
#861 = ORIENTED_EDGE('',*,*,#760,.T.);
#862 = ORIENTED_EDGE('',*,*,#863,.T.);
#863 = EDGE_CURVE('',#763,#849,#864,.T.);
#864 = LINE('',#865,#866);
#865 = CARTESIAN_POINT('',(0.3,-0.25,0.48));
#866 = VECTOR('',#867,1.);
#867 = DIRECTION('',(1.,0.,0.));
#868 = PLANE('',#869);
#869 = AXIS2_PLACEMENT_3D('',#870,#871,#872);
#870 = CARTESIAN_POINT('',(0.3,-0.25,0.));
#871 = DIRECTION('',(0.,1.,0.));
#872 = DIRECTION('',(0.,-0.,1.));
#873 = ADVANCED_FACE('',(#874),#893,.T.);
#874 = FACE_BOUND('',#875,.T.);
#875 = EDGE_LOOP('',(#876,#877,#885,#892));
#876 = ORIENTED_EDGE('',*,*,#770,.T.);
#877 = ORIENTED_EDGE('',*,*,#878,.T.);
#878 = EDGE_CURVE('',#771,#879,#881,.T.);
#879 = VERTEX_POINT('',#880);
#880 = CARTESIAN_POINT('',(0.5,-0.23,0.));
#881 = LINE('',#882,#883);
#882 = CARTESIAN_POINT('',(0.3,-0.23,0.));
#883 = VECTOR('',#884,1.);
#884 = DIRECTION('',(1.,0.,0.));
#885 = ORIENTED_EDGE('',*,*,#886,.F.);
#886 = EDGE_CURVE('',#847,#879,#887,.T.);
#887 = CIRCLE('',#888,2.E-02);
#888 = AXIS2_PLACEMENT_3D('',#889,#890,#891);
#889 = CARTESIAN_POINT('',(0.5,-0.23,2.E-02));
#890 = DIRECTION('',(1.,0.,-0.));
#891 = DIRECTION('',(0.,0.,1.));
#892 = ORIENTED_EDGE('',*,*,#856,.F.);
#893 = CYLINDRICAL_SURFACE('',#894,2.E-02);
#894 = AXIS2_PLACEMENT_3D('',#895,#896,#897);
#895 = CARTESIAN_POINT('',(0.3,-0.23,2.E-02));
#896 = DIRECTION('',(1.,0.,0.));
#897 = DIRECTION('',(0.,-1.,0.));
#898 = ADVANCED_FACE('',(#899),#918,.T.);
#899 = FACE_BOUND('',#900,.T.);
#900 = EDGE_LOOP('',(#901,#902,#911,#917));
#901 = ORIENTED_EDGE('',*,*,#863,.T.);
#902 = ORIENTED_EDGE('',*,*,#903,.T.);
#903 = EDGE_CURVE('',#849,#904,#906,.T.);
#904 = VERTEX_POINT('',#905);
#905 = CARTESIAN_POINT('',(0.5,-0.23,0.5));
#906 = CIRCLE('',#907,2.E-02);
#907 = AXIS2_PLACEMENT_3D('',#908,#909,#910);
#908 = CARTESIAN_POINT('',(0.5,-0.23,0.48));
#909 = DIRECTION('',(-1.,0.,0.));
#910 = DIRECTION('',(0.,0.,1.));
#911 = ORIENTED_EDGE('',*,*,#912,.F.);
#912 = EDGE_CURVE('',#814,#904,#913,.T.);
#913 = LINE('',#914,#915);
#914 = CARTESIAN_POINT('',(0.3,-0.23,0.5));
#915 = VECTOR('',#916,1.);
#916 = DIRECTION('',(1.,0.,0.));
#917 = ORIENTED_EDGE('',*,*,#821,.F.);
#918 = CYLINDRICAL_SURFACE('',#919,2.E-02);
#919 = AXIS2_PLACEMENT_3D('',#920,#921,#922);
#920 = CARTESIAN_POINT('',(0.3,-0.23,0.48));
#921 = DIRECTION('',(1.,0.,0.));
#922 = DIRECTION('',(0.,-1.,0.));
#923 = ADVANCED_FACE('',(#924),#942,.F.);
#924 = FACE_BOUND('',#925,.F.);
#925 = EDGE_LOOP('',(#926,#927,#928,#936));
#926 = ORIENTED_EDGE('',*,*,#779,.F.);
#927 = ORIENTED_EDGE('',*,*,#878,.T.);
#928 = ORIENTED_EDGE('',*,*,#929,.T.);
#929 = EDGE_CURVE('',#879,#930,#932,.T.);
#930 = VERTEX_POINT('',#931);
#931 = CARTESIAN_POINT('',(0.5,0.23,0.));
#932 = LINE('',#933,#934);
#933 = CARTESIAN_POINT('',(0.5,-0.25,0.));
#934 = VECTOR('',#935,1.);
#935 = DIRECTION('',(0.,1.,0.));
#936 = ORIENTED_EDGE('',*,*,#937,.F.);
#937 = EDGE_CURVE('',#780,#930,#938,.T.);
#938 = LINE('',#939,#940);
#939 = CARTESIAN_POINT('',(0.3,0.23,0.));
#940 = VECTOR('',#941,1.);
#941 = DIRECTION('',(1.,0.,0.));
#942 = PLANE('',#943);
#943 = AXIS2_PLACEMENT_3D('',#944,#945,#946);
#944 = CARTESIAN_POINT('',(0.3,-0.25,0.));
#945 = DIRECTION('',(0.,0.,1.));
#946 = DIRECTION('',(1.,0.,-0.));
#947 = ADVANCED_FACE('',(#948),#966,.T.);
#948 = FACE_BOUND('',#949,.T.);
#949 = EDGE_LOOP('',(#950,#951,#952,#960));
#950 = ORIENTED_EDGE('',*,*,#813,.F.);
#951 = ORIENTED_EDGE('',*,*,#912,.T.);
#952 = ORIENTED_EDGE('',*,*,#953,.T.);
#953 = EDGE_CURVE('',#904,#954,#956,.T.);
#954 = VERTEX_POINT('',#955);
#955 = CARTESIAN_POINT('',(0.5,0.23,0.5));
#956 = LINE('',#957,#958);
#957 = CARTESIAN_POINT('',(0.5,-0.25,0.5));
#958 = VECTOR('',#959,1.);
#959 = DIRECTION('',(0.,1.,0.));
#960 = ORIENTED_EDGE('',*,*,#961,.F.);
#961 = EDGE_CURVE('',#805,#954,#962,.T.);
#962 = LINE('',#963,#964);
#963 = CARTESIAN_POINT('',(0.3,0.23,0.5));
#964 = VECTOR('',#965,1.);
#965 = DIRECTION('',(1.,0.,0.));
#966 = PLANE('',#967);
#967 = AXIS2_PLACEMENT_3D('',#968,#969,#970);
#968 = CARTESIAN_POINT('',(0.3,-0.25,0.5));
#969 = DIRECTION('',(0.,0.,1.));
#970 = DIRECTION('',(1.,0.,-0.));
#971 = ADVANCED_FACE('',(#972),#991,.T.);
#972 = FACE_BOUND('',#973,.T.);
#973 = EDGE_LOOP('',(#974,#982,#989,#990));
#974 = ORIENTED_EDGE('',*,*,#975,.T.);
#975 = EDGE_CURVE('',#788,#976,#978,.T.);
#976 = VERTEX_POINT('',#977);
#977 = CARTESIAN_POINT('',(0.5,0.25,2.E-02));
#978 = LINE('',#979,#980);
#979 = CARTESIAN_POINT('',(0.3,0.25,2.E-02));
#980 = VECTOR('',#981,1.);
#981 = DIRECTION('',(1.,0.,0.));
#982 = ORIENTED_EDGE('',*,*,#983,.T.);
#983 = EDGE_CURVE('',#976,#930,#984,.T.);
#984 = CIRCLE('',#985,2.E-02);
#985 = AXIS2_PLACEMENT_3D('',#986,#987,#988);
#986 = CARTESIAN_POINT('',(0.5,0.23,2.E-02));
#987 = DIRECTION('',(-1.,0.,0.));
#988 = DIRECTION('',(0.,0.,1.));
#989 = ORIENTED_EDGE('',*,*,#937,.F.);
#990 = ORIENTED_EDGE('',*,*,#787,.F.);
#991 = CYLINDRICAL_SURFACE('',#992,2.E-02);
#992 = AXIS2_PLACEMENT_3D('',#993,#994,#995);
#993 = CARTESIAN_POINT('',(0.3,0.23,2.E-02));
#994 = DIRECTION('',(1.,0.,0.));
#995 = DIRECTION('',(-0.,1.,0.));
#996 = ADVANCED_FACE('',(#997),#1016,.T.);
#997 = FACE_BOUND('',#998,.T.);
#998 = EDGE_LOOP('',(#999,#1000,#1001,#1010));
#999 = ORIENTED_EDGE('',*,*,#804,.T.);
#1000 = ORIENTED_EDGE('',*,*,#961,.T.);
#1001 = ORIENTED_EDGE('',*,*,#1002,.F.);
#1002 = EDGE_CURVE('',#1003,#954,#1005,.T.);
#1003 = VERTEX_POINT('',#1004);
#1004 = CARTESIAN_POINT('',(0.5,0.25,0.48));
#1005 = CIRCLE('',#1006,2.E-02);
#1006 = AXIS2_PLACEMENT_3D('',#1007,#1008,#1009);
#1007 = CARTESIAN_POINT('',(0.5,0.23,0.48));
#1008 = DIRECTION('',(1.,0.,-0.));
#1009 = DIRECTION('',(0.,0.,1.));
#1010 = ORIENTED_EDGE('',*,*,#1011,.F.);
#1011 = EDGE_CURVE('',#797,#1003,#1012,.T.);
#1012 = LINE('',#1013,#1014);
#1013 = CARTESIAN_POINT('',(0.3,0.25,0.48));
#1014 = VECTOR('',#1015,1.);
#1015 = DIRECTION('',(1.,0.,0.));
#1016 = CYLINDRICAL_SURFACE('',#1017,2.E-02);
#1017 = AXIS2_PLACEMENT_3D('',#1018,#1019,#1020);
#1018 = CARTESIAN_POINT('',(0.3,0.23,0.48));
#1019 = DIRECTION('',(1.,0.,0.));
#1020 = DIRECTION('',(-0.,1.,0.));
#1021 = ADVANCED_FACE('',(#1022),#1033,.T.);
#1022 = FACE_BOUND('',#1023,.T.);
#1023 = EDGE_LOOP('',(#1024,#1030,#1031,#1032));
#1024 = ORIENTED_EDGE('',*,*,#1025,.F.);
#1025 = EDGE_CURVE('',#976,#1003,#1026,.T.);
#1026 = LINE('',#1027,#1028);
#1027 = CARTESIAN_POINT('',(0.5,0.25,0.));
#1028 = VECTOR('',#1029,1.);
#1029 = DIRECTION('',(0.,0.,1.));
#1030 = ORIENTED_EDGE('',*,*,#975,.F.);
#1031 = ORIENTED_EDGE('',*,*,#796,.T.);
#1032 = ORIENTED_EDGE('',*,*,#1011,.T.);
#1033 = PLANE('',#1034);
#1034 = AXIS2_PLACEMENT_3D('',#1035,#1036,#1037);
#1035 = CARTESIAN_POINT('',(0.3,0.25,0.));
#1036 = DIRECTION('',(0.,1.,0.));
#1037 = DIRECTION('',(0.,-0.,1.));
#1038 = ADVANCED_FACE('',(#1039),#1049,.T.);
#1039 = FACE_BOUND('',#1040,.T.);
#1040 = EDGE_LOOP('',(#1041,#1042,#1043,#1044,#1045,#1046,#1047,#1048));
#1041 = ORIENTED_EDGE('',*,*,#846,.F.);
#1042 = ORIENTED_EDGE('',*,*,#886,.T.);
#1043 = ORIENTED_EDGE('',*,*,#929,.T.);
#1044 = ORIENTED_EDGE('',*,*,#983,.F.);
#1045 = ORIENTED_EDGE('',*,*,#1025,.T.);
#1046 = ORIENTED_EDGE('',*,*,#1002,.T.);
#1047 = ORIENTED_EDGE('',*,*,#953,.F.);
#1048 = ORIENTED_EDGE('',*,*,#903,.F.);
#1049 = PLANE('',#1050);
#1050 = AXIS2_PLACEMENT_3D('',#1051,#1052,#1053);
#1051 = CARTESIAN_POINT('',(0.5,-0.25,0.));
#1052 = DIRECTION('',(1.,0.,0.));
#1053 = DIRECTION('',(0.,0.,1.));
#1054 = ( GEOMETRIC_REPRESENTATION_CONTEXT(3) 
GLOBAL_UNCERTAINTY_ASSIGNED_CONTEXT((#1058)) 
GLOBAL_UNIT_ASSIGNED_CONTEXT((#1055,#1056,#1057)) REPRESENTATION_CONTEXT
('Context #1','3D Context with UNIT and UNCERTAINTY') );
#1055 = ( LENGTH_UNIT() NAMED_UNIT(*) SI_UNIT(.MILLI.,.METRE.) );
#1056 = ( NAMED_UNIT(*) PLANE_ANGLE_UNIT() SI_UNIT($,.RADIAN.) );
#1057 = ( NAMED_UNIT(*) SI_UNIT($,.STERADIAN.) SOLID_ANGLE_UNIT() );
#1058 = UNCERTAINTY_MEASURE_WITH_UNIT(LENGTH_MEASURE(1.E-07),#1055,
  'distance_accuracy_value','confusion accuracy');
#1059 = CONTEXT_DEPENDENT_SHAPE_REPRESENTATION(#1060,#1062);
#1060 = ( REPRESENTATION_RELATIONSHIP('','',#199,#176) 
REPRESENTATION_RELATIONSHIP_WITH_TRANSFORMATION(#1061) 
SHAPE_REPRESENTATION_RELATIONSHIP() );
#1061 = ITEM_DEFINED_TRANSFORMATION('','',#11,#177);
#1062 = PRODUCT_DEFINITION_SHAPE('Placement','Placement of an item',
  #1063);
#1063 = NEXT_ASSEMBLY_USAGE_OCCURRENCE('1','=>[0:1:1:3]','',#171,#194,$
  );
#1064 = PRODUCT_RELATED_PRODUCT_CATEGORY('part',$,(#196));
#1065 = SHAPE_DEFINITION_REPRESENTATION(#1066,#1072);
#1066 = PRODUCT_DEFINITION_SHAPE('','',#1067);
#1067 = PRODUCT_DEFINITION('design','',#1068,#1071);
#1068 = PRODUCT_DEFINITION_FORMATION('','',#1069);
#1069 = PRODUCT('JST_PH_B2B-PH-K_1x02_P2.00mm_Vertical',
  'JST_PH_B2B-PH-K_1x02_P2.00mm_Vertical','',(#1070));
#1070 = PRODUCT_CONTEXT('',#2,'mechanical');
#1071 = PRODUCT_DEFINITION_CONTEXT('part definition',#2,'design');
#1072 = SHAPE_REPRESENTATION('',(#11,#1073),#1077);
#1073 = AXIS2_PLACEMENT_3D('',#1074,#1075,#1076);
#1074 = CARTESIAN_POINT('',(0.,0.,0.));
#1075 = DIRECTION('',(0.,0.,1.));
#1076 = DIRECTION('',(1.,0.,-0.));
#1077 = ( GEOMETRIC_REPRESENTATION_CONTEXT(3) 
GLOBAL_UNCERTAINTY_ASSIGNED_CONTEXT((#1081)) 
GLOBAL_UNIT_ASSIGNED_CONTEXT((#1078,#1079,#1080)) REPRESENTATION_CONTEXT
('Context #1','3D Context with UNIT and UNCERTAINTY') );
#1078 = ( LENGTH_UNIT() NAMED_UNIT(*) SI_UNIT(.MILLI.,.METRE.) );
#1079 = ( NAMED_UNIT(*) PLANE_ANGLE_UNIT() SI_UNIT($,.RADIAN.) );
#1080 = ( NAMED_UNIT(*) SI_UNIT($,.STERADIAN.) SOLID_ANGLE_UNIT() );
#1081 = UNCERTAINTY_MEASURE_WITH_UNIT(LENGTH_MEASURE(1.E-07),#1078,
  'distance_accuracy_value','confusion accuracy');
#1082 = CONTEXT_DEPENDENT_SHAPE_REPRESENTATION(#1083,#1085);
#1083 = ( REPRESENTATION_RELATIONSHIP('','',#1072,#10) 
REPRESENTATION_RELATIONSHIP_WITH_TRANSFORMATION(#1084) 
SHAPE_REPRESENTATION_RELATIONSHIP() );
#1084 = ITEM_DEFINED_TRANSFORMATION('','',#11,#19);
#1085 = PRODUCT_DEFINITION_SHAPE('Placement','Placement of an item',
  #1086);
#1086 = NEXT_ASSEMBLY_USAGE_OCCURRENCE('4','M3','',#5,#1067,$);
#1087 = PRODUCT_RELATED_PRODUCT_CATEGORY('part',$,(#1069));
#1088 = SHAPE_DEFINITION_REPRESENTATION(#1089,#1095);
#1089 = PRODUCT_DEFINITION_SHAPE('','',#1090);
#1090 = PRODUCT_DEFINITION('design','',#1091,#1094);
#1091 = PRODUCT_DEFINITION_FORMATION('','',#1092);
#1092 = PRODUCT('JST_B2B_PH_K','JST_B2B_PH_K','',(#1093));
#1093 = PRODUCT_CONTEXT('',#2,'mechanical');
#1094 = PRODUCT_DEFINITION_CONTEXT('part definition',#2,'design');
#1095 = ADVANCED_BREP_SHAPE_REPRESENTATION('',(#11,#1096),#3988);
#1096 = MANIFOLD_SOLID_BREP('',#1097);
#1097 = CLOSED_SHELL('',(#1098,#1138,#1202,#1290,#1330,#1541,#1581,#1605
    ,#1630,#1654,#1703,#1725,#1758,#1782,#1813,#1830,#1863,#1880,#1923,
    #1940,#1986,#2003,#2066,#2090,#2137,#2161,#2185,#2202,#2219,#2243,
    #2267,#2284,#2315,#2339,#2363,#2380,#2415,#2455,#2479,#2520,#2569,
    #2615,#2632,#2644,#2675,#2731,#2755,#2804,#2816,#2919,#2943,#2967,
    #2984,#3015,#3071,#3095,#3144,#3161,#3208,#3234,#3251,#3277,#3310,
    #3322,#3353,#3377,#3401,#3418,#3449,#3473,#3497,#3514,#3531,#3578,
    #3604,#3621,#3647,#3680,#3697,#3714,#3726,#3757,#3781,#3805,#3822,
    #3853,#3877,#3901,#3918,#3935,#3952,#3964,#3976));
#1098 = ADVANCED_FACE('',(#1099),#1133,.F.);
#1099 = FACE_BOUND('',#1100,.F.);
#1100 = EDGE_LOOP('',(#1101,#1111,#1119,#1127));
#1101 = ORIENTED_EDGE('',*,*,#1102,.T.);
#1102 = EDGE_CURVE('',#1103,#1105,#1107,.T.);
#1103 = VERTEX_POINT('',#1104);
#1104 = CARTESIAN_POINT('',(3.95,-2.8,0.));
#1105 = VERTEX_POINT('',#1106);
#1106 = CARTESIAN_POINT('',(3.95,1.7,0.));
#1107 = LINE('',#1108,#1109);
#1108 = CARTESIAN_POINT('',(3.95,-2.8,0.));
#1109 = VECTOR('',#1110,1.);
#1110 = DIRECTION('',(1.224646799147E-16,1.,0.));
#1111 = ORIENTED_EDGE('',*,*,#1112,.T.);
#1112 = EDGE_CURVE('',#1105,#1113,#1115,.T.);
#1113 = VERTEX_POINT('',#1114);
#1114 = CARTESIAN_POINT('',(2.75,1.7,0.));
#1115 = LINE('',#1116,#1117);
#1116 = CARTESIAN_POINT('',(3.95,1.7,0.));
#1117 = VECTOR('',#1118,1.);
#1118 = DIRECTION('',(-1.,1.224646799147E-16,0.));
#1119 = ORIENTED_EDGE('',*,*,#1120,.F.);
#1120 = EDGE_CURVE('',#1121,#1113,#1123,.T.);
#1121 = VERTEX_POINT('',#1122);
#1122 = CARTESIAN_POINT('',(2.75,-2.8,0.));
#1123 = LINE('',#1124,#1125);
#1124 = CARTESIAN_POINT('',(2.75,-2.8,0.));
#1125 = VECTOR('',#1126,1.);
#1126 = DIRECTION('',(1.224646799147E-16,1.,0.));
#1127 = ORIENTED_EDGE('',*,*,#1128,.T.);
#1128 = EDGE_CURVE('',#1121,#1103,#1129,.T.);
#1129 = LINE('',#1130,#1131);
#1130 = CARTESIAN_POINT('',(-1.95,-2.8,0.));
#1131 = VECTOR('',#1132,1.);
#1132 = DIRECTION('',(1.,-1.224646799147E-16,0.));
#1133 = PLANE('',#1134);
#1134 = AXIS2_PLACEMENT_3D('',#1135,#1136,#1137);
#1135 = CARTESIAN_POINT('',(1.,-0.55,0.));
#1136 = DIRECTION('',(0.,0.,1.));
#1137 = DIRECTION('',(-1.,1.224646799147E-16,0.));
#1138 = ADVANCED_FACE('',(#1139),#1197,.F.);
#1139 = FACE_BOUND('',#1140,.F.);
#1140 = EDGE_LOOP('',(#1141,#1142,#1150,#1158,#1166,#1175,#1183,#1191));
#1141 = ORIENTED_EDGE('',*,*,#1102,.F.);
#1142 = ORIENTED_EDGE('',*,*,#1143,.T.);
#1143 = EDGE_CURVE('',#1103,#1144,#1146,.T.);
#1144 = VERTEX_POINT('',#1145);
#1145 = CARTESIAN_POINT('',(3.95,-2.8,6.));
#1146 = LINE('',#1147,#1148);
#1147 = CARTESIAN_POINT('',(3.95,-2.8,0.));
#1148 = VECTOR('',#1149,1.);
#1149 = DIRECTION('',(0.,0.,1.));
#1150 = ORIENTED_EDGE('',*,*,#1151,.T.);
#1151 = EDGE_CURVE('',#1144,#1152,#1154,.T.);
#1152 = VERTEX_POINT('',#1153);
#1153 = CARTESIAN_POINT('',(3.95,-0.6,6.));
#1154 = LINE('',#1155,#1156);
#1155 = CARTESIAN_POINT('',(3.95,-2.8,6.));
#1156 = VECTOR('',#1157,1.);
#1157 = DIRECTION('',(1.224646799147E-16,1.,0.));
#1158 = ORIENTED_EDGE('',*,*,#1159,.F.);
#1159 = EDGE_CURVE('',#1160,#1152,#1162,.T.);
#1160 = VERTEX_POINT('',#1161);
#1161 = CARTESIAN_POINT('',(3.95,-0.6,4.4));
#1162 = LINE('',#1163,#1164);
#1163 = CARTESIAN_POINT('',(3.95,-0.6,4.4));
#1164 = VECTOR('',#1165,1.);
#1165 = DIRECTION('',(0.,0.,1.));
#1166 = ORIENTED_EDGE('',*,*,#1167,.F.);
#1167 = EDGE_CURVE('',#1168,#1160,#1170,.T.);
#1168 = VERTEX_POINT('',#1169);
#1169 = CARTESIAN_POINT('',(3.95,0.2,4.4));
#1170 = CIRCLE('',#1171,0.4);
#1171 = AXIS2_PLACEMENT_3D('',#1172,#1173,#1174);
#1172 = CARTESIAN_POINT('',(3.95,-0.2,4.4));
#1173 = DIRECTION('',(-1.,1.224646799147E-16,0.));
#1174 = DIRECTION('',(1.224646799147E-16,1.,0.));
#1175 = ORIENTED_EDGE('',*,*,#1176,.F.);
#1176 = EDGE_CURVE('',#1177,#1168,#1179,.T.);
#1177 = VERTEX_POINT('',#1178);
#1178 = CARTESIAN_POINT('',(3.95,0.2,6.));
#1179 = LINE('',#1180,#1181);
#1180 = CARTESIAN_POINT('',(3.95,0.2,6.));
#1181 = VECTOR('',#1182,1.);
#1182 = DIRECTION('',(-0.,0.,-1.));
#1183 = ORIENTED_EDGE('',*,*,#1184,.T.);
#1184 = EDGE_CURVE('',#1177,#1185,#1187,.T.);
#1185 = VERTEX_POINT('',#1186);
#1186 = CARTESIAN_POINT('',(3.95,1.7,6.));
#1187 = LINE('',#1188,#1189);
#1188 = CARTESIAN_POINT('',(3.95,-2.8,6.));
#1189 = VECTOR('',#1190,1.);
#1190 = DIRECTION('',(1.224646799147E-16,1.,0.));
#1191 = ORIENTED_EDGE('',*,*,#1192,.F.);
#1192 = EDGE_CURVE('',#1105,#1185,#1193,.T.);
#1193 = LINE('',#1194,#1195);
#1194 = CARTESIAN_POINT('',(3.95,1.7,0.));
#1195 = VECTOR('',#1196,1.);
#1196 = DIRECTION('',(0.,0.,1.));
#1197 = PLANE('',#1198);
#1198 = AXIS2_PLACEMENT_3D('',#1199,#1200,#1201);
#1199 = CARTESIAN_POINT('',(3.95,-2.8,0.));
#1200 = DIRECTION('',(-1.,1.224646799147E-16,0.));
#1201 = DIRECTION('',(1.224646799147E-16,1.,0.));
#1202 = ADVANCED_FACE('',(#1203),#1285,.F.);
#1203 = FACE_BOUND('',#1204,.F.);
#1204 = EDGE_LOOP('',(#1205,#1215,#1223,#1229,#1230,#1231,#1239,#1247,
    #1255,#1263,#1271,#1279));
#1205 = ORIENTED_EDGE('',*,*,#1206,.F.);
#1206 = EDGE_CURVE('',#1207,#1209,#1211,.T.);
#1207 = VERTEX_POINT('',#1208);
#1208 = CARTESIAN_POINT('',(-1.95,-2.8,0.));
#1209 = VERTEX_POINT('',#1210);
#1210 = CARTESIAN_POINT('',(-0.75,-2.8,0.));
#1211 = LINE('',#1212,#1213);
#1212 = CARTESIAN_POINT('',(-1.95,-2.8,0.));
#1213 = VECTOR('',#1214,1.);
#1214 = DIRECTION('',(1.,-1.224646799147E-16,0.));
#1215 = ORIENTED_EDGE('',*,*,#1216,.T.);
#1216 = EDGE_CURVE('',#1207,#1217,#1219,.T.);
#1217 = VERTEX_POINT('',#1218);
#1218 = CARTESIAN_POINT('',(-1.95,-2.8,6.));
#1219 = LINE('',#1220,#1221);
#1220 = CARTESIAN_POINT('',(-1.95,-2.8,0.));
#1221 = VECTOR('',#1222,1.);
#1222 = DIRECTION('',(0.,0.,1.));
#1223 = ORIENTED_EDGE('',*,*,#1224,.T.);
#1224 = EDGE_CURVE('',#1217,#1144,#1225,.T.);
#1225 = LINE('',#1226,#1227);
#1226 = CARTESIAN_POINT('',(-1.95,-2.8,6.));
#1227 = VECTOR('',#1228,1.);
#1228 = DIRECTION('',(1.,-1.224646799147E-16,0.));
#1229 = ORIENTED_EDGE('',*,*,#1143,.F.);
#1230 = ORIENTED_EDGE('',*,*,#1128,.F.);
#1231 = ORIENTED_EDGE('',*,*,#1232,.F.);
#1232 = EDGE_CURVE('',#1233,#1121,#1235,.T.);
#1233 = VERTEX_POINT('',#1234);
#1234 = CARTESIAN_POINT('',(2.75,-2.8,0.2));
#1235 = LINE('',#1236,#1237);
#1236 = CARTESIAN_POINT('',(2.75,-2.8,0.2));
#1237 = VECTOR('',#1238,1.);
#1238 = DIRECTION('',(-0.,0.,-1.));
#1239 = ORIENTED_EDGE('',*,*,#1240,.T.);
#1240 = EDGE_CURVE('',#1233,#1241,#1243,.T.);
#1241 = VERTEX_POINT('',#1242);
#1242 = CARTESIAN_POINT('',(1.25,-2.8,0.2));
#1243 = LINE('',#1244,#1245);
#1244 = CARTESIAN_POINT('',(2.75,-2.8,0.2));
#1245 = VECTOR('',#1246,1.);
#1246 = DIRECTION('',(-1.,1.224646799147E-16,0.));
#1247 = ORIENTED_EDGE('',*,*,#1248,.T.);
#1248 = EDGE_CURVE('',#1241,#1249,#1251,.T.);
#1249 = VERTEX_POINT('',#1250);
#1250 = CARTESIAN_POINT('',(1.25,-2.8,0.));
#1251 = LINE('',#1252,#1253);
#1252 = CARTESIAN_POINT('',(1.25,-2.8,0.2));
#1253 = VECTOR('',#1254,1.);
#1254 = DIRECTION('',(-0.,0.,-1.));
#1255 = ORIENTED_EDGE('',*,*,#1256,.F.);
#1256 = EDGE_CURVE('',#1257,#1249,#1259,.T.);
#1257 = VERTEX_POINT('',#1258);
#1258 = CARTESIAN_POINT('',(0.75,-2.8,0.));
#1259 = LINE('',#1260,#1261);
#1260 = CARTESIAN_POINT('',(-1.95,-2.8,0.));
#1261 = VECTOR('',#1262,1.);
#1262 = DIRECTION('',(1.,-1.224646799147E-16,0.));
#1263 = ORIENTED_EDGE('',*,*,#1264,.F.);
#1264 = EDGE_CURVE('',#1265,#1257,#1267,.T.);
#1265 = VERTEX_POINT('',#1266);
#1266 = CARTESIAN_POINT('',(0.75,-2.8,0.2));
#1267 = LINE('',#1268,#1269);
#1268 = CARTESIAN_POINT('',(0.75,-2.8,0.2));
#1269 = VECTOR('',#1270,1.);
#1270 = DIRECTION('',(-0.,0.,-1.));
#1271 = ORIENTED_EDGE('',*,*,#1272,.T.);
#1272 = EDGE_CURVE('',#1265,#1273,#1275,.T.);
#1273 = VERTEX_POINT('',#1274);
#1274 = CARTESIAN_POINT('',(-0.75,-2.8,0.2));
#1275 = LINE('',#1276,#1277);
#1276 = CARTESIAN_POINT('',(0.75,-2.8,0.2));
#1277 = VECTOR('',#1278,1.);
#1278 = DIRECTION('',(-1.,1.224646799147E-16,0.));
#1279 = ORIENTED_EDGE('',*,*,#1280,.T.);
#1280 = EDGE_CURVE('',#1273,#1209,#1281,.T.);
#1281 = LINE('',#1282,#1283);
#1282 = CARTESIAN_POINT('',(-0.75,-2.8,0.2));
#1283 = VECTOR('',#1284,1.);
#1284 = DIRECTION('',(-0.,0.,-1.));
#1285 = PLANE('',#1286);
#1286 = AXIS2_PLACEMENT_3D('',#1287,#1288,#1289);
#1287 = CARTESIAN_POINT('',(-1.95,-2.8,0.));
#1288 = DIRECTION('',(1.224646799147E-16,1.,0.));
#1289 = DIRECTION('',(1.,-1.224646799147E-16,0.));
#1290 = ADVANCED_FACE('',(#1291),#1325,.F.);
#1291 = FACE_BOUND('',#1292,.F.);
#1292 = EDGE_LOOP('',(#1293,#1301,#1309,#1317,#1323,#1324));
#1293 = ORIENTED_EDGE('',*,*,#1294,.T.);
#1294 = EDGE_CURVE('',#1113,#1295,#1297,.T.);
#1295 = VERTEX_POINT('',#1296);
#1296 = CARTESIAN_POINT('',(2.75,1.7,0.2));
#1297 = LINE('',#1298,#1299);
#1298 = CARTESIAN_POINT('',(2.75,1.7,0.));
#1299 = VECTOR('',#1300,1.);
#1300 = DIRECTION('',(0.,0.,1.));
#1301 = ORIENTED_EDGE('',*,*,#1302,.T.);
#1302 = EDGE_CURVE('',#1295,#1303,#1305,.T.);
#1303 = VERTEX_POINT('',#1304);
#1304 = CARTESIAN_POINT('',(2.75,0.5,0.1));
#1305 = LINE('',#1306,#1307);
#1306 = CARTESIAN_POINT('',(2.75,1.7,0.2));
#1307 = VECTOR('',#1308,1.);
#1308 = DIRECTION('',(-1.220416573038E-16,-0.996545758245,
    -8.304547985373E-02));
#1309 = ORIENTED_EDGE('',*,*,#1310,.T.);
#1310 = EDGE_CURVE('',#1303,#1311,#1313,.T.);
#1311 = VERTEX_POINT('',#1312);
#1312 = CARTESIAN_POINT('',(2.75,-0.5,0.1));
#1313 = LINE('',#1314,#1315);
#1314 = CARTESIAN_POINT('',(2.75,0.5,0.1));
#1315 = VECTOR('',#1316,1.);
#1316 = DIRECTION('',(-1.224646799147E-16,-1.,0.));
#1317 = ORIENTED_EDGE('',*,*,#1318,.T.);
#1318 = EDGE_CURVE('',#1311,#1233,#1319,.T.);
#1319 = LINE('',#1320,#1321);
#1320 = CARTESIAN_POINT('',(2.75,-0.5,0.1));
#1321 = VECTOR('',#1322,1.);
#1322 = DIRECTION('',(-1.223490926498E-16,-0.999056158355,
    4.343722427631E-02));
#1323 = ORIENTED_EDGE('',*,*,#1232,.T.);
#1324 = ORIENTED_EDGE('',*,*,#1120,.T.);
#1325 = PLANE('',#1326);
#1326 = AXIS2_PLACEMENT_3D('',#1327,#1328,#1329);
#1327 = CARTESIAN_POINT('',(2.75,-0.549524476701,7.07980355453E-02));
#1328 = DIRECTION('',(1.,-1.224646799147E-16,-0.));
#1329 = DIRECTION('',(-0.,0.,-1.));
#1330 = ADVANCED_FACE('',(#1331,#1502),#1536,.F.);
#1331 = FACE_BOUND('',#1332,.F.);
#1332 = EDGE_LOOP('',(#1333,#1334,#1335,#1343,#1351,#1359,#1367,#1375,
    #1383,#1391,#1399,#1407,#1415,#1423,#1431,#1439,#1447,#1455,#1463,
    #1471,#1479,#1487,#1495,#1501));
#1333 = ORIENTED_EDGE('',*,*,#1112,.F.);
#1334 = ORIENTED_EDGE('',*,*,#1192,.T.);
#1335 = ORIENTED_EDGE('',*,*,#1336,.T.);
#1336 = EDGE_CURVE('',#1185,#1337,#1339,.T.);
#1337 = VERTEX_POINT('',#1338);
#1338 = CARTESIAN_POINT('',(1.45,1.7,6.));
#1339 = LINE('',#1340,#1341);
#1340 = CARTESIAN_POINT('',(3.95,1.7,6.));
#1341 = VECTOR('',#1342,1.);
#1342 = DIRECTION('',(-1.,1.224646799147E-16,0.));
#1343 = ORIENTED_EDGE('',*,*,#1344,.T.);
#1344 = EDGE_CURVE('',#1337,#1345,#1347,.T.);
#1345 = VERTEX_POINT('',#1346);
#1346 = CARTESIAN_POINT('',(1.45,1.7,2.1));
#1347 = LINE('',#1348,#1349);
#1348 = CARTESIAN_POINT('',(1.45,1.7,6.));
#1349 = VECTOR('',#1350,1.);
#1350 = DIRECTION('',(-0.,0.,-1.));
#1351 = ORIENTED_EDGE('',*,*,#1352,.T.);
#1352 = EDGE_CURVE('',#1345,#1353,#1355,.T.);
#1353 = VERTEX_POINT('',#1354);
#1354 = CARTESIAN_POINT('',(0.55,1.7,2.1));
#1355 = LINE('',#1356,#1357);
#1356 = CARTESIAN_POINT('',(1.45,1.7,2.1));
#1357 = VECTOR('',#1358,1.);
#1358 = DIRECTION('',(-1.,1.224646799147E-16,0.));
#1359 = ORIENTED_EDGE('',*,*,#1360,.T.);
#1360 = EDGE_CURVE('',#1353,#1361,#1363,.T.);
#1361 = VERTEX_POINT('',#1362);
#1362 = CARTESIAN_POINT('',(0.55,1.7,6.));
#1363 = LINE('',#1364,#1365);
#1364 = CARTESIAN_POINT('',(0.55,1.7,2.1));
#1365 = VECTOR('',#1366,1.);
#1366 = DIRECTION('',(0.,0.,1.));
#1367 = ORIENTED_EDGE('',*,*,#1368,.T.);
#1368 = EDGE_CURVE('',#1361,#1369,#1371,.T.);
#1369 = VERTEX_POINT('',#1370);
#1370 = CARTESIAN_POINT('',(-0.45,1.7,6.));
#1371 = LINE('',#1372,#1373);
#1372 = CARTESIAN_POINT('',(3.95,1.7,6.));
#1373 = VECTOR('',#1374,1.);
#1374 = DIRECTION('',(-1.,1.224646799147E-16,0.));
#1375 = ORIENTED_EDGE('',*,*,#1376,.F.);
#1376 = EDGE_CURVE('',#1377,#1369,#1379,.T.);
#1377 = VERTEX_POINT('',#1378);
#1378 = CARTESIAN_POINT('',(-0.45,1.7,4.2));
#1379 = LINE('',#1380,#1381);
#1380 = CARTESIAN_POINT('',(-0.45,1.7,4.2));
#1381 = VECTOR('',#1382,1.);
#1382 = DIRECTION('',(0.,0.,1.));
#1383 = ORIENTED_EDGE('',*,*,#1384,.F.);
#1384 = EDGE_CURVE('',#1385,#1377,#1387,.T.);
#1385 = VERTEX_POINT('',#1386);
#1386 = CARTESIAN_POINT('',(-0.4,1.7,4.2));
#1387 = LINE('',#1388,#1389);
#1388 = CARTESIAN_POINT('',(-0.4,1.7,4.2));
#1389 = VECTOR('',#1390,1.);
#1390 = DIRECTION('',(-1.,1.224646799147E-16,0.));
#1391 = ORIENTED_EDGE('',*,*,#1392,.F.);
#1392 = EDGE_CURVE('',#1393,#1385,#1395,.T.);
#1393 = VERTEX_POINT('',#1394);
#1394 = CARTESIAN_POINT('',(-0.4,1.7,2.4));
#1395 = LINE('',#1396,#1397);
#1396 = CARTESIAN_POINT('',(-0.4,1.7,2.4));
#1397 = VECTOR('',#1398,1.);
#1398 = DIRECTION('',(0.,0.,1.));
#1399 = ORIENTED_EDGE('',*,*,#1400,.F.);
#1400 = EDGE_CURVE('',#1401,#1393,#1403,.T.);
#1401 = VERTEX_POINT('',#1402);
#1402 = CARTESIAN_POINT('',(-1.4,1.7,2.4));
#1403 = LINE('',#1404,#1405);
#1404 = CARTESIAN_POINT('',(-1.4,1.7,2.4));
#1405 = VECTOR('',#1406,1.);
#1406 = DIRECTION('',(1.,-1.224646799147E-16,0.));
#1407 = ORIENTED_EDGE('',*,*,#1408,.F.);
#1408 = EDGE_CURVE('',#1409,#1401,#1411,.T.);
#1409 = VERTEX_POINT('',#1410);
#1410 = CARTESIAN_POINT('',(-1.4,1.7,4.2));
#1411 = LINE('',#1412,#1413);
#1412 = CARTESIAN_POINT('',(-1.4,1.7,4.2));
#1413 = VECTOR('',#1414,1.);
#1414 = DIRECTION('',(-0.,0.,-1.));
#1415 = ORIENTED_EDGE('',*,*,#1416,.F.);
#1416 = EDGE_CURVE('',#1417,#1409,#1419,.T.);
#1417 = VERTEX_POINT('',#1418);
#1418 = CARTESIAN_POINT('',(-0.95,1.7,4.2));
#1419 = LINE('',#1420,#1421);
#1420 = CARTESIAN_POINT('',(-0.4,1.7,4.2));
#1421 = VECTOR('',#1422,1.);
#1422 = DIRECTION('',(-1.,1.224646799147E-16,0.));
#1423 = ORIENTED_EDGE('',*,*,#1424,.T.);
#1424 = EDGE_CURVE('',#1417,#1425,#1427,.T.);
#1425 = VERTEX_POINT('',#1426);
#1426 = CARTESIAN_POINT('',(-0.95,1.7,6.));
#1427 = LINE('',#1428,#1429);
#1428 = CARTESIAN_POINT('',(-0.95,1.7,4.2));
#1429 = VECTOR('',#1430,1.);
#1430 = DIRECTION('',(0.,0.,1.));
#1431 = ORIENTED_EDGE('',*,*,#1432,.T.);
#1432 = EDGE_CURVE('',#1425,#1433,#1435,.T.);
#1433 = VERTEX_POINT('',#1434);
#1434 = CARTESIAN_POINT('',(-1.95,1.7,6.));
#1435 = LINE('',#1436,#1437);
#1436 = CARTESIAN_POINT('',(3.95,1.7,6.));
#1437 = VECTOR('',#1438,1.);
#1438 = DIRECTION('',(-1.,1.224646799147E-16,0.));
#1439 = ORIENTED_EDGE('',*,*,#1440,.F.);
#1440 = EDGE_CURVE('',#1441,#1433,#1443,.T.);
#1441 = VERTEX_POINT('',#1442);
#1442 = CARTESIAN_POINT('',(-1.95,1.7,0.));
#1443 = LINE('',#1444,#1445);
#1444 = CARTESIAN_POINT('',(-1.95,1.7,0.));
#1445 = VECTOR('',#1446,1.);
#1446 = DIRECTION('',(0.,0.,1.));
#1447 = ORIENTED_EDGE('',*,*,#1448,.F.);
#1448 = EDGE_CURVE('',#1449,#1441,#1451,.T.);
#1449 = VERTEX_POINT('',#1450);
#1450 = CARTESIAN_POINT('',(-0.75,1.7,0.));
#1451 = LINE('',#1452,#1453);
#1452 = CARTESIAN_POINT('',(3.95,1.7,0.));
#1453 = VECTOR('',#1454,1.);
#1454 = DIRECTION('',(-1.,1.224646799147E-16,0.));
#1455 = ORIENTED_EDGE('',*,*,#1456,.T.);
#1456 = EDGE_CURVE('',#1449,#1457,#1459,.T.);
#1457 = VERTEX_POINT('',#1458);
#1458 = CARTESIAN_POINT('',(-0.75,1.7,0.2));
#1459 = LINE('',#1460,#1461);
#1460 = CARTESIAN_POINT('',(-0.75,1.7,0.));
#1461 = VECTOR('',#1462,1.);
#1462 = DIRECTION('',(0.,0.,1.));
#1463 = ORIENTED_EDGE('',*,*,#1464,.F.);
#1464 = EDGE_CURVE('',#1465,#1457,#1467,.T.);
#1465 = VERTEX_POINT('',#1466);
#1466 = CARTESIAN_POINT('',(0.75,1.7,0.2));
#1467 = LINE('',#1468,#1469);
#1468 = CARTESIAN_POINT('',(0.75,1.7,0.2));
#1469 = VECTOR('',#1470,1.);
#1470 = DIRECTION('',(-1.,1.224646799147E-16,0.));
#1471 = ORIENTED_EDGE('',*,*,#1472,.F.);
#1472 = EDGE_CURVE('',#1473,#1465,#1475,.T.);
#1473 = VERTEX_POINT('',#1474);
#1474 = CARTESIAN_POINT('',(0.75,1.7,0.));
#1475 = LINE('',#1476,#1477);
#1476 = CARTESIAN_POINT('',(0.75,1.7,0.));
#1477 = VECTOR('',#1478,1.);
#1478 = DIRECTION('',(0.,0.,1.));
#1479 = ORIENTED_EDGE('',*,*,#1480,.F.);
#1480 = EDGE_CURVE('',#1481,#1473,#1483,.T.);
#1481 = VERTEX_POINT('',#1482);
#1482 = CARTESIAN_POINT('',(1.25,1.7,0.));
#1483 = LINE('',#1484,#1485);
#1484 = CARTESIAN_POINT('',(3.95,1.7,0.));
#1485 = VECTOR('',#1486,1.);
#1486 = DIRECTION('',(-1.,1.224646799147E-16,0.));
#1487 = ORIENTED_EDGE('',*,*,#1488,.T.);
#1488 = EDGE_CURVE('',#1481,#1489,#1491,.T.);
#1489 = VERTEX_POINT('',#1490);
#1490 = CARTESIAN_POINT('',(1.25,1.7,0.2));
#1491 = LINE('',#1492,#1493);
#1492 = CARTESIAN_POINT('',(1.25,1.7,0.));
#1493 = VECTOR('',#1494,1.);
#1494 = DIRECTION('',(0.,0.,1.));
#1495 = ORIENTED_EDGE('',*,*,#1496,.F.);
#1496 = EDGE_CURVE('',#1295,#1489,#1497,.T.);
#1497 = LINE('',#1498,#1499);
#1498 = CARTESIAN_POINT('',(2.75,1.7,0.2));
#1499 = VECTOR('',#1500,1.);
#1500 = DIRECTION('',(-1.,1.224646799147E-16,0.));
#1501 = ORIENTED_EDGE('',*,*,#1294,.F.);
#1502 = FACE_BOUND('',#1503,.F.);
#1503 = EDGE_LOOP('',(#1504,#1514,#1522,#1530));
#1504 = ORIENTED_EDGE('',*,*,#1505,.T.);
#1505 = EDGE_CURVE('',#1506,#1508,#1510,.T.);
#1506 = VERTEX_POINT('',#1507);
#1507 = CARTESIAN_POINT('',(2.4,1.7,4.2));
#1508 = VERTEX_POINT('',#1509);
#1509 = CARTESIAN_POINT('',(3.4,1.7,4.2));
#1510 = LINE('',#1511,#1512);
#1511 = CARTESIAN_POINT('',(2.4,1.7,4.2));
#1512 = VECTOR('',#1513,1.);
#1513 = DIRECTION('',(1.,-1.224646799147E-16,0.));
#1514 = ORIENTED_EDGE('',*,*,#1515,.T.);
#1515 = EDGE_CURVE('',#1508,#1516,#1518,.T.);
#1516 = VERTEX_POINT('',#1517);
#1517 = CARTESIAN_POINT('',(3.4,1.7,2.4));
#1518 = LINE('',#1519,#1520);
#1519 = CARTESIAN_POINT('',(3.4,1.7,4.2));
#1520 = VECTOR('',#1521,1.);
#1521 = DIRECTION('',(-0.,0.,-1.));
#1522 = ORIENTED_EDGE('',*,*,#1523,.T.);
#1523 = EDGE_CURVE('',#1516,#1524,#1526,.T.);
#1524 = VERTEX_POINT('',#1525);
#1525 = CARTESIAN_POINT('',(2.4,1.7,2.4));
#1526 = LINE('',#1527,#1528);
#1527 = CARTESIAN_POINT('',(3.4,1.7,2.4));
#1528 = VECTOR('',#1529,1.);
#1529 = DIRECTION('',(-1.,1.224646799147E-16,0.));
#1530 = ORIENTED_EDGE('',*,*,#1531,.T.);
#1531 = EDGE_CURVE('',#1524,#1506,#1532,.T.);
#1532 = LINE('',#1533,#1534);
#1533 = CARTESIAN_POINT('',(2.4,1.7,2.4));
#1534 = VECTOR('',#1535,1.);
#1535 = DIRECTION('',(0.,0.,1.));
#1536 = PLANE('',#1537);
#1537 = AXIS2_PLACEMENT_3D('',#1538,#1539,#1540);
#1538 = CARTESIAN_POINT('',(3.95,1.7,0.));
#1539 = DIRECTION('',(-1.224646799147E-16,-1.,0.));
#1540 = DIRECTION('',(-1.,1.224646799147E-16,0.));
#1541 = ADVANCED_FACE('',(#1542),#1576,.T.);
#1542 = FACE_BOUND('',#1543,.T.);
#1543 = EDGE_LOOP('',(#1544,#1552,#1553,#1554,#1562,#1570));
#1544 = ORIENTED_EDGE('',*,*,#1545,.F.);
#1545 = EDGE_CURVE('',#1177,#1546,#1548,.T.);
#1546 = VERTEX_POINT('',#1547);
#1547 = CARTESIAN_POINT('',(3.45,0.2,6.));
#1548 = LINE('',#1549,#1550);
#1549 = CARTESIAN_POINT('',(3.95,0.2,6.));
#1550 = VECTOR('',#1551,1.);
#1551 = DIRECTION('',(-1.,1.224646799147E-16,0.));
#1552 = ORIENTED_EDGE('',*,*,#1184,.T.);
#1553 = ORIENTED_EDGE('',*,*,#1336,.T.);
#1554 = ORIENTED_EDGE('',*,*,#1555,.T.);
#1555 = EDGE_CURVE('',#1337,#1556,#1558,.T.);
#1556 = VERTEX_POINT('',#1557);
#1557 = CARTESIAN_POINT('',(1.45,1.1,6.));
#1558 = LINE('',#1559,#1560);
#1559 = CARTESIAN_POINT('',(1.45,1.7,6.));
#1560 = VECTOR('',#1561,1.);
#1561 = DIRECTION('',(-1.224646799147E-16,-1.,0.));
#1562 = ORIENTED_EDGE('',*,*,#1563,.F.);
#1563 = EDGE_CURVE('',#1564,#1556,#1566,.T.);
#1564 = VERTEX_POINT('',#1565);
#1565 = CARTESIAN_POINT('',(3.45,1.1,6.));
#1566 = LINE('',#1567,#1568);
#1567 = CARTESIAN_POINT('',(3.45,1.1,6.));
#1568 = VECTOR('',#1569,1.);
#1569 = DIRECTION('',(-1.,1.224646799147E-16,0.));
#1570 = ORIENTED_EDGE('',*,*,#1571,.F.);
#1571 = EDGE_CURVE('',#1546,#1564,#1572,.T.);
#1572 = LINE('',#1573,#1574);
#1573 = CARTESIAN_POINT('',(3.45,-2.3,6.));
#1574 = VECTOR('',#1575,1.);
#1575 = DIRECTION('',(1.224646799147E-16,1.,0.));
#1576 = PLANE('',#1577);
#1577 = AXIS2_PLACEMENT_3D('',#1578,#1579,#1580);
#1578 = CARTESIAN_POINT('',(1.,-0.55,6.));
#1579 = DIRECTION('',(0.,0.,1.));
#1580 = DIRECTION('',(-1.,1.224646799147E-16,0.));
#1581 = ADVANCED_FACE('',(#1582),#1600,.T.);
#1582 = FACE_BOUND('',#1583,.T.);
#1583 = EDGE_LOOP('',(#1584,#1585,#1586,#1594));
#1584 = ORIENTED_EDGE('',*,*,#1176,.F.);
#1585 = ORIENTED_EDGE('',*,*,#1545,.T.);
#1586 = ORIENTED_EDGE('',*,*,#1587,.T.);
#1587 = EDGE_CURVE('',#1546,#1588,#1590,.T.);
#1588 = VERTEX_POINT('',#1589);
#1589 = CARTESIAN_POINT('',(3.45,0.2,4.4));
#1590 = LINE('',#1591,#1592);
#1591 = CARTESIAN_POINT('',(3.45,0.2,6.));
#1592 = VECTOR('',#1593,1.);
#1593 = DIRECTION('',(-0.,0.,-1.));
#1594 = ORIENTED_EDGE('',*,*,#1595,.F.);
#1595 = EDGE_CURVE('',#1168,#1588,#1596,.T.);
#1596 = LINE('',#1597,#1598);
#1597 = CARTESIAN_POINT('',(3.95,0.2,4.4));
#1598 = VECTOR('',#1599,1.);
#1599 = DIRECTION('',(-1.,1.224646799147E-16,0.));
#1600 = PLANE('',#1601);
#1601 = AXIS2_PLACEMENT_3D('',#1602,#1603,#1604);
#1602 = CARTESIAN_POINT('',(3.95,0.2,6.));
#1603 = DIRECTION('',(-1.224646799147E-16,-1.,0.));
#1604 = DIRECTION('',(-0.,0.,-1.));
#1605 = ADVANCED_FACE('',(#1606),#1625,.F.);
#1606 = FACE_BOUND('',#1607,.F.);
#1607 = EDGE_LOOP('',(#1608,#1616,#1623,#1624));
#1608 = ORIENTED_EDGE('',*,*,#1609,.T.);
#1609 = EDGE_CURVE('',#1160,#1610,#1612,.T.);
#1610 = VERTEX_POINT('',#1611);
#1611 = CARTESIAN_POINT('',(3.45,-0.6,4.4));
#1612 = LINE('',#1613,#1614);
#1613 = CARTESIAN_POINT('',(3.95,-0.6,4.4));
#1614 = VECTOR('',#1615,1.);
#1615 = DIRECTION('',(-1.,1.224646799147E-16,0.));
#1616 = ORIENTED_EDGE('',*,*,#1617,.T.);
#1617 = EDGE_CURVE('',#1610,#1588,#1618,.T.);
#1618 = CIRCLE('',#1619,0.4);
#1619 = AXIS2_PLACEMENT_3D('',#1620,#1621,#1622);
#1620 = CARTESIAN_POINT('',(3.45,-0.2,4.4));
#1621 = DIRECTION('',(1.,-1.224646799147E-16,0.));
#1622 = DIRECTION('',(1.224646799147E-16,1.,0.));
#1623 = ORIENTED_EDGE('',*,*,#1595,.F.);
#1624 = ORIENTED_EDGE('',*,*,#1167,.T.);
#1625 = CYLINDRICAL_SURFACE('',#1626,0.4);
#1626 = AXIS2_PLACEMENT_3D('',#1627,#1628,#1629);
#1627 = CARTESIAN_POINT('',(3.95,-0.2,4.4));
#1628 = DIRECTION('',(1.,-1.224646799147E-16,-0.));
#1629 = DIRECTION('',(1.224646799147E-16,1.,0.));
#1630 = ADVANCED_FACE('',(#1631),#1649,.T.);
#1631 = FACE_BOUND('',#1632,.T.);
#1632 = EDGE_LOOP('',(#1633,#1634,#1635,#1643));
#1633 = ORIENTED_EDGE('',*,*,#1159,.F.);
#1634 = ORIENTED_EDGE('',*,*,#1609,.T.);
#1635 = ORIENTED_EDGE('',*,*,#1636,.T.);
#1636 = EDGE_CURVE('',#1610,#1637,#1639,.T.);
#1637 = VERTEX_POINT('',#1638);
#1638 = CARTESIAN_POINT('',(3.45,-0.6,6.));
#1639 = LINE('',#1640,#1641);
#1640 = CARTESIAN_POINT('',(3.45,-0.6,5.2));
#1641 = VECTOR('',#1642,1.);
#1642 = DIRECTION('',(0.,0.,1.));
#1643 = ORIENTED_EDGE('',*,*,#1644,.F.);
#1644 = EDGE_CURVE('',#1152,#1637,#1645,.T.);
#1645 = LINE('',#1646,#1647);
#1646 = CARTESIAN_POINT('',(3.95,-0.6,6.));
#1647 = VECTOR('',#1648,1.);
#1648 = DIRECTION('',(-1.,1.224646799147E-16,0.));
#1649 = PLANE('',#1650);
#1650 = AXIS2_PLACEMENT_3D('',#1651,#1652,#1653);
#1651 = CARTESIAN_POINT('',(3.95,-0.6,4.4));
#1652 = DIRECTION('',(1.224646799147E-16,1.,0.));
#1653 = DIRECTION('',(0.,-0.,1.));
#1654 = ADVANCED_FACE('',(#1655),#1698,.T.);
#1655 = FACE_BOUND('',#1656,.T.);
#1656 = EDGE_LOOP('',(#1657,#1658,#1659,#1667,#1675,#1683,#1691,#1697));
#1657 = ORIENTED_EDGE('',*,*,#1151,.T.);
#1658 = ORIENTED_EDGE('',*,*,#1644,.T.);
#1659 = ORIENTED_EDGE('',*,*,#1660,.F.);
#1660 = EDGE_CURVE('',#1661,#1637,#1663,.T.);
#1661 = VERTEX_POINT('',#1662);
#1662 = CARTESIAN_POINT('',(3.45,-2.3,6.));
#1663 = LINE('',#1664,#1665);
#1664 = CARTESIAN_POINT('',(3.45,-2.3,6.));
#1665 = VECTOR('',#1666,1.);
#1666 = DIRECTION('',(1.224646799147E-16,1.,0.));
#1667 = ORIENTED_EDGE('',*,*,#1668,.F.);
#1668 = EDGE_CURVE('',#1669,#1661,#1671,.T.);
#1669 = VERTEX_POINT('',#1670);
#1670 = CARTESIAN_POINT('',(-1.45,-2.3,6.));
#1671 = LINE('',#1672,#1673);
#1672 = CARTESIAN_POINT('',(-1.45,-2.3,6.));
#1673 = VECTOR('',#1674,1.);
#1674 = DIRECTION('',(1.,-1.224646799147E-16,0.));
#1675 = ORIENTED_EDGE('',*,*,#1676,.F.);
#1676 = EDGE_CURVE('',#1677,#1669,#1679,.T.);
#1677 = VERTEX_POINT('',#1678);
#1678 = CARTESIAN_POINT('',(-1.45,-0.6,6.));
#1679 = LINE('',#1680,#1681);
#1680 = CARTESIAN_POINT('',(-1.45,1.1,6.));
#1681 = VECTOR('',#1682,1.);
#1682 = DIRECTION('',(-1.224646799147E-16,-1.,0.));
#1683 = ORIENTED_EDGE('',*,*,#1684,.T.);
#1684 = EDGE_CURVE('',#1677,#1685,#1687,.T.);
#1685 = VERTEX_POINT('',#1686);
#1686 = CARTESIAN_POINT('',(-1.95,-0.6,6.));
#1687 = LINE('',#1688,#1689);
#1688 = CARTESIAN_POINT('',(3.95,-0.6,6.));
#1689 = VECTOR('',#1690,1.);
#1690 = DIRECTION('',(-1.,1.224646799147E-16,0.));
#1691 = ORIENTED_EDGE('',*,*,#1692,.T.);
#1692 = EDGE_CURVE('',#1685,#1217,#1693,.T.);
#1693 = LINE('',#1694,#1695);
#1694 = CARTESIAN_POINT('',(-1.95,1.7,6.));
#1695 = VECTOR('',#1696,1.);
#1696 = DIRECTION('',(-1.224646799147E-16,-1.,0.));
#1697 = ORIENTED_EDGE('',*,*,#1224,.T.);
#1698 = PLANE('',#1699);
#1699 = AXIS2_PLACEMENT_3D('',#1700,#1701,#1702);
#1700 = CARTESIAN_POINT('',(1.,-0.55,6.));
#1701 = DIRECTION('',(0.,0.,1.));
#1702 = DIRECTION('',(-1.,1.224646799147E-16,0.));
#1703 = ADVANCED_FACE('',(#1704),#1720,.F.);
#1704 = FACE_BOUND('',#1705,.F.);
#1705 = EDGE_LOOP('',(#1706,#1707,#1713,#1714));
#1706 = ORIENTED_EDGE('',*,*,#1206,.T.);
#1707 = ORIENTED_EDGE('',*,*,#1708,.T.);
#1708 = EDGE_CURVE('',#1209,#1449,#1709,.T.);
#1709 = LINE('',#1710,#1711);
#1710 = CARTESIAN_POINT('',(-0.75,-2.8,0.));
#1711 = VECTOR('',#1712,1.);
#1712 = DIRECTION('',(1.224646799147E-16,1.,0.));
#1713 = ORIENTED_EDGE('',*,*,#1448,.T.);
#1714 = ORIENTED_EDGE('',*,*,#1715,.T.);
#1715 = EDGE_CURVE('',#1441,#1207,#1716,.T.);
#1716 = LINE('',#1717,#1718);
#1717 = CARTESIAN_POINT('',(-1.95,1.7,0.));
#1718 = VECTOR('',#1719,1.);
#1719 = DIRECTION('',(-1.224646799147E-16,-1.,0.));
#1720 = PLANE('',#1721);
#1721 = AXIS2_PLACEMENT_3D('',#1722,#1723,#1724);
#1722 = CARTESIAN_POINT('',(1.,-0.55,0.));
#1723 = DIRECTION('',(0.,0.,1.));
#1724 = DIRECTION('',(-1.,1.224646799147E-16,0.));
#1725 = ADVANCED_FACE('',(#1726),#1753,.T.);
#1726 = FACE_BOUND('',#1727,.T.);
#1727 = EDGE_LOOP('',(#1728,#1729,#1737,#1745,#1751,#1752));
#1728 = ORIENTED_EDGE('',*,*,#1456,.T.);
#1729 = ORIENTED_EDGE('',*,*,#1730,.T.);
#1730 = EDGE_CURVE('',#1457,#1731,#1733,.T.);
#1731 = VERTEX_POINT('',#1732);
#1732 = CARTESIAN_POINT('',(-0.75,0.5,0.1));
#1733 = LINE('',#1734,#1735);
#1734 = CARTESIAN_POINT('',(-0.75,1.7,0.2));
#1735 = VECTOR('',#1736,1.);
#1736 = DIRECTION('',(-1.220416573038E-16,-0.996545758245,
    -8.304547985373E-02));
#1737 = ORIENTED_EDGE('',*,*,#1738,.T.);
#1738 = EDGE_CURVE('',#1731,#1739,#1741,.T.);
#1739 = VERTEX_POINT('',#1740);
#1740 = CARTESIAN_POINT('',(-0.75,-0.5,0.1));
#1741 = LINE('',#1742,#1743);
#1742 = CARTESIAN_POINT('',(-0.75,0.5,0.1));
#1743 = VECTOR('',#1744,1.);
#1744 = DIRECTION('',(-1.224646799147E-16,-1.,0.));
#1745 = ORIENTED_EDGE('',*,*,#1746,.T.);
#1746 = EDGE_CURVE('',#1739,#1273,#1747,.T.);
#1747 = LINE('',#1748,#1749);
#1748 = CARTESIAN_POINT('',(-0.75,-0.5,0.1));
#1749 = VECTOR('',#1750,1.);
#1750 = DIRECTION('',(-1.223490926498E-16,-0.999056158355,
    4.343722427631E-02));
#1751 = ORIENTED_EDGE('',*,*,#1280,.T.);
#1752 = ORIENTED_EDGE('',*,*,#1708,.T.);
#1753 = PLANE('',#1754);
#1754 = AXIS2_PLACEMENT_3D('',#1755,#1756,#1757);
#1755 = CARTESIAN_POINT('',(-0.75,-0.549524476701,7.07980355453E-02));
#1756 = DIRECTION('',(1.,-1.224646799147E-16,-0.));
#1757 = DIRECTION('',(-0.,0.,-1.));
#1758 = ADVANCED_FACE('',(#1759),#1777,.F.);
#1759 = FACE_BOUND('',#1760,.F.);
#1760 = EDGE_LOOP('',(#1761,#1769,#1770,#1771));
#1761 = ORIENTED_EDGE('',*,*,#1762,.T.);
#1762 = EDGE_CURVE('',#1763,#1739,#1765,.T.);
#1763 = VERTEX_POINT('',#1764);
#1764 = CARTESIAN_POINT('',(0.75,-0.5,0.1));
#1765 = LINE('',#1766,#1767);
#1766 = CARTESIAN_POINT('',(0.75,-0.5,0.1));
#1767 = VECTOR('',#1768,1.);
#1768 = DIRECTION('',(-1.,1.224646799147E-16,0.));
#1769 = ORIENTED_EDGE('',*,*,#1746,.T.);
#1770 = ORIENTED_EDGE('',*,*,#1272,.F.);
#1771 = ORIENTED_EDGE('',*,*,#1772,.F.);
#1772 = EDGE_CURVE('',#1763,#1265,#1773,.T.);
#1773 = LINE('',#1774,#1775);
#1774 = CARTESIAN_POINT('',(0.75,-0.5,0.1));
#1775 = VECTOR('',#1776,1.);
#1776 = DIRECTION('',(-1.223490926498E-16,-0.999056158355,
    4.343722427631E-02));
#1777 = PLANE('',#1778);
#1778 = AXIS2_PLACEMENT_3D('',#1779,#1780,#1781);
#1779 = CARTESIAN_POINT('',(0.75,-0.5,0.1));
#1780 = DIRECTION('',(5.319525767383E-18,4.343722427631E-02,
    0.999056158355));
#1781 = DIRECTION('',(-1.223490926498E-16,-0.999056158355,
    4.343722427631E-02));
#1782 = ADVANCED_FACE('',(#1783),#1808,.F.);
#1783 = FACE_BOUND('',#1784,.F.);
#1784 = EDGE_LOOP('',(#1785,#1786,#1794,#1800,#1801,#1802));
#1785 = ORIENTED_EDGE('',*,*,#1472,.T.);
#1786 = ORIENTED_EDGE('',*,*,#1787,.T.);
#1787 = EDGE_CURVE('',#1465,#1788,#1790,.T.);
#1788 = VERTEX_POINT('',#1789);
#1789 = CARTESIAN_POINT('',(0.75,0.5,0.1));
#1790 = LINE('',#1791,#1792);
#1791 = CARTESIAN_POINT('',(0.75,1.7,0.2));
#1792 = VECTOR('',#1793,1.);
#1793 = DIRECTION('',(-1.220416573038E-16,-0.996545758245,
    -8.304547985373E-02));
#1794 = ORIENTED_EDGE('',*,*,#1795,.T.);
#1795 = EDGE_CURVE('',#1788,#1763,#1796,.T.);
#1796 = LINE('',#1797,#1798);
#1797 = CARTESIAN_POINT('',(0.75,0.5,0.1));
#1798 = VECTOR('',#1799,1.);
#1799 = DIRECTION('',(-1.224646799147E-16,-1.,0.));
#1800 = ORIENTED_EDGE('',*,*,#1772,.T.);
#1801 = ORIENTED_EDGE('',*,*,#1264,.T.);
#1802 = ORIENTED_EDGE('',*,*,#1803,.T.);
#1803 = EDGE_CURVE('',#1257,#1473,#1804,.T.);
#1804 = LINE('',#1805,#1806);
#1805 = CARTESIAN_POINT('',(0.75,-2.8,0.));
#1806 = VECTOR('',#1807,1.);
#1807 = DIRECTION('',(1.224646799147E-16,1.,0.));
#1808 = PLANE('',#1809);
#1809 = AXIS2_PLACEMENT_3D('',#1810,#1811,#1812);
#1810 = CARTESIAN_POINT('',(0.75,-0.549524476701,7.07980355453E-02));
#1811 = DIRECTION('',(1.,-1.224646799147E-16,-0.));
#1812 = DIRECTION('',(-0.,0.,-1.));
#1813 = ADVANCED_FACE('',(#1814),#1825,.F.);
#1814 = FACE_BOUND('',#1815,.F.);
#1815 = EDGE_LOOP('',(#1816,#1817,#1823,#1824));
#1816 = ORIENTED_EDGE('',*,*,#1256,.T.);
#1817 = ORIENTED_EDGE('',*,*,#1818,.T.);
#1818 = EDGE_CURVE('',#1249,#1481,#1819,.T.);
#1819 = LINE('',#1820,#1821);
#1820 = CARTESIAN_POINT('',(1.25,-2.8,0.));
#1821 = VECTOR('',#1822,1.);
#1822 = DIRECTION('',(1.224646799147E-16,1.,0.));
#1823 = ORIENTED_EDGE('',*,*,#1480,.T.);
#1824 = ORIENTED_EDGE('',*,*,#1803,.F.);
#1825 = PLANE('',#1826);
#1826 = AXIS2_PLACEMENT_3D('',#1827,#1828,#1829);
#1827 = CARTESIAN_POINT('',(1.,-0.55,0.));
#1828 = DIRECTION('',(0.,0.,1.));
#1829 = DIRECTION('',(-1.,1.224646799147E-16,0.));
#1830 = ADVANCED_FACE('',(#1831),#1858,.T.);
#1831 = FACE_BOUND('',#1832,.T.);
#1832 = EDGE_LOOP('',(#1833,#1834,#1842,#1850,#1856,#1857));
#1833 = ORIENTED_EDGE('',*,*,#1488,.T.);
#1834 = ORIENTED_EDGE('',*,*,#1835,.T.);
#1835 = EDGE_CURVE('',#1489,#1836,#1838,.T.);
#1836 = VERTEX_POINT('',#1837);
#1837 = CARTESIAN_POINT('',(1.25,0.5,0.1));
#1838 = LINE('',#1839,#1840);
#1839 = CARTESIAN_POINT('',(1.25,1.7,0.2));
#1840 = VECTOR('',#1841,1.);
#1841 = DIRECTION('',(-1.220416573038E-16,-0.996545758245,
    -8.304547985373E-02));
#1842 = ORIENTED_EDGE('',*,*,#1843,.T.);
#1843 = EDGE_CURVE('',#1836,#1844,#1846,.T.);
#1844 = VERTEX_POINT('',#1845);
#1845 = CARTESIAN_POINT('',(1.25,-0.5,0.1));
#1846 = LINE('',#1847,#1848);
#1847 = CARTESIAN_POINT('',(1.25,0.5,0.1));
#1848 = VECTOR('',#1849,1.);
#1849 = DIRECTION('',(-1.224646799147E-16,-1.,0.));
#1850 = ORIENTED_EDGE('',*,*,#1851,.T.);
#1851 = EDGE_CURVE('',#1844,#1241,#1852,.T.);
#1852 = LINE('',#1853,#1854);
#1853 = CARTESIAN_POINT('',(1.25,-0.5,0.1));
#1854 = VECTOR('',#1855,1.);
#1855 = DIRECTION('',(-1.223490926498E-16,-0.999056158355,
    4.343722427631E-02));
#1856 = ORIENTED_EDGE('',*,*,#1248,.T.);
#1857 = ORIENTED_EDGE('',*,*,#1818,.T.);
#1858 = PLANE('',#1859);
#1859 = AXIS2_PLACEMENT_3D('',#1860,#1861,#1862);
#1860 = CARTESIAN_POINT('',(1.25,-0.549524476701,7.07980355453E-02));
#1861 = DIRECTION('',(1.,-1.224646799147E-16,-0.));
#1862 = DIRECTION('',(-0.,0.,-1.));
#1863 = ADVANCED_FACE('',(#1864),#1875,.F.);
#1864 = FACE_BOUND('',#1865,.F.);
#1865 = EDGE_LOOP('',(#1866,#1872,#1873,#1874));
#1866 = ORIENTED_EDGE('',*,*,#1867,.T.);
#1867 = EDGE_CURVE('',#1311,#1844,#1868,.T.);
#1868 = LINE('',#1869,#1870);
#1869 = CARTESIAN_POINT('',(2.75,-0.5,0.1));
#1870 = VECTOR('',#1871,1.);
#1871 = DIRECTION('',(-1.,1.224646799147E-16,0.));
#1872 = ORIENTED_EDGE('',*,*,#1851,.T.);
#1873 = ORIENTED_EDGE('',*,*,#1240,.F.);
#1874 = ORIENTED_EDGE('',*,*,#1318,.F.);
#1875 = PLANE('',#1876);
#1876 = AXIS2_PLACEMENT_3D('',#1877,#1878,#1879);
#1877 = CARTESIAN_POINT('',(2.75,-0.5,0.1));
#1878 = DIRECTION('',(5.319525767383E-18,4.343722427631E-02,
    0.999056158355));
#1879 = DIRECTION('',(-1.223490926498E-16,-0.999056158355,
    4.343722427631E-02));
#1880 = ADVANCED_FACE('',(#1881),#1918,.F.);
#1881 = FACE_BOUND('',#1882,.F.);
#1882 = EDGE_LOOP('',(#1883,#1884,#1885,#1893,#1901,#1910,#1916,#1917));
#1883 = ORIENTED_EDGE('',*,*,#1715,.F.);
#1884 = ORIENTED_EDGE('',*,*,#1440,.T.);
#1885 = ORIENTED_EDGE('',*,*,#1886,.T.);
#1886 = EDGE_CURVE('',#1433,#1887,#1889,.T.);
#1887 = VERTEX_POINT('',#1888);
#1888 = CARTESIAN_POINT('',(-1.95,0.2,6.));
#1889 = LINE('',#1890,#1891);
#1890 = CARTESIAN_POINT('',(-1.95,1.7,6.));
#1891 = VECTOR('',#1892,1.);
#1892 = DIRECTION('',(-1.224646799147E-16,-1.,0.));
#1893 = ORIENTED_EDGE('',*,*,#1894,.T.);
#1894 = EDGE_CURVE('',#1887,#1895,#1897,.T.);
#1895 = VERTEX_POINT('',#1896);
#1896 = CARTESIAN_POINT('',(-1.95,0.2,4.4));
#1897 = LINE('',#1898,#1899);
#1898 = CARTESIAN_POINT('',(-1.95,0.2,3.));
#1899 = VECTOR('',#1900,1.);
#1900 = DIRECTION('',(-0.,0.,-1.));
#1901 = ORIENTED_EDGE('',*,*,#1902,.F.);
#1902 = EDGE_CURVE('',#1903,#1895,#1905,.T.);
#1903 = VERTEX_POINT('',#1904);
#1904 = CARTESIAN_POINT('',(-1.95,-0.6,4.4));
#1905 = CIRCLE('',#1906,0.4);
#1906 = AXIS2_PLACEMENT_3D('',#1907,#1908,#1909);
#1907 = CARTESIAN_POINT('',(-1.95,-0.2,4.4));
#1908 = DIRECTION('',(1.,-1.224646799147E-16,0.));
#1909 = DIRECTION('',(1.224646799147E-16,1.,0.));
#1910 = ORIENTED_EDGE('',*,*,#1911,.T.);
#1911 = EDGE_CURVE('',#1903,#1685,#1912,.T.);
#1912 = LINE('',#1913,#1914);
#1913 = CARTESIAN_POINT('',(-1.95,-0.6,2.2));
#1914 = VECTOR('',#1915,1.);
#1915 = DIRECTION('',(0.,0.,1.));
#1916 = ORIENTED_EDGE('',*,*,#1692,.T.);
#1917 = ORIENTED_EDGE('',*,*,#1216,.F.);
#1918 = PLANE('',#1919);
#1919 = AXIS2_PLACEMENT_3D('',#1920,#1921,#1922);
#1920 = CARTESIAN_POINT('',(-1.95,1.7,0.));
#1921 = DIRECTION('',(1.,-1.224646799147E-16,0.));
#1922 = DIRECTION('',(-1.224646799147E-16,-1.,0.));
#1923 = ADVANCED_FACE('',(#1924),#1935,.F.);
#1924 = FACE_BOUND('',#1925,.F.);
#1925 = EDGE_LOOP('',(#1926,#1927,#1928,#1934));
#1926 = ORIENTED_EDGE('',*,*,#1496,.T.);
#1927 = ORIENTED_EDGE('',*,*,#1835,.T.);
#1928 = ORIENTED_EDGE('',*,*,#1929,.F.);
#1929 = EDGE_CURVE('',#1303,#1836,#1930,.T.);
#1930 = LINE('',#1931,#1932);
#1931 = CARTESIAN_POINT('',(2.75,0.5,0.1));
#1932 = VECTOR('',#1933,1.);
#1933 = DIRECTION('',(-1.,1.224646799147E-16,0.));
#1934 = ORIENTED_EDGE('',*,*,#1302,.F.);
#1935 = PLANE('',#1936);
#1936 = AXIS2_PLACEMENT_3D('',#1937,#1938,#1939);
#1937 = CARTESIAN_POINT('',(2.75,1.7,0.2));
#1938 = DIRECTION('',(-1.017013810865E-17,-8.304547985373E-02,
    0.996545758245));
#1939 = DIRECTION('',(-1.220416573038E-16,-0.996545758245,
    -8.304547985373E-02));
#1940 = ADVANCED_FACE('',(#1941,#1947),#1981,.F.);
#1941 = FACE_BOUND('',#1942,.F.);
#1942 = EDGE_LOOP('',(#1943,#1944,#1945,#1946));
#1943 = ORIENTED_EDGE('',*,*,#1929,.T.);
#1944 = ORIENTED_EDGE('',*,*,#1843,.T.);
#1945 = ORIENTED_EDGE('',*,*,#1867,.F.);
#1946 = ORIENTED_EDGE('',*,*,#1310,.F.);
#1947 = FACE_BOUND('',#1948,.F.);
#1948 = EDGE_LOOP('',(#1949,#1959,#1967,#1975));
#1949 = ORIENTED_EDGE('',*,*,#1950,.T.);
#1950 = EDGE_CURVE('',#1951,#1953,#1955,.T.);
#1951 = VERTEX_POINT('',#1952);
#1952 = CARTESIAN_POINT('',(1.75,0.25,0.1));
#1953 = VERTEX_POINT('',#1954);
#1954 = CARTESIAN_POINT('',(2.25,0.25,0.1));
#1955 = LINE('',#1956,#1957);
#1956 = CARTESIAN_POINT('',(2.5,0.25,0.1));
#1957 = VECTOR('',#1958,1.);
#1958 = DIRECTION('',(1.,-1.224646799147E-16,0.));
#1959 = ORIENTED_EDGE('',*,*,#1960,.T.);
#1960 = EDGE_CURVE('',#1953,#1961,#1963,.T.);
#1961 = VERTEX_POINT('',#1962);
#1962 = CARTESIAN_POINT('',(2.25,-0.25,0.1));
#1963 = LINE('',#1964,#1965);
#1964 = CARTESIAN_POINT('',(2.25,0.271633216363,0.1));
#1965 = VECTOR('',#1966,1.);
#1966 = DIRECTION('',(-1.224646799147E-16,-1.,0.));
#1967 = ORIENTED_EDGE('',*,*,#1968,.T.);
#1968 = EDGE_CURVE('',#1961,#1969,#1971,.T.);
#1969 = VERTEX_POINT('',#1970);
#1970 = CARTESIAN_POINT('',(1.75,-0.25,0.1));
#1971 = LINE('',#1972,#1973);
#1972 = CARTESIAN_POINT('',(2.5,-0.25,0.1));
#1973 = VECTOR('',#1974,1.);
#1974 = DIRECTION('',(-1.,1.224646799147E-16,0.));
#1975 = ORIENTED_EDGE('',*,*,#1976,.F.);
#1976 = EDGE_CURVE('',#1951,#1969,#1977,.T.);
#1977 = LINE('',#1978,#1979);
#1978 = CARTESIAN_POINT('',(1.75,0.271633216363,0.1));
#1979 = VECTOR('',#1980,1.);
#1980 = DIRECTION('',(-1.224646799147E-16,-1.,0.));
#1981 = PLANE('',#1982);
#1982 = AXIS2_PLACEMENT_3D('',#1983,#1984,#1985);
#1983 = CARTESIAN_POINT('',(2.75,0.5,0.1));
#1984 = DIRECTION('',(0.,0.,1.));
#1985 = DIRECTION('',(-1.224646799147E-16,-1.,0.));
#1986 = ADVANCED_FACE('',(#1987),#1998,.F.);
#1987 = FACE_BOUND('',#1988,.F.);
#1988 = EDGE_LOOP('',(#1989,#1990,#1991,#1997));
#1989 = ORIENTED_EDGE('',*,*,#1464,.T.);
#1990 = ORIENTED_EDGE('',*,*,#1730,.T.);
#1991 = ORIENTED_EDGE('',*,*,#1992,.F.);
#1992 = EDGE_CURVE('',#1788,#1731,#1993,.T.);
#1993 = LINE('',#1994,#1995);
#1994 = CARTESIAN_POINT('',(0.75,0.5,0.1));
#1995 = VECTOR('',#1996,1.);
#1996 = DIRECTION('',(-1.,1.224646799147E-16,0.));
#1997 = ORIENTED_EDGE('',*,*,#1787,.F.);
#1998 = PLANE('',#1999);
#1999 = AXIS2_PLACEMENT_3D('',#2000,#2001,#2002);
#2000 = CARTESIAN_POINT('',(0.75,1.7,0.2));
#2001 = DIRECTION('',(-1.017013810865E-17,-8.304547985373E-02,
    0.996545758245));
#2002 = DIRECTION('',(-1.220416573038E-16,-0.996545758245,
    -8.304547985373E-02));
#2003 = ADVANCED_FACE('',(#2004),#2061,.T.);
#2004 = FACE_BOUND('',#2005,.T.);
#2005 = EDGE_LOOP('',(#2006,#2014,#2015,#2023,#2031,#2037,#2038,#2039,
    #2047,#2055));
#2006 = ORIENTED_EDGE('',*,*,#2007,.F.);
#2007 = EDGE_CURVE('',#1361,#2008,#2010,.T.);
#2008 = VERTEX_POINT('',#2009);
#2009 = CARTESIAN_POINT('',(0.55,1.1,6.));
#2010 = LINE('',#2011,#2012);
#2011 = CARTESIAN_POINT('',(0.55,1.7,6.));
#2012 = VECTOR('',#2013,1.);
#2013 = DIRECTION('',(-1.224646799147E-16,-1.,0.));
#2014 = ORIENTED_EDGE('',*,*,#1368,.T.);
#2015 = ORIENTED_EDGE('',*,*,#2016,.T.);
#2016 = EDGE_CURVE('',#1369,#2017,#2019,.T.);
#2017 = VERTEX_POINT('',#2018);
#2018 = CARTESIAN_POINT('',(-0.45,1.75,6.));
#2019 = LINE('',#2020,#2021);
#2020 = CARTESIAN_POINT('',(-0.45,1.7,6.));
#2021 = VECTOR('',#2022,1.);
#2022 = DIRECTION('',(1.224646799147E-16,1.,0.));
#2023 = ORIENTED_EDGE('',*,*,#2024,.T.);
#2024 = EDGE_CURVE('',#2017,#2025,#2027,.T.);
#2025 = VERTEX_POINT('',#2026);
#2026 = CARTESIAN_POINT('',(-0.95,1.75,6.));
#2027 = LINE('',#2028,#2029);
#2028 = CARTESIAN_POINT('',(-0.45,1.75,6.));
#2029 = VECTOR('',#2030,1.);
#2030 = DIRECTION('',(-1.,1.224646799147E-16,0.));
#2031 = ORIENTED_EDGE('',*,*,#2032,.T.);
#2032 = EDGE_CURVE('',#2025,#1425,#2033,.T.);
#2033 = LINE('',#2034,#2035);
#2034 = CARTESIAN_POINT('',(-0.95,1.75,6.));
#2035 = VECTOR('',#2036,1.);
#2036 = DIRECTION('',(-1.224646799147E-16,-1.,0.));
#2037 = ORIENTED_EDGE('',*,*,#1432,.T.);
#2038 = ORIENTED_EDGE('',*,*,#1886,.T.);
#2039 = ORIENTED_EDGE('',*,*,#2040,.F.);
#2040 = EDGE_CURVE('',#2041,#1887,#2043,.T.);
#2041 = VERTEX_POINT('',#2042);
#2042 = CARTESIAN_POINT('',(-1.45,0.2,6.));
#2043 = LINE('',#2044,#2045);
#2044 = CARTESIAN_POINT('',(3.95,0.2,6.));
#2045 = VECTOR('',#2046,1.);
#2046 = DIRECTION('',(-1.,1.224646799147E-16,0.));
#2047 = ORIENTED_EDGE('',*,*,#2048,.F.);
#2048 = EDGE_CURVE('',#2049,#2041,#2051,.T.);
#2049 = VERTEX_POINT('',#2050);
#2050 = CARTESIAN_POINT('',(-1.45,1.1,6.));
#2051 = LINE('',#2052,#2053);
#2052 = CARTESIAN_POINT('',(-1.45,1.1,6.));
#2053 = VECTOR('',#2054,1.);
#2054 = DIRECTION('',(-1.224646799147E-16,-1.,0.));
#2055 = ORIENTED_EDGE('',*,*,#2056,.F.);
#2056 = EDGE_CURVE('',#2008,#2049,#2057,.T.);
#2057 = LINE('',#2058,#2059);
#2058 = CARTESIAN_POINT('',(3.45,1.1,6.));
#2059 = VECTOR('',#2060,1.);
#2060 = DIRECTION('',(-1.,1.224646799147E-16,0.));
#2061 = PLANE('',#2062);
#2062 = AXIS2_PLACEMENT_3D('',#2063,#2064,#2065);
#2063 = CARTESIAN_POINT('',(-0.922222222222,1.18487654321,6.));
#2064 = DIRECTION('',(0.,0.,1.));
#2065 = DIRECTION('',(-1.,1.224646799147E-16,0.));
#2066 = ADVANCED_FACE('',(#2067),#2085,.F.);
#2067 = FACE_BOUND('',#2068,.F.);
#2068 = EDGE_LOOP('',(#2069,#2077,#2078,#2079));
#2069 = ORIENTED_EDGE('',*,*,#2070,.T.);
#2070 = EDGE_CURVE('',#2071,#2025,#2073,.T.);
#2071 = VERTEX_POINT('',#2072);
#2072 = CARTESIAN_POINT('',(-0.95,1.75,4.2));
#2073 = LINE('',#2074,#2075);
#2074 = CARTESIAN_POINT('',(-0.95,1.75,4.2));
#2075 = VECTOR('',#2076,1.);
#2076 = DIRECTION('',(0.,0.,1.));
#2077 = ORIENTED_EDGE('',*,*,#2032,.T.);
#2078 = ORIENTED_EDGE('',*,*,#1424,.F.);
#2079 = ORIENTED_EDGE('',*,*,#2080,.F.);
#2080 = EDGE_CURVE('',#2071,#1417,#2081,.T.);
#2081 = LINE('',#2082,#2083);
#2082 = CARTESIAN_POINT('',(-0.95,1.75,4.2));
#2083 = VECTOR('',#2084,1.);
#2084 = DIRECTION('',(-1.224646799147E-16,-1.,0.));
#2085 = PLANE('',#2086);
#2086 = AXIS2_PLACEMENT_3D('',#2087,#2088,#2089);
#2087 = CARTESIAN_POINT('',(-0.95,1.75,4.2));
#2088 = DIRECTION('',(1.,-1.224646799147E-16,0.));
#2089 = DIRECTION('',(-1.224646799147E-16,-1.,0.));
#2090 = ADVANCED_FACE('',(#2091),#2132,.T.);
#2091 = FACE_BOUND('',#2092,.T.);
#2092 = EDGE_LOOP('',(#2093,#2094,#2102,#2110,#2116,#2117,#2118,#2126));
#2093 = ORIENTED_EDGE('',*,*,#1384,.F.);
#2094 = ORIENTED_EDGE('',*,*,#2095,.T.);
#2095 = EDGE_CURVE('',#1385,#2096,#2098,.T.);
#2096 = VERTEX_POINT('',#2097);
#2097 = CARTESIAN_POINT('',(-0.4,1.1,4.2));
#2098 = LINE('',#2099,#2100);
#2099 = CARTESIAN_POINT('',(-0.4,1.7,4.2));
#2100 = VECTOR('',#2101,1.);
#2101 = DIRECTION('',(-1.224646799147E-16,-1.,0.));
#2102 = ORIENTED_EDGE('',*,*,#2103,.T.);
#2103 = EDGE_CURVE('',#2096,#2104,#2106,.T.);
#2104 = VERTEX_POINT('',#2105);
#2105 = CARTESIAN_POINT('',(-1.4,1.1,4.2));
#2106 = LINE('',#2107,#2108);
#2107 = CARTESIAN_POINT('',(1.525,1.1,4.2));
#2108 = VECTOR('',#2109,1.);
#2109 = DIRECTION('',(-1.,1.224646799147E-16,0.));
#2110 = ORIENTED_EDGE('',*,*,#2111,.F.);
#2111 = EDGE_CURVE('',#1409,#2104,#2112,.T.);
#2112 = LINE('',#2113,#2114);
#2113 = CARTESIAN_POINT('',(-1.4,1.7,4.2));
#2114 = VECTOR('',#2115,1.);
#2115 = DIRECTION('',(-1.224646799147E-16,-1.,0.));
#2116 = ORIENTED_EDGE('',*,*,#1416,.F.);
#2117 = ORIENTED_EDGE('',*,*,#2080,.F.);
#2118 = ORIENTED_EDGE('',*,*,#2119,.F.);
#2119 = EDGE_CURVE('',#2120,#2071,#2122,.T.);
#2120 = VERTEX_POINT('',#2121);
#2121 = CARTESIAN_POINT('',(-0.45,1.75,4.2));
#2122 = LINE('',#2123,#2124);
#2123 = CARTESIAN_POINT('',(-0.45,1.75,4.2));
#2124 = VECTOR('',#2125,1.);
#2125 = DIRECTION('',(-1.,1.224646799147E-16,0.));
#2126 = ORIENTED_EDGE('',*,*,#2127,.F.);
#2127 = EDGE_CURVE('',#1377,#2120,#2128,.T.);
#2128 = LINE('',#2129,#2130);
#2129 = CARTESIAN_POINT('',(-0.45,1.7,4.2));
#2130 = VECTOR('',#2131,1.);
#2131 = DIRECTION('',(1.224646799147E-16,1.,0.));
#2132 = PLANE('',#2133);
#2133 = AXIS2_PLACEMENT_3D('',#2134,#2135,#2136);
#2134 = CARTESIAN_POINT('',(-0.893939393939,1.417424242424,4.2));
#2135 = DIRECTION('',(-2.590322521168E-30,-2.221330562073E-31,-1.));
#2136 = DIRECTION('',(1.,-1.224646799147E-16,-2.590322521168E-30));
#2137 = ADVANCED_FACE('',(#2138),#2156,.T.);
#2138 = FACE_BOUND('',#2139,.T.);
#2139 = EDGE_LOOP('',(#2140,#2141,#2142,#2150));
#2140 = ORIENTED_EDGE('',*,*,#1408,.F.);
#2141 = ORIENTED_EDGE('',*,*,#2111,.T.);
#2142 = ORIENTED_EDGE('',*,*,#2143,.T.);
#2143 = EDGE_CURVE('',#2104,#2144,#2146,.T.);
#2144 = VERTEX_POINT('',#2145);
#2145 = CARTESIAN_POINT('',(-1.4,1.1,2.4));
#2146 = LINE('',#2147,#2148);
#2147 = CARTESIAN_POINT('',(-1.4,1.1,5.1));
#2148 = VECTOR('',#2149,1.);
#2149 = DIRECTION('',(-0.,0.,-1.));
#2150 = ORIENTED_EDGE('',*,*,#2151,.F.);
#2151 = EDGE_CURVE('',#1401,#2144,#2152,.T.);
#2152 = LINE('',#2153,#2154);
#2153 = CARTESIAN_POINT('',(-1.4,1.7,2.4));
#2154 = VECTOR('',#2155,1.);
#2155 = DIRECTION('',(-1.224646799147E-16,-1.,0.));
#2156 = PLANE('',#2157);
#2157 = AXIS2_PLACEMENT_3D('',#2158,#2159,#2160);
#2158 = CARTESIAN_POINT('',(-1.4,1.7,4.2));
#2159 = DIRECTION('',(1.,-1.224646799147E-16,-0.));
#2160 = DIRECTION('',(-0.,0.,-1.));
#2161 = ADVANCED_FACE('',(#2162),#2180,.T.);
#2162 = FACE_BOUND('',#2163,.T.);
#2163 = EDGE_LOOP('',(#2164,#2165,#2166,#2174));
#2164 = ORIENTED_EDGE('',*,*,#1400,.F.);
#2165 = ORIENTED_EDGE('',*,*,#2151,.T.);
#2166 = ORIENTED_EDGE('',*,*,#2167,.T.);
#2167 = EDGE_CURVE('',#2144,#2168,#2170,.T.);
#2168 = VERTEX_POINT('',#2169);
#2169 = CARTESIAN_POINT('',(-0.4,1.1,2.4));
#2170 = LINE('',#2171,#2172);
#2171 = CARTESIAN_POINT('',(1.025,1.1,2.4));
#2172 = VECTOR('',#2173,1.);
#2173 = DIRECTION('',(1.,-1.224646799147E-16,0.));
#2174 = ORIENTED_EDGE('',*,*,#2175,.F.);
#2175 = EDGE_CURVE('',#1393,#2168,#2176,.T.);
#2176 = LINE('',#2177,#2178);
#2177 = CARTESIAN_POINT('',(-0.4,1.7,2.4));
#2178 = VECTOR('',#2179,1.);
#2179 = DIRECTION('',(-1.224646799147E-16,-1.,0.));
#2180 = PLANE('',#2181);
#2181 = AXIS2_PLACEMENT_3D('',#2182,#2183,#2184);
#2182 = CARTESIAN_POINT('',(-1.4,1.7,2.4));
#2183 = DIRECTION('',(0.,0.,1.));
#2184 = DIRECTION('',(1.,-1.224646799147E-16,0.));
#2185 = ADVANCED_FACE('',(#2186),#2197,.T.);
#2186 = FACE_BOUND('',#2187,.T.);
#2187 = EDGE_LOOP('',(#2188,#2189,#2190,#2196));
#2188 = ORIENTED_EDGE('',*,*,#1392,.F.);
#2189 = ORIENTED_EDGE('',*,*,#2175,.T.);
#2190 = ORIENTED_EDGE('',*,*,#2191,.T.);
#2191 = EDGE_CURVE('',#2168,#2096,#2192,.T.);
#2192 = LINE('',#2193,#2194);
#2193 = CARTESIAN_POINT('',(-0.4,1.1,4.2));
#2194 = VECTOR('',#2195,1.);
#2195 = DIRECTION('',(0.,0.,1.));
#2196 = ORIENTED_EDGE('',*,*,#2095,.F.);
#2197 = PLANE('',#2198);
#2198 = AXIS2_PLACEMENT_3D('',#2199,#2200,#2201);
#2199 = CARTESIAN_POINT('',(-0.4,1.7,2.4));
#2200 = DIRECTION('',(-1.,1.224646799147E-16,0.));
#2201 = DIRECTION('',(0.,0.,1.));
#2202 = ADVANCED_FACE('',(#2203),#2214,.F.);
#2203 = FACE_BOUND('',#2204,.F.);
#2204 = EDGE_LOOP('',(#2205,#2206,#2207,#2213));
#2205 = ORIENTED_EDGE('',*,*,#1376,.T.);
#2206 = ORIENTED_EDGE('',*,*,#2016,.T.);
#2207 = ORIENTED_EDGE('',*,*,#2208,.F.);
#2208 = EDGE_CURVE('',#2120,#2017,#2209,.T.);
#2209 = LINE('',#2210,#2211);
#2210 = CARTESIAN_POINT('',(-0.45,1.75,4.2));
#2211 = VECTOR('',#2212,1.);
#2212 = DIRECTION('',(0.,0.,1.));
#2213 = ORIENTED_EDGE('',*,*,#2127,.F.);
#2214 = PLANE('',#2215);
#2215 = AXIS2_PLACEMENT_3D('',#2216,#2217,#2218);
#2216 = CARTESIAN_POINT('',(-0.45,1.7,4.2));
#2217 = DIRECTION('',(-1.,1.224646799147E-16,0.));
#2218 = DIRECTION('',(1.224646799147E-16,1.,0.));
#2219 = ADVANCED_FACE('',(#2220),#2238,.F.);
#2220 = FACE_BOUND('',#2221,.F.);
#2221 = EDGE_LOOP('',(#2222,#2223,#2231,#2237));
#2222 = ORIENTED_EDGE('',*,*,#1360,.F.);
#2223 = ORIENTED_EDGE('',*,*,#2224,.T.);
#2224 = EDGE_CURVE('',#1353,#2225,#2227,.T.);
#2225 = VERTEX_POINT('',#2226);
#2226 = CARTESIAN_POINT('',(0.55,1.1,2.1));
#2227 = LINE('',#2228,#2229);
#2228 = CARTESIAN_POINT('',(0.55,1.7,2.1));
#2229 = VECTOR('',#2230,1.);
#2230 = DIRECTION('',(-1.224646799147E-16,-1.,0.));
#2231 = ORIENTED_EDGE('',*,*,#2232,.T.);
#2232 = EDGE_CURVE('',#2225,#2008,#2233,.T.);
#2233 = LINE('',#2234,#2235);
#2234 = CARTESIAN_POINT('',(0.55,1.1,4.05));
#2235 = VECTOR('',#2236,1.);
#2236 = DIRECTION('',(0.,0.,1.));
#2237 = ORIENTED_EDGE('',*,*,#2007,.F.);
#2238 = PLANE('',#2239);
#2239 = AXIS2_PLACEMENT_3D('',#2240,#2241,#2242);
#2240 = CARTESIAN_POINT('',(0.55,1.7,2.1));
#2241 = DIRECTION('',(-1.,1.224646799147E-16,0.));
#2242 = DIRECTION('',(0.,0.,1.));
#2243 = ADVANCED_FACE('',(#2244),#2262,.F.);
#2244 = FACE_BOUND('',#2245,.F.);
#2245 = EDGE_LOOP('',(#2246,#2247,#2255,#2261));
#2246 = ORIENTED_EDGE('',*,*,#1352,.F.);
#2247 = ORIENTED_EDGE('',*,*,#2248,.T.);
#2248 = EDGE_CURVE('',#1345,#2249,#2251,.T.);
#2249 = VERTEX_POINT('',#2250);
#2250 = CARTESIAN_POINT('',(1.45,1.1,2.1));
#2251 = LINE('',#2252,#2253);
#2252 = CARTESIAN_POINT('',(1.45,1.7,2.1));
#2253 = VECTOR('',#2254,1.);
#2254 = DIRECTION('',(-1.224646799147E-16,-1.,0.));
#2255 = ORIENTED_EDGE('',*,*,#2256,.T.);
#2256 = EDGE_CURVE('',#2249,#2225,#2257,.T.);
#2257 = LINE('',#2258,#2259);
#2258 = CARTESIAN_POINT('',(2.45,1.1,2.1));
#2259 = VECTOR('',#2260,1.);
#2260 = DIRECTION('',(-1.,1.224646799147E-16,0.));
#2261 = ORIENTED_EDGE('',*,*,#2224,.F.);
#2262 = PLANE('',#2263);
#2263 = AXIS2_PLACEMENT_3D('',#2264,#2265,#2266);
#2264 = CARTESIAN_POINT('',(1.45,1.7,2.1));
#2265 = DIRECTION('',(-0.,0.,-1.));
#2266 = DIRECTION('',(-1.,1.224646799147E-16,0.));
#2267 = ADVANCED_FACE('',(#2268),#2279,.F.);
#2268 = FACE_BOUND('',#2269,.F.);
#2269 = EDGE_LOOP('',(#2270,#2271,#2272,#2278));
#2270 = ORIENTED_EDGE('',*,*,#1344,.F.);
#2271 = ORIENTED_EDGE('',*,*,#1555,.T.);
#2272 = ORIENTED_EDGE('',*,*,#2273,.T.);
#2273 = EDGE_CURVE('',#1556,#2249,#2274,.T.);
#2274 = LINE('',#2275,#2276);
#2275 = CARTESIAN_POINT('',(1.45,1.1,6.));
#2276 = VECTOR('',#2277,1.);
#2277 = DIRECTION('',(-0.,0.,-1.));
#2278 = ORIENTED_EDGE('',*,*,#2248,.F.);
#2279 = PLANE('',#2280);
#2280 = AXIS2_PLACEMENT_3D('',#2281,#2282,#2283);
#2281 = CARTESIAN_POINT('',(1.45,1.7,6.));
#2282 = DIRECTION('',(1.,-1.224646799147E-16,0.));
#2283 = DIRECTION('',(0.,-0.,-1.));
#2284 = ADVANCED_FACE('',(#2285),#2310,.F.);
#2285 = FACE_BOUND('',#2286,.F.);
#2286 = EDGE_LOOP('',(#2287,#2288,#2296,#2304));
#2287 = ORIENTED_EDGE('',*,*,#1505,.F.);
#2288 = ORIENTED_EDGE('',*,*,#2289,.T.);
#2289 = EDGE_CURVE('',#1506,#2290,#2292,.T.);
#2290 = VERTEX_POINT('',#2291);
#2291 = CARTESIAN_POINT('',(2.4,1.1,4.2));
#2292 = LINE('',#2293,#2294);
#2293 = CARTESIAN_POINT('',(2.4,1.7,4.2));
#2294 = VECTOR('',#2295,1.);
#2295 = DIRECTION('',(-1.224646799147E-16,-1.,0.));
#2296 = ORIENTED_EDGE('',*,*,#2297,.T.);
#2297 = EDGE_CURVE('',#2290,#2298,#2300,.T.);
#2298 = VERTEX_POINT('',#2299);
#2299 = CARTESIAN_POINT('',(3.4,1.1,4.2));
#2300 = LINE('',#2301,#2302);
#2301 = CARTESIAN_POINT('',(2.925,1.1,4.2));
#2302 = VECTOR('',#2303,1.);
#2303 = DIRECTION('',(1.,-1.224646799147E-16,0.));
#2304 = ORIENTED_EDGE('',*,*,#2305,.F.);
#2305 = EDGE_CURVE('',#1508,#2298,#2306,.T.);
#2306 = LINE('',#2307,#2308);
#2307 = CARTESIAN_POINT('',(3.4,1.7,4.2));
#2308 = VECTOR('',#2309,1.);
#2309 = DIRECTION('',(-1.224646799147E-16,-1.,0.));
#2310 = PLANE('',#2311);
#2311 = AXIS2_PLACEMENT_3D('',#2312,#2313,#2314);
#2312 = CARTESIAN_POINT('',(2.4,1.7,4.2));
#2313 = DIRECTION('',(0.,0.,1.));
#2314 = DIRECTION('',(1.,-1.224646799147E-16,0.));
#2315 = ADVANCED_FACE('',(#2316),#2334,.F.);
#2316 = FACE_BOUND('',#2317,.F.);
#2317 = EDGE_LOOP('',(#2318,#2319,#2327,#2333));
#2318 = ORIENTED_EDGE('',*,*,#1531,.F.);
#2319 = ORIENTED_EDGE('',*,*,#2320,.T.);
#2320 = EDGE_CURVE('',#1524,#2321,#2323,.T.);
#2321 = VERTEX_POINT('',#2322);
#2322 = CARTESIAN_POINT('',(2.4,1.1,2.4));
#2323 = LINE('',#2324,#2325);
#2324 = CARTESIAN_POINT('',(2.4,1.7,2.4));
#2325 = VECTOR('',#2326,1.);
#2326 = DIRECTION('',(-1.224646799147E-16,-1.,0.));
#2327 = ORIENTED_EDGE('',*,*,#2328,.T.);
#2328 = EDGE_CURVE('',#2321,#2290,#2329,.T.);
#2329 = LINE('',#2330,#2331);
#2330 = CARTESIAN_POINT('',(2.4,1.1,4.2));
#2331 = VECTOR('',#2332,1.);
#2332 = DIRECTION('',(0.,0.,1.));
#2333 = ORIENTED_EDGE('',*,*,#2289,.F.);
#2334 = PLANE('',#2335);
#2335 = AXIS2_PLACEMENT_3D('',#2336,#2337,#2338);
#2336 = CARTESIAN_POINT('',(2.4,1.7,2.4));
#2337 = DIRECTION('',(-1.,1.224646799147E-16,0.));
#2338 = DIRECTION('',(0.,0.,1.));
#2339 = ADVANCED_FACE('',(#2340),#2358,.F.);
#2340 = FACE_BOUND('',#2341,.F.);
#2341 = EDGE_LOOP('',(#2342,#2343,#2344,#2352));
#2342 = ORIENTED_EDGE('',*,*,#1515,.F.);
#2343 = ORIENTED_EDGE('',*,*,#2305,.T.);
#2344 = ORIENTED_EDGE('',*,*,#2345,.T.);
#2345 = EDGE_CURVE('',#2298,#2346,#2348,.T.);
#2346 = VERTEX_POINT('',#2347);
#2347 = CARTESIAN_POINT('',(3.4,1.1,2.4));
#2348 = LINE('',#2349,#2350);
#2349 = CARTESIAN_POINT('',(3.4,1.1,5.1));
#2350 = VECTOR('',#2351,1.);
#2351 = DIRECTION('',(-0.,0.,-1.));
#2352 = ORIENTED_EDGE('',*,*,#2353,.F.);
#2353 = EDGE_CURVE('',#1516,#2346,#2354,.T.);
#2354 = LINE('',#2355,#2356);
#2355 = CARTESIAN_POINT('',(3.4,1.7,2.4));
#2356 = VECTOR('',#2357,1.);
#2357 = DIRECTION('',(-1.224646799147E-16,-1.,0.));
#2358 = PLANE('',#2359);
#2359 = AXIS2_PLACEMENT_3D('',#2360,#2361,#2362);
#2360 = CARTESIAN_POINT('',(3.4,1.7,4.2));
#2361 = DIRECTION('',(1.,-1.224646799147E-16,-0.));
#2362 = DIRECTION('',(-0.,0.,-1.));
#2363 = ADVANCED_FACE('',(#2364),#2375,.F.);
#2364 = FACE_BOUND('',#2365,.F.);
#2365 = EDGE_LOOP('',(#2366,#2367,#2368,#2374));
#2366 = ORIENTED_EDGE('',*,*,#1523,.F.);
#2367 = ORIENTED_EDGE('',*,*,#2353,.T.);
#2368 = ORIENTED_EDGE('',*,*,#2369,.T.);
#2369 = EDGE_CURVE('',#2346,#2321,#2370,.T.);
#2370 = LINE('',#2371,#2372);
#2371 = CARTESIAN_POINT('',(3.425,1.1,2.4));
#2372 = VECTOR('',#2373,1.);
#2373 = DIRECTION('',(-1.,1.224646799147E-16,0.));
#2374 = ORIENTED_EDGE('',*,*,#2320,.F.);
#2375 = PLANE('',#2376);
#2376 = AXIS2_PLACEMENT_3D('',#2377,#2378,#2379);
#2377 = CARTESIAN_POINT('',(3.4,1.7,2.4));
#2378 = DIRECTION('',(-0.,0.,-1.));
#2379 = DIRECTION('',(-1.,1.224646799147E-16,0.));
#2380 = ADVANCED_FACE('',(#2381),#2410,.F.);
#2381 = FACE_BOUND('',#2382,.F.);
#2382 = EDGE_LOOP('',(#2383,#2384,#2392,#2400,#2406,#2407,#2408,#2409));
#2383 = ORIENTED_EDGE('',*,*,#1660,.F.);
#2384 = ORIENTED_EDGE('',*,*,#2385,.T.);
#2385 = EDGE_CURVE('',#1661,#2386,#2388,.T.);
#2386 = VERTEX_POINT('',#2387);
#2387 = CARTESIAN_POINT('',(3.45,-2.3,1.8));
#2388 = LINE('',#2389,#2390);
#2389 = CARTESIAN_POINT('',(3.45,-2.3,6.));
#2390 = VECTOR('',#2391,1.);
#2391 = DIRECTION('',(0.,0.,-1.));
#2392 = ORIENTED_EDGE('',*,*,#2393,.T.);
#2393 = EDGE_CURVE('',#2386,#2394,#2396,.T.);
#2394 = VERTEX_POINT('',#2395);
#2395 = CARTESIAN_POINT('',(3.45,1.1,1.8));
#2396 = LINE('',#2397,#2398);
#2397 = CARTESIAN_POINT('',(3.45,-2.3,1.8));
#2398 = VECTOR('',#2399,1.);
#2399 = DIRECTION('',(1.224646799147E-16,1.,0.));
#2400 = ORIENTED_EDGE('',*,*,#2401,.F.);
#2401 = EDGE_CURVE('',#1564,#2394,#2402,.T.);
#2402 = LINE('',#2403,#2404);
#2403 = CARTESIAN_POINT('',(3.45,1.1,6.));
#2404 = VECTOR('',#2405,1.);
#2405 = DIRECTION('',(0.,0.,-1.));
#2406 = ORIENTED_EDGE('',*,*,#1571,.F.);
#2407 = ORIENTED_EDGE('',*,*,#1587,.T.);
#2408 = ORIENTED_EDGE('',*,*,#1617,.F.);
#2409 = ORIENTED_EDGE('',*,*,#1636,.T.);
#2410 = PLANE('',#2411);
#2411 = AXIS2_PLACEMENT_3D('',#2412,#2413,#2414);
#2412 = CARTESIAN_POINT('',(3.45,-2.3,6.));
#2413 = DIRECTION('',(1.,-1.224646799147E-16,0.));
#2414 = DIRECTION('',(1.224646799147E-16,1.,0.));
#2415 = ADVANCED_FACE('',(#2416,#2438,#2444),#2450,.F.);
#2416 = FACE_BOUND('',#2417,.F.);
#2417 = EDGE_LOOP('',(#2418,#2419,#2420,#2428,#2434,#2435,#2436,#2437));
#2418 = ORIENTED_EDGE('',*,*,#1563,.F.);
#2419 = ORIENTED_EDGE('',*,*,#2401,.T.);
#2420 = ORIENTED_EDGE('',*,*,#2421,.T.);
#2421 = EDGE_CURVE('',#2394,#2422,#2424,.T.);
#2422 = VERTEX_POINT('',#2423);
#2423 = CARTESIAN_POINT('',(-1.45,1.1,1.8));
#2424 = LINE('',#2425,#2426);
#2425 = CARTESIAN_POINT('',(3.45,1.1,1.8));
#2426 = VECTOR('',#2427,1.);
#2427 = DIRECTION('',(-1.,1.224646799147E-16,0.));
#2428 = ORIENTED_EDGE('',*,*,#2429,.F.);
#2429 = EDGE_CURVE('',#2049,#2422,#2430,.T.);
#2430 = LINE('',#2431,#2432);
#2431 = CARTESIAN_POINT('',(-1.45,1.1,6.));
#2432 = VECTOR('',#2433,1.);
#2433 = DIRECTION('',(0.,0.,-1.));
#2434 = ORIENTED_EDGE('',*,*,#2056,.F.);
#2435 = ORIENTED_EDGE('',*,*,#2232,.F.);
#2436 = ORIENTED_EDGE('',*,*,#2256,.F.);
#2437 = ORIENTED_EDGE('',*,*,#2273,.F.);
#2438 = FACE_BOUND('',#2439,.F.);
#2439 = EDGE_LOOP('',(#2440,#2441,#2442,#2443));
#2440 = ORIENTED_EDGE('',*,*,#2103,.T.);
#2441 = ORIENTED_EDGE('',*,*,#2143,.T.);
#2442 = ORIENTED_EDGE('',*,*,#2167,.T.);
#2443 = ORIENTED_EDGE('',*,*,#2191,.T.);
#2444 = FACE_BOUND('',#2445,.F.);
#2445 = EDGE_LOOP('',(#2446,#2447,#2448,#2449));
#2446 = ORIENTED_EDGE('',*,*,#2369,.F.);
#2447 = ORIENTED_EDGE('',*,*,#2345,.F.);
#2448 = ORIENTED_EDGE('',*,*,#2297,.F.);
#2449 = ORIENTED_EDGE('',*,*,#2328,.F.);
#2450 = PLANE('',#2451);
#2451 = AXIS2_PLACEMENT_3D('',#2452,#2453,#2454);
#2452 = CARTESIAN_POINT('',(3.45,1.1,6.));
#2453 = DIRECTION('',(1.224646799147E-16,1.,0.));
#2454 = DIRECTION('',(-1.,1.224646799147E-16,0.));
#2455 = ADVANCED_FACE('',(#2456),#2474,.T.);
#2456 = FACE_BOUND('',#2457,.T.);
#2457 = EDGE_LOOP('',(#2458,#2466,#2472,#2473));
#2458 = ORIENTED_EDGE('',*,*,#2459,.T.);
#2459 = EDGE_CURVE('',#1677,#2460,#2462,.T.);
#2460 = VERTEX_POINT('',#2461);
#2461 = CARTESIAN_POINT('',(-1.45,-0.6,4.4));
#2462 = LINE('',#2463,#2464);
#2463 = CARTESIAN_POINT('',(-1.45,-0.6,5.2));
#2464 = VECTOR('',#2465,1.);
#2465 = DIRECTION('',(-0.,0.,-1.));
#2466 = ORIENTED_EDGE('',*,*,#2467,.T.);
#2467 = EDGE_CURVE('',#2460,#1903,#2468,.T.);
#2468 = LINE('',#2469,#2470);
#2469 = CARTESIAN_POINT('',(3.95,-0.6,4.4));
#2470 = VECTOR('',#2471,1.);
#2471 = DIRECTION('',(-1.,1.224646799147E-16,0.));
#2472 = ORIENTED_EDGE('',*,*,#1911,.T.);
#2473 = ORIENTED_EDGE('',*,*,#1684,.F.);
#2474 = PLANE('',#2475);
#2475 = AXIS2_PLACEMENT_3D('',#2476,#2477,#2478);
#2476 = CARTESIAN_POINT('',(3.95,-0.6,4.4));
#2477 = DIRECTION('',(1.224646799147E-16,1.,0.));
#2478 = DIRECTION('',(0.,-0.,1.));
#2479 = ADVANCED_FACE('',(#2480),#2515,.F.);
#2480 = FACE_BOUND('',#2481,.F.);
#2481 = EDGE_LOOP('',(#2482,#2483,#2484,#2492,#2498,#2499,#2500,#2509));
#2482 = ORIENTED_EDGE('',*,*,#2048,.F.);
#2483 = ORIENTED_EDGE('',*,*,#2429,.T.);
#2484 = ORIENTED_EDGE('',*,*,#2485,.T.);
#2485 = EDGE_CURVE('',#2422,#2486,#2488,.T.);
#2486 = VERTEX_POINT('',#2487);
#2487 = CARTESIAN_POINT('',(-1.45,-2.3,1.8));
#2488 = LINE('',#2489,#2490);
#2489 = CARTESIAN_POINT('',(-1.45,1.1,1.8));
#2490 = VECTOR('',#2491,1.);
#2491 = DIRECTION('',(-1.224646799147E-16,-1.,0.));
#2492 = ORIENTED_EDGE('',*,*,#2493,.F.);
#2493 = EDGE_CURVE('',#1669,#2486,#2494,.T.);
#2494 = LINE('',#2495,#2496);
#2495 = CARTESIAN_POINT('',(-1.45,-2.3,6.));
#2496 = VECTOR('',#2497,1.);
#2497 = DIRECTION('',(0.,0.,-1.));
#2498 = ORIENTED_EDGE('',*,*,#1676,.F.);
#2499 = ORIENTED_EDGE('',*,*,#2459,.T.);
#2500 = ORIENTED_EDGE('',*,*,#2501,.T.);
#2501 = EDGE_CURVE('',#2460,#2502,#2504,.T.);
#2502 = VERTEX_POINT('',#2503);
#2503 = CARTESIAN_POINT('',(-1.45,0.2,4.4));
#2504 = CIRCLE('',#2505,0.4);
#2505 = AXIS2_PLACEMENT_3D('',#2506,#2507,#2508);
#2506 = CARTESIAN_POINT('',(-1.45,-0.2,4.4));
#2507 = DIRECTION('',(1.,-1.224646799147E-16,0.));
#2508 = DIRECTION('',(1.224646799147E-16,1.,0.));
#2509 = ORIENTED_EDGE('',*,*,#2510,.T.);
#2510 = EDGE_CURVE('',#2502,#2041,#2511,.T.);
#2511 = LINE('',#2512,#2513);
#2512 = CARTESIAN_POINT('',(-1.45,0.2,6.));
#2513 = VECTOR('',#2514,1.);
#2514 = DIRECTION('',(0.,0.,1.));
#2515 = PLANE('',#2516);
#2516 = AXIS2_PLACEMENT_3D('',#2517,#2518,#2519);
#2517 = CARTESIAN_POINT('',(-1.45,1.1,6.));
#2518 = DIRECTION('',(-1.,1.224646799147E-16,0.));
#2519 = DIRECTION('',(-1.224646799147E-16,-1.,0.));
#2520 = ADVANCED_FACE('',(#2521),#2564,.F.);
#2521 = FACE_BOUND('',#2522,.F.);
#2522 = EDGE_LOOP('',(#2523,#2524,#2525,#2533,#2541,#2549,#2557,#2563));
#2523 = ORIENTED_EDGE('',*,*,#1668,.F.);
#2524 = ORIENTED_EDGE('',*,*,#2493,.T.);
#2525 = ORIENTED_EDGE('',*,*,#2526,.T.);
#2526 = EDGE_CURVE('',#2486,#2527,#2529,.T.);
#2527 = VERTEX_POINT('',#2528);
#2528 = CARTESIAN_POINT('',(0.8,-2.3,1.8));
#2529 = LINE('',#2530,#2531);
#2530 = CARTESIAN_POINT('',(-1.45,-2.3,1.8));
#2531 = VECTOR('',#2532,1.);
#2532 = DIRECTION('',(1.,-1.224646799147E-16,0.));
#2533 = ORIENTED_EDGE('',*,*,#2534,.T.);
#2534 = EDGE_CURVE('',#2527,#2535,#2537,.T.);
#2535 = VERTEX_POINT('',#2536);
#2536 = CARTESIAN_POINT('',(0.8,-2.3,3.7));
#2537 = LINE('',#2538,#2539);
#2538 = CARTESIAN_POINT('',(0.8,-2.3,1.8));
#2539 = VECTOR('',#2540,1.);
#2540 = DIRECTION('',(0.,0.,1.));
#2541 = ORIENTED_EDGE('',*,*,#2542,.T.);
#2542 = EDGE_CURVE('',#2535,#2543,#2545,.T.);
#2543 = VERTEX_POINT('',#2544);
#2544 = CARTESIAN_POINT('',(1.2,-2.3,3.7));
#2545 = LINE('',#2546,#2547);
#2546 = CARTESIAN_POINT('',(0.8,-2.3,3.7));
#2547 = VECTOR('',#2548,1.);
#2548 = DIRECTION('',(1.,-1.224646799147E-16,0.));
#2549 = ORIENTED_EDGE('',*,*,#2550,.F.);
#2550 = EDGE_CURVE('',#2551,#2543,#2553,.T.);
#2551 = VERTEX_POINT('',#2552);
#2552 = CARTESIAN_POINT('',(1.2,-2.3,1.8));
#2553 = LINE('',#2554,#2555);
#2554 = CARTESIAN_POINT('',(1.2,-2.3,1.8));
#2555 = VECTOR('',#2556,1.);
#2556 = DIRECTION('',(0.,0.,1.));
#2557 = ORIENTED_EDGE('',*,*,#2558,.T.);
#2558 = EDGE_CURVE('',#2551,#2386,#2559,.T.);
#2559 = LINE('',#2560,#2561);
#2560 = CARTESIAN_POINT('',(-1.45,-2.3,1.8));
#2561 = VECTOR('',#2562,1.);
#2562 = DIRECTION('',(1.,-1.224646799147E-16,0.));
#2563 = ORIENTED_EDGE('',*,*,#2385,.F.);
#2564 = PLANE('',#2565);
#2565 = AXIS2_PLACEMENT_3D('',#2566,#2567,#2568);
#2566 = CARTESIAN_POINT('',(-1.45,-2.3,6.));
#2567 = DIRECTION('',(-1.224646799147E-16,-1.,0.));
#2568 = DIRECTION('',(1.,-1.224646799147E-16,0.));
#2569 = ADVANCED_FACE('',(#2570,#2576),#2610,.F.);
#2570 = FACE_BOUND('',#2571,.F.);
#2571 = EDGE_LOOP('',(#2572,#2573,#2574,#2575));
#2572 = ORIENTED_EDGE('',*,*,#1992,.T.);
#2573 = ORIENTED_EDGE('',*,*,#1738,.T.);
#2574 = ORIENTED_EDGE('',*,*,#1762,.F.);
#2575 = ORIENTED_EDGE('',*,*,#1795,.F.);
#2576 = FACE_BOUND('',#2577,.F.);
#2577 = EDGE_LOOP('',(#2578,#2588,#2596,#2604));
#2578 = ORIENTED_EDGE('',*,*,#2579,.T.);
#2579 = EDGE_CURVE('',#2580,#2582,#2584,.T.);
#2580 = VERTEX_POINT('',#2581);
#2581 = CARTESIAN_POINT('',(-0.25,0.25,0.1));
#2582 = VERTEX_POINT('',#2583);
#2583 = CARTESIAN_POINT('',(0.25,0.25,0.1));
#2584 = LINE('',#2585,#2586);
#2585 = CARTESIAN_POINT('',(0.5,0.25,0.1));
#2586 = VECTOR('',#2587,1.);
#2587 = DIRECTION('',(1.,-1.224646799147E-16,0.));
#2588 = ORIENTED_EDGE('',*,*,#2589,.T.);
#2589 = EDGE_CURVE('',#2582,#2590,#2592,.T.);
#2590 = VERTEX_POINT('',#2591);
#2591 = CARTESIAN_POINT('',(0.25,-0.25,0.1));
#2592 = LINE('',#2593,#2594);
#2593 = CARTESIAN_POINT('',(0.25,0.271633216363,0.1));
#2594 = VECTOR('',#2595,1.);
#2595 = DIRECTION('',(-1.224646799147E-16,-1.,0.));
#2596 = ORIENTED_EDGE('',*,*,#2597,.T.);
#2597 = EDGE_CURVE('',#2590,#2598,#2600,.T.);
#2598 = VERTEX_POINT('',#2599);
#2599 = CARTESIAN_POINT('',(-0.25,-0.25,0.1));
#2600 = LINE('',#2601,#2602);
#2601 = CARTESIAN_POINT('',(0.5,-0.25,0.1));
#2602 = VECTOR('',#2603,1.);
#2603 = DIRECTION('',(-1.,1.224646799147E-16,0.));
#2604 = ORIENTED_EDGE('',*,*,#2605,.F.);
#2605 = EDGE_CURVE('',#2580,#2598,#2606,.T.);
#2606 = LINE('',#2607,#2608);
#2607 = CARTESIAN_POINT('',(-0.25,0.271633216363,0.1));
#2608 = VECTOR('',#2609,1.);
#2609 = DIRECTION('',(-1.224646799147E-16,-1.,0.));
#2610 = PLANE('',#2611);
#2611 = AXIS2_PLACEMENT_3D('',#2612,#2613,#2614);
#2612 = CARTESIAN_POINT('',(0.75,0.5,0.1));
#2613 = DIRECTION('',(0.,0.,1.));
#2614 = DIRECTION('',(-1.224646799147E-16,-1.,0.));
#2615 = ADVANCED_FACE('',(#2616),#2627,.F.);
#2616 = FACE_BOUND('',#2617,.F.);
#2617 = EDGE_LOOP('',(#2618,#2619,#2620,#2626));
#2618 = ORIENTED_EDGE('',*,*,#2467,.T.);
#2619 = ORIENTED_EDGE('',*,*,#1902,.T.);
#2620 = ORIENTED_EDGE('',*,*,#2621,.F.);
#2621 = EDGE_CURVE('',#2502,#1895,#2622,.T.);
#2622 = LINE('',#2623,#2624);
#2623 = CARTESIAN_POINT('',(3.95,0.2,4.4));
#2624 = VECTOR('',#2625,1.);
#2625 = DIRECTION('',(-1.,1.224646799147E-16,0.));
#2626 = ORIENTED_EDGE('',*,*,#2501,.F.);
#2627 = CYLINDRICAL_SURFACE('',#2628,0.4);
#2628 = AXIS2_PLACEMENT_3D('',#2629,#2630,#2631);
#2629 = CARTESIAN_POINT('',(3.95,-0.2,4.4));
#2630 = DIRECTION('',(1.,-1.224646799147E-16,-0.));
#2631 = DIRECTION('',(1.224646799147E-16,1.,0.));
#2632 = ADVANCED_FACE('',(#2633),#2639,.T.);
#2633 = FACE_BOUND('',#2634,.T.);
#2634 = EDGE_LOOP('',(#2635,#2636,#2637,#2638));
#2635 = ORIENTED_EDGE('',*,*,#2510,.T.);
#2636 = ORIENTED_EDGE('',*,*,#2040,.T.);
#2637 = ORIENTED_EDGE('',*,*,#1894,.T.);
#2638 = ORIENTED_EDGE('',*,*,#2621,.F.);
#2639 = PLANE('',#2640);
#2640 = AXIS2_PLACEMENT_3D('',#2641,#2642,#2643);
#2641 = CARTESIAN_POINT('',(3.95,0.2,6.));
#2642 = DIRECTION('',(-1.224646799147E-16,-1.,0.));
#2643 = DIRECTION('',(-0.,0.,-1.));
#2644 = ADVANCED_FACE('',(#2645),#2670,.F.);
#2645 = FACE_BOUND('',#2646,.F.);
#2646 = EDGE_LOOP('',(#2647,#2655,#2656,#2664));
#2647 = ORIENTED_EDGE('',*,*,#2648,.F.);
#2648 = EDGE_CURVE('',#1953,#2649,#2651,.T.);
#2649 = VERTEX_POINT('',#2650);
#2650 = CARTESIAN_POINT('',(2.25,0.25,-0.9));
#2651 = LINE('',#2652,#2653);
#2652 = CARTESIAN_POINT('',(2.25,0.25,5.));
#2653 = VECTOR('',#2654,1.);
#2654 = DIRECTION('',(-0.,0.,-1.));
#2655 = ORIENTED_EDGE('',*,*,#1950,.F.);
#2656 = ORIENTED_EDGE('',*,*,#2657,.T.);
#2657 = EDGE_CURVE('',#1951,#2658,#2660,.T.);
#2658 = VERTEX_POINT('',#2659);
#2659 = CARTESIAN_POINT('',(1.75,0.25,-0.9));
#2660 = LINE('',#2661,#2662);
#2661 = CARTESIAN_POINT('',(1.75,0.25,5.));
#2662 = VECTOR('',#2663,1.);
#2663 = DIRECTION('',(-0.,0.,-1.));
#2664 = ORIENTED_EDGE('',*,*,#2665,.F.);
#2665 = EDGE_CURVE('',#2649,#2658,#2666,.T.);
#2666 = LINE('',#2667,#2668);
#2667 = CARTESIAN_POINT('',(2.25,0.25,-0.9));
#2668 = VECTOR('',#2669,1.);
#2669 = DIRECTION('',(-1.,1.224646799147E-16,0.));
#2670 = PLANE('',#2671);
#2671 = AXIS2_PLACEMENT_3D('',#2672,#2673,#2674);
#2672 = CARTESIAN_POINT('',(2.25,0.25,5.));
#2673 = DIRECTION('',(-1.224646799147E-16,-1.,0.));
#2674 = DIRECTION('',(-0.,0.,-1.));
#2675 = ADVANCED_FACE('',(#2676),#2726,.T.);
#2676 = FACE_BOUND('',#2677,.T.);
#2677 = EDGE_LOOP('',(#2678,#2688,#2696,#2704,#2710,#2711,#2712,#2720));
#2678 = ORIENTED_EDGE('',*,*,#2679,.T.);
#2679 = EDGE_CURVE('',#2680,#2682,#2684,.T.);
#2680 = VERTEX_POINT('',#2681);
#2681 = CARTESIAN_POINT('',(1.75,0.281578947368,-3.2));
#2682 = VERTEX_POINT('',#2683);
#2683 = CARTESIAN_POINT('',(1.75,-0.218421052632,-3.2));
#2684 = LINE('',#2685,#2686);
#2685 = CARTESIAN_POINT('',(1.75,0.25,-3.2));
#2686 = VECTOR('',#2687,1.);
#2687 = DIRECTION('',(-1.224646799147E-16,-1.,0.));
#2688 = ORIENTED_EDGE('',*,*,#2689,.T.);
#2689 = EDGE_CURVE('',#2682,#2690,#2692,.T.);
#2690 = VERTEX_POINT('',#2691);
#2691 = CARTESIAN_POINT('',(1.75,5.E-02,-1.5));
#2692 = LINE('',#2693,#2694);
#2693 = CARTESIAN_POINT('',(1.75,-0.25,-3.4));
#2694 = VECTOR('',#2695,1.);
#2695 = DIRECTION('',(1.909990663905E-17,0.155962573473,0.987762965329)
  );
#2696 = ORIENTED_EDGE('',*,*,#2697,.T.);
#2697 = EDGE_CURVE('',#2690,#2698,#2700,.T.);
#2698 = VERTEX_POINT('',#2699);
#2699 = CARTESIAN_POINT('',(1.75,-0.25,-0.9));
#2700 = LINE('',#2701,#2702);
#2701 = CARTESIAN_POINT('',(1.75,5.E-02,-1.5));
#2702 = VECTOR('',#2703,1.);
#2703 = DIRECTION('',(-5.476786982641E-17,-0.4472135955,0.894427191));
#2704 = ORIENTED_EDGE('',*,*,#2705,.T.);
#2705 = EDGE_CURVE('',#2698,#1969,#2706,.T.);
#2706 = LINE('',#2707,#2708);
#2707 = CARTESIAN_POINT('',(1.75,-0.25,-0.9));
#2708 = VECTOR('',#2709,1.);
#2709 = DIRECTION('',(0.,0.,1.));
#2710 = ORIENTED_EDGE('',*,*,#1976,.F.);
#2711 = ORIENTED_EDGE('',*,*,#2657,.T.);
#2712 = ORIENTED_EDGE('',*,*,#2713,.T.);
#2713 = EDGE_CURVE('',#2658,#2714,#2716,.T.);
#2714 = VERTEX_POINT('',#2715);
#2715 = CARTESIAN_POINT('',(1.75,0.55,-1.5));
#2716 = LINE('',#2717,#2718);
#2717 = CARTESIAN_POINT('',(1.75,0.25,-0.9));
#2718 = VECTOR('',#2719,1.);
#2719 = DIRECTION('',(5.476786982641E-17,0.4472135955,-0.894427191));
#2720 = ORIENTED_EDGE('',*,*,#2721,.T.);
#2721 = EDGE_CURVE('',#2714,#2680,#2722,.T.);
#2722 = LINE('',#2723,#2724);
#2723 = CARTESIAN_POINT('',(1.75,0.55,-1.5));
#2724 = VECTOR('',#2725,1.);
#2725 = DIRECTION('',(-1.909990663905E-17,-0.155962573473,
    -0.987762965329));
#2726 = PLANE('',#2727);
#2727 = AXIS2_PLACEMENT_3D('',#2728,#2729,#2730);
#2728 = CARTESIAN_POINT('',(1.75,4.326643272645E-02,0.775746953017));
#2729 = DIRECTION('',(-1.,1.224646799147E-16,0.));
#2730 = DIRECTION('',(0.,0.,1.));
#2731 = ADVANCED_FACE('',(#2732),#2750,.F.);
#2732 = FACE_BOUND('',#2733,.F.);
#2733 = EDGE_LOOP('',(#2734,#2742,#2748,#2749));
#2734 = ORIENTED_EDGE('',*,*,#2735,.F.);
#2735 = EDGE_CURVE('',#2736,#1961,#2738,.T.);
#2736 = VERTEX_POINT('',#2737);
#2737 = CARTESIAN_POINT('',(2.25,-0.25,-0.9));
#2738 = LINE('',#2739,#2740);
#2739 = CARTESIAN_POINT('',(2.25,-0.25,-0.9));
#2740 = VECTOR('',#2741,1.);
#2741 = DIRECTION('',(0.,0.,1.));
#2742 = ORIENTED_EDGE('',*,*,#2743,.T.);
#2743 = EDGE_CURVE('',#2736,#2698,#2744,.T.);
#2744 = LINE('',#2745,#2746);
#2745 = CARTESIAN_POINT('',(2.25,-0.25,-0.9));
#2746 = VECTOR('',#2747,1.);
#2747 = DIRECTION('',(-1.,1.224646799147E-16,0.));
#2748 = ORIENTED_EDGE('',*,*,#2705,.T.);
#2749 = ORIENTED_EDGE('',*,*,#1968,.F.);
#2750 = PLANE('',#2751);
#2751 = AXIS2_PLACEMENT_3D('',#2752,#2753,#2754);
#2752 = CARTESIAN_POINT('',(2.25,-0.25,-0.9));
#2753 = DIRECTION('',(1.224646799147E-16,1.,0.));
#2754 = DIRECTION('',(0.,-0.,1.));
#2755 = ADVANCED_FACE('',(#2756),#2799,.F.);
#2756 = FACE_BOUND('',#2757,.F.);
#2757 = EDGE_LOOP('',(#2758,#2768,#2776,#2782,#2783,#2784,#2785,#2793));
#2758 = ORIENTED_EDGE('',*,*,#2759,.T.);
#2759 = EDGE_CURVE('',#2760,#2762,#2764,.T.);
#2760 = VERTEX_POINT('',#2761);
#2761 = CARTESIAN_POINT('',(2.25,0.281578947368,-3.2));
#2762 = VERTEX_POINT('',#2763);
#2763 = CARTESIAN_POINT('',(2.25,-0.218421052632,-3.2));
#2764 = LINE('',#2765,#2766);
#2765 = CARTESIAN_POINT('',(2.25,0.25,-3.2));
#2766 = VECTOR('',#2767,1.);
#2767 = DIRECTION('',(-1.224646799147E-16,-1.,0.));
#2768 = ORIENTED_EDGE('',*,*,#2769,.T.);
#2769 = EDGE_CURVE('',#2762,#2770,#2772,.T.);
#2770 = VERTEX_POINT('',#2771);
#2771 = CARTESIAN_POINT('',(2.25,5.E-02,-1.5));
#2772 = LINE('',#2773,#2774);
#2773 = CARTESIAN_POINT('',(2.25,-0.25,-3.4));
#2774 = VECTOR('',#2775,1.);
#2775 = DIRECTION('',(1.909990663905E-17,0.155962573473,0.987762965329)
  );
#2776 = ORIENTED_EDGE('',*,*,#2777,.T.);
#2777 = EDGE_CURVE('',#2770,#2736,#2778,.T.);
#2778 = LINE('',#2779,#2780);
#2779 = CARTESIAN_POINT('',(2.25,5.E-02,-1.5));
#2780 = VECTOR('',#2781,1.);
#2781 = DIRECTION('',(-5.476786982641E-17,-0.4472135955,0.894427191));
#2782 = ORIENTED_EDGE('',*,*,#2735,.T.);
#2783 = ORIENTED_EDGE('',*,*,#1960,.F.);
#2784 = ORIENTED_EDGE('',*,*,#2648,.T.);
#2785 = ORIENTED_EDGE('',*,*,#2786,.T.);
#2786 = EDGE_CURVE('',#2649,#2787,#2789,.T.);
#2787 = VERTEX_POINT('',#2788);
#2788 = CARTESIAN_POINT('',(2.25,0.55,-1.5));
#2789 = LINE('',#2790,#2791);
#2790 = CARTESIAN_POINT('',(2.25,0.25,-0.9));
#2791 = VECTOR('',#2792,1.);
#2792 = DIRECTION('',(5.476786982641E-17,0.4472135955,-0.894427191));
#2793 = ORIENTED_EDGE('',*,*,#2794,.T.);
#2794 = EDGE_CURVE('',#2787,#2760,#2795,.T.);
#2795 = LINE('',#2796,#2797);
#2796 = CARTESIAN_POINT('',(2.25,0.55,-1.5));
#2797 = VECTOR('',#2798,1.);
#2798 = DIRECTION('',(-1.909990663905E-17,-0.155962573473,
    -0.987762965329));
#2799 = PLANE('',#2800);
#2800 = AXIS2_PLACEMENT_3D('',#2801,#2802,#2803);
#2801 = CARTESIAN_POINT('',(2.25,4.326643272645E-02,0.775746953017));
#2802 = DIRECTION('',(-1.,1.224646799147E-16,0.));
#2803 = DIRECTION('',(0.,0.,1.));
#2804 = ADVANCED_FACE('',(#2805),#2811,.F.);
#2805 = FACE_BOUND('',#2806,.F.);
#2806 = EDGE_LOOP('',(#2807,#2808,#2809,#2810));
#2807 = ORIENTED_EDGE('',*,*,#2208,.T.);
#2808 = ORIENTED_EDGE('',*,*,#2024,.T.);
#2809 = ORIENTED_EDGE('',*,*,#2070,.F.);
#2810 = ORIENTED_EDGE('',*,*,#2119,.F.);
#2811 = PLANE('',#2812);
#2812 = AXIS2_PLACEMENT_3D('',#2813,#2814,#2815);
#2813 = CARTESIAN_POINT('',(-0.45,1.75,4.2));
#2814 = DIRECTION('',(-1.224646799147E-16,-1.,0.));
#2815 = DIRECTION('',(-1.,1.224646799147E-16,0.));
#2816 = ADVANCED_FACE('',(#2817,#2846,#2880),#2914,.T.);
#2817 = FACE_BOUND('',#2818,.T.);
#2818 = EDGE_LOOP('',(#2819,#2820,#2821,#2822,#2823,#2831,#2839,#2845));
#2819 = ORIENTED_EDGE('',*,*,#2393,.T.);
#2820 = ORIENTED_EDGE('',*,*,#2421,.T.);
#2821 = ORIENTED_EDGE('',*,*,#2485,.T.);
#2822 = ORIENTED_EDGE('',*,*,#2526,.T.);
#2823 = ORIENTED_EDGE('',*,*,#2824,.F.);
#2824 = EDGE_CURVE('',#2825,#2527,#2827,.T.);
#2825 = VERTEX_POINT('',#2826);
#2826 = CARTESIAN_POINT('',(0.8,-2.,1.8));
#2827 = LINE('',#2828,#2829);
#2828 = CARTESIAN_POINT('',(0.8,-2.,1.8));
#2829 = VECTOR('',#2830,1.);
#2830 = DIRECTION('',(-1.224646799147E-16,-1.,0.));
#2831 = ORIENTED_EDGE('',*,*,#2832,.F.);
#2832 = EDGE_CURVE('',#2833,#2825,#2835,.T.);
#2833 = VERTEX_POINT('',#2834);
#2834 = CARTESIAN_POINT('',(1.2,-2.,1.8));
#2835 = LINE('',#2836,#2837);
#2836 = CARTESIAN_POINT('',(1.2,-2.,1.8));
#2837 = VECTOR('',#2838,1.);
#2838 = DIRECTION('',(-1.,1.224646799147E-16,0.));
#2839 = ORIENTED_EDGE('',*,*,#2840,.F.);
#2840 = EDGE_CURVE('',#2551,#2833,#2841,.T.);
#2841 = LINE('',#2842,#2843);
#2842 = CARTESIAN_POINT('',(1.2,-2.3,1.8));
#2843 = VECTOR('',#2844,1.);
#2844 = DIRECTION('',(1.224646799147E-16,1.,0.));
#2845 = ORIENTED_EDGE('',*,*,#2558,.T.);
#2846 = FACE_BOUND('',#2847,.T.);
#2847 = EDGE_LOOP('',(#2848,#2858,#2866,#2874));
#2848 = ORIENTED_EDGE('',*,*,#2849,.T.);
#2849 = EDGE_CURVE('',#2850,#2852,#2854,.T.);
#2850 = VERTEX_POINT('',#2851);
#2851 = CARTESIAN_POINT('',(1.75,0.25,1.8));
#2852 = VERTEX_POINT('',#2853);
#2853 = CARTESIAN_POINT('',(2.25,0.25,1.8));
#2854 = LINE('',#2855,#2856);
#2855 = CARTESIAN_POINT('',(1.625,0.25,1.8));
#2856 = VECTOR('',#2857,1.);
#2857 = DIRECTION('',(1.,-1.224646799147E-16,0.));
#2858 = ORIENTED_EDGE('',*,*,#2859,.T.);
#2859 = EDGE_CURVE('',#2852,#2860,#2862,.T.);
#2860 = VERTEX_POINT('',#2861);
#2861 = CARTESIAN_POINT('',(2.25,-0.25,1.8));
#2862 = LINE('',#2863,#2864);
#2863 = CARTESIAN_POINT('',(2.25,-0.278366783637,1.8));
#2864 = VECTOR('',#2865,1.);
#2865 = DIRECTION('',(-1.224646799147E-16,-1.,0.));
#2866 = ORIENTED_EDGE('',*,*,#2867,.T.);
#2867 = EDGE_CURVE('',#2860,#2868,#2870,.T.);
#2868 = VERTEX_POINT('',#2869);
#2869 = CARTESIAN_POINT('',(1.75,-0.25,1.8));
#2870 = LINE('',#2871,#2872);
#2871 = CARTESIAN_POINT('',(1.625,-0.25,1.8));
#2872 = VECTOR('',#2873,1.);
#2873 = DIRECTION('',(-1.,1.224646799147E-16,0.));
#2874 = ORIENTED_EDGE('',*,*,#2875,.F.);
#2875 = EDGE_CURVE('',#2850,#2868,#2876,.T.);
#2876 = LINE('',#2877,#2878);
#2877 = CARTESIAN_POINT('',(1.75,-0.278366783637,1.8));
#2878 = VECTOR('',#2879,1.);
#2879 = DIRECTION('',(-1.224646799147E-16,-1.,0.));
#2880 = FACE_BOUND('',#2881,.T.);
#2881 = EDGE_LOOP('',(#2882,#2892,#2900,#2908));
#2882 = ORIENTED_EDGE('',*,*,#2883,.T.);
#2883 = EDGE_CURVE('',#2884,#2886,#2888,.T.);
#2884 = VERTEX_POINT('',#2885);
#2885 = CARTESIAN_POINT('',(-0.25,0.25,1.8));
#2886 = VERTEX_POINT('',#2887);
#2887 = CARTESIAN_POINT('',(0.25,0.25,1.8));
#2888 = LINE('',#2889,#2890);
#2889 = CARTESIAN_POINT('',(0.625,0.25,1.8));
#2890 = VECTOR('',#2891,1.);
#2891 = DIRECTION('',(1.,-1.224646799147E-16,0.));
#2892 = ORIENTED_EDGE('',*,*,#2893,.T.);
#2893 = EDGE_CURVE('',#2886,#2894,#2896,.T.);
#2894 = VERTEX_POINT('',#2895);
#2895 = CARTESIAN_POINT('',(0.25,-0.25,1.8));
#2896 = LINE('',#2897,#2898);
#2897 = CARTESIAN_POINT('',(0.25,-0.278366783637,1.8));
#2898 = VECTOR('',#2899,1.);
#2899 = DIRECTION('',(-1.224646799147E-16,-1.,0.));
#2900 = ORIENTED_EDGE('',*,*,#2901,.T.);
#2901 = EDGE_CURVE('',#2894,#2902,#2904,.T.);
#2902 = VERTEX_POINT('',#2903);
#2903 = CARTESIAN_POINT('',(-0.25,-0.25,1.8));
#2904 = LINE('',#2905,#2906);
#2905 = CARTESIAN_POINT('',(0.625,-0.25,1.8));
#2906 = VECTOR('',#2907,1.);
#2907 = DIRECTION('',(-1.,1.224646799147E-16,0.));
#2908 = ORIENTED_EDGE('',*,*,#2909,.F.);
#2909 = EDGE_CURVE('',#2884,#2902,#2910,.T.);
#2910 = LINE('',#2911,#2912);
#2911 = CARTESIAN_POINT('',(-0.25,-0.278366783637,1.8));
#2912 = VECTOR('',#2913,1.);
#2913 = DIRECTION('',(-1.224646799147E-16,-1.,0.));
#2914 = PLANE('',#2915);
#2915 = AXIS2_PLACEMENT_3D('',#2916,#2917,#2918);
#2916 = CARTESIAN_POINT('',(1.,-0.6,1.8));
#2917 = DIRECTION('',(0.,0.,1.));
#2918 = DIRECTION('',(-1.,1.224646799147E-16,0.));
#2919 = ADVANCED_FACE('',(#2920),#2938,.F.);
#2920 = FACE_BOUND('',#2921,.F.);
#2921 = EDGE_LOOP('',(#2922,#2923,#2931,#2937));
#2922 = ORIENTED_EDGE('',*,*,#2550,.T.);
#2923 = ORIENTED_EDGE('',*,*,#2924,.T.);
#2924 = EDGE_CURVE('',#2543,#2925,#2927,.T.);
#2925 = VERTEX_POINT('',#2926);
#2926 = CARTESIAN_POINT('',(1.2,-2.,3.7));
#2927 = LINE('',#2928,#2929);
#2928 = CARTESIAN_POINT('',(1.2,-2.3,3.7));
#2929 = VECTOR('',#2930,1.);
#2930 = DIRECTION('',(1.224646799147E-16,1.,0.));
#2931 = ORIENTED_EDGE('',*,*,#2932,.F.);
#2932 = EDGE_CURVE('',#2833,#2925,#2933,.T.);
#2933 = LINE('',#2934,#2935);
#2934 = CARTESIAN_POINT('',(1.2,-2.,1.8));
#2935 = VECTOR('',#2936,1.);
#2936 = DIRECTION('',(0.,0.,1.));
#2937 = ORIENTED_EDGE('',*,*,#2840,.F.);
#2938 = PLANE('',#2939);
#2939 = AXIS2_PLACEMENT_3D('',#2940,#2941,#2942);
#2940 = CARTESIAN_POINT('',(1.2,-2.3,1.8));
#2941 = DIRECTION('',(-1.,1.224646799147E-16,0.));
#2942 = DIRECTION('',(1.224646799147E-16,1.,0.));
#2943 = ADVANCED_FACE('',(#2944),#2962,.T.);
#2944 = FACE_BOUND('',#2945,.T.);
#2945 = EDGE_LOOP('',(#2946,#2954,#2960,#2961));
#2946 = ORIENTED_EDGE('',*,*,#2947,.T.);
#2947 = EDGE_CURVE('',#2925,#2948,#2950,.T.);
#2948 = VERTEX_POINT('',#2949);
#2949 = CARTESIAN_POINT('',(0.8,-2.,3.7));
#2950 = LINE('',#2951,#2952);
#2951 = CARTESIAN_POINT('',(1.2,-2.,3.7));
#2952 = VECTOR('',#2953,1.);
#2953 = DIRECTION('',(-1.,1.224646799147E-16,0.));
#2954 = ORIENTED_EDGE('',*,*,#2955,.T.);
#2955 = EDGE_CURVE('',#2948,#2535,#2956,.T.);
#2956 = LINE('',#2957,#2958);
#2957 = CARTESIAN_POINT('',(0.8,-2.,3.7));
#2958 = VECTOR('',#2959,1.);
#2959 = DIRECTION('',(-1.224646799147E-16,-1.,0.));
#2960 = ORIENTED_EDGE('',*,*,#2542,.T.);
#2961 = ORIENTED_EDGE('',*,*,#2924,.T.);
#2962 = PLANE('',#2963);
#2963 = AXIS2_PLACEMENT_3D('',#2964,#2965,#2966);
#2964 = CARTESIAN_POINT('',(1.,-2.15,3.7));
#2965 = DIRECTION('',(0.,0.,1.));
#2966 = DIRECTION('',(-1.,1.224646799147E-16,0.));
#2967 = ADVANCED_FACE('',(#2968),#2979,.F.);
#2968 = FACE_BOUND('',#2969,.F.);
#2969 = EDGE_LOOP('',(#2970,#2976,#2977,#2978));
#2970 = ORIENTED_EDGE('',*,*,#2971,.T.);
#2971 = EDGE_CURVE('',#2825,#2948,#2972,.T.);
#2972 = LINE('',#2973,#2974);
#2973 = CARTESIAN_POINT('',(0.8,-2.,1.8));
#2974 = VECTOR('',#2975,1.);
#2975 = DIRECTION('',(0.,0.,1.));
#2976 = ORIENTED_EDGE('',*,*,#2955,.T.);
#2977 = ORIENTED_EDGE('',*,*,#2534,.F.);
#2978 = ORIENTED_EDGE('',*,*,#2824,.F.);
#2979 = PLANE('',#2980);
#2980 = AXIS2_PLACEMENT_3D('',#2981,#2982,#2983);
#2981 = CARTESIAN_POINT('',(0.8,-2.,1.8));
#2982 = DIRECTION('',(1.,-1.224646799147E-16,0.));
#2983 = DIRECTION('',(-1.224646799147E-16,-1.,0.));
#2984 = ADVANCED_FACE('',(#2985),#3010,.F.);
#2985 = FACE_BOUND('',#2986,.F.);
#2986 = EDGE_LOOP('',(#2987,#2995,#2996,#3004));
#2987 = ORIENTED_EDGE('',*,*,#2988,.F.);
#2988 = EDGE_CURVE('',#2582,#2989,#2991,.T.);
#2989 = VERTEX_POINT('',#2990);
#2990 = CARTESIAN_POINT('',(0.25,0.25,-0.9));
#2991 = LINE('',#2992,#2993);
#2992 = CARTESIAN_POINT('',(0.25,0.25,5.));
#2993 = VECTOR('',#2994,1.);
#2994 = DIRECTION('',(-0.,0.,-1.));
#2995 = ORIENTED_EDGE('',*,*,#2579,.F.);
#2996 = ORIENTED_EDGE('',*,*,#2997,.T.);
#2997 = EDGE_CURVE('',#2580,#2998,#3000,.T.);
#2998 = VERTEX_POINT('',#2999);
#2999 = CARTESIAN_POINT('',(-0.25,0.25,-0.9));
#3000 = LINE('',#3001,#3002);
#3001 = CARTESIAN_POINT('',(-0.25,0.25,5.));
#3002 = VECTOR('',#3003,1.);
#3003 = DIRECTION('',(-0.,0.,-1.));
#3004 = ORIENTED_EDGE('',*,*,#3005,.F.);
#3005 = EDGE_CURVE('',#2989,#2998,#3006,.T.);
#3006 = LINE('',#3007,#3008);
#3007 = CARTESIAN_POINT('',(0.25,0.25,-0.9));
#3008 = VECTOR('',#3009,1.);
#3009 = DIRECTION('',(-1.,1.224646799147E-16,0.));
#3010 = PLANE('',#3011);
#3011 = AXIS2_PLACEMENT_3D('',#3012,#3013,#3014);
#3012 = CARTESIAN_POINT('',(0.25,0.25,5.));
#3013 = DIRECTION('',(-1.224646799147E-16,-1.,0.));
#3014 = DIRECTION('',(-0.,0.,-1.));
#3015 = ADVANCED_FACE('',(#3016),#3066,.T.);
#3016 = FACE_BOUND('',#3017,.T.);
#3017 = EDGE_LOOP('',(#3018,#3028,#3036,#3044,#3050,#3051,#3052,#3060));
#3018 = ORIENTED_EDGE('',*,*,#3019,.T.);
#3019 = EDGE_CURVE('',#3020,#3022,#3024,.T.);
#3020 = VERTEX_POINT('',#3021);
#3021 = CARTESIAN_POINT('',(-0.25,0.281578947368,-3.2));
#3022 = VERTEX_POINT('',#3023);
#3023 = CARTESIAN_POINT('',(-0.25,-0.218421052632,-3.2));
#3024 = LINE('',#3025,#3026);
#3025 = CARTESIAN_POINT('',(-0.25,0.25,-3.2));
#3026 = VECTOR('',#3027,1.);
#3027 = DIRECTION('',(-1.224646799147E-16,-1.,0.));
#3028 = ORIENTED_EDGE('',*,*,#3029,.T.);
#3029 = EDGE_CURVE('',#3022,#3030,#3032,.T.);
#3030 = VERTEX_POINT('',#3031);
#3031 = CARTESIAN_POINT('',(-0.25,5.E-02,-1.5));
#3032 = LINE('',#3033,#3034);
#3033 = CARTESIAN_POINT('',(-0.25,-0.25,-3.4));
#3034 = VECTOR('',#3035,1.);
#3035 = DIRECTION('',(1.909990663905E-17,0.155962573473,0.987762965329)
  );
#3036 = ORIENTED_EDGE('',*,*,#3037,.T.);
#3037 = EDGE_CURVE('',#3030,#3038,#3040,.T.);
#3038 = VERTEX_POINT('',#3039);
#3039 = CARTESIAN_POINT('',(-0.25,-0.25,-0.9));
#3040 = LINE('',#3041,#3042);
#3041 = CARTESIAN_POINT('',(-0.25,5.E-02,-1.5));
#3042 = VECTOR('',#3043,1.);
#3043 = DIRECTION('',(-5.476786982641E-17,-0.4472135955,0.894427191));
#3044 = ORIENTED_EDGE('',*,*,#3045,.T.);
#3045 = EDGE_CURVE('',#3038,#2598,#3046,.T.);
#3046 = LINE('',#3047,#3048);
#3047 = CARTESIAN_POINT('',(-0.25,-0.25,-0.9));
#3048 = VECTOR('',#3049,1.);
#3049 = DIRECTION('',(0.,0.,1.));
#3050 = ORIENTED_EDGE('',*,*,#2605,.F.);
#3051 = ORIENTED_EDGE('',*,*,#2997,.T.);
#3052 = ORIENTED_EDGE('',*,*,#3053,.T.);
#3053 = EDGE_CURVE('',#2998,#3054,#3056,.T.);
#3054 = VERTEX_POINT('',#3055);
#3055 = CARTESIAN_POINT('',(-0.25,0.55,-1.5));
#3056 = LINE('',#3057,#3058);
#3057 = CARTESIAN_POINT('',(-0.25,0.25,-0.9));
#3058 = VECTOR('',#3059,1.);
#3059 = DIRECTION('',(5.476786982641E-17,0.4472135955,-0.894427191));
#3060 = ORIENTED_EDGE('',*,*,#3061,.T.);
#3061 = EDGE_CURVE('',#3054,#3020,#3062,.T.);
#3062 = LINE('',#3063,#3064);
#3063 = CARTESIAN_POINT('',(-0.25,0.55,-1.5));
#3064 = VECTOR('',#3065,1.);
#3065 = DIRECTION('',(-1.909990663905E-17,-0.155962573473,
    -0.987762965329));
#3066 = PLANE('',#3067);
#3067 = AXIS2_PLACEMENT_3D('',#3068,#3069,#3070);
#3068 = CARTESIAN_POINT('',(-0.25,4.326643272645E-02,0.775746953017));
#3069 = DIRECTION('',(-1.,1.224646799147E-16,0.));
#3070 = DIRECTION('',(0.,0.,1.));
#3071 = ADVANCED_FACE('',(#3072),#3090,.F.);
#3072 = FACE_BOUND('',#3073,.F.);
#3073 = EDGE_LOOP('',(#3074,#3082,#3088,#3089));
#3074 = ORIENTED_EDGE('',*,*,#3075,.F.);
#3075 = EDGE_CURVE('',#3076,#2590,#3078,.T.);
#3076 = VERTEX_POINT('',#3077);
#3077 = CARTESIAN_POINT('',(0.25,-0.25,-0.9));
#3078 = LINE('',#3079,#3080);
#3079 = CARTESIAN_POINT('',(0.25,-0.25,-0.9));
#3080 = VECTOR('',#3081,1.);
#3081 = DIRECTION('',(0.,0.,1.));
#3082 = ORIENTED_EDGE('',*,*,#3083,.T.);
#3083 = EDGE_CURVE('',#3076,#3038,#3084,.T.);
#3084 = LINE('',#3085,#3086);
#3085 = CARTESIAN_POINT('',(0.25,-0.25,-0.9));
#3086 = VECTOR('',#3087,1.);
#3087 = DIRECTION('',(-1.,1.224646799147E-16,0.));
#3088 = ORIENTED_EDGE('',*,*,#3045,.T.);
#3089 = ORIENTED_EDGE('',*,*,#2597,.F.);
#3090 = PLANE('',#3091);
#3091 = AXIS2_PLACEMENT_3D('',#3092,#3093,#3094);
#3092 = CARTESIAN_POINT('',(0.25,-0.25,-0.9));
#3093 = DIRECTION('',(1.224646799147E-16,1.,0.));
#3094 = DIRECTION('',(0.,-0.,1.));
#3095 = ADVANCED_FACE('',(#3096),#3139,.F.);
#3096 = FACE_BOUND('',#3097,.F.);
#3097 = EDGE_LOOP('',(#3098,#3108,#3116,#3122,#3123,#3124,#3125,#3133));
#3098 = ORIENTED_EDGE('',*,*,#3099,.T.);
#3099 = EDGE_CURVE('',#3100,#3102,#3104,.T.);
#3100 = VERTEX_POINT('',#3101);
#3101 = CARTESIAN_POINT('',(0.25,0.281578947368,-3.2));
#3102 = VERTEX_POINT('',#3103);
#3103 = CARTESIAN_POINT('',(0.25,-0.218421052632,-3.2));
#3104 = LINE('',#3105,#3106);
#3105 = CARTESIAN_POINT('',(0.25,0.25,-3.2));
#3106 = VECTOR('',#3107,1.);
#3107 = DIRECTION('',(-1.224646799147E-16,-1.,0.));
#3108 = ORIENTED_EDGE('',*,*,#3109,.T.);
#3109 = EDGE_CURVE('',#3102,#3110,#3112,.T.);
#3110 = VERTEX_POINT('',#3111);
#3111 = CARTESIAN_POINT('',(0.25,5.E-02,-1.5));
#3112 = LINE('',#3113,#3114);
#3113 = CARTESIAN_POINT('',(0.25,-0.25,-3.4));
#3114 = VECTOR('',#3115,1.);
#3115 = DIRECTION('',(1.909990663905E-17,0.155962573473,0.987762965329)
  );
#3116 = ORIENTED_EDGE('',*,*,#3117,.T.);
#3117 = EDGE_CURVE('',#3110,#3076,#3118,.T.);
#3118 = LINE('',#3119,#3120);
#3119 = CARTESIAN_POINT('',(0.25,5.E-02,-1.5));
#3120 = VECTOR('',#3121,1.);
#3121 = DIRECTION('',(-5.476786982641E-17,-0.4472135955,0.894427191));
#3122 = ORIENTED_EDGE('',*,*,#3075,.T.);
#3123 = ORIENTED_EDGE('',*,*,#2589,.F.);
#3124 = ORIENTED_EDGE('',*,*,#2988,.T.);
#3125 = ORIENTED_EDGE('',*,*,#3126,.T.);
#3126 = EDGE_CURVE('',#2989,#3127,#3129,.T.);
#3127 = VERTEX_POINT('',#3128);
#3128 = CARTESIAN_POINT('',(0.25,0.55,-1.5));
#3129 = LINE('',#3130,#3131);
#3130 = CARTESIAN_POINT('',(0.25,0.25,-0.9));
#3131 = VECTOR('',#3132,1.);
#3132 = DIRECTION('',(5.476786982641E-17,0.4472135955,-0.894427191));
#3133 = ORIENTED_EDGE('',*,*,#3134,.T.);
#3134 = EDGE_CURVE('',#3127,#3100,#3135,.T.);
#3135 = LINE('',#3136,#3137);
#3136 = CARTESIAN_POINT('',(0.25,0.55,-1.5));
#3137 = VECTOR('',#3138,1.);
#3138 = DIRECTION('',(-1.909990663905E-17,-0.155962573473,
    -0.987762965329));
#3139 = PLANE('',#3140);
#3140 = AXIS2_PLACEMENT_3D('',#3141,#3142,#3143);
#3141 = CARTESIAN_POINT('',(0.25,4.326643272645E-02,0.775746953017));
#3142 = DIRECTION('',(-1.,1.224646799147E-16,0.));
#3143 = DIRECTION('',(0.,0.,1.));
#3144 = ADVANCED_FACE('',(#3145),#3156,.F.);
#3145 = FACE_BOUND('',#3146,.F.);
#3146 = EDGE_LOOP('',(#3147,#3148,#3149,#3155));
#3147 = ORIENTED_EDGE('',*,*,#2665,.T.);
#3148 = ORIENTED_EDGE('',*,*,#2713,.T.);
#3149 = ORIENTED_EDGE('',*,*,#3150,.F.);
#3150 = EDGE_CURVE('',#2787,#2714,#3151,.T.);
#3151 = LINE('',#3152,#3153);
#3152 = CARTESIAN_POINT('',(2.25,0.55,-1.5));
#3153 = VECTOR('',#3154,1.);
#3154 = DIRECTION('',(-1.,1.224646799147E-16,0.));
#3155 = ORIENTED_EDGE('',*,*,#2786,.F.);
#3156 = PLANE('',#3157);
#3157 = AXIS2_PLACEMENT_3D('',#3158,#3159,#3160);
#3158 = CARTESIAN_POINT('',(2.25,0.25,-0.9));
#3159 = DIRECTION('',(-1.095357396528E-16,-0.894427191,-0.4472135955));
#3160 = DIRECTION('',(5.476786982641E-17,0.4472135955,-0.894427191));
#3161 = ADVANCED_FACE('',(#3162),#3203,.F.);
#3162 = FACE_BOUND('',#3163,.T.);
#3163 = EDGE_LOOP('',(#3164,#3174,#3180,#3181,#3189,#3197));
#3164 = ORIENTED_EDGE('',*,*,#3165,.T.);
#3165 = EDGE_CURVE('',#3166,#3168,#3170,.T.);
#3166 = VERTEX_POINT('',#3167);
#3167 = CARTESIAN_POINT('',(1.95,-5.E-02,-3.4));
#3168 = VERTEX_POINT('',#3169);
#3169 = CARTESIAN_POINT('',(1.752447406934,-0.218807485305,
    -3.202447406934));
#3170 = LINE('',#3171,#3172);
#3171 = CARTESIAN_POINT('',(1.983963101414,-2.097873708559E-02,
    -3.433963101414));
#3172 = VECTOR('',#3173,1.);
#3173 = DIRECTION('',(-0.605209817607,-0.517148096144,0.605209817607));
#3174 = ORIENTED_EDGE('',*,*,#3175,.T.);
#3175 = EDGE_CURVE('',#3168,#2682,#3176,.T.);
#3176 = LINE('',#3177,#3178);
#3177 = CARTESIAN_POINT('',(1.955198358413,-0.250820793434,
    -3.405198358413));
#3178 = VECTOR('',#3179,1.);
#3179 = DIRECTION('',(-0.702740385383,0.110959008218,0.702740385383));
#3180 = ORIENTED_EDGE('',*,*,#2679,.F.);
#3181 = ORIENTED_EDGE('',*,*,#3182,.F.);
#3182 = EDGE_CURVE('',#3183,#2680,#3185,.T.);
#3183 = VERTEX_POINT('',#3184);
#3184 = CARTESIAN_POINT('',(1.752447406934,0.281192514695,
    -3.202447406934));
#3185 = LINE('',#3186,#3187);
#3186 = CARTESIAN_POINT('',(1.493844049248,0.322024623803,
    -2.943844049248));
#3187 = VECTOR('',#3188,1.);
#3188 = DIRECTION('',(-0.702740385383,0.110959008218,0.702740385383));
#3189 = ORIENTED_EDGE('',*,*,#3190,.F.);
#3190 = EDGE_CURVE('',#3191,#3183,#3193,.T.);
#3191 = VERTEX_POINT('',#3192);
#3192 = CARTESIAN_POINT('',(1.95,5.E-02,-3.4));
#3193 = LINE('',#3194,#3195);
#3194 = CARTESIAN_POINT('',(1.895376695718,0.113924744707,
    -3.345376695718));
#3195 = VECTOR('',#3196,1.);
#3196 = DIRECTION('',(-0.544770019249,0.63753529491,0.544770019249));
#3197 = ORIENTED_EDGE('',*,*,#3198,.T.);
#3198 = EDGE_CURVE('',#3191,#3166,#3199,.T.);
#3199 = LINE('',#3200,#3201);
#3200 = CARTESIAN_POINT('',(1.95,0.25,-3.4));
#3201 = VECTOR('',#3202,1.);
#3202 = DIRECTION('',(-1.224646799147E-16,-1.,0.));
#3203 = PLANE('',#3204);
#3204 = AXIS2_PLACEMENT_3D('',#3205,#3206,#3207);
#3205 = CARTESIAN_POINT('',(1.85,0.25,-3.3));
#3206 = DIRECTION('',(0.707106781187,-8.833102285013E-17,0.707106781187)
  );
#3207 = DIRECTION('',(1.236918052038E-16,1.,1.227125289097E-18));
#3208 = ADVANCED_FACE('',(#3209),#3229,.F.);
#3209 = FACE_BOUND('',#3210,.F.);
#3210 = EDGE_LOOP('',(#3211,#3212,#3213,#3214,#3215,#3223));
#3211 = ORIENTED_EDGE('',*,*,#2794,.F.);
#3212 = ORIENTED_EDGE('',*,*,#3150,.T.);
#3213 = ORIENTED_EDGE('',*,*,#2721,.T.);
#3214 = ORIENTED_EDGE('',*,*,#3182,.F.);
#3215 = ORIENTED_EDGE('',*,*,#3216,.F.);
#3216 = EDGE_CURVE('',#3217,#3183,#3219,.T.);
#3217 = VERTEX_POINT('',#3218);
#3218 = CARTESIAN_POINT('',(2.247552593066,0.281192514695,
    -3.202447406934));
#3219 = LINE('',#3220,#3221);
#3220 = CARTESIAN_POINT('',(2.25,0.281192514695,-3.202447406934));
#3221 = VECTOR('',#3222,1.);
#3222 = DIRECTION('',(-1.,1.224646799147E-16,0.));
#3223 = ORIENTED_EDGE('',*,*,#3224,.T.);
#3224 = EDGE_CURVE('',#3217,#2760,#3225,.T.);
#3225 = LINE('',#3226,#3227);
#3226 = CARTESIAN_POINT('',(2.629616963064,0.341518467852,
    -2.820383036936));
#3227 = VECTOR('',#3228,1.);
#3228 = DIRECTION('',(0.702740385383,0.110959008218,0.702740385383));
#3229 = PLANE('',#3230);
#3230 = AXIS2_PLACEMENT_3D('',#3231,#3232,#3233);
#3231 = CARTESIAN_POINT('',(2.25,0.55,-1.5));
#3232 = DIRECTION('',(-1.209660753807E-16,-0.987762965329,0.155962573473
    ));
#3233 = DIRECTION('',(-1.909990663905E-17,-0.155962573473,
    -0.987762965329));
#3234 = ADVANCED_FACE('',(#3235),#3246,.F.);
#3235 = FACE_BOUND('',#3236,.F.);
#3236 = EDGE_LOOP('',(#3237,#3243,#3244,#3245));
#3237 = ORIENTED_EDGE('',*,*,#3238,.T.);
#3238 = EDGE_CURVE('',#2770,#2690,#3239,.T.);
#3239 = LINE('',#3240,#3241);
#3240 = CARTESIAN_POINT('',(2.25,5.E-02,-1.5));
#3241 = VECTOR('',#3242,1.);
#3242 = DIRECTION('',(-1.,1.224646799147E-16,0.));
#3243 = ORIENTED_EDGE('',*,*,#2697,.T.);
#3244 = ORIENTED_EDGE('',*,*,#2743,.F.);
#3245 = ORIENTED_EDGE('',*,*,#2777,.F.);
#3246 = PLANE('',#3247);
#3247 = AXIS2_PLACEMENT_3D('',#3248,#3249,#3250);
#3248 = CARTESIAN_POINT('',(2.25,5.E-02,-1.5));
#3249 = DIRECTION('',(1.095357396528E-16,0.894427191,0.4472135955));
#3250 = DIRECTION('',(-5.476786982641E-17,-0.4472135955,0.894427191));
#3251 = ADVANCED_FACE('',(#3252),#3272,.F.);
#3252 = FACE_BOUND('',#3253,.F.);
#3253 = EDGE_LOOP('',(#3254,#3255,#3263,#3269,#3270,#3271));
#3254 = ORIENTED_EDGE('',*,*,#2769,.F.);
#3255 = ORIENTED_EDGE('',*,*,#3256,.F.);
#3256 = EDGE_CURVE('',#3257,#2762,#3259,.T.);
#3257 = VERTEX_POINT('',#3258);
#3258 = CARTESIAN_POINT('',(2.247552593066,-0.218807485305,
    -3.202447406934));
#3259 = LINE('',#3260,#3261);
#3260 = CARTESIAN_POINT('',(2.168262653899,-0.231326949384,
    -3.281737346101));
#3261 = VECTOR('',#3262,1.);
#3262 = DIRECTION('',(0.702740385383,0.110959008218,0.702740385383));
#3263 = ORIENTED_EDGE('',*,*,#3264,.T.);
#3264 = EDGE_CURVE('',#3257,#3168,#3265,.T.);
#3265 = LINE('',#3266,#3267);
#3266 = CARTESIAN_POINT('',(2.25,-0.218807485305,-3.202447406934));
#3267 = VECTOR('',#3268,1.);
#3268 = DIRECTION('',(-1.,1.224646799147E-16,0.));
#3269 = ORIENTED_EDGE('',*,*,#3175,.T.);
#3270 = ORIENTED_EDGE('',*,*,#2689,.T.);
#3271 = ORIENTED_EDGE('',*,*,#3238,.F.);
#3272 = PLANE('',#3273);
#3273 = AXIS2_PLACEMENT_3D('',#3274,#3275,#3276);
#3274 = CARTESIAN_POINT('',(2.25,-0.25,-3.4));
#3275 = DIRECTION('',(1.209660753807E-16,0.987762965329,-0.155962573473)
  );
#3276 = DIRECTION('',(1.909990663905E-17,0.155962573473,0.987762965329)
  );
#3277 = ADVANCED_FACE('',(#3278),#3305,.T.);
#3278 = FACE_BOUND('',#3279,.F.);
#3279 = EDGE_LOOP('',(#3280,#3288,#3289,#3290,#3291,#3299));
#3280 = ORIENTED_EDGE('',*,*,#3281,.T.);
#3281 = EDGE_CURVE('',#3282,#3257,#3284,.T.);
#3282 = VERTEX_POINT('',#3283);
#3283 = CARTESIAN_POINT('',(2.05,-5.E-02,-3.4));
#3284 = LINE('',#3285,#3286);
#3285 = CARTESIAN_POINT('',(2.107606629418,-9.922451332131E-02,
    -3.342393370582));
#3286 = VECTOR('',#3287,1.);
#3287 = DIRECTION('',(0.605209817607,-0.517148096144,0.605209817607));
#3288 = ORIENTED_EDGE('',*,*,#3256,.T.);
#3289 = ORIENTED_EDGE('',*,*,#2759,.F.);
#3290 = ORIENTED_EDGE('',*,*,#3224,.F.);
#3291 = ORIENTED_EDGE('',*,*,#3292,.F.);
#3292 = EDGE_CURVE('',#3293,#3217,#3295,.T.);
#3293 = VERTEX_POINT('',#3294);
#3294 = CARTESIAN_POINT('',(2.05,5.E-02,-3.4));
#3295 = LINE('',#3296,#3297);
#3296 = CARTESIAN_POINT('',(2.17881689775,0.200752273427,-3.27118310225)
  );
#3297 = VECTOR('',#3298,1.);
#3298 = DIRECTION('',(0.544770019249,0.63753529491,0.544770019249));
#3299 = ORIENTED_EDGE('',*,*,#3300,.T.);
#3300 = EDGE_CURVE('',#3293,#3282,#3301,.T.);
#3301 = LINE('',#3302,#3303);
#3302 = CARTESIAN_POINT('',(2.05,0.25,-3.4));
#3303 = VECTOR('',#3304,1.);
#3304 = DIRECTION('',(-1.224646799147E-16,-1.,0.));
#3305 = PLANE('',#3306);
#3306 = AXIS2_PLACEMENT_3D('',#3307,#3308,#3309);
#3307 = CARTESIAN_POINT('',(2.15,0.25,-3.3));
#3308 = DIRECTION('',(0.707106781187,-8.486018839685E-17,-0.707106781187
    ));
#3309 = DIRECTION('',(1.212375546256E-16,1.,1.227125289196E-18));
#3310 = ADVANCED_FACE('',(#3311),#3317,.F.);
#3311 = FACE_BOUND('',#3312,.F.);
#3312 = EDGE_LOOP('',(#3313,#3314,#3315,#3316));
#3313 = ORIENTED_EDGE('',*,*,#2932,.T.);
#3314 = ORIENTED_EDGE('',*,*,#2947,.T.);
#3315 = ORIENTED_EDGE('',*,*,#2971,.F.);
#3316 = ORIENTED_EDGE('',*,*,#2832,.F.);
#3317 = PLANE('',#3318);
#3318 = AXIS2_PLACEMENT_3D('',#3319,#3320,#3321);
#3319 = CARTESIAN_POINT('',(1.2,-2.,1.8));
#3320 = DIRECTION('',(-1.224646799147E-16,-1.,0.));
#3321 = DIRECTION('',(-1.,1.224646799147E-16,0.));
#3322 = ADVANCED_FACE('',(#3323),#3348,.F.);
#3323 = FACE_BOUND('',#3324,.F.);
#3324 = EDGE_LOOP('',(#3325,#3333,#3341,#3347));
#3325 = ORIENTED_EDGE('',*,*,#3326,.F.);
#3326 = EDGE_CURVE('',#3327,#2852,#3329,.T.);
#3327 = VERTEX_POINT('',#3328);
#3328 = CARTESIAN_POINT('',(2.25,0.25,4.8));
#3329 = LINE('',#3330,#3331);
#3330 = CARTESIAN_POINT('',(2.25,0.25,5.));
#3331 = VECTOR('',#3332,1.);
#3332 = DIRECTION('',(-0.,0.,-1.));
#3333 = ORIENTED_EDGE('',*,*,#3334,.T.);
#3334 = EDGE_CURVE('',#3327,#3335,#3337,.T.);
#3335 = VERTEX_POINT('',#3336);
#3336 = CARTESIAN_POINT('',(1.75,0.25,4.8));
#3337 = LINE('',#3338,#3339);
#3338 = CARTESIAN_POINT('',(2.25,0.25,4.8));
#3339 = VECTOR('',#3340,1.);
#3340 = DIRECTION('',(-1.,1.224646799147E-16,0.));
#3341 = ORIENTED_EDGE('',*,*,#3342,.T.);
#3342 = EDGE_CURVE('',#3335,#2850,#3343,.T.);
#3343 = LINE('',#3344,#3345);
#3344 = CARTESIAN_POINT('',(1.75,0.25,5.));
#3345 = VECTOR('',#3346,1.);
#3346 = DIRECTION('',(-0.,0.,-1.));
#3347 = ORIENTED_EDGE('',*,*,#2849,.T.);
#3348 = PLANE('',#3349);
#3349 = AXIS2_PLACEMENT_3D('',#3350,#3351,#3352);
#3350 = CARTESIAN_POINT('',(2.25,0.25,5.));
#3351 = DIRECTION('',(-1.224646799147E-16,-1.,0.));
#3352 = DIRECTION('',(-0.,0.,-1.));
#3353 = ADVANCED_FACE('',(#3354),#3372,.T.);
#3354 = FACE_BOUND('',#3355,.T.);
#3355 = EDGE_LOOP('',(#3356,#3357,#3365,#3371));
#3356 = ORIENTED_EDGE('',*,*,#2875,.T.);
#3357 = ORIENTED_EDGE('',*,*,#3358,.T.);
#3358 = EDGE_CURVE('',#2868,#3359,#3361,.T.);
#3359 = VERTEX_POINT('',#3360);
#3360 = CARTESIAN_POINT('',(1.75,-0.25,4.8));
#3361 = LINE('',#3362,#3363);
#3362 = CARTESIAN_POINT('',(1.75,-0.25,-0.9));
#3363 = VECTOR('',#3364,1.);
#3364 = DIRECTION('',(0.,0.,1.));
#3365 = ORIENTED_EDGE('',*,*,#3366,.T.);
#3366 = EDGE_CURVE('',#3359,#3335,#3367,.T.);
#3367 = LINE('',#3368,#3369);
#3368 = CARTESIAN_POINT('',(1.75,-0.25,4.8));
#3369 = VECTOR('',#3370,1.);
#3370 = DIRECTION('',(1.224646799147E-16,1.,0.));
#3371 = ORIENTED_EDGE('',*,*,#3342,.T.);
#3372 = PLANE('',#3373);
#3373 = AXIS2_PLACEMENT_3D('',#3374,#3375,#3376);
#3374 = CARTESIAN_POINT('',(1.75,4.326643272645E-02,0.775746953017));
#3375 = DIRECTION('',(-1.,1.224646799147E-16,0.));
#3376 = DIRECTION('',(0.,0.,1.));
#3377 = ADVANCED_FACE('',(#3378),#3396,.F.);
#3378 = FACE_BOUND('',#3379,.F.);
#3379 = EDGE_LOOP('',(#3380,#3388,#3389,#3390));
#3380 = ORIENTED_EDGE('',*,*,#3381,.F.);
#3381 = EDGE_CURVE('',#2860,#3382,#3384,.T.);
#3382 = VERTEX_POINT('',#3383);
#3383 = CARTESIAN_POINT('',(2.25,-0.25,4.8));
#3384 = LINE('',#3385,#3386);
#3385 = CARTESIAN_POINT('',(2.25,-0.25,-0.9));
#3386 = VECTOR('',#3387,1.);
#3387 = DIRECTION('',(0.,0.,1.));
#3388 = ORIENTED_EDGE('',*,*,#2867,.T.);
#3389 = ORIENTED_EDGE('',*,*,#3358,.T.);
#3390 = ORIENTED_EDGE('',*,*,#3391,.F.);
#3391 = EDGE_CURVE('',#3382,#3359,#3392,.T.);
#3392 = LINE('',#3393,#3394);
#3393 = CARTESIAN_POINT('',(2.25,-0.25,4.8));
#3394 = VECTOR('',#3395,1.);
#3395 = DIRECTION('',(-1.,1.224646799147E-16,0.));
#3396 = PLANE('',#3397);
#3397 = AXIS2_PLACEMENT_3D('',#3398,#3399,#3400);
#3398 = CARTESIAN_POINT('',(2.25,-0.25,-0.9));
#3399 = DIRECTION('',(1.224646799147E-16,1.,0.));
#3400 = DIRECTION('',(0.,-0.,1.));
#3401 = ADVANCED_FACE('',(#3402),#3413,.F.);
#3402 = FACE_BOUND('',#3403,.F.);
#3403 = EDGE_LOOP('',(#3404,#3405,#3406,#3412));
#3404 = ORIENTED_EDGE('',*,*,#2859,.T.);
#3405 = ORIENTED_EDGE('',*,*,#3381,.T.);
#3406 = ORIENTED_EDGE('',*,*,#3407,.T.);
#3407 = EDGE_CURVE('',#3382,#3327,#3408,.T.);
#3408 = LINE('',#3409,#3410);
#3409 = CARTESIAN_POINT('',(2.25,-0.25,4.8));
#3410 = VECTOR('',#3411,1.);
#3411 = DIRECTION('',(1.224646799147E-16,1.,0.));
#3412 = ORIENTED_EDGE('',*,*,#3326,.T.);
#3413 = PLANE('',#3414);
#3414 = AXIS2_PLACEMENT_3D('',#3415,#3416,#3417);
#3415 = CARTESIAN_POINT('',(2.25,4.326643272645E-02,0.775746953017));
#3416 = DIRECTION('',(-1.,1.224646799147E-16,0.));
#3417 = DIRECTION('',(0.,0.,1.));
#3418 = ADVANCED_FACE('',(#3419),#3444,.F.);
#3419 = FACE_BOUND('',#3420,.F.);
#3420 = EDGE_LOOP('',(#3421,#3429,#3437,#3443));
#3421 = ORIENTED_EDGE('',*,*,#3422,.F.);
#3422 = EDGE_CURVE('',#3423,#2886,#3425,.T.);
#3423 = VERTEX_POINT('',#3424);
#3424 = CARTESIAN_POINT('',(0.25,0.25,4.8));
#3425 = LINE('',#3426,#3427);
#3426 = CARTESIAN_POINT('',(0.25,0.25,5.));
#3427 = VECTOR('',#3428,1.);
#3428 = DIRECTION('',(-0.,0.,-1.));
#3429 = ORIENTED_EDGE('',*,*,#3430,.T.);
#3430 = EDGE_CURVE('',#3423,#3431,#3433,.T.);
#3431 = VERTEX_POINT('',#3432);
#3432 = CARTESIAN_POINT('',(-0.25,0.25,4.8));
#3433 = LINE('',#3434,#3435);
#3434 = CARTESIAN_POINT('',(0.25,0.25,4.8));
#3435 = VECTOR('',#3436,1.);
#3436 = DIRECTION('',(-1.,1.224646799147E-16,0.));
#3437 = ORIENTED_EDGE('',*,*,#3438,.T.);
#3438 = EDGE_CURVE('',#3431,#2884,#3439,.T.);
#3439 = LINE('',#3440,#3441);
#3440 = CARTESIAN_POINT('',(-0.25,0.25,5.));
#3441 = VECTOR('',#3442,1.);
#3442 = DIRECTION('',(-0.,0.,-1.));
#3443 = ORIENTED_EDGE('',*,*,#2883,.T.);
#3444 = PLANE('',#3445);
#3445 = AXIS2_PLACEMENT_3D('',#3446,#3447,#3448);
#3446 = CARTESIAN_POINT('',(0.25,0.25,5.));
#3447 = DIRECTION('',(-1.224646799147E-16,-1.,0.));
#3448 = DIRECTION('',(-0.,0.,-1.));
#3449 = ADVANCED_FACE('',(#3450),#3468,.T.);
#3450 = FACE_BOUND('',#3451,.T.);
#3451 = EDGE_LOOP('',(#3452,#3453,#3461,#3467));
#3452 = ORIENTED_EDGE('',*,*,#2909,.T.);
#3453 = ORIENTED_EDGE('',*,*,#3454,.T.);
#3454 = EDGE_CURVE('',#2902,#3455,#3457,.T.);
#3455 = VERTEX_POINT('',#3456);
#3456 = CARTESIAN_POINT('',(-0.25,-0.25,4.8));
#3457 = LINE('',#3458,#3459);
#3458 = CARTESIAN_POINT('',(-0.25,-0.25,-0.9));
#3459 = VECTOR('',#3460,1.);
#3460 = DIRECTION('',(0.,0.,1.));
#3461 = ORIENTED_EDGE('',*,*,#3462,.T.);
#3462 = EDGE_CURVE('',#3455,#3431,#3463,.T.);
#3463 = LINE('',#3464,#3465);
#3464 = CARTESIAN_POINT('',(-0.25,-0.25,4.8));
#3465 = VECTOR('',#3466,1.);
#3466 = DIRECTION('',(1.224646799147E-16,1.,0.));
#3467 = ORIENTED_EDGE('',*,*,#3438,.T.);
#3468 = PLANE('',#3469);
#3469 = AXIS2_PLACEMENT_3D('',#3470,#3471,#3472);
#3470 = CARTESIAN_POINT('',(-0.25,4.326643272645E-02,0.775746953017));
#3471 = DIRECTION('',(-1.,1.224646799147E-16,0.));
#3472 = DIRECTION('',(0.,0.,1.));
#3473 = ADVANCED_FACE('',(#3474),#3492,.F.);
#3474 = FACE_BOUND('',#3475,.F.);
#3475 = EDGE_LOOP('',(#3476,#3484,#3485,#3486));
#3476 = ORIENTED_EDGE('',*,*,#3477,.F.);
#3477 = EDGE_CURVE('',#2894,#3478,#3480,.T.);
#3478 = VERTEX_POINT('',#3479);
#3479 = CARTESIAN_POINT('',(0.25,-0.25,4.8));
#3480 = LINE('',#3481,#3482);
#3481 = CARTESIAN_POINT('',(0.25,-0.25,-0.9));
#3482 = VECTOR('',#3483,1.);
#3483 = DIRECTION('',(0.,0.,1.));
#3484 = ORIENTED_EDGE('',*,*,#2901,.T.);
#3485 = ORIENTED_EDGE('',*,*,#3454,.T.);
#3486 = ORIENTED_EDGE('',*,*,#3487,.F.);
#3487 = EDGE_CURVE('',#3478,#3455,#3488,.T.);
#3488 = LINE('',#3489,#3490);
#3489 = CARTESIAN_POINT('',(0.25,-0.25,4.8));
#3490 = VECTOR('',#3491,1.);
#3491 = DIRECTION('',(-1.,1.224646799147E-16,0.));
#3492 = PLANE('',#3493);
#3493 = AXIS2_PLACEMENT_3D('',#3494,#3495,#3496);
#3494 = CARTESIAN_POINT('',(0.25,-0.25,-0.9));
#3495 = DIRECTION('',(1.224646799147E-16,1.,0.));
#3496 = DIRECTION('',(0.,-0.,1.));
#3497 = ADVANCED_FACE('',(#3498),#3509,.F.);
#3498 = FACE_BOUND('',#3499,.F.);
#3499 = EDGE_LOOP('',(#3500,#3501,#3502,#3508));
#3500 = ORIENTED_EDGE('',*,*,#2893,.T.);
#3501 = ORIENTED_EDGE('',*,*,#3477,.T.);
#3502 = ORIENTED_EDGE('',*,*,#3503,.T.);
#3503 = EDGE_CURVE('',#3478,#3423,#3504,.T.);
#3504 = LINE('',#3505,#3506);
#3505 = CARTESIAN_POINT('',(0.25,-0.25,4.8));
#3506 = VECTOR('',#3507,1.);
#3507 = DIRECTION('',(1.224646799147E-16,1.,0.));
#3508 = ORIENTED_EDGE('',*,*,#3422,.T.);
#3509 = PLANE('',#3510);
#3510 = AXIS2_PLACEMENT_3D('',#3511,#3512,#3513);
#3511 = CARTESIAN_POINT('',(0.25,4.326643272645E-02,0.775746953017));
#3512 = DIRECTION('',(-1.,1.224646799147E-16,0.));
#3513 = DIRECTION('',(0.,0.,1.));
#3514 = ADVANCED_FACE('',(#3515),#3526,.F.);
#3515 = FACE_BOUND('',#3516,.F.);
#3516 = EDGE_LOOP('',(#3517,#3518,#3519,#3525));
#3517 = ORIENTED_EDGE('',*,*,#3005,.T.);
#3518 = ORIENTED_EDGE('',*,*,#3053,.T.);
#3519 = ORIENTED_EDGE('',*,*,#3520,.F.);
#3520 = EDGE_CURVE('',#3127,#3054,#3521,.T.);
#3521 = LINE('',#3522,#3523);
#3522 = CARTESIAN_POINT('',(0.25,0.55,-1.5));
#3523 = VECTOR('',#3524,1.);
#3524 = DIRECTION('',(-1.,1.224646799147E-16,0.));
#3525 = ORIENTED_EDGE('',*,*,#3126,.F.);
#3526 = PLANE('',#3527);
#3527 = AXIS2_PLACEMENT_3D('',#3528,#3529,#3530);
#3528 = CARTESIAN_POINT('',(0.25,0.25,-0.9));
#3529 = DIRECTION('',(-1.095357396528E-16,-0.894427191,-0.4472135955));
#3530 = DIRECTION('',(5.476786982641E-17,0.4472135955,-0.894427191));
#3531 = ADVANCED_FACE('',(#3532),#3573,.F.);
#3532 = FACE_BOUND('',#3533,.T.);
#3533 = EDGE_LOOP('',(#3534,#3544,#3550,#3551,#3559,#3567));
#3534 = ORIENTED_EDGE('',*,*,#3535,.T.);
#3535 = EDGE_CURVE('',#3536,#3538,#3540,.T.);
#3536 = VERTEX_POINT('',#3537);
#3537 = CARTESIAN_POINT('',(-5.E-02,-5.E-02,-3.4));
#3538 = VERTEX_POINT('',#3539);
#3539 = CARTESIAN_POINT('',(-0.247552593066,-0.218807485305,
    -3.202447406934));
#3540 = LINE('',#3541,#3542);
#3541 = CARTESIAN_POINT('',(-1.603689858649E-02,-2.097873708559E-02,
    -3.433963101414));
#3542 = VECTOR('',#3543,1.);
#3543 = DIRECTION('',(-0.605209817607,-0.517148096144,0.605209817607));
#3544 = ORIENTED_EDGE('',*,*,#3545,.T.);
#3545 = EDGE_CURVE('',#3538,#3022,#3546,.T.);
#3546 = LINE('',#3547,#3548);
#3547 = CARTESIAN_POINT('',(-4.480164158687E-02,-0.250820793434,
    -3.405198358413));
#3548 = VECTOR('',#3549,1.);
#3549 = DIRECTION('',(-0.702740385383,0.110959008218,0.702740385383));
#3550 = ORIENTED_EDGE('',*,*,#3019,.F.);
#3551 = ORIENTED_EDGE('',*,*,#3552,.F.);
#3552 = EDGE_CURVE('',#3553,#3020,#3555,.T.);
#3553 = VERTEX_POINT('',#3554);
#3554 = CARTESIAN_POINT('',(-0.247552593066,0.281192514695,
    -3.202447406934));
#3555 = LINE('',#3556,#3557);
#3556 = CARTESIAN_POINT('',(-0.506155950752,0.322024623803,
    -2.943844049248));
#3557 = VECTOR('',#3558,1.);
#3558 = DIRECTION('',(-0.702740385383,0.110959008218,0.702740385383));
#3559 = ORIENTED_EDGE('',*,*,#3560,.F.);
#3560 = EDGE_CURVE('',#3561,#3553,#3563,.T.);
#3561 = VERTEX_POINT('',#3562);
#3562 = CARTESIAN_POINT('',(-5.E-02,5.E-02,-3.4));
#3563 = LINE('',#3564,#3565);
#3564 = CARTESIAN_POINT('',(-0.104623304282,0.113924744707,
    -3.345376695718));
#3565 = VECTOR('',#3566,1.);
#3566 = DIRECTION('',(-0.544770019249,0.63753529491,0.544770019249));
#3567 = ORIENTED_EDGE('',*,*,#3568,.T.);
#3568 = EDGE_CURVE('',#3561,#3536,#3569,.T.);
#3569 = LINE('',#3570,#3571);
#3570 = CARTESIAN_POINT('',(-5.E-02,0.25,-3.4));
#3571 = VECTOR('',#3572,1.);
#3572 = DIRECTION('',(-1.224646799147E-16,-1.,0.));
#3573 = PLANE('',#3574);
#3574 = AXIS2_PLACEMENT_3D('',#3575,#3576,#3577);
#3575 = CARTESIAN_POINT('',(-0.15,0.25,-3.3));
#3576 = DIRECTION('',(0.707106781187,-8.833102285013E-17,0.707106781187)
  );
#3577 = DIRECTION('',(1.236918052038E-16,1.,1.227125289097E-18));
#3578 = ADVANCED_FACE('',(#3579),#3599,.F.);
#3579 = FACE_BOUND('',#3580,.F.);
#3580 = EDGE_LOOP('',(#3581,#3582,#3583,#3584,#3585,#3593));
#3581 = ORIENTED_EDGE('',*,*,#3134,.F.);
#3582 = ORIENTED_EDGE('',*,*,#3520,.T.);
#3583 = ORIENTED_EDGE('',*,*,#3061,.T.);
#3584 = ORIENTED_EDGE('',*,*,#3552,.F.);
#3585 = ORIENTED_EDGE('',*,*,#3586,.F.);
#3586 = EDGE_CURVE('',#3587,#3553,#3589,.T.);
#3587 = VERTEX_POINT('',#3588);
#3588 = CARTESIAN_POINT('',(0.247552593066,0.281192514695,
    -3.202447406934));
#3589 = LINE('',#3590,#3591);
#3590 = CARTESIAN_POINT('',(0.25,0.281192514695,-3.202447406934));
#3591 = VECTOR('',#3592,1.);
#3592 = DIRECTION('',(-1.,1.224646799147E-16,0.));
#3593 = ORIENTED_EDGE('',*,*,#3594,.T.);
#3594 = EDGE_CURVE('',#3587,#3100,#3595,.T.);
#3595 = LINE('',#3596,#3597);
#3596 = CARTESIAN_POINT('',(0.629616963064,0.341518467852,
    -2.820383036936));
#3597 = VECTOR('',#3598,1.);
#3598 = DIRECTION('',(0.702740385383,0.110959008218,0.702740385383));
#3599 = PLANE('',#3600);
#3600 = AXIS2_PLACEMENT_3D('',#3601,#3602,#3603);
#3601 = CARTESIAN_POINT('',(0.25,0.55,-1.5));
#3602 = DIRECTION('',(-1.209660753807E-16,-0.987762965329,0.155962573473
    ));
#3603 = DIRECTION('',(-1.909990663905E-17,-0.155962573473,
    -0.987762965329));
#3604 = ADVANCED_FACE('',(#3605),#3616,.F.);
#3605 = FACE_BOUND('',#3606,.F.);
#3606 = EDGE_LOOP('',(#3607,#3613,#3614,#3615));
#3607 = ORIENTED_EDGE('',*,*,#3608,.T.);
#3608 = EDGE_CURVE('',#3110,#3030,#3609,.T.);
#3609 = LINE('',#3610,#3611);
#3610 = CARTESIAN_POINT('',(0.25,5.E-02,-1.5));
#3611 = VECTOR('',#3612,1.);
#3612 = DIRECTION('',(-1.,1.224646799147E-16,0.));
#3613 = ORIENTED_EDGE('',*,*,#3037,.T.);
#3614 = ORIENTED_EDGE('',*,*,#3083,.F.);
#3615 = ORIENTED_EDGE('',*,*,#3117,.F.);
#3616 = PLANE('',#3617);
#3617 = AXIS2_PLACEMENT_3D('',#3618,#3619,#3620);
#3618 = CARTESIAN_POINT('',(0.25,5.E-02,-1.5));
#3619 = DIRECTION('',(1.095357396528E-16,0.894427191,0.4472135955));
#3620 = DIRECTION('',(-5.476786982641E-17,-0.4472135955,0.894427191));
#3621 = ADVANCED_FACE('',(#3622),#3642,.F.);
#3622 = FACE_BOUND('',#3623,.F.);
#3623 = EDGE_LOOP('',(#3624,#3625,#3633,#3639,#3640,#3641));
#3624 = ORIENTED_EDGE('',*,*,#3109,.F.);
#3625 = ORIENTED_EDGE('',*,*,#3626,.F.);
#3626 = EDGE_CURVE('',#3627,#3102,#3629,.T.);
#3627 = VERTEX_POINT('',#3628);
#3628 = CARTESIAN_POINT('',(0.247552593066,-0.218807485305,
    -3.202447406934));
#3629 = LINE('',#3630,#3631);
#3630 = CARTESIAN_POINT('',(0.168262653899,-0.231326949384,
    -3.281737346101));
#3631 = VECTOR('',#3632,1.);
#3632 = DIRECTION('',(0.702740385383,0.110959008218,0.702740385383));
#3633 = ORIENTED_EDGE('',*,*,#3634,.T.);
#3634 = EDGE_CURVE('',#3627,#3538,#3635,.T.);
#3635 = LINE('',#3636,#3637);
#3636 = CARTESIAN_POINT('',(0.25,-0.218807485305,-3.202447406934));
#3637 = VECTOR('',#3638,1.);
#3638 = DIRECTION('',(-1.,1.224646799147E-16,0.));
#3639 = ORIENTED_EDGE('',*,*,#3545,.T.);
#3640 = ORIENTED_EDGE('',*,*,#3029,.T.);
#3641 = ORIENTED_EDGE('',*,*,#3608,.F.);
#3642 = PLANE('',#3643);
#3643 = AXIS2_PLACEMENT_3D('',#3644,#3645,#3646);
#3644 = CARTESIAN_POINT('',(0.25,-0.25,-3.4));
#3645 = DIRECTION('',(1.209660753807E-16,0.987762965329,-0.155962573473)
  );
#3646 = DIRECTION('',(1.909990663905E-17,0.155962573473,0.987762965329)
  );
#3647 = ADVANCED_FACE('',(#3648),#3675,.T.);
#3648 = FACE_BOUND('',#3649,.F.);
#3649 = EDGE_LOOP('',(#3650,#3658,#3659,#3660,#3661,#3669));
#3650 = ORIENTED_EDGE('',*,*,#3651,.T.);
#3651 = EDGE_CURVE('',#3652,#3627,#3654,.T.);
#3652 = VERTEX_POINT('',#3653);
#3653 = CARTESIAN_POINT('',(5.E-02,-5.E-02,-3.4));
#3654 = LINE('',#3655,#3656);
#3655 = CARTESIAN_POINT('',(0.107606629418,-9.922451332131E-02,
    -3.342393370582));
#3656 = VECTOR('',#3657,1.);
#3657 = DIRECTION('',(0.605209817607,-0.517148096144,0.605209817607));
#3658 = ORIENTED_EDGE('',*,*,#3626,.T.);
#3659 = ORIENTED_EDGE('',*,*,#3099,.F.);
#3660 = ORIENTED_EDGE('',*,*,#3594,.F.);
#3661 = ORIENTED_EDGE('',*,*,#3662,.F.);
#3662 = EDGE_CURVE('',#3663,#3587,#3665,.T.);
#3663 = VERTEX_POINT('',#3664);
#3664 = CARTESIAN_POINT('',(5.E-02,5.E-02,-3.4));
#3665 = LINE('',#3666,#3667);
#3666 = CARTESIAN_POINT('',(0.17881689775,0.200752273427,-3.27118310225)
  );
#3667 = VECTOR('',#3668,1.);
#3668 = DIRECTION('',(0.544770019249,0.63753529491,0.544770019249));
#3669 = ORIENTED_EDGE('',*,*,#3670,.T.);
#3670 = EDGE_CURVE('',#3663,#3652,#3671,.T.);
#3671 = LINE('',#3672,#3673);
#3672 = CARTESIAN_POINT('',(5.E-02,0.25,-3.4));
#3673 = VECTOR('',#3674,1.);
#3674 = DIRECTION('',(-1.224646799147E-16,-1.,0.));
#3675 = PLANE('',#3676);
#3676 = AXIS2_PLACEMENT_3D('',#3677,#3678,#3679);
#3677 = CARTESIAN_POINT('',(0.15,0.25,-3.3));
#3678 = DIRECTION('',(0.707106781187,-8.486018839685E-17,-0.707106781187
    ));
#3679 = DIRECTION('',(1.212375546256E-16,1.,1.227125289196E-18));
#3680 = ADVANCED_FACE('',(#3681),#3692,.T.);
#3681 = FACE_BOUND('',#3682,.F.);
#3682 = EDGE_LOOP('',(#3683,#3684,#3690,#3691));
#3683 = ORIENTED_EDGE('',*,*,#3281,.F.);
#3684 = ORIENTED_EDGE('',*,*,#3685,.T.);
#3685 = EDGE_CURVE('',#3282,#3166,#3686,.T.);
#3686 = LINE('',#3687,#3688);
#3687 = CARTESIAN_POINT('',(2.25,-5.E-02,-3.4));
#3688 = VECTOR('',#3689,1.);
#3689 = DIRECTION('',(-1.,1.224646799147E-16,0.));
#3690 = ORIENTED_EDGE('',*,*,#3165,.T.);
#3691 = ORIENTED_EDGE('',*,*,#3264,.F.);
#3692 = PLANE('',#3693);
#3693 = AXIS2_PLACEMENT_3D('',#3694,#3695,#3696);
#3694 = CARTESIAN_POINT('',(2.25,-0.134403742653,-3.301223703467));
#3695 = DIRECTION('',(-9.136856246232E-17,-0.760250805153,-0.64962967394
    ));
#3696 = DIRECTION('',(1.,-1.211454098155E-16,1.127308249542E-18));
#3697 = ADVANCED_FACE('',(#3698),#3709,.F.);
#3698 = FACE_BOUND('',#3699,.F.);
#3699 = EDGE_LOOP('',(#3700,#3701,#3702,#3708));
#3700 = ORIENTED_EDGE('',*,*,#3685,.F.);
#3701 = ORIENTED_EDGE('',*,*,#3300,.F.);
#3702 = ORIENTED_EDGE('',*,*,#3703,.T.);
#3703 = EDGE_CURVE('',#3293,#3191,#3704,.T.);
#3704 = LINE('',#3705,#3706);
#3705 = CARTESIAN_POINT('',(2.25,5.E-02,-3.4));
#3706 = VECTOR('',#3707,1.);
#3707 = DIRECTION('',(-1.,1.224646799147E-16,0.));
#3708 = ORIENTED_EDGE('',*,*,#3198,.T.);
#3709 = PLANE('',#3710);
#3710 = AXIS2_PLACEMENT_3D('',#3711,#3712,#3713);
#3711 = CARTESIAN_POINT('',(2.25,0.25,-3.4));
#3712 = DIRECTION('',(0.,0.,1.));
#3713 = DIRECTION('',(-1.224646799147E-16,-1.,0.));
#3714 = ADVANCED_FACE('',(#3715),#3721,.T.);
#3715 = FACE_BOUND('',#3716,.T.);
#3716 = EDGE_LOOP('',(#3717,#3718,#3719,#3720));
#3717 = ORIENTED_EDGE('',*,*,#3292,.F.);
#3718 = ORIENTED_EDGE('',*,*,#3703,.T.);
#3719 = ORIENTED_EDGE('',*,*,#3190,.T.);
#3720 = ORIENTED_EDGE('',*,*,#3216,.F.);
#3721 = PLANE('',#3722);
#3722 = AXIS2_PLACEMENT_3D('',#3723,#3724,#3725);
#3723 = CARTESIAN_POINT('',(2.25,0.165596257347,-3.301223703467));
#3724 = DIRECTION('',(8.302774088379E-17,0.64962967394,-0.760250805153)
  );
#3725 = DIRECTION('',(-1.,1.247195775152E-16,-2.638869166629E-18));
#3726 = ADVANCED_FACE('',(#3727),#3752,.T.);
#3727 = FACE_BOUND('',#3728,.F.);
#3728 = EDGE_LOOP('',(#3729,#3737,#3745,#3751));
#3729 = ORIENTED_EDGE('',*,*,#3730,.F.);
#3730 = EDGE_CURVE('',#3731,#3327,#3733,.T.);
#3731 = VERTEX_POINT('',#3732);
#3732 = CARTESIAN_POINT('',(2.05,5.E-02,5.));
#3733 = LINE('',#3734,#3735);
#3734 = CARTESIAN_POINT('',(2.1,0.1,4.95));
#3735 = VECTOR('',#3736,1.);
#3736 = DIRECTION('',(0.57735026919,0.57735026919,-0.57735026919));
#3737 = ORIENTED_EDGE('',*,*,#3738,.T.);
#3738 = EDGE_CURVE('',#3731,#3739,#3741,.T.);
#3739 = VERTEX_POINT('',#3740);
#3740 = CARTESIAN_POINT('',(1.95,5.E-02,5.));
#3741 = LINE('',#3742,#3743);
#3742 = CARTESIAN_POINT('',(2.25,5.E-02,5.));
#3743 = VECTOR('',#3744,1.);
#3744 = DIRECTION('',(-1.,1.224646799147E-16,0.));
#3745 = ORIENTED_EDGE('',*,*,#3746,.T.);
#3746 = EDGE_CURVE('',#3739,#3335,#3747,.T.);
#3747 = LINE('',#3748,#3749);
#3748 = CARTESIAN_POINT('',(1.983333333333,1.666666666667E-02,
    5.033333333333));
#3749 = VECTOR('',#3750,1.);
#3750 = DIRECTION('',(-0.57735026919,0.57735026919,-0.57735026919));
#3751 = ORIENTED_EDGE('',*,*,#3334,.F.);
#3752 = PLANE('',#3753);
#3753 = AXIS2_PLACEMENT_3D('',#3754,#3755,#3756);
#3754 = CARTESIAN_POINT('',(2.25,0.15,4.9));
#3755 = DIRECTION('',(8.833102285013E-17,0.707106781187,0.707106781187)
  );
#3756 = DIRECTION('',(1.,-1.236918052038E-16,-1.227125289097E-18));
#3757 = ADVANCED_FACE('',(#3758),#3776,.F.);
#3758 = FACE_BOUND('',#3759,.T.);
#3759 = EDGE_LOOP('',(#3760,#3768,#3774,#3775));
#3760 = ORIENTED_EDGE('',*,*,#3761,.F.);
#3761 = EDGE_CURVE('',#3762,#3359,#3764,.T.);
#3762 = VERTEX_POINT('',#3763);
#3763 = CARTESIAN_POINT('',(1.95,-5.E-02,5.));
#3764 = LINE('',#3765,#3766);
#3765 = CARTESIAN_POINT('',(1.9,-0.1,4.95));
#3766 = VECTOR('',#3767,1.);
#3767 = DIRECTION('',(-0.57735026919,-0.57735026919,-0.57735026919));
#3768 = ORIENTED_EDGE('',*,*,#3769,.T.);
#3769 = EDGE_CURVE('',#3762,#3739,#3770,.T.);
#3770 = LINE('',#3771,#3772);
#3771 = CARTESIAN_POINT('',(1.95,-0.25,5.));
#3772 = VECTOR('',#3773,1.);
#3773 = DIRECTION('',(1.224646799147E-16,1.,0.));
#3774 = ORIENTED_EDGE('',*,*,#3746,.T.);
#3775 = ORIENTED_EDGE('',*,*,#3366,.F.);
#3776 = PLANE('',#3777);
#3777 = AXIS2_PLACEMENT_3D('',#3778,#3779,#3780);
#3778 = CARTESIAN_POINT('',(1.85,-0.25,4.9));
#3779 = DIRECTION('',(0.707106781187,-8.486018839685E-17,-0.707106781187
    ));
#3780 = DIRECTION('',(-1.212375546256E-16,-1.,-1.227125289196E-18));
#3781 = ADVANCED_FACE('',(#3782),#3800,.T.);
#3782 = FACE_BOUND('',#3783,.F.);
#3783 = EDGE_LOOP('',(#3784,#3792,#3793,#3794));
#3784 = ORIENTED_EDGE('',*,*,#3785,.F.);
#3785 = EDGE_CURVE('',#3382,#3786,#3788,.T.);
#3786 = VERTEX_POINT('',#3787);
#3787 = CARTESIAN_POINT('',(2.05,-5.E-02,5.));
#3788 = LINE('',#3789,#3790);
#3789 = CARTESIAN_POINT('',(2.183333333333,-0.183333333333,
    4.866666666667));
#3790 = VECTOR('',#3791,1.);
#3791 = DIRECTION('',(-0.57735026919,0.57735026919,0.57735026919));
#3792 = ORIENTED_EDGE('',*,*,#3391,.T.);
#3793 = ORIENTED_EDGE('',*,*,#3761,.F.);
#3794 = ORIENTED_EDGE('',*,*,#3795,.F.);
#3795 = EDGE_CURVE('',#3786,#3762,#3796,.T.);
#3796 = LINE('',#3797,#3798);
#3797 = CARTESIAN_POINT('',(2.25,-5.E-02,5.));
#3798 = VECTOR('',#3799,1.);
#3799 = DIRECTION('',(-1.,1.224646799147E-16,0.));
#3800 = PLANE('',#3801);
#3801 = AXIS2_PLACEMENT_3D('',#3802,#3803,#3804);
#3802 = CARTESIAN_POINT('',(2.25,-0.15,4.9));
#3803 = DIRECTION('',(-8.833102285013E-17,-0.707106781187,0.707106781187
    ));
#3804 = DIRECTION('',(1.,-1.236918052038E-16,1.227125289097E-18));
#3805 = ADVANCED_FACE('',(#3806),#3817,.T.);
#3806 = FACE_BOUND('',#3807,.F.);
#3807 = EDGE_LOOP('',(#3808,#3809,#3815,#3816));
#3808 = ORIENTED_EDGE('',*,*,#3785,.T.);
#3809 = ORIENTED_EDGE('',*,*,#3810,.T.);
#3810 = EDGE_CURVE('',#3786,#3731,#3811,.T.);
#3811 = LINE('',#3812,#3813);
#3812 = CARTESIAN_POINT('',(2.05,-0.25,5.));
#3813 = VECTOR('',#3814,1.);
#3814 = DIRECTION('',(1.224646799147E-16,1.,0.));
#3815 = ORIENTED_EDGE('',*,*,#3730,.T.);
#3816 = ORIENTED_EDGE('',*,*,#3407,.F.);
#3817 = PLANE('',#3818);
#3818 = AXIS2_PLACEMENT_3D('',#3819,#3820,#3821);
#3819 = CARTESIAN_POINT('',(2.15,-0.25,4.9));
#3820 = DIRECTION('',(0.707106781187,-8.833102285013E-17,0.707106781187)
  );
#3821 = DIRECTION('',(-1.236918052038E-16,-1.,-1.227125289097E-18));
#3822 = ADVANCED_FACE('',(#3823),#3848,.T.);
#3823 = FACE_BOUND('',#3824,.F.);
#3824 = EDGE_LOOP('',(#3825,#3833,#3841,#3847));
#3825 = ORIENTED_EDGE('',*,*,#3826,.F.);
#3826 = EDGE_CURVE('',#3827,#3423,#3829,.T.);
#3827 = VERTEX_POINT('',#3828);
#3828 = CARTESIAN_POINT('',(5.E-02,5.E-02,5.));
#3829 = LINE('',#3830,#3831);
#3830 = CARTESIAN_POINT('',(0.1,0.1,4.95));
#3831 = VECTOR('',#3832,1.);
#3832 = DIRECTION('',(0.57735026919,0.57735026919,-0.57735026919));
#3833 = ORIENTED_EDGE('',*,*,#3834,.T.);
#3834 = EDGE_CURVE('',#3827,#3835,#3837,.T.);
#3835 = VERTEX_POINT('',#3836);
#3836 = CARTESIAN_POINT('',(-5.E-02,5.E-02,5.));
#3837 = LINE('',#3838,#3839);
#3838 = CARTESIAN_POINT('',(0.25,5.E-02,5.));
#3839 = VECTOR('',#3840,1.);
#3840 = DIRECTION('',(-1.,1.224646799147E-16,0.));
#3841 = ORIENTED_EDGE('',*,*,#3842,.T.);
#3842 = EDGE_CURVE('',#3835,#3431,#3843,.T.);
#3843 = LINE('',#3844,#3845);
#3844 = CARTESIAN_POINT('',(-1.666666666667E-02,1.666666666667E-02,
    5.033333333333));
#3845 = VECTOR('',#3846,1.);
#3846 = DIRECTION('',(-0.57735026919,0.57735026919,-0.57735026919));
#3847 = ORIENTED_EDGE('',*,*,#3430,.F.);
#3848 = PLANE('',#3849);
#3849 = AXIS2_PLACEMENT_3D('',#3850,#3851,#3852);
#3850 = CARTESIAN_POINT('',(0.25,0.15,4.9));
#3851 = DIRECTION('',(8.833102285013E-17,0.707106781187,0.707106781187)
  );
#3852 = DIRECTION('',(1.,-1.236918052038E-16,-1.227125289097E-18));
#3853 = ADVANCED_FACE('',(#3854),#3872,.F.);
#3854 = FACE_BOUND('',#3855,.T.);
#3855 = EDGE_LOOP('',(#3856,#3864,#3870,#3871));
#3856 = ORIENTED_EDGE('',*,*,#3857,.F.);
#3857 = EDGE_CURVE('',#3858,#3455,#3860,.T.);
#3858 = VERTEX_POINT('',#3859);
#3859 = CARTESIAN_POINT('',(-5.E-02,-5.E-02,5.));
#3860 = LINE('',#3861,#3862);
#3861 = CARTESIAN_POINT('',(-0.1,-0.1,4.95));
#3862 = VECTOR('',#3863,1.);
#3863 = DIRECTION('',(-0.57735026919,-0.57735026919,-0.57735026919));
#3864 = ORIENTED_EDGE('',*,*,#3865,.T.);
#3865 = EDGE_CURVE('',#3858,#3835,#3866,.T.);
#3866 = LINE('',#3867,#3868);
#3867 = CARTESIAN_POINT('',(-5.E-02,-0.25,5.));
#3868 = VECTOR('',#3869,1.);
#3869 = DIRECTION('',(1.224646799147E-16,1.,0.));
#3870 = ORIENTED_EDGE('',*,*,#3842,.T.);
#3871 = ORIENTED_EDGE('',*,*,#3462,.F.);
#3872 = PLANE('',#3873);
#3873 = AXIS2_PLACEMENT_3D('',#3874,#3875,#3876);
#3874 = CARTESIAN_POINT('',(-0.15,-0.25,4.9));
#3875 = DIRECTION('',(0.707106781187,-8.486018839685E-17,-0.707106781187
    ));
#3876 = DIRECTION('',(-1.212375546256E-16,-1.,-1.227125289196E-18));
#3877 = ADVANCED_FACE('',(#3878),#3896,.T.);
#3878 = FACE_BOUND('',#3879,.F.);
#3879 = EDGE_LOOP('',(#3880,#3888,#3889,#3890));
#3880 = ORIENTED_EDGE('',*,*,#3881,.F.);
#3881 = EDGE_CURVE('',#3478,#3882,#3884,.T.);
#3882 = VERTEX_POINT('',#3883);
#3883 = CARTESIAN_POINT('',(5.E-02,-5.E-02,5.));
#3884 = LINE('',#3885,#3886);
#3885 = CARTESIAN_POINT('',(0.183333333333,-0.183333333333,
    4.866666666667));
#3886 = VECTOR('',#3887,1.);
#3887 = DIRECTION('',(-0.57735026919,0.57735026919,0.57735026919));
#3888 = ORIENTED_EDGE('',*,*,#3487,.T.);
#3889 = ORIENTED_EDGE('',*,*,#3857,.F.);
#3890 = ORIENTED_EDGE('',*,*,#3891,.F.);
#3891 = EDGE_CURVE('',#3882,#3858,#3892,.T.);
#3892 = LINE('',#3893,#3894);
#3893 = CARTESIAN_POINT('',(0.25,-5.E-02,5.));
#3894 = VECTOR('',#3895,1.);
#3895 = DIRECTION('',(-1.,1.224646799147E-16,0.));
#3896 = PLANE('',#3897);
#3897 = AXIS2_PLACEMENT_3D('',#3898,#3899,#3900);
#3898 = CARTESIAN_POINT('',(0.25,-0.15,4.9));
#3899 = DIRECTION('',(-8.833102285013E-17,-0.707106781187,0.707106781187
    ));
#3900 = DIRECTION('',(1.,-1.236918052038E-16,1.227125289097E-18));
#3901 = ADVANCED_FACE('',(#3902),#3913,.T.);
#3902 = FACE_BOUND('',#3903,.F.);
#3903 = EDGE_LOOP('',(#3904,#3905,#3911,#3912));
#3904 = ORIENTED_EDGE('',*,*,#3881,.T.);
#3905 = ORIENTED_EDGE('',*,*,#3906,.T.);
#3906 = EDGE_CURVE('',#3882,#3827,#3907,.T.);
#3907 = LINE('',#3908,#3909);
#3908 = CARTESIAN_POINT('',(5.E-02,-0.25,5.));
#3909 = VECTOR('',#3910,1.);
#3910 = DIRECTION('',(1.224646799147E-16,1.,0.));
#3911 = ORIENTED_EDGE('',*,*,#3826,.T.);
#3912 = ORIENTED_EDGE('',*,*,#3503,.F.);
#3913 = PLANE('',#3914);
#3914 = AXIS2_PLACEMENT_3D('',#3915,#3916,#3917);
#3915 = CARTESIAN_POINT('',(0.15,-0.25,4.9));
#3916 = DIRECTION('',(0.707106781187,-8.833102285013E-17,0.707106781187)
  );
#3917 = DIRECTION('',(-1.236918052038E-16,-1.,-1.227125289097E-18));
#3918 = ADVANCED_FACE('',(#3919),#3930,.T.);
#3919 = FACE_BOUND('',#3920,.F.);
#3920 = EDGE_LOOP('',(#3921,#3922,#3928,#3929));
#3921 = ORIENTED_EDGE('',*,*,#3651,.F.);
#3922 = ORIENTED_EDGE('',*,*,#3923,.T.);
#3923 = EDGE_CURVE('',#3652,#3536,#3924,.T.);
#3924 = LINE('',#3925,#3926);
#3925 = CARTESIAN_POINT('',(0.25,-5.E-02,-3.4));
#3926 = VECTOR('',#3927,1.);
#3927 = DIRECTION('',(-1.,1.224646799147E-16,0.));
#3928 = ORIENTED_EDGE('',*,*,#3535,.T.);
#3929 = ORIENTED_EDGE('',*,*,#3634,.F.);
#3930 = PLANE('',#3931);
#3931 = AXIS2_PLACEMENT_3D('',#3932,#3933,#3934);
#3932 = CARTESIAN_POINT('',(0.25,-0.134403742653,-3.301223703467));
#3933 = DIRECTION('',(-9.136856246232E-17,-0.760250805153,-0.64962967394
    ));
#3934 = DIRECTION('',(1.,-1.211454098155E-16,1.127308249542E-18));
#3935 = ADVANCED_FACE('',(#3936),#3947,.F.);
#3936 = FACE_BOUND('',#3937,.F.);
#3937 = EDGE_LOOP('',(#3938,#3939,#3940,#3946));
#3938 = ORIENTED_EDGE('',*,*,#3923,.F.);
#3939 = ORIENTED_EDGE('',*,*,#3670,.F.);
#3940 = ORIENTED_EDGE('',*,*,#3941,.T.);
#3941 = EDGE_CURVE('',#3663,#3561,#3942,.T.);
#3942 = LINE('',#3943,#3944);
#3943 = CARTESIAN_POINT('',(0.25,5.E-02,-3.4));
#3944 = VECTOR('',#3945,1.);
#3945 = DIRECTION('',(-1.,1.224646799147E-16,0.));
#3946 = ORIENTED_EDGE('',*,*,#3568,.T.);
#3947 = PLANE('',#3948);
#3948 = AXIS2_PLACEMENT_3D('',#3949,#3950,#3951);
#3949 = CARTESIAN_POINT('',(0.25,0.25,-3.4));
#3950 = DIRECTION('',(0.,0.,1.));
#3951 = DIRECTION('',(-1.224646799147E-16,-1.,0.));
#3952 = ADVANCED_FACE('',(#3953),#3959,.T.);
#3953 = FACE_BOUND('',#3954,.T.);
#3954 = EDGE_LOOP('',(#3955,#3956,#3957,#3958));
#3955 = ORIENTED_EDGE('',*,*,#3662,.F.);
#3956 = ORIENTED_EDGE('',*,*,#3941,.T.);
#3957 = ORIENTED_EDGE('',*,*,#3560,.T.);
#3958 = ORIENTED_EDGE('',*,*,#3586,.F.);
#3959 = PLANE('',#3960);
#3960 = AXIS2_PLACEMENT_3D('',#3961,#3962,#3963);
#3961 = CARTESIAN_POINT('',(0.25,0.165596257347,-3.301223703467));
#3962 = DIRECTION('',(8.302774088379E-17,0.64962967394,-0.760250805153)
  );
#3963 = DIRECTION('',(-1.,1.247195775152E-16,-2.638869166629E-18));
#3964 = ADVANCED_FACE('',(#3965),#3971,.F.);
#3965 = FACE_BOUND('',#3966,.F.);
#3966 = EDGE_LOOP('',(#3967,#3968,#3969,#3970));
#3967 = ORIENTED_EDGE('',*,*,#3769,.T.);
#3968 = ORIENTED_EDGE('',*,*,#3738,.F.);
#3969 = ORIENTED_EDGE('',*,*,#3810,.F.);
#3970 = ORIENTED_EDGE('',*,*,#3795,.T.);
#3971 = PLANE('',#3972);
#3972 = AXIS2_PLACEMENT_3D('',#3973,#3974,#3975);
#3973 = CARTESIAN_POINT('',(2.25,-0.25,5.));
#3974 = DIRECTION('',(-0.,0.,-1.));
#3975 = DIRECTION('',(1.224646799147E-16,1.,0.));
#3976 = ADVANCED_FACE('',(#3977),#3983,.F.);
#3977 = FACE_BOUND('',#3978,.F.);
#3978 = EDGE_LOOP('',(#3979,#3980,#3981,#3982));
#3979 = ORIENTED_EDGE('',*,*,#3865,.T.);
#3980 = ORIENTED_EDGE('',*,*,#3834,.F.);
#3981 = ORIENTED_EDGE('',*,*,#3906,.F.);
#3982 = ORIENTED_EDGE('',*,*,#3891,.T.);
#3983 = PLANE('',#3984);
#3984 = AXIS2_PLACEMENT_3D('',#3985,#3986,#3987);
#3985 = CARTESIAN_POINT('',(0.25,-0.25,5.));
#3986 = DIRECTION('',(-0.,0.,-1.));
#3987 = DIRECTION('',(1.224646799147E-16,1.,0.));
#3988 = ( GEOMETRIC_REPRESENTATION_CONTEXT(3) 
GLOBAL_UNCERTAINTY_ASSIGNED_CONTEXT((#3992)) 
GLOBAL_UNIT_ASSIGNED_CONTEXT((#3989,#3990,#3991)) REPRESENTATION_CONTEXT
('Context #1','3D Context with UNIT and UNCERTAINTY') );
#3989 = ( LENGTH_UNIT() NAMED_UNIT(*) SI_UNIT(.MILLI.,.METRE.) );
#3990 = ( NAMED_UNIT(*) PLANE_ANGLE_UNIT() SI_UNIT($,.RADIAN.) );
#3991 = ( NAMED_UNIT(*) SI_UNIT($,.STERADIAN.) SOLID_ANGLE_UNIT() );
#3992 = UNCERTAINTY_MEASURE_WITH_UNIT(LENGTH_MEASURE(1.E-07),#3989,
  'distance_accuracy_value','confusion accuracy');
#3993 = CONTEXT_DEPENDENT_SHAPE_REPRESENTATION(#3994,#3996);
#3994 = ( REPRESENTATION_RELATIONSHIP('','',#1095,#1072) 
REPRESENTATION_RELATIONSHIP_WITH_TRANSFORMATION(#3995) 
SHAPE_REPRESENTATION_RELATIONSHIP() );
#3995 = ITEM_DEFINED_TRANSFORMATION('','',#11,#1073);
#3996 = PRODUCT_DEFINITION_SHAPE('Placement','Placement of an item',
  #3997);
#3997 = NEXT_ASSEMBLY_USAGE_OCCURRENCE('3','=>[0:1:1:5]','',#1067,#1090,
  $);
#3998 = PRODUCT_RELATED_PRODUCT_CATEGORY('part',$,(#1092));
#3999 = SHAPE_DEFINITION_REPRESENTATION(#4000,#4006);
#4000 = PRODUCT_DEFINITION_SHAPE('','',#4001);
#4001 = PRODUCT_DEFINITION('design','',#4002,#4005);
#4002 = PRODUCT_DEFINITION_FORMATION('','',#4003);
#4003 = PRODUCT('C_1206_3216Metric','C_1206_3216Metric','',(#4004));
#4004 = PRODUCT_CONTEXT('',#2,'mechanical');
#4005 = PRODUCT_DEFINITION_CONTEXT('part definition',#2,'design');
#4006 = SHAPE_REPRESENTATION('',(#11,#4007),#4011);
#4007 = AXIS2_PLACEMENT_3D('',#4008,#4009,#4010);
#4008 = CARTESIAN_POINT('',(0.,0.,0.));
#4009 = DIRECTION('',(0.,0.,1.));
#4010 = DIRECTION('',(1.,0.,-0.));
#4011 = ( GEOMETRIC_REPRESENTATION_CONTEXT(3) 
GLOBAL_UNCERTAINTY_ASSIGNED_CONTEXT((#4015)) 
GLOBAL_UNIT_ASSIGNED_CONTEXT((#4012,#4013,#4014)) REPRESENTATION_CONTEXT
('Context #1','3D Context with UNIT and UNCERTAINTY') );
#4012 = ( LENGTH_UNIT() NAMED_UNIT(*) SI_UNIT(.MILLI.,.METRE.) );
#4013 = ( NAMED_UNIT(*) PLANE_ANGLE_UNIT() SI_UNIT($,.RADIAN.) );
#4014 = ( NAMED_UNIT(*) SI_UNIT($,.STERADIAN.) SOLID_ANGLE_UNIT() );
#4015 = UNCERTAINTY_MEASURE_WITH_UNIT(LENGTH_MEASURE(1.E-07),#4012,
  'distance_accuracy_value','confusion accuracy');
#4016 = CONTEXT_DEPENDENT_SHAPE_REPRESENTATION(#4017,#4019);
#4017 = ( REPRESENTATION_RELATIONSHIP('','',#4006,#10) 
REPRESENTATION_RELATIONSHIP_WITH_TRANSFORMATION(#4018) 
SHAPE_REPRESENTATION_RELATIONSHIP() );
#4018 = ITEM_DEFINED_TRANSFORMATION('','',#11,#23);
#4019 = PRODUCT_DEFINITION_SHAPE('Placement','Placement of an item',
  #4020);
#4020 = NEXT_ASSEMBLY_USAGE_OCCURRENCE('6','C9','',#5,#4001,$);
#4021 = PRODUCT_RELATED_PRODUCT_CATEGORY('part',$,(#4003));
#4022 = SHAPE_DEFINITION_REPRESENTATION(#4023,#4029);
#4023 = PRODUCT_DEFINITION_SHAPE('','',#4024);
#4024 = PRODUCT_DEFINITION('design','',#4025,#4028);
#4025 = PRODUCT_DEFINITION_FORMATION('','',#4026);
#4026 = PRODUCT('C_1206_3216Metric','C_1206_3216Metric','',(#4027));
#4027 = PRODUCT_CONTEXT('',#2,'mechanical');
#4028 = PRODUCT_DEFINITION_CONTEXT('part definition',#2,'design');
#4029 = ADVANCED_BREP_SHAPE_REPRESENTATION('',(#11,#4030),#4884);
#4030 = MANIFOLD_SOLID_BREP('',#4031);
#4031 = CLOSED_SHELL('',(#4032,#4108,#4139,#4164,#4189,#4213,#4237,#4262
    ,#4287,#4304,#4390,#4422,#4446,#4471,#4495,#4520,#4544,#4569,#4586,
    #4672,#4703,#4728,#4753,#4777,#4801,#4826,#4851,#4868));
#4032 = ADVANCED_FACE('',(#4033),#4103,.F.);
#4033 = FACE_BOUND('',#4034,.F.);
#4034 = EDGE_LOOP('',(#4035,#4045,#4054,#4062,#4071,#4079,#4088,#4096));
#4035 = ORIENTED_EDGE('',*,*,#4036,.F.);
#4036 = EDGE_CURVE('',#4037,#4039,#4041,.T.);
#4037 = VERTEX_POINT('',#4038);
#4038 = CARTESIAN_POINT('',(-1.6,-0.8,4.E-02));
#4039 = VERTEX_POINT('',#4040);
#4040 = CARTESIAN_POINT('',(-1.6,-0.8,1.56));
#4041 = LINE('',#4042,#4043);
#4042 = CARTESIAN_POINT('',(-1.6,-0.8,0.));
#4043 = VECTOR('',#4044,1.);
#4044 = DIRECTION('',(0.,0.,1.));
#4045 = ORIENTED_EDGE('',*,*,#4046,.T.);
#4046 = EDGE_CURVE('',#4037,#4047,#4049,.T.);
#4047 = VERTEX_POINT('',#4048);
#4048 = CARTESIAN_POINT('',(-1.6,-0.76,0.));
#4049 = CIRCLE('',#4050,4.E-02);
#4050 = AXIS2_PLACEMENT_3D('',#4051,#4052,#4053);
#4051 = CARTESIAN_POINT('',(-1.6,-0.76,4.E-02));
#4052 = DIRECTION('',(1.,0.,-0.));
#4053 = DIRECTION('',(0.,0.,1.));
#4054 = ORIENTED_EDGE('',*,*,#4055,.T.);
#4055 = EDGE_CURVE('',#4047,#4056,#4058,.T.);
#4056 = VERTEX_POINT('',#4057);
#4057 = CARTESIAN_POINT('',(-1.6,0.76,0.));
#4058 = LINE('',#4059,#4060);
#4059 = CARTESIAN_POINT('',(-1.6,-0.8,0.));
#4060 = VECTOR('',#4061,1.);
#4061 = DIRECTION('',(0.,1.,0.));
#4062 = ORIENTED_EDGE('',*,*,#4063,.F.);
#4063 = EDGE_CURVE('',#4064,#4056,#4066,.T.);
#4064 = VERTEX_POINT('',#4065);
#4065 = CARTESIAN_POINT('',(-1.6,0.8,4.E-02));
#4066 = CIRCLE('',#4067,4.E-02);
#4067 = AXIS2_PLACEMENT_3D('',#4068,#4069,#4070);
#4068 = CARTESIAN_POINT('',(-1.6,0.76,4.E-02));
#4069 = DIRECTION('',(-1.,0.,0.));
#4070 = DIRECTION('',(0.,0.,1.));
#4071 = ORIENTED_EDGE('',*,*,#4072,.T.);
#4072 = EDGE_CURVE('',#4064,#4073,#4075,.T.);
#4073 = VERTEX_POINT('',#4074);
#4074 = CARTESIAN_POINT('',(-1.6,0.8,1.56));
#4075 = LINE('',#4076,#4077);
#4076 = CARTESIAN_POINT('',(-1.6,0.8,0.));
#4077 = VECTOR('',#4078,1.);
#4078 = DIRECTION('',(0.,0.,1.));
#4079 = ORIENTED_EDGE('',*,*,#4080,.T.);
#4080 = EDGE_CURVE('',#4073,#4081,#4083,.T.);
#4081 = VERTEX_POINT('',#4082);
#4082 = CARTESIAN_POINT('',(-1.6,0.76,1.6));
#4083 = CIRCLE('',#4084,4.E-02);
#4084 = AXIS2_PLACEMENT_3D('',#4085,#4086,#4087);
#4085 = CARTESIAN_POINT('',(-1.6,0.76,1.56));
#4086 = DIRECTION('',(1.,0.,-0.));
#4087 = DIRECTION('',(0.,0.,1.));
#4088 = ORIENTED_EDGE('',*,*,#4089,.F.);
#4089 = EDGE_CURVE('',#4090,#4081,#4092,.T.);
#4090 = VERTEX_POINT('',#4091);
#4091 = CARTESIAN_POINT('',(-1.6,-0.76,1.6));
#4092 = LINE('',#4093,#4094);
#4093 = CARTESIAN_POINT('',(-1.6,-0.8,1.6));
#4094 = VECTOR('',#4095,1.);
#4095 = DIRECTION('',(0.,1.,0.));
#4096 = ORIENTED_EDGE('',*,*,#4097,.F.);
#4097 = EDGE_CURVE('',#4039,#4090,#4098,.T.);
#4098 = CIRCLE('',#4099,4.E-02);
#4099 = AXIS2_PLACEMENT_3D('',#4100,#4101,#4102);
#4100 = CARTESIAN_POINT('',(-1.6,-0.76,1.56));
#4101 = DIRECTION('',(-1.,0.,0.));
#4102 = DIRECTION('',(0.,0.,1.));
#4103 = PLANE('',#4104);
#4104 = AXIS2_PLACEMENT_3D('',#4105,#4106,#4107);
#4105 = CARTESIAN_POINT('',(-1.6,-0.8,0.));
#4106 = DIRECTION('',(1.,0.,0.));
#4107 = DIRECTION('',(0.,0.,1.));
#4108 = ADVANCED_FACE('',(#4109),#4134,.F.);
#4109 = FACE_BOUND('',#4110,.F.);
#4110 = EDGE_LOOP('',(#4111,#4121,#4127,#4128));
#4111 = ORIENTED_EDGE('',*,*,#4112,.F.);
#4112 = EDGE_CURVE('',#4113,#4115,#4117,.T.);
#4113 = VERTEX_POINT('',#4114);
#4114 = CARTESIAN_POINT('',(-1.2,-0.8,4.E-02));
#4115 = VERTEX_POINT('',#4116);
#4116 = CARTESIAN_POINT('',(-1.2,-0.8,1.56));
#4117 = LINE('',#4118,#4119);
#4118 = CARTESIAN_POINT('',(-1.2,-0.8,0.));
#4119 = VECTOR('',#4120,1.);
#4120 = DIRECTION('',(0.,0.,1.));
#4121 = ORIENTED_EDGE('',*,*,#4122,.F.);
#4122 = EDGE_CURVE('',#4037,#4113,#4123,.T.);
#4123 = LINE('',#4124,#4125);
#4124 = CARTESIAN_POINT('',(-1.6,-0.8,4.E-02));
#4125 = VECTOR('',#4126,1.);
#4126 = DIRECTION('',(1.,0.,0.));
#4127 = ORIENTED_EDGE('',*,*,#4036,.T.);
#4128 = ORIENTED_EDGE('',*,*,#4129,.T.);
#4129 = EDGE_CURVE('',#4039,#4115,#4130,.T.);
#4130 = LINE('',#4131,#4132);
#4131 = CARTESIAN_POINT('',(-1.6,-0.8,1.56));
#4132 = VECTOR('',#4133,1.);
#4133 = DIRECTION('',(1.,0.,0.));
#4134 = PLANE('',#4135);
#4135 = AXIS2_PLACEMENT_3D('',#4136,#4137,#4138);
#4136 = CARTESIAN_POINT('',(-1.6,-0.8,0.));
#4137 = DIRECTION('',(0.,1.,0.));
#4138 = DIRECTION('',(0.,-0.,1.));
#4139 = ADVANCED_FACE('',(#4140),#4159,.T.);
#4140 = FACE_BOUND('',#4141,.T.);
#4141 = EDGE_LOOP('',(#4142,#4143,#4151,#4158));
#4142 = ORIENTED_EDGE('',*,*,#4046,.T.);
#4143 = ORIENTED_EDGE('',*,*,#4144,.T.);
#4144 = EDGE_CURVE('',#4047,#4145,#4147,.T.);
#4145 = VERTEX_POINT('',#4146);
#4146 = CARTESIAN_POINT('',(-1.2,-0.76,0.));
#4147 = LINE('',#4148,#4149);
#4148 = CARTESIAN_POINT('',(-1.6,-0.76,0.));
#4149 = VECTOR('',#4150,1.);
#4150 = DIRECTION('',(1.,0.,0.));
#4151 = ORIENTED_EDGE('',*,*,#4152,.F.);
#4152 = EDGE_CURVE('',#4113,#4145,#4153,.T.);
#4153 = CIRCLE('',#4154,4.E-02);
#4154 = AXIS2_PLACEMENT_3D('',#4155,#4156,#4157);
#4155 = CARTESIAN_POINT('',(-1.2,-0.76,4.E-02));
#4156 = DIRECTION('',(1.,0.,-0.));
#4157 = DIRECTION('',(0.,0.,1.));
#4158 = ORIENTED_EDGE('',*,*,#4122,.F.);
#4159 = CYLINDRICAL_SURFACE('',#4160,4.E-02);
#4160 = AXIS2_PLACEMENT_3D('',#4161,#4162,#4163);
#4161 = CARTESIAN_POINT('',(-1.6,-0.76,4.E-02));
#4162 = DIRECTION('',(1.,0.,0.));
#4163 = DIRECTION('',(0.,-1.,0.));
#4164 = ADVANCED_FACE('',(#4165),#4184,.T.);
#4165 = FACE_BOUND('',#4166,.T.);
#4166 = EDGE_LOOP('',(#4167,#4168,#4177,#4183));
#4167 = ORIENTED_EDGE('',*,*,#4129,.T.);
#4168 = ORIENTED_EDGE('',*,*,#4169,.T.);
#4169 = EDGE_CURVE('',#4115,#4170,#4172,.T.);
#4170 = VERTEX_POINT('',#4171);
#4171 = CARTESIAN_POINT('',(-1.2,-0.76,1.6));
#4172 = CIRCLE('',#4173,4.E-02);
#4173 = AXIS2_PLACEMENT_3D('',#4174,#4175,#4176);
#4174 = CARTESIAN_POINT('',(-1.2,-0.76,1.56));
#4175 = DIRECTION('',(-1.,0.,0.));
#4176 = DIRECTION('',(0.,0.,1.));
#4177 = ORIENTED_EDGE('',*,*,#4178,.F.);
#4178 = EDGE_CURVE('',#4090,#4170,#4179,.T.);
#4179 = LINE('',#4180,#4181);
#4180 = CARTESIAN_POINT('',(-1.6,-0.76,1.6));
#4181 = VECTOR('',#4182,1.);
#4182 = DIRECTION('',(1.,0.,0.));
#4183 = ORIENTED_EDGE('',*,*,#4097,.F.);
#4184 = CYLINDRICAL_SURFACE('',#4185,4.E-02);
#4185 = AXIS2_PLACEMENT_3D('',#4186,#4187,#4188);
#4186 = CARTESIAN_POINT('',(-1.6,-0.76,1.56));
#4187 = DIRECTION('',(1.,0.,0.));
#4188 = DIRECTION('',(0.,-1.,0.));
#4189 = ADVANCED_FACE('',(#4190),#4208,.F.);
#4190 = FACE_BOUND('',#4191,.F.);
#4191 = EDGE_LOOP('',(#4192,#4193,#4194,#4202));
#4192 = ORIENTED_EDGE('',*,*,#4055,.F.);
#4193 = ORIENTED_EDGE('',*,*,#4144,.T.);
#4194 = ORIENTED_EDGE('',*,*,#4195,.T.);
#4195 = EDGE_CURVE('',#4145,#4196,#4198,.T.);
#4196 = VERTEX_POINT('',#4197);
#4197 = CARTESIAN_POINT('',(-1.2,0.76,0.));
#4198 = LINE('',#4199,#4200);
#4199 = CARTESIAN_POINT('',(-1.2,-0.8,0.));
#4200 = VECTOR('',#4201,1.);
#4201 = DIRECTION('',(0.,1.,0.));
#4202 = ORIENTED_EDGE('',*,*,#4203,.F.);
#4203 = EDGE_CURVE('',#4056,#4196,#4204,.T.);
#4204 = LINE('',#4205,#4206);
#4205 = CARTESIAN_POINT('',(-1.6,0.76,0.));
#4206 = VECTOR('',#4207,1.);
#4207 = DIRECTION('',(1.,0.,0.));
#4208 = PLANE('',#4209);
#4209 = AXIS2_PLACEMENT_3D('',#4210,#4211,#4212);
#4210 = CARTESIAN_POINT('',(-1.6,-0.8,0.));
#4211 = DIRECTION('',(0.,0.,1.));
#4212 = DIRECTION('',(1.,0.,-0.));
#4213 = ADVANCED_FACE('',(#4214),#4232,.T.);
#4214 = FACE_BOUND('',#4215,.T.);
#4215 = EDGE_LOOP('',(#4216,#4217,#4218,#4226));
#4216 = ORIENTED_EDGE('',*,*,#4089,.F.);
#4217 = ORIENTED_EDGE('',*,*,#4178,.T.);
#4218 = ORIENTED_EDGE('',*,*,#4219,.T.);
#4219 = EDGE_CURVE('',#4170,#4220,#4222,.T.);
#4220 = VERTEX_POINT('',#4221);
#4221 = CARTESIAN_POINT('',(-1.2,0.76,1.6));
#4222 = LINE('',#4223,#4224);
#4223 = CARTESIAN_POINT('',(-1.2,-0.8,1.6));
#4224 = VECTOR('',#4225,1.);
#4225 = DIRECTION('',(0.,1.,0.));
#4226 = ORIENTED_EDGE('',*,*,#4227,.F.);
#4227 = EDGE_CURVE('',#4081,#4220,#4228,.T.);
#4228 = LINE('',#4229,#4230);
#4229 = CARTESIAN_POINT('',(-1.6,0.76,1.6));
#4230 = VECTOR('',#4231,1.);
#4231 = DIRECTION('',(1.,0.,0.));
#4232 = PLANE('',#4233);
#4233 = AXIS2_PLACEMENT_3D('',#4234,#4235,#4236);
#4234 = CARTESIAN_POINT('',(-1.6,-0.8,1.6));
#4235 = DIRECTION('',(0.,0.,1.));
#4236 = DIRECTION('',(1.,0.,-0.));
#4237 = ADVANCED_FACE('',(#4238),#4257,.T.);
#4238 = FACE_BOUND('',#4239,.T.);
#4239 = EDGE_LOOP('',(#4240,#4248,#4255,#4256));
#4240 = ORIENTED_EDGE('',*,*,#4241,.T.);
#4241 = EDGE_CURVE('',#4064,#4242,#4244,.T.);
#4242 = VERTEX_POINT('',#4243);
#4243 = CARTESIAN_POINT('',(-1.2,0.8,4.E-02));
#4244 = LINE('',#4245,#4246);
#4245 = CARTESIAN_POINT('',(-1.6,0.8,4.E-02));
#4246 = VECTOR('',#4247,1.);
#4247 = DIRECTION('',(1.,0.,0.));
#4248 = ORIENTED_EDGE('',*,*,#4249,.T.);
#4249 = EDGE_CURVE('',#4242,#4196,#4250,.T.);
#4250 = CIRCLE('',#4251,4.E-02);
#4251 = AXIS2_PLACEMENT_3D('',#4252,#4253,#4254);
#4252 = CARTESIAN_POINT('',(-1.2,0.76,4.E-02));
#4253 = DIRECTION('',(-1.,0.,0.));
#4254 = DIRECTION('',(0.,0.,1.));
#4255 = ORIENTED_EDGE('',*,*,#4203,.F.);
#4256 = ORIENTED_EDGE('',*,*,#4063,.F.);
#4257 = CYLINDRICAL_SURFACE('',#4258,4.E-02);
#4258 = AXIS2_PLACEMENT_3D('',#4259,#4260,#4261);
#4259 = CARTESIAN_POINT('',(-1.6,0.76,4.E-02));
#4260 = DIRECTION('',(1.,0.,0.));
#4261 = DIRECTION('',(-0.,1.,0.));
#4262 = ADVANCED_FACE('',(#4263),#4282,.T.);
#4263 = FACE_BOUND('',#4264,.T.);
#4264 = EDGE_LOOP('',(#4265,#4266,#4267,#4276));
#4265 = ORIENTED_EDGE('',*,*,#4080,.T.);
#4266 = ORIENTED_EDGE('',*,*,#4227,.T.);
#4267 = ORIENTED_EDGE('',*,*,#4268,.F.);
#4268 = EDGE_CURVE('',#4269,#4220,#4271,.T.);
#4269 = VERTEX_POINT('',#4270);
#4270 = CARTESIAN_POINT('',(-1.2,0.8,1.56));
#4271 = CIRCLE('',#4272,4.E-02);
#4272 = AXIS2_PLACEMENT_3D('',#4273,#4274,#4275);
#4273 = CARTESIAN_POINT('',(-1.2,0.76,1.56));
#4274 = DIRECTION('',(1.,0.,-0.));
#4275 = DIRECTION('',(0.,0.,1.));
#4276 = ORIENTED_EDGE('',*,*,#4277,.F.);
#4277 = EDGE_CURVE('',#4073,#4269,#4278,.T.);
#4278 = LINE('',#4279,#4280);
#4279 = CARTESIAN_POINT('',(-1.6,0.8,1.56));
#4280 = VECTOR('',#4281,1.);
#4281 = DIRECTION('',(1.,0.,0.));
#4282 = CYLINDRICAL_SURFACE('',#4283,4.E-02);
#4283 = AXIS2_PLACEMENT_3D('',#4284,#4285,#4286);
#4284 = CARTESIAN_POINT('',(-1.6,0.76,1.56));
#4285 = DIRECTION('',(1.,0.,0.));
#4286 = DIRECTION('',(-0.,1.,0.));
#4287 = ADVANCED_FACE('',(#4288),#4299,.T.);
#4288 = FACE_BOUND('',#4289,.T.);
#4289 = EDGE_LOOP('',(#4290,#4296,#4297,#4298));
#4290 = ORIENTED_EDGE('',*,*,#4291,.F.);
#4291 = EDGE_CURVE('',#4242,#4269,#4292,.T.);
#4292 = LINE('',#4293,#4294);
#4293 = CARTESIAN_POINT('',(-1.2,0.8,0.));
#4294 = VECTOR('',#4295,1.);
#4295 = DIRECTION('',(0.,0.,1.));
#4296 = ORIENTED_EDGE('',*,*,#4241,.F.);
#4297 = ORIENTED_EDGE('',*,*,#4072,.T.);
#4298 = ORIENTED_EDGE('',*,*,#4277,.T.);
#4299 = PLANE('',#4300);
#4300 = AXIS2_PLACEMENT_3D('',#4301,#4302,#4303);
#4301 = CARTESIAN_POINT('',(-1.6,0.8,0.));
#4302 = DIRECTION('',(0.,1.,0.));
#4303 = DIRECTION('',(0.,-0.,1.));
#4304 = ADVANCED_FACE('',(#4305,#4315),#4385,.T.);
#4305 = FACE_BOUND('',#4306,.T.);
#4306 = EDGE_LOOP('',(#4307,#4308,#4309,#4310,#4311,#4312,#4313,#4314));
#4307 = ORIENTED_EDGE('',*,*,#4112,.F.);
#4308 = ORIENTED_EDGE('',*,*,#4152,.T.);
#4309 = ORIENTED_EDGE('',*,*,#4195,.T.);
#4310 = ORIENTED_EDGE('',*,*,#4249,.F.);
#4311 = ORIENTED_EDGE('',*,*,#4291,.T.);
#4312 = ORIENTED_EDGE('',*,*,#4268,.T.);
#4313 = ORIENTED_EDGE('',*,*,#4219,.F.);
#4314 = ORIENTED_EDGE('',*,*,#4169,.F.);
#4315 = FACE_BOUND('',#4316,.T.);
#4316 = EDGE_LOOP('',(#4317,#4328,#4336,#4345,#4353,#4362,#4370,#4379));
#4317 = ORIENTED_EDGE('',*,*,#4318,.F.);
#4318 = EDGE_CURVE('',#4319,#4321,#4323,.T.);
#4319 = VERTEX_POINT('',#4320);
#4320 = CARTESIAN_POINT('',(-1.2,-0.76,8.E-02));
#4321 = VERTEX_POINT('',#4322);
#4322 = CARTESIAN_POINT('',(-1.2,-0.72,4.E-02));
#4323 = CIRCLE('',#4324,4.E-02);
#4324 = AXIS2_PLACEMENT_3D('',#4325,#4326,#4327);
#4325 = CARTESIAN_POINT('',(-1.2,-0.72,8.E-02));
#4326 = DIRECTION('',(1.,0.,-0.));
#4327 = DIRECTION('',(0.,0.,1.));
#4328 = ORIENTED_EDGE('',*,*,#4329,.T.);
#4329 = EDGE_CURVE('',#4319,#4330,#4332,.T.);
#4330 = VERTEX_POINT('',#4331);
#4331 = CARTESIAN_POINT('',(-1.2,-0.76,1.52));
#4332 = LINE('',#4333,#4334);
#4333 = CARTESIAN_POINT('',(-1.2,-0.76,4.E-02));
#4334 = VECTOR('',#4335,1.);
#4335 = DIRECTION('',(0.,0.,1.));
#4336 = ORIENTED_EDGE('',*,*,#4337,.T.);
#4337 = EDGE_CURVE('',#4330,#4338,#4340,.T.);
#4338 = VERTEX_POINT('',#4339);
#4339 = CARTESIAN_POINT('',(-1.2,-0.72,1.56));
#4340 = CIRCLE('',#4341,4.E-02);
#4341 = AXIS2_PLACEMENT_3D('',#4342,#4343,#4344);
#4342 = CARTESIAN_POINT('',(-1.2,-0.72,1.52));
#4343 = DIRECTION('',(-1.,0.,0.));
#4344 = DIRECTION('',(0.,0.,1.));
#4345 = ORIENTED_EDGE('',*,*,#4346,.T.);
#4346 = EDGE_CURVE('',#4338,#4347,#4349,.T.);
#4347 = VERTEX_POINT('',#4348);
#4348 = CARTESIAN_POINT('',(-1.2,0.72,1.56));
#4349 = LINE('',#4350,#4351);
#4350 = CARTESIAN_POINT('',(-1.2,-0.76,1.56));
#4351 = VECTOR('',#4352,1.);
#4352 = DIRECTION('',(0.,1.,0.));
#4353 = ORIENTED_EDGE('',*,*,#4354,.F.);
#4354 = EDGE_CURVE('',#4355,#4347,#4357,.T.);
#4355 = VERTEX_POINT('',#4356);
#4356 = CARTESIAN_POINT('',(-1.2,0.76,1.52));
#4357 = CIRCLE('',#4358,4.E-02);
#4358 = AXIS2_PLACEMENT_3D('',#4359,#4360,#4361);
#4359 = CARTESIAN_POINT('',(-1.2,0.72,1.52));
#4360 = DIRECTION('',(1.,0.,-0.));
#4361 = DIRECTION('',(0.,0.,1.));
#4362 = ORIENTED_EDGE('',*,*,#4363,.F.);
#4363 = EDGE_CURVE('',#4364,#4355,#4366,.T.);
#4364 = VERTEX_POINT('',#4365);
#4365 = CARTESIAN_POINT('',(-1.2,0.76,8.E-02));
#4366 = LINE('',#4367,#4368);
#4367 = CARTESIAN_POINT('',(-1.2,0.76,4.E-02));
#4368 = VECTOR('',#4369,1.);
#4369 = DIRECTION('',(0.,0.,1.));
#4370 = ORIENTED_EDGE('',*,*,#4371,.T.);
#4371 = EDGE_CURVE('',#4364,#4372,#4374,.T.);
#4372 = VERTEX_POINT('',#4373);
#4373 = CARTESIAN_POINT('',(-1.2,0.72,4.E-02));
#4374 = CIRCLE('',#4375,4.E-02);
#4375 = AXIS2_PLACEMENT_3D('',#4376,#4377,#4378);
#4376 = CARTESIAN_POINT('',(-1.2,0.72,8.E-02));
#4377 = DIRECTION('',(-1.,0.,0.));
#4378 = DIRECTION('',(0.,0.,1.));
#4379 = ORIENTED_EDGE('',*,*,#4380,.F.);
#4380 = EDGE_CURVE('',#4321,#4372,#4381,.T.);
#4381 = LINE('',#4382,#4383);
#4382 = CARTESIAN_POINT('',(-1.2,-0.76,4.E-02));
#4383 = VECTOR('',#4384,1.);
#4384 = DIRECTION('',(0.,1.,0.));
#4385 = PLANE('',#4386);
#4386 = AXIS2_PLACEMENT_3D('',#4387,#4388,#4389);
#4387 = CARTESIAN_POINT('',(-1.2,-0.8,0.));
#4388 = DIRECTION('',(1.,0.,0.));
#4389 = DIRECTION('',(0.,0.,1.));
#4390 = ADVANCED_FACE('',(#4391),#4417,.T.);
#4391 = FACE_BOUND('',#4392,.T.);
#4392 = EDGE_LOOP('',(#4393,#4394,#4402,#4411));
#4393 = ORIENTED_EDGE('',*,*,#4318,.T.);
#4394 = ORIENTED_EDGE('',*,*,#4395,.T.);
#4395 = EDGE_CURVE('',#4321,#4396,#4398,.T.);
#4396 = VERTEX_POINT('',#4397);
#4397 = CARTESIAN_POINT('',(1.2,-0.72,4.E-02));
#4398 = LINE('',#4399,#4400);
#4399 = CARTESIAN_POINT('',(-1.2,-0.72,4.E-02));
#4400 = VECTOR('',#4401,1.);
#4401 = DIRECTION('',(1.,0.,0.));
#4402 = ORIENTED_EDGE('',*,*,#4403,.F.);
#4403 = EDGE_CURVE('',#4404,#4396,#4406,.T.);
#4404 = VERTEX_POINT('',#4405);
#4405 = CARTESIAN_POINT('',(1.2,-0.76,8.E-02));
#4406 = CIRCLE('',#4407,4.E-02);
#4407 = AXIS2_PLACEMENT_3D('',#4408,#4409,#4410);
#4408 = CARTESIAN_POINT('',(1.2,-0.72,8.E-02));
#4409 = DIRECTION('',(1.,0.,-0.));
#4410 = DIRECTION('',(0.,0.,1.));
#4411 = ORIENTED_EDGE('',*,*,#4412,.F.);
#4412 = EDGE_CURVE('',#4319,#4404,#4413,.T.);
#4413 = LINE('',#4414,#4415);
#4414 = CARTESIAN_POINT('',(-1.2,-0.76,8.E-02));
#4415 = VECTOR('',#4416,1.);
#4416 = DIRECTION('',(1.,0.,0.));
#4417 = CYLINDRICAL_SURFACE('',#4418,4.E-02);
#4418 = AXIS2_PLACEMENT_3D('',#4419,#4420,#4421);
#4419 = CARTESIAN_POINT('',(-1.2,-0.72,8.E-02));
#4420 = DIRECTION('',(1.,0.,0.));
#4421 = DIRECTION('',(0.,-1.,0.));
#4422 = ADVANCED_FACE('',(#4423),#4441,.F.);
#4423 = FACE_BOUND('',#4424,.F.);
#4424 = EDGE_LOOP('',(#4425,#4426,#4427,#4435));
#4425 = ORIENTED_EDGE('',*,*,#4380,.F.);
#4426 = ORIENTED_EDGE('',*,*,#4395,.T.);
#4427 = ORIENTED_EDGE('',*,*,#4428,.T.);
#4428 = EDGE_CURVE('',#4396,#4429,#4431,.T.);
#4429 = VERTEX_POINT('',#4430);
#4430 = CARTESIAN_POINT('',(1.2,0.72,4.E-02));
#4431 = LINE('',#4432,#4433);
#4432 = CARTESIAN_POINT('',(1.2,-0.76,4.E-02));
#4433 = VECTOR('',#4434,1.);
#4434 = DIRECTION('',(0.,1.,0.));
#4435 = ORIENTED_EDGE('',*,*,#4436,.F.);
#4436 = EDGE_CURVE('',#4372,#4429,#4437,.T.);
#4437 = LINE('',#4438,#4439);
#4438 = CARTESIAN_POINT('',(-1.2,0.72,4.E-02));
#4439 = VECTOR('',#4440,1.);
#4440 = DIRECTION('',(1.,0.,0.));
#4441 = PLANE('',#4442);
#4442 = AXIS2_PLACEMENT_3D('',#4443,#4444,#4445);
#4443 = CARTESIAN_POINT('',(-1.2,-0.76,4.E-02));
#4444 = DIRECTION('',(0.,0.,1.));
#4445 = DIRECTION('',(1.,0.,-0.));
#4446 = ADVANCED_FACE('',(#4447),#4466,.T.);
#4447 = FACE_BOUND('',#4448,.T.);
#4448 = EDGE_LOOP('',(#4449,#4457,#4464,#4465));
#4449 = ORIENTED_EDGE('',*,*,#4450,.T.);
#4450 = EDGE_CURVE('',#4364,#4451,#4453,.T.);
#4451 = VERTEX_POINT('',#4452);
#4452 = CARTESIAN_POINT('',(1.2,0.76,8.E-02));
#4453 = LINE('',#4454,#4455);
#4454 = CARTESIAN_POINT('',(-1.2,0.76,8.E-02));
#4455 = VECTOR('',#4456,1.);
#4456 = DIRECTION('',(1.,0.,0.));
#4457 = ORIENTED_EDGE('',*,*,#4458,.T.);
#4458 = EDGE_CURVE('',#4451,#4429,#4459,.T.);
#4459 = CIRCLE('',#4460,4.E-02);
#4460 = AXIS2_PLACEMENT_3D('',#4461,#4462,#4463);
#4461 = CARTESIAN_POINT('',(1.2,0.72,8.E-02));
#4462 = DIRECTION('',(-1.,0.,0.));
#4463 = DIRECTION('',(0.,0.,1.));
#4464 = ORIENTED_EDGE('',*,*,#4436,.F.);
#4465 = ORIENTED_EDGE('',*,*,#4371,.F.);
#4466 = CYLINDRICAL_SURFACE('',#4467,4.E-02);
#4467 = AXIS2_PLACEMENT_3D('',#4468,#4469,#4470);
#4468 = CARTESIAN_POINT('',(-1.2,0.72,8.E-02));
#4469 = DIRECTION('',(1.,0.,0.));
#4470 = DIRECTION('',(-0.,1.,0.));
#4471 = ADVANCED_FACE('',(#4472),#4490,.T.);
#4472 = FACE_BOUND('',#4473,.T.);
#4473 = EDGE_LOOP('',(#4474,#4482,#4483,#4484));
#4474 = ORIENTED_EDGE('',*,*,#4475,.F.);
#4475 = EDGE_CURVE('',#4451,#4476,#4478,.T.);
#4476 = VERTEX_POINT('',#4477);
#4477 = CARTESIAN_POINT('',(1.2,0.76,1.52));
#4478 = LINE('',#4479,#4480);
#4479 = CARTESIAN_POINT('',(1.2,0.76,4.E-02));
#4480 = VECTOR('',#4481,1.);
#4481 = DIRECTION('',(0.,0.,1.));
#4482 = ORIENTED_EDGE('',*,*,#4450,.F.);
#4483 = ORIENTED_EDGE('',*,*,#4363,.T.);
#4484 = ORIENTED_EDGE('',*,*,#4485,.T.);
#4485 = EDGE_CURVE('',#4355,#4476,#4486,.T.);
#4486 = LINE('',#4487,#4488);
#4487 = CARTESIAN_POINT('',(-1.2,0.76,1.52));
#4488 = VECTOR('',#4489,1.);
#4489 = DIRECTION('',(1.,0.,0.));
#4490 = PLANE('',#4491);
#4491 = AXIS2_PLACEMENT_3D('',#4492,#4493,#4494);
#4492 = CARTESIAN_POINT('',(-1.2,0.76,4.E-02));
#4493 = DIRECTION('',(0.,1.,0.));
#4494 = DIRECTION('',(0.,-0.,1.));
#4495 = ADVANCED_FACE('',(#4496),#4515,.T.);
#4496 = FACE_BOUND('',#4497,.T.);
#4497 = EDGE_LOOP('',(#4498,#4499,#4507,#4514));
#4498 = ORIENTED_EDGE('',*,*,#4354,.T.);
#4499 = ORIENTED_EDGE('',*,*,#4500,.T.);
#4500 = EDGE_CURVE('',#4347,#4501,#4503,.T.);
#4501 = VERTEX_POINT('',#4502);
#4502 = CARTESIAN_POINT('',(1.2,0.72,1.56));
#4503 = LINE('',#4504,#4505);
#4504 = CARTESIAN_POINT('',(-1.2,0.72,1.56));
#4505 = VECTOR('',#4506,1.);
#4506 = DIRECTION('',(1.,0.,0.));
#4507 = ORIENTED_EDGE('',*,*,#4508,.F.);
#4508 = EDGE_CURVE('',#4476,#4501,#4509,.T.);
#4509 = CIRCLE('',#4510,4.E-02);
#4510 = AXIS2_PLACEMENT_3D('',#4511,#4512,#4513);
#4511 = CARTESIAN_POINT('',(1.2,0.72,1.52));
#4512 = DIRECTION('',(1.,0.,-0.));
#4513 = DIRECTION('',(0.,0.,1.));
#4514 = ORIENTED_EDGE('',*,*,#4485,.F.);
#4515 = CYLINDRICAL_SURFACE('',#4516,4.E-02);
#4516 = AXIS2_PLACEMENT_3D('',#4517,#4518,#4519);
#4517 = CARTESIAN_POINT('',(-1.2,0.72,1.52));
#4518 = DIRECTION('',(1.,0.,0.));
#4519 = DIRECTION('',(-0.,1.,0.));
#4520 = ADVANCED_FACE('',(#4521),#4539,.T.);
#4521 = FACE_BOUND('',#4522,.T.);
#4522 = EDGE_LOOP('',(#4523,#4524,#4532,#4538));
#4523 = ORIENTED_EDGE('',*,*,#4346,.F.);
#4524 = ORIENTED_EDGE('',*,*,#4525,.T.);
#4525 = EDGE_CURVE('',#4338,#4526,#4528,.T.);
#4526 = VERTEX_POINT('',#4527);
#4527 = CARTESIAN_POINT('',(1.2,-0.72,1.56));
#4528 = LINE('',#4529,#4530);
#4529 = CARTESIAN_POINT('',(-1.2,-0.72,1.56));
#4530 = VECTOR('',#4531,1.);
#4531 = DIRECTION('',(1.,0.,0.));
#4532 = ORIENTED_EDGE('',*,*,#4533,.T.);
#4533 = EDGE_CURVE('',#4526,#4501,#4534,.T.);
#4534 = LINE('',#4535,#4536);
#4535 = CARTESIAN_POINT('',(1.2,-0.76,1.56));
#4536 = VECTOR('',#4537,1.);
#4537 = DIRECTION('',(0.,1.,0.));
#4538 = ORIENTED_EDGE('',*,*,#4500,.F.);
#4539 = PLANE('',#4540);
#4540 = AXIS2_PLACEMENT_3D('',#4541,#4542,#4543);
#4541 = CARTESIAN_POINT('',(-1.2,-0.76,1.56));
#4542 = DIRECTION('',(0.,0.,1.));
#4543 = DIRECTION('',(1.,0.,-0.));
#4544 = ADVANCED_FACE('',(#4545),#4564,.T.);
#4545 = FACE_BOUND('',#4546,.T.);
#4546 = EDGE_LOOP('',(#4547,#4555,#4562,#4563));
#4547 = ORIENTED_EDGE('',*,*,#4548,.T.);
#4548 = EDGE_CURVE('',#4330,#4549,#4551,.T.);
#4549 = VERTEX_POINT('',#4550);
#4550 = CARTESIAN_POINT('',(1.2,-0.76,1.52));
#4551 = LINE('',#4552,#4553);
#4552 = CARTESIAN_POINT('',(-1.2,-0.76,1.52));
#4553 = VECTOR('',#4554,1.);
#4554 = DIRECTION('',(1.,0.,0.));
#4555 = ORIENTED_EDGE('',*,*,#4556,.T.);
#4556 = EDGE_CURVE('',#4549,#4526,#4557,.T.);
#4557 = CIRCLE('',#4558,4.E-02);
#4558 = AXIS2_PLACEMENT_3D('',#4559,#4560,#4561);
#4559 = CARTESIAN_POINT('',(1.2,-0.72,1.52));
#4560 = DIRECTION('',(-1.,0.,0.));
#4561 = DIRECTION('',(0.,0.,1.));
#4562 = ORIENTED_EDGE('',*,*,#4525,.F.);
#4563 = ORIENTED_EDGE('',*,*,#4337,.F.);
#4564 = CYLINDRICAL_SURFACE('',#4565,4.E-02);
#4565 = AXIS2_PLACEMENT_3D('',#4566,#4567,#4568);
#4566 = CARTESIAN_POINT('',(-1.2,-0.72,1.52));
#4567 = DIRECTION('',(1.,0.,0.));
#4568 = DIRECTION('',(0.,-1.,0.));
#4569 = ADVANCED_FACE('',(#4570),#4581,.F.);
#4570 = FACE_BOUND('',#4571,.F.);
#4571 = EDGE_LOOP('',(#4572,#4578,#4579,#4580));
#4572 = ORIENTED_EDGE('',*,*,#4573,.F.);
#4573 = EDGE_CURVE('',#4404,#4549,#4574,.T.);
#4574 = LINE('',#4575,#4576);
#4575 = CARTESIAN_POINT('',(1.2,-0.76,4.E-02));
#4576 = VECTOR('',#4577,1.);
#4577 = DIRECTION('',(0.,0.,1.));
#4578 = ORIENTED_EDGE('',*,*,#4412,.F.);
#4579 = ORIENTED_EDGE('',*,*,#4329,.T.);
#4580 = ORIENTED_EDGE('',*,*,#4548,.T.);
#4581 = PLANE('',#4582);
#4582 = AXIS2_PLACEMENT_3D('',#4583,#4584,#4585);
#4583 = CARTESIAN_POINT('',(-1.2,-0.76,4.E-02));
#4584 = DIRECTION('',(0.,1.,0.));
#4585 = DIRECTION('',(0.,-0.,1.));
#4586 = ADVANCED_FACE('',(#4587,#4657),#4667,.F.);
#4587 = FACE_BOUND('',#4588,.F.);
#4588 = EDGE_LOOP('',(#4589,#4599,#4608,#4616,#4625,#4633,#4642,#4650));
#4589 = ORIENTED_EDGE('',*,*,#4590,.F.);
#4590 = EDGE_CURVE('',#4591,#4593,#4595,.T.);
#4591 = VERTEX_POINT('',#4592);
#4592 = CARTESIAN_POINT('',(1.2,-0.8,4.E-02));
#4593 = VERTEX_POINT('',#4594);
#4594 = CARTESIAN_POINT('',(1.2,-0.8,1.56));
#4595 = LINE('',#4596,#4597);
#4596 = CARTESIAN_POINT('',(1.2,-0.8,0.));
#4597 = VECTOR('',#4598,1.);
#4598 = DIRECTION('',(0.,0.,1.));
#4599 = ORIENTED_EDGE('',*,*,#4600,.T.);
#4600 = EDGE_CURVE('',#4591,#4601,#4603,.T.);
#4601 = VERTEX_POINT('',#4602);
#4602 = CARTESIAN_POINT('',(1.2,-0.76,0.));
#4603 = CIRCLE('',#4604,4.E-02);
#4604 = AXIS2_PLACEMENT_3D('',#4605,#4606,#4607);
#4605 = CARTESIAN_POINT('',(1.2,-0.76,4.E-02));
#4606 = DIRECTION('',(1.,0.,-0.));
#4607 = DIRECTION('',(0.,0.,1.));
#4608 = ORIENTED_EDGE('',*,*,#4609,.T.);
#4609 = EDGE_CURVE('',#4601,#4610,#4612,.T.);
#4610 = VERTEX_POINT('',#4611);
#4611 = CARTESIAN_POINT('',(1.2,0.76,0.));
#4612 = LINE('',#4613,#4614);
#4613 = CARTESIAN_POINT('',(1.2,-0.8,0.));
#4614 = VECTOR('',#4615,1.);
#4615 = DIRECTION('',(0.,1.,0.));
#4616 = ORIENTED_EDGE('',*,*,#4617,.F.);
#4617 = EDGE_CURVE('',#4618,#4610,#4620,.T.);
#4618 = VERTEX_POINT('',#4619);
#4619 = CARTESIAN_POINT('',(1.2,0.8,4.E-02));
#4620 = CIRCLE('',#4621,4.E-02);
#4621 = AXIS2_PLACEMENT_3D('',#4622,#4623,#4624);
#4622 = CARTESIAN_POINT('',(1.2,0.76,4.E-02));
#4623 = DIRECTION('',(-1.,0.,0.));
#4624 = DIRECTION('',(0.,0.,1.));
#4625 = ORIENTED_EDGE('',*,*,#4626,.T.);
#4626 = EDGE_CURVE('',#4618,#4627,#4629,.T.);
#4627 = VERTEX_POINT('',#4628);
#4628 = CARTESIAN_POINT('',(1.2,0.8,1.56));
#4629 = LINE('',#4630,#4631);
#4630 = CARTESIAN_POINT('',(1.2,0.8,0.));
#4631 = VECTOR('',#4632,1.);
#4632 = DIRECTION('',(0.,0.,1.));
#4633 = ORIENTED_EDGE('',*,*,#4634,.T.);
#4634 = EDGE_CURVE('',#4627,#4635,#4637,.T.);
#4635 = VERTEX_POINT('',#4636);
#4636 = CARTESIAN_POINT('',(1.2,0.76,1.6));
#4637 = CIRCLE('',#4638,4.E-02);
#4638 = AXIS2_PLACEMENT_3D('',#4639,#4640,#4641);
#4639 = CARTESIAN_POINT('',(1.2,0.76,1.56));
#4640 = DIRECTION('',(1.,0.,-0.));
#4641 = DIRECTION('',(0.,0.,1.));
#4642 = ORIENTED_EDGE('',*,*,#4643,.F.);
#4643 = EDGE_CURVE('',#4644,#4635,#4646,.T.);
#4644 = VERTEX_POINT('',#4645);
#4645 = CARTESIAN_POINT('',(1.2,-0.76,1.6));
#4646 = LINE('',#4647,#4648);
#4647 = CARTESIAN_POINT('',(1.2,-0.8,1.6));
#4648 = VECTOR('',#4649,1.);
#4649 = DIRECTION('',(0.,1.,0.));
#4650 = ORIENTED_EDGE('',*,*,#4651,.F.);
#4651 = EDGE_CURVE('',#4593,#4644,#4652,.T.);
#4652 = CIRCLE('',#4653,4.E-02);
#4653 = AXIS2_PLACEMENT_3D('',#4654,#4655,#4656);
#4654 = CARTESIAN_POINT('',(1.2,-0.76,1.56));
#4655 = DIRECTION('',(-1.,0.,0.));
#4656 = DIRECTION('',(0.,0.,1.));
#4657 = FACE_BOUND('',#4658,.F.);
#4658 = EDGE_LOOP('',(#4659,#4660,#4661,#4662,#4663,#4664,#4665,#4666));
#4659 = ORIENTED_EDGE('',*,*,#4403,.F.);
#4660 = ORIENTED_EDGE('',*,*,#4573,.T.);
#4661 = ORIENTED_EDGE('',*,*,#4556,.T.);
#4662 = ORIENTED_EDGE('',*,*,#4533,.T.);
#4663 = ORIENTED_EDGE('',*,*,#4508,.F.);
#4664 = ORIENTED_EDGE('',*,*,#4475,.F.);
#4665 = ORIENTED_EDGE('',*,*,#4458,.T.);
#4666 = ORIENTED_EDGE('',*,*,#4428,.F.);
#4667 = PLANE('',#4668);
#4668 = AXIS2_PLACEMENT_3D('',#4669,#4670,#4671);
#4669 = CARTESIAN_POINT('',(1.2,-0.8,0.));
#4670 = DIRECTION('',(1.,0.,0.));
#4671 = DIRECTION('',(0.,0.,1.));
#4672 = ADVANCED_FACE('',(#4673),#4698,.F.);
#4673 = FACE_BOUND('',#4674,.F.);
#4674 = EDGE_LOOP('',(#4675,#4685,#4691,#4692));
#4675 = ORIENTED_EDGE('',*,*,#4676,.F.);
#4676 = EDGE_CURVE('',#4677,#4679,#4681,.T.);
#4677 = VERTEX_POINT('',#4678);
#4678 = CARTESIAN_POINT('',(1.6,-0.8,4.E-02));
#4679 = VERTEX_POINT('',#4680);
#4680 = CARTESIAN_POINT('',(1.6,-0.8,1.56));
#4681 = LINE('',#4682,#4683);
#4682 = CARTESIAN_POINT('',(1.6,-0.8,0.));
#4683 = VECTOR('',#4684,1.);
#4684 = DIRECTION('',(0.,0.,1.));
#4685 = ORIENTED_EDGE('',*,*,#4686,.F.);
#4686 = EDGE_CURVE('',#4591,#4677,#4687,.T.);
#4687 = LINE('',#4688,#4689);
#4688 = CARTESIAN_POINT('',(1.2,-0.8,4.E-02));
#4689 = VECTOR('',#4690,1.);
#4690 = DIRECTION('',(1.,0.,0.));
#4691 = ORIENTED_EDGE('',*,*,#4590,.T.);
#4692 = ORIENTED_EDGE('',*,*,#4693,.T.);
#4693 = EDGE_CURVE('',#4593,#4679,#4694,.T.);
#4694 = LINE('',#4695,#4696);
#4695 = CARTESIAN_POINT('',(1.2,-0.8,1.56));
#4696 = VECTOR('',#4697,1.);
#4697 = DIRECTION('',(1.,0.,0.));
#4698 = PLANE('',#4699);
#4699 = AXIS2_PLACEMENT_3D('',#4700,#4701,#4702);
#4700 = CARTESIAN_POINT('',(1.2,-0.8,0.));
#4701 = DIRECTION('',(0.,1.,0.));
#4702 = DIRECTION('',(0.,-0.,1.));
#4703 = ADVANCED_FACE('',(#4704),#4723,.T.);
#4704 = FACE_BOUND('',#4705,.T.);
#4705 = EDGE_LOOP('',(#4706,#4707,#4715,#4722));
#4706 = ORIENTED_EDGE('',*,*,#4600,.T.);
#4707 = ORIENTED_EDGE('',*,*,#4708,.T.);
#4708 = EDGE_CURVE('',#4601,#4709,#4711,.T.);
#4709 = VERTEX_POINT('',#4710);
#4710 = CARTESIAN_POINT('',(1.6,-0.76,0.));
#4711 = LINE('',#4712,#4713);
#4712 = CARTESIAN_POINT('',(1.2,-0.76,0.));
#4713 = VECTOR('',#4714,1.);
#4714 = DIRECTION('',(1.,0.,0.));
#4715 = ORIENTED_EDGE('',*,*,#4716,.F.);
#4716 = EDGE_CURVE('',#4677,#4709,#4717,.T.);
#4717 = CIRCLE('',#4718,4.E-02);
#4718 = AXIS2_PLACEMENT_3D('',#4719,#4720,#4721);
#4719 = CARTESIAN_POINT('',(1.6,-0.76,4.E-02));
#4720 = DIRECTION('',(1.,0.,-0.));
#4721 = DIRECTION('',(0.,0.,1.));
#4722 = ORIENTED_EDGE('',*,*,#4686,.F.);
#4723 = CYLINDRICAL_SURFACE('',#4724,4.E-02);
#4724 = AXIS2_PLACEMENT_3D('',#4725,#4726,#4727);
#4725 = CARTESIAN_POINT('',(1.2,-0.76,4.E-02));
#4726 = DIRECTION('',(1.,0.,0.));
#4727 = DIRECTION('',(0.,-1.,0.));
#4728 = ADVANCED_FACE('',(#4729),#4748,.T.);
#4729 = FACE_BOUND('',#4730,.T.);
#4730 = EDGE_LOOP('',(#4731,#4732,#4741,#4747));
#4731 = ORIENTED_EDGE('',*,*,#4693,.T.);
#4732 = ORIENTED_EDGE('',*,*,#4733,.T.);
#4733 = EDGE_CURVE('',#4679,#4734,#4736,.T.);
#4734 = VERTEX_POINT('',#4735);
#4735 = CARTESIAN_POINT('',(1.6,-0.76,1.6));
#4736 = CIRCLE('',#4737,4.E-02);
#4737 = AXIS2_PLACEMENT_3D('',#4738,#4739,#4740);
#4738 = CARTESIAN_POINT('',(1.6,-0.76,1.56));
#4739 = DIRECTION('',(-1.,0.,0.));
#4740 = DIRECTION('',(0.,0.,1.));
#4741 = ORIENTED_EDGE('',*,*,#4742,.F.);
#4742 = EDGE_CURVE('',#4644,#4734,#4743,.T.);
#4743 = LINE('',#4744,#4745);
#4744 = CARTESIAN_POINT('',(1.2,-0.76,1.6));
#4745 = VECTOR('',#4746,1.);
#4746 = DIRECTION('',(1.,0.,0.));
#4747 = ORIENTED_EDGE('',*,*,#4651,.F.);
#4748 = CYLINDRICAL_SURFACE('',#4749,4.E-02);
#4749 = AXIS2_PLACEMENT_3D('',#4750,#4751,#4752);
#4750 = CARTESIAN_POINT('',(1.2,-0.76,1.56));
#4751 = DIRECTION('',(1.,0.,0.));
#4752 = DIRECTION('',(0.,-1.,0.));
#4753 = ADVANCED_FACE('',(#4754),#4772,.F.);
#4754 = FACE_BOUND('',#4755,.F.);
#4755 = EDGE_LOOP('',(#4756,#4757,#4758,#4766));
#4756 = ORIENTED_EDGE('',*,*,#4609,.F.);
#4757 = ORIENTED_EDGE('',*,*,#4708,.T.);
#4758 = ORIENTED_EDGE('',*,*,#4759,.T.);
#4759 = EDGE_CURVE('',#4709,#4760,#4762,.T.);
#4760 = VERTEX_POINT('',#4761);
#4761 = CARTESIAN_POINT('',(1.6,0.76,0.));
#4762 = LINE('',#4763,#4764);
#4763 = CARTESIAN_POINT('',(1.6,-0.8,0.));
#4764 = VECTOR('',#4765,1.);
#4765 = DIRECTION('',(0.,1.,0.));
#4766 = ORIENTED_EDGE('',*,*,#4767,.F.);
#4767 = EDGE_CURVE('',#4610,#4760,#4768,.T.);
#4768 = LINE('',#4769,#4770);
#4769 = CARTESIAN_POINT('',(1.2,0.76,0.));
#4770 = VECTOR('',#4771,1.);
#4771 = DIRECTION('',(1.,0.,0.));
#4772 = PLANE('',#4773);
#4773 = AXIS2_PLACEMENT_3D('',#4774,#4775,#4776);
#4774 = CARTESIAN_POINT('',(1.2,-0.8,0.));
#4775 = DIRECTION('',(0.,0.,1.));
#4776 = DIRECTION('',(1.,0.,-0.));
#4777 = ADVANCED_FACE('',(#4778),#4796,.T.);
#4778 = FACE_BOUND('',#4779,.T.);
#4779 = EDGE_LOOP('',(#4780,#4781,#4782,#4790));
#4780 = ORIENTED_EDGE('',*,*,#4643,.F.);
#4781 = ORIENTED_EDGE('',*,*,#4742,.T.);
#4782 = ORIENTED_EDGE('',*,*,#4783,.T.);
#4783 = EDGE_CURVE('',#4734,#4784,#4786,.T.);
#4784 = VERTEX_POINT('',#4785);
#4785 = CARTESIAN_POINT('',(1.6,0.76,1.6));
#4786 = LINE('',#4787,#4788);
#4787 = CARTESIAN_POINT('',(1.6,-0.8,1.6));
#4788 = VECTOR('',#4789,1.);
#4789 = DIRECTION('',(0.,1.,0.));
#4790 = ORIENTED_EDGE('',*,*,#4791,.F.);
#4791 = EDGE_CURVE('',#4635,#4784,#4792,.T.);
#4792 = LINE('',#4793,#4794);
#4793 = CARTESIAN_POINT('',(1.2,0.76,1.6));
#4794 = VECTOR('',#4795,1.);
#4795 = DIRECTION('',(1.,0.,0.));
#4796 = PLANE('',#4797);
#4797 = AXIS2_PLACEMENT_3D('',#4798,#4799,#4800);
#4798 = CARTESIAN_POINT('',(1.2,-0.8,1.6));
#4799 = DIRECTION('',(0.,0.,1.));
#4800 = DIRECTION('',(1.,0.,-0.));
#4801 = ADVANCED_FACE('',(#4802),#4821,.T.);
#4802 = FACE_BOUND('',#4803,.T.);
#4803 = EDGE_LOOP('',(#4804,#4812,#4819,#4820));
#4804 = ORIENTED_EDGE('',*,*,#4805,.T.);
#4805 = EDGE_CURVE('',#4618,#4806,#4808,.T.);
#4806 = VERTEX_POINT('',#4807);
#4807 = CARTESIAN_POINT('',(1.6,0.8,4.E-02));
#4808 = LINE('',#4809,#4810);
#4809 = CARTESIAN_POINT('',(1.2,0.8,4.E-02));
#4810 = VECTOR('',#4811,1.);
#4811 = DIRECTION('',(1.,0.,0.));
#4812 = ORIENTED_EDGE('',*,*,#4813,.T.);
#4813 = EDGE_CURVE('',#4806,#4760,#4814,.T.);
#4814 = CIRCLE('',#4815,4.E-02);
#4815 = AXIS2_PLACEMENT_3D('',#4816,#4817,#4818);
#4816 = CARTESIAN_POINT('',(1.6,0.76,4.E-02));
#4817 = DIRECTION('',(-1.,0.,0.));
#4818 = DIRECTION('',(0.,0.,1.));
#4819 = ORIENTED_EDGE('',*,*,#4767,.F.);
#4820 = ORIENTED_EDGE('',*,*,#4617,.F.);
#4821 = CYLINDRICAL_SURFACE('',#4822,4.E-02);
#4822 = AXIS2_PLACEMENT_3D('',#4823,#4824,#4825);
#4823 = CARTESIAN_POINT('',(1.2,0.76,4.E-02));
#4824 = DIRECTION('',(1.,0.,0.));
#4825 = DIRECTION('',(-0.,1.,0.));
#4826 = ADVANCED_FACE('',(#4827),#4846,.T.);
#4827 = FACE_BOUND('',#4828,.T.);
#4828 = EDGE_LOOP('',(#4829,#4830,#4831,#4840));
#4829 = ORIENTED_EDGE('',*,*,#4634,.T.);
#4830 = ORIENTED_EDGE('',*,*,#4791,.T.);
#4831 = ORIENTED_EDGE('',*,*,#4832,.F.);
#4832 = EDGE_CURVE('',#4833,#4784,#4835,.T.);
#4833 = VERTEX_POINT('',#4834);
#4834 = CARTESIAN_POINT('',(1.6,0.8,1.56));
#4835 = CIRCLE('',#4836,4.E-02);
#4836 = AXIS2_PLACEMENT_3D('',#4837,#4838,#4839);
#4837 = CARTESIAN_POINT('',(1.6,0.76,1.56));
#4838 = DIRECTION('',(1.,0.,-0.));
#4839 = DIRECTION('',(0.,0.,1.));
#4840 = ORIENTED_EDGE('',*,*,#4841,.F.);
#4841 = EDGE_CURVE('',#4627,#4833,#4842,.T.);
#4842 = LINE('',#4843,#4844);
#4843 = CARTESIAN_POINT('',(1.2,0.8,1.56));
#4844 = VECTOR('',#4845,1.);
#4845 = DIRECTION('',(1.,0.,0.));
#4846 = CYLINDRICAL_SURFACE('',#4847,4.E-02);
#4847 = AXIS2_PLACEMENT_3D('',#4848,#4849,#4850);
#4848 = CARTESIAN_POINT('',(1.2,0.76,1.56));
#4849 = DIRECTION('',(1.,0.,0.));
#4850 = DIRECTION('',(-0.,1.,0.));
#4851 = ADVANCED_FACE('',(#4852),#4863,.T.);
#4852 = FACE_BOUND('',#4853,.T.);
#4853 = EDGE_LOOP('',(#4854,#4860,#4861,#4862));
#4854 = ORIENTED_EDGE('',*,*,#4855,.F.);
#4855 = EDGE_CURVE('',#4806,#4833,#4856,.T.);
#4856 = LINE('',#4857,#4858);
#4857 = CARTESIAN_POINT('',(1.6,0.8,0.));
#4858 = VECTOR('',#4859,1.);
#4859 = DIRECTION('',(0.,0.,1.));
#4860 = ORIENTED_EDGE('',*,*,#4805,.F.);
#4861 = ORIENTED_EDGE('',*,*,#4626,.T.);
#4862 = ORIENTED_EDGE('',*,*,#4841,.T.);
#4863 = PLANE('',#4864);
#4864 = AXIS2_PLACEMENT_3D('',#4865,#4866,#4867);
#4865 = CARTESIAN_POINT('',(1.2,0.8,0.));
#4866 = DIRECTION('',(0.,1.,0.));
#4867 = DIRECTION('',(0.,-0.,1.));
#4868 = ADVANCED_FACE('',(#4869),#4879,.T.);
#4869 = FACE_BOUND('',#4870,.T.);
#4870 = EDGE_LOOP('',(#4871,#4872,#4873,#4874,#4875,#4876,#4877,#4878));
#4871 = ORIENTED_EDGE('',*,*,#4676,.F.);
#4872 = ORIENTED_EDGE('',*,*,#4716,.T.);
#4873 = ORIENTED_EDGE('',*,*,#4759,.T.);
#4874 = ORIENTED_EDGE('',*,*,#4813,.F.);
#4875 = ORIENTED_EDGE('',*,*,#4855,.T.);
#4876 = ORIENTED_EDGE('',*,*,#4832,.T.);
#4877 = ORIENTED_EDGE('',*,*,#4783,.F.);
#4878 = ORIENTED_EDGE('',*,*,#4733,.F.);
#4879 = PLANE('',#4880);
#4880 = AXIS2_PLACEMENT_3D('',#4881,#4882,#4883);
#4881 = CARTESIAN_POINT('',(1.6,-0.8,0.));
#4882 = DIRECTION('',(1.,0.,0.));
#4883 = DIRECTION('',(0.,0.,1.));
#4884 = ( GEOMETRIC_REPRESENTATION_CONTEXT(3) 
GLOBAL_UNCERTAINTY_ASSIGNED_CONTEXT((#4888)) 
GLOBAL_UNIT_ASSIGNED_CONTEXT((#4885,#4886,#4887)) REPRESENTATION_CONTEXT
('Context #1','3D Context with UNIT and UNCERTAINTY') );
#4885 = ( LENGTH_UNIT() NAMED_UNIT(*) SI_UNIT(.MILLI.,.METRE.) );
#4886 = ( NAMED_UNIT(*) PLANE_ANGLE_UNIT() SI_UNIT($,.RADIAN.) );
#4887 = ( NAMED_UNIT(*) SI_UNIT($,.STERADIAN.) SOLID_ANGLE_UNIT() );
#4888 = UNCERTAINTY_MEASURE_WITH_UNIT(LENGTH_MEASURE(1.E-07),#4885,
  'distance_accuracy_value','confusion accuracy');
#4889 = CONTEXT_DEPENDENT_SHAPE_REPRESENTATION(#4890,#4892);
#4890 = ( REPRESENTATION_RELATIONSHIP('','',#4029,#4006) 
REPRESENTATION_RELATIONSHIP_WITH_TRANSFORMATION(#4891) 
SHAPE_REPRESENTATION_RELATIONSHIP() );
#4891 = ITEM_DEFINED_TRANSFORMATION('','',#11,#4007);
#4892 = PRODUCT_DEFINITION_SHAPE('Placement','Placement of an item',
  #4893);
#4893 = NEXT_ASSEMBLY_USAGE_OCCURRENCE('5','=>[0:1:1:7]','',#4001,#4024,
  $);
#4894 = PRODUCT_RELATED_PRODUCT_CATEGORY('part',$,(#4026));
#4895 = CONTEXT_DEPENDENT_SHAPE_REPRESENTATION(#4896,#4898);
#4896 = ( REPRESENTATION_RELATIONSHIP('','',#1072,#10) 
REPRESENTATION_RELATIONSHIP_WITH_TRANSFORMATION(#4897) 
SHAPE_REPRESENTATION_RELATIONSHIP() );
#4897 = ITEM_DEFINED_TRANSFORMATION('','',#11,#27);
#4898 = PRODUCT_DEFINITION_SHAPE('Placement','Placement of an item',
  #4899);
#4899 = NEXT_ASSEMBLY_USAGE_OCCURRENCE('7','M1','',#5,#1067,$);
#4900 = SHAPE_DEFINITION_REPRESENTATION(#4901,#4907);
#4901 = PRODUCT_DEFINITION_SHAPE('','',#4902);
#4902 = PRODUCT_DEFINITION('design','',#4903,#4906);
#4903 = PRODUCT_DEFINITION_FORMATION('','',#4904);
#4904 = PRODUCT('R_0603_1608Metric','R_0603_1608Metric','',(#4905));
#4905 = PRODUCT_CONTEXT('',#2,'mechanical');
#4906 = PRODUCT_DEFINITION_CONTEXT('part definition',#2,'design');
#4907 = SHAPE_REPRESENTATION('',(#11,#4908),#4912);
#4908 = AXIS2_PLACEMENT_3D('',#4909,#4910,#4911);
#4909 = CARTESIAN_POINT('',(0.,0.,0.));
#4910 = DIRECTION('',(0.,0.,1.));
#4911 = DIRECTION('',(1.,0.,-0.));
#4912 = ( GEOMETRIC_REPRESENTATION_CONTEXT(3) 
GLOBAL_UNCERTAINTY_ASSIGNED_CONTEXT((#4916)) 
GLOBAL_UNIT_ASSIGNED_CONTEXT((#4913,#4914,#4915)) REPRESENTATION_CONTEXT
('Context #1','3D Context with UNIT and UNCERTAINTY') );
#4913 = ( LENGTH_UNIT() NAMED_UNIT(*) SI_UNIT(.MILLI.,.METRE.) );
#4914 = ( NAMED_UNIT(*) PLANE_ANGLE_UNIT() SI_UNIT($,.RADIAN.) );
#4915 = ( NAMED_UNIT(*) SI_UNIT($,.STERADIAN.) SOLID_ANGLE_UNIT() );
#4916 = UNCERTAINTY_MEASURE_WITH_UNIT(LENGTH_MEASURE(1.E-07),#4913,
  'distance_accuracy_value','confusion accuracy');
#4917 = CONTEXT_DEPENDENT_SHAPE_REPRESENTATION(#4918,#4920);
#4918 = ( REPRESENTATION_RELATIONSHIP('','',#4907,#10) 
REPRESENTATION_RELATIONSHIP_WITH_TRANSFORMATION(#4919) 
SHAPE_REPRESENTATION_RELATIONSHIP() );
#4919 = ITEM_DEFINED_TRANSFORMATION('','',#11,#31);
#4920 = PRODUCT_DEFINITION_SHAPE('Placement','Placement of an item',
  #4921);
#4921 = NEXT_ASSEMBLY_USAGE_OCCURRENCE('9','R7','',#5,#4902,$);
#4922 = PRODUCT_RELATED_PRODUCT_CATEGORY('part',$,(#4904));
#4923 = SHAPE_DEFINITION_REPRESENTATION(#4924,#4930);
#4924 = PRODUCT_DEFINITION_SHAPE('','',#4925);
#4925 = PRODUCT_DEFINITION('design','',#4926,#4929);
#4926 = PRODUCT_DEFINITION_FORMATION('','',#4927);
#4927 = PRODUCT('R_0603_1608Metric','R_0603_1608Metric','',(#4928));
#4928 = PRODUCT_CONTEXT('',#2,'mechanical');
#4929 = PRODUCT_DEFINITION_CONTEXT('part definition',#2,'design');
#4930 = ADVANCED_BREP_SHAPE_REPRESENTATION('',(#11,#4931),#5721);
#4931 = MANIFOLD_SOLID_BREP('',#4932);
#4932 = CLOSED_SHELL('',(#4933,#4973,#5056,#5081,#5106,#5173,#5190,#5207
    ,#5256,#5273,#5290,#5339,#5356,#5425,#5456,#5480,#5549,#5573,#5590,
    #5607,#5624,#5641,#5658,#5675,#5692,#5709));
#4933 = ADVANCED_FACE('',(#4934),#4968,.F.);
#4934 = FACE_BOUND('',#4935,.F.);
#4935 = EDGE_LOOP('',(#4936,#4946,#4954,#4962));
#4936 = ORIENTED_EDGE('',*,*,#4937,.F.);
#4937 = EDGE_CURVE('',#4938,#4940,#4942,.T.);
#4938 = VERTEX_POINT('',#4939);
#4939 = CARTESIAN_POINT('',(-0.8,-0.4,4.5E-02));
#4940 = VERTEX_POINT('',#4941);
#4941 = CARTESIAN_POINT('',(-0.8,-0.4,0.405));
#4942 = LINE('',#4943,#4944);
#4943 = CARTESIAN_POINT('',(-0.8,-0.4,0.));
#4944 = VECTOR('',#4945,1.);
#4945 = DIRECTION('',(0.,0.,1.));
#4946 = ORIENTED_EDGE('',*,*,#4947,.T.);
#4947 = EDGE_CURVE('',#4938,#4948,#4950,.T.);
#4948 = VERTEX_POINT('',#4949);
#4949 = CARTESIAN_POINT('',(-0.8,0.4,4.5E-02));
#4950 = LINE('',#4951,#4952);
#4951 = CARTESIAN_POINT('',(-0.8,-0.4,4.5E-02));
#4952 = VECTOR('',#4953,1.);
#4953 = DIRECTION('',(0.,1.,0.));
#4954 = ORIENTED_EDGE('',*,*,#4955,.T.);
#4955 = EDGE_CURVE('',#4948,#4956,#4958,.T.);
#4956 = VERTEX_POINT('',#4957);
#4957 = CARTESIAN_POINT('',(-0.8,0.4,0.405));
#4958 = LINE('',#4959,#4960);
#4959 = CARTESIAN_POINT('',(-0.8,0.4,0.));
#4960 = VECTOR('',#4961,1.);
#4961 = DIRECTION('',(0.,0.,1.));
#4962 = ORIENTED_EDGE('',*,*,#4963,.F.);
#4963 = EDGE_CURVE('',#4940,#4956,#4964,.T.);
#4964 = LINE('',#4965,#4966);
#4965 = CARTESIAN_POINT('',(-0.8,-0.4,0.405));
#4966 = VECTOR('',#4967,1.);
#4967 = DIRECTION('',(0.,1.,0.));
#4968 = PLANE('',#4969);
#4969 = AXIS2_PLACEMENT_3D('',#4970,#4971,#4972);
#4970 = CARTESIAN_POINT('',(-0.8,-0.4,0.));
#4971 = DIRECTION('',(1.,0.,0.));
#4972 = DIRECTION('',(0.,0.,1.));
#4973 = ADVANCED_FACE('',(#4974),#5051,.F.);
#4974 = FACE_BOUND('',#4975,.F.);
#4975 = EDGE_LOOP('',(#4976,#4986,#4993,#4994,#5003,#5011,#5020,#5028,
    #5036,#5044));
#4976 = ORIENTED_EDGE('',*,*,#4977,.F.);
#4977 = EDGE_CURVE('',#4978,#4980,#4982,.T.);
#4978 = VERTEX_POINT('',#4979);
#4979 = CARTESIAN_POINT('',(-0.755,-0.4,-2.775557561563E-17));
#4980 = VERTEX_POINT('',#4981);
#4981 = CARTESIAN_POINT('',(-0.545,-0.4,-2.775557561563E-17));
#4982 = LINE('',#4983,#4984);
#4983 = CARTESIAN_POINT('',(-0.8,-0.4,0.));
#4984 = VECTOR('',#4985,1.);
#4985 = DIRECTION('',(1.,0.,0.));
#4986 = ORIENTED_EDGE('',*,*,#4987,.F.);
#4987 = EDGE_CURVE('',#4938,#4978,#4988,.T.);
#4988 = CIRCLE('',#4989,4.5E-02);
#4989 = AXIS2_PLACEMENT_3D('',#4990,#4991,#4992);
#4990 = CARTESIAN_POINT('',(-0.755,-0.4,4.5E-02));
#4991 = DIRECTION('',(0.,-1.,0.));
#4992 = DIRECTION('',(0.,0.,1.));
#4993 = ORIENTED_EDGE('',*,*,#4937,.T.);
#4994 = ORIENTED_EDGE('',*,*,#4995,.T.);
#4995 = EDGE_CURVE('',#4940,#4996,#4998,.T.);
#4996 = VERTEX_POINT('',#4997);
#4997 = CARTESIAN_POINT('',(-0.755,-0.4,0.45));
#4998 = CIRCLE('',#4999,4.5E-02);
#4999 = AXIS2_PLACEMENT_3D('',#5000,#5001,#5002);
#5000 = CARTESIAN_POINT('',(-0.755,-0.4,0.405));
#5001 = DIRECTION('',(0.,1.,0.));
#5002 = DIRECTION('',(0.,-0.,1.));
#5003 = ORIENTED_EDGE('',*,*,#5004,.T.);
#5004 = EDGE_CURVE('',#4996,#5005,#5007,.T.);
#5005 = VERTEX_POINT('',#5006);
#5006 = CARTESIAN_POINT('',(-0.545,-0.4,0.45));
#5007 = LINE('',#5008,#5009);
#5008 = CARTESIAN_POINT('',(-0.8,-0.4,0.45));
#5009 = VECTOR('',#5010,1.);
#5010 = DIRECTION('',(1.,0.,0.));
#5011 = ORIENTED_EDGE('',*,*,#5012,.F.);
#5012 = EDGE_CURVE('',#5013,#5005,#5015,.T.);
#5013 = VERTEX_POINT('',#5014);
#5014 = CARTESIAN_POINT('',(-0.5,-0.4,0.405));
#5015 = CIRCLE('',#5016,4.5E-02);
#5016 = AXIS2_PLACEMENT_3D('',#5017,#5018,#5019);
#5017 = CARTESIAN_POINT('',(-0.545,-0.4,0.405));
#5018 = DIRECTION('',(0.,-1.,0.));
#5019 = DIRECTION('',(0.,0.,1.));
#5020 = ORIENTED_EDGE('',*,*,#5021,.F.);
#5021 = EDGE_CURVE('',#5022,#5013,#5024,.T.);
#5022 = VERTEX_POINT('',#5023);
#5023 = CARTESIAN_POINT('',(-0.755,-0.4,0.405));
#5024 = LINE('',#5025,#5026);
#5025 = CARTESIAN_POINT('',(-0.755,-0.4,0.405));
#5026 = VECTOR('',#5027,1.);
#5027 = DIRECTION('',(1.,0.,0.));
#5028 = ORIENTED_EDGE('',*,*,#5029,.F.);
#5029 = EDGE_CURVE('',#5030,#5022,#5032,.T.);
#5030 = VERTEX_POINT('',#5031);
#5031 = CARTESIAN_POINT('',(-0.755,-0.4,4.5E-02));
#5032 = LINE('',#5033,#5034);
#5033 = CARTESIAN_POINT('',(-0.755,-0.4,4.5E-02));
#5034 = VECTOR('',#5035,1.);
#5035 = DIRECTION('',(0.,0.,1.));
#5036 = ORIENTED_EDGE('',*,*,#5037,.T.);
#5037 = EDGE_CURVE('',#5030,#5038,#5040,.T.);
#5038 = VERTEX_POINT('',#5039);
#5039 = CARTESIAN_POINT('',(-0.5,-0.4,4.5E-02));
#5040 = LINE('',#5041,#5042);
#5041 = CARTESIAN_POINT('',(-0.755,-0.4,4.5E-02));
#5042 = VECTOR('',#5043,1.);
#5043 = DIRECTION('',(1.,0.,0.));
#5044 = ORIENTED_EDGE('',*,*,#5045,.T.);
#5045 = EDGE_CURVE('',#5038,#4980,#5046,.T.);
#5046 = CIRCLE('',#5047,4.5E-02);
#5047 = AXIS2_PLACEMENT_3D('',#5048,#5049,#5050);
#5048 = CARTESIAN_POINT('',(-0.545,-0.4,4.5E-02));
#5049 = DIRECTION('',(0.,1.,0.));
#5050 = DIRECTION('',(0.,-0.,1.));
#5051 = PLANE('',#5052);
#5052 = AXIS2_PLACEMENT_3D('',#5053,#5054,#5055);
#5053 = CARTESIAN_POINT('',(-0.8,-0.4,0.));
#5054 = DIRECTION('',(0.,1.,0.));
#5055 = DIRECTION('',(0.,-0.,1.));
#5056 = ADVANCED_FACE('',(#5057),#5076,.T.);
#5057 = FACE_BOUND('',#5058,.T.);
#5058 = EDGE_LOOP('',(#5059,#5060,#5069,#5075));
#5059 = ORIENTED_EDGE('',*,*,#4947,.T.);
#5060 = ORIENTED_EDGE('',*,*,#5061,.T.);
#5061 = EDGE_CURVE('',#4948,#5062,#5064,.T.);
#5062 = VERTEX_POINT('',#5063);
#5063 = CARTESIAN_POINT('',(-0.755,0.4,-2.775557561563E-17));
#5064 = CIRCLE('',#5065,4.5E-02);
#5065 = AXIS2_PLACEMENT_3D('',#5066,#5067,#5068);
#5066 = CARTESIAN_POINT('',(-0.755,0.4,4.5E-02));
#5067 = DIRECTION('',(0.,-1.,0.));
#5068 = DIRECTION('',(0.,0.,1.));
#5069 = ORIENTED_EDGE('',*,*,#5070,.F.);
#5070 = EDGE_CURVE('',#4978,#5062,#5071,.T.);
#5071 = LINE('',#5072,#5073);
#5072 = CARTESIAN_POINT('',(-0.755,-0.4,-2.775557561563E-17));
#5073 = VECTOR('',#5074,1.);
#5074 = DIRECTION('',(0.,1.,0.));
#5075 = ORIENTED_EDGE('',*,*,#4987,.F.);
#5076 = CYLINDRICAL_SURFACE('',#5077,4.5E-02);
#5077 = AXIS2_PLACEMENT_3D('',#5078,#5079,#5080);
#5078 = CARTESIAN_POINT('',(-0.755,-0.4,4.5E-02));
#5079 = DIRECTION('',(0.,1.,0.));
#5080 = DIRECTION('',(-1.,0.,0.));
#5081 = ADVANCED_FACE('',(#5082),#5101,.T.);
#5082 = FACE_BOUND('',#5083,.T.);
#5083 = EDGE_LOOP('',(#5084,#5085,#5093,#5100));
#5084 = ORIENTED_EDGE('',*,*,#4995,.T.);
#5085 = ORIENTED_EDGE('',*,*,#5086,.T.);
#5086 = EDGE_CURVE('',#4996,#5087,#5089,.T.);
#5087 = VERTEX_POINT('',#5088);
#5088 = CARTESIAN_POINT('',(-0.755,0.4,0.45));
#5089 = LINE('',#5090,#5091);
#5090 = CARTESIAN_POINT('',(-0.755,-0.4,0.45));
#5091 = VECTOR('',#5092,1.);
#5092 = DIRECTION('',(0.,1.,0.));
#5093 = ORIENTED_EDGE('',*,*,#5094,.F.);
#5094 = EDGE_CURVE('',#4956,#5087,#5095,.T.);
#5095 = CIRCLE('',#5096,4.5E-02);
#5096 = AXIS2_PLACEMENT_3D('',#5097,#5098,#5099);
#5097 = CARTESIAN_POINT('',(-0.755,0.4,0.405));
#5098 = DIRECTION('',(0.,1.,0.));
#5099 = DIRECTION('',(0.,-0.,1.));
#5100 = ORIENTED_EDGE('',*,*,#4963,.F.);
#5101 = CYLINDRICAL_SURFACE('',#5102,4.5E-02);
#5102 = AXIS2_PLACEMENT_3D('',#5103,#5104,#5105);
#5103 = CARTESIAN_POINT('',(-0.755,-0.4,0.405));
#5104 = DIRECTION('',(0.,1.,0.));
#5105 = DIRECTION('',(-1.,0.,0.));
#5106 = ADVANCED_FACE('',(#5107),#5168,.T.);
#5107 = FACE_BOUND('',#5108,.T.);
#5108 = EDGE_LOOP('',(#5109,#5117,#5118,#5119,#5120,#5128,#5137,#5145,
    #5153,#5161));
#5109 = ORIENTED_EDGE('',*,*,#5110,.F.);
#5110 = EDGE_CURVE('',#5062,#5111,#5113,.T.);
#5111 = VERTEX_POINT('',#5112);
#5112 = CARTESIAN_POINT('',(-0.545,0.4,-2.775557561563E-17));
#5113 = LINE('',#5114,#5115);
#5114 = CARTESIAN_POINT('',(-0.8,0.4,0.));
#5115 = VECTOR('',#5116,1.);
#5116 = DIRECTION('',(1.,0.,0.));
#5117 = ORIENTED_EDGE('',*,*,#5061,.F.);
#5118 = ORIENTED_EDGE('',*,*,#4955,.T.);
#5119 = ORIENTED_EDGE('',*,*,#5094,.T.);
#5120 = ORIENTED_EDGE('',*,*,#5121,.T.);
#5121 = EDGE_CURVE('',#5087,#5122,#5124,.T.);
#5122 = VERTEX_POINT('',#5123);
#5123 = CARTESIAN_POINT('',(-0.545,0.4,0.45));
#5124 = LINE('',#5125,#5126);
#5125 = CARTESIAN_POINT('',(-0.8,0.4,0.45));
#5126 = VECTOR('',#5127,1.);
#5127 = DIRECTION('',(1.,0.,0.));
#5128 = ORIENTED_EDGE('',*,*,#5129,.F.);
#5129 = EDGE_CURVE('',#5130,#5122,#5132,.T.);
#5130 = VERTEX_POINT('',#5131);
#5131 = CARTESIAN_POINT('',(-0.5,0.4,0.405));
#5132 = CIRCLE('',#5133,4.5E-02);
#5133 = AXIS2_PLACEMENT_3D('',#5134,#5135,#5136);
#5134 = CARTESIAN_POINT('',(-0.545,0.4,0.405));
#5135 = DIRECTION('',(0.,-1.,0.));
#5136 = DIRECTION('',(0.,0.,1.));
#5137 = ORIENTED_EDGE('',*,*,#5138,.F.);
#5138 = EDGE_CURVE('',#5139,#5130,#5141,.T.);
#5139 = VERTEX_POINT('',#5140);
#5140 = CARTESIAN_POINT('',(-0.755,0.4,0.405));
#5141 = LINE('',#5142,#5143);
#5142 = CARTESIAN_POINT('',(-0.755,0.4,0.405));
#5143 = VECTOR('',#5144,1.);
#5144 = DIRECTION('',(1.,0.,0.));
#5145 = ORIENTED_EDGE('',*,*,#5146,.F.);
#5146 = EDGE_CURVE('',#5147,#5139,#5149,.T.);
#5147 = VERTEX_POINT('',#5148);
#5148 = CARTESIAN_POINT('',(-0.755,0.4,4.5E-02));
#5149 = LINE('',#5150,#5151);
#5150 = CARTESIAN_POINT('',(-0.755,0.4,4.5E-02));
#5151 = VECTOR('',#5152,1.);
#5152 = DIRECTION('',(0.,0.,1.));
#5153 = ORIENTED_EDGE('',*,*,#5154,.T.);
#5154 = EDGE_CURVE('',#5147,#5155,#5157,.T.);
#5155 = VERTEX_POINT('',#5156);
#5156 = CARTESIAN_POINT('',(-0.5,0.4,4.5E-02));
#5157 = LINE('',#5158,#5159);
#5158 = CARTESIAN_POINT('',(-0.755,0.4,4.5E-02));
#5159 = VECTOR('',#5160,1.);
#5160 = DIRECTION('',(1.,0.,0.));
#5161 = ORIENTED_EDGE('',*,*,#5162,.T.);
#5162 = EDGE_CURVE('',#5155,#5111,#5163,.T.);
#5163 = CIRCLE('',#5164,4.5E-02);
#5164 = AXIS2_PLACEMENT_3D('',#5165,#5166,#5167);
#5165 = CARTESIAN_POINT('',(-0.545,0.4,4.5E-02));
#5166 = DIRECTION('',(0.,1.,0.));
#5167 = DIRECTION('',(0.,-0.,1.));
#5168 = PLANE('',#5169);
#5169 = AXIS2_PLACEMENT_3D('',#5170,#5171,#5172);
#5170 = CARTESIAN_POINT('',(-0.8,0.4,0.));
#5171 = DIRECTION('',(0.,1.,0.));
#5172 = DIRECTION('',(0.,-0.,1.));
#5173 = ADVANCED_FACE('',(#5174),#5185,.F.);
#5174 = FACE_BOUND('',#5175,.F.);
#5175 = EDGE_LOOP('',(#5176,#5177,#5178,#5179));
#5176 = ORIENTED_EDGE('',*,*,#5110,.F.);
#5177 = ORIENTED_EDGE('',*,*,#5070,.F.);
#5178 = ORIENTED_EDGE('',*,*,#4977,.T.);
#5179 = ORIENTED_EDGE('',*,*,#5180,.T.);
#5180 = EDGE_CURVE('',#4980,#5111,#5181,.T.);
#5181 = LINE('',#5182,#5183);
#5182 = CARTESIAN_POINT('',(-0.545,-0.4,-2.775557561563E-17));
#5183 = VECTOR('',#5184,1.);
#5184 = DIRECTION('',(0.,1.,0.));
#5185 = PLANE('',#5186);
#5186 = AXIS2_PLACEMENT_3D('',#5187,#5188,#5189);
#5187 = CARTESIAN_POINT('',(-0.8,-0.4,0.));
#5188 = DIRECTION('',(0.,0.,1.));
#5189 = DIRECTION('',(1.,0.,-0.));
#5190 = ADVANCED_FACE('',(#5191),#5202,.T.);
#5191 = FACE_BOUND('',#5192,.T.);
#5192 = EDGE_LOOP('',(#5193,#5194,#5195,#5196));
#5193 = ORIENTED_EDGE('',*,*,#5045,.T.);
#5194 = ORIENTED_EDGE('',*,*,#5180,.T.);
#5195 = ORIENTED_EDGE('',*,*,#5162,.F.);
#5196 = ORIENTED_EDGE('',*,*,#5197,.F.);
#5197 = EDGE_CURVE('',#5038,#5155,#5198,.T.);
#5198 = LINE('',#5199,#5200);
#5199 = CARTESIAN_POINT('',(-0.5,-0.4,4.5E-02));
#5200 = VECTOR('',#5201,1.);
#5201 = DIRECTION('',(0.,1.,0.));
#5202 = CYLINDRICAL_SURFACE('',#5203,4.5E-02);
#5203 = AXIS2_PLACEMENT_3D('',#5204,#5205,#5206);
#5204 = CARTESIAN_POINT('',(-0.545,-0.4,4.5E-02));
#5205 = DIRECTION('',(0.,1.,0.));
#5206 = DIRECTION('',(1.,0.,0.));
#5207 = ADVANCED_FACE('',(#5208),#5251,.F.);
#5208 = FACE_BOUND('',#5209,.F.);
#5209 = EDGE_LOOP('',(#5210,#5211,#5212,#5213,#5221,#5229,#5237,#5245));
#5210 = ORIENTED_EDGE('',*,*,#5037,.F.);
#5211 = ORIENTED_EDGE('',*,*,#5029,.T.);
#5212 = ORIENTED_EDGE('',*,*,#5021,.T.);
#5213 = ORIENTED_EDGE('',*,*,#5214,.T.);
#5214 = EDGE_CURVE('',#5013,#5215,#5217,.T.);
#5215 = VERTEX_POINT('',#5216);
#5216 = CARTESIAN_POINT('',(0.5,-0.4,0.405));
#5217 = LINE('',#5218,#5219);
#5218 = CARTESIAN_POINT('',(-0.5,-0.4,0.405));
#5219 = VECTOR('',#5220,1.);
#5220 = DIRECTION('',(1.,0.,0.));
#5221 = ORIENTED_EDGE('',*,*,#5222,.T.);
#5222 = EDGE_CURVE('',#5215,#5223,#5225,.T.);
#5223 = VERTEX_POINT('',#5224);
#5224 = CARTESIAN_POINT('',(0.755,-0.4,0.405));
#5225 = LINE('',#5226,#5227);
#5226 = CARTESIAN_POINT('',(-0.755,-0.4,0.405));
#5227 = VECTOR('',#5228,1.);
#5228 = DIRECTION('',(1.,0.,0.));
#5229 = ORIENTED_EDGE('',*,*,#5230,.F.);
#5230 = EDGE_CURVE('',#5231,#5223,#5233,.T.);
#5231 = VERTEX_POINT('',#5232);
#5232 = CARTESIAN_POINT('',(0.755,-0.4,4.5E-02));
#5233 = LINE('',#5234,#5235);
#5234 = CARTESIAN_POINT('',(0.755,-0.4,4.5E-02));
#5235 = VECTOR('',#5236,1.);
#5236 = DIRECTION('',(0.,0.,1.));
#5237 = ORIENTED_EDGE('',*,*,#5238,.F.);
#5238 = EDGE_CURVE('',#5239,#5231,#5241,.T.);
#5239 = VERTEX_POINT('',#5240);
#5240 = CARTESIAN_POINT('',(0.5,-0.4,4.5E-02));
#5241 = LINE('',#5242,#5243);
#5242 = CARTESIAN_POINT('',(-0.755,-0.4,4.5E-02));
#5243 = VECTOR('',#5244,1.);
#5244 = DIRECTION('',(1.,0.,0.));
#5245 = ORIENTED_EDGE('',*,*,#5246,.F.);
#5246 = EDGE_CURVE('',#5038,#5239,#5247,.T.);
#5247 = LINE('',#5248,#5249);
#5248 = CARTESIAN_POINT('',(-0.755,-0.4,4.5E-02));
#5249 = VECTOR('',#5250,1.);
#5250 = DIRECTION('',(1.,0.,0.));
#5251 = PLANE('',#5252);
#5252 = AXIS2_PLACEMENT_3D('',#5253,#5254,#5255);
#5253 = CARTESIAN_POINT('',(-0.755,-0.4,4.5E-02));
#5254 = DIRECTION('',(0.,1.,0.));
#5255 = DIRECTION('',(0.,-0.,1.));
#5256 = ADVANCED_FACE('',(#5257),#5268,.T.);
#5257 = FACE_BOUND('',#5258,.T.);
#5258 = EDGE_LOOP('',(#5259,#5260,#5261,#5262));
#5259 = ORIENTED_EDGE('',*,*,#5121,.F.);
#5260 = ORIENTED_EDGE('',*,*,#5086,.F.);
#5261 = ORIENTED_EDGE('',*,*,#5004,.T.);
#5262 = ORIENTED_EDGE('',*,*,#5263,.T.);
#5263 = EDGE_CURVE('',#5005,#5122,#5264,.T.);
#5264 = LINE('',#5265,#5266);
#5265 = CARTESIAN_POINT('',(-0.545,-0.4,0.45));
#5266 = VECTOR('',#5267,1.);
#5267 = DIRECTION('',(0.,1.,0.));
#5268 = PLANE('',#5269);
#5269 = AXIS2_PLACEMENT_3D('',#5270,#5271,#5272);
#5270 = CARTESIAN_POINT('',(-0.8,-0.4,0.45));
#5271 = DIRECTION('',(0.,0.,1.));
#5272 = DIRECTION('',(1.,0.,-0.));
#5273 = ADVANCED_FACE('',(#5274),#5285,.T.);
#5274 = FACE_BOUND('',#5275,.T.);
#5275 = EDGE_LOOP('',(#5276,#5282,#5283,#5284));
#5276 = ORIENTED_EDGE('',*,*,#5277,.T.);
#5277 = EDGE_CURVE('',#5013,#5130,#5278,.T.);
#5278 = LINE('',#5279,#5280);
#5279 = CARTESIAN_POINT('',(-0.5,-0.4,0.405));
#5280 = VECTOR('',#5281,1.);
#5281 = DIRECTION('',(0.,1.,0.));
#5282 = ORIENTED_EDGE('',*,*,#5129,.T.);
#5283 = ORIENTED_EDGE('',*,*,#5263,.F.);
#5284 = ORIENTED_EDGE('',*,*,#5012,.F.);
#5285 = CYLINDRICAL_SURFACE('',#5286,4.5E-02);
#5286 = AXIS2_PLACEMENT_3D('',#5287,#5288,#5289);
#5287 = CARTESIAN_POINT('',(-0.545,-0.4,0.405));
#5288 = DIRECTION('',(0.,1.,0.));
#5289 = DIRECTION('',(1.,0.,0.));
#5290 = ADVANCED_FACE('',(#5291),#5334,.T.);
#5291 = FACE_BOUND('',#5292,.T.);
#5292 = EDGE_LOOP('',(#5293,#5294,#5295,#5296,#5304,#5312,#5320,#5328));
#5293 = ORIENTED_EDGE('',*,*,#5154,.F.);
#5294 = ORIENTED_EDGE('',*,*,#5146,.T.);
#5295 = ORIENTED_EDGE('',*,*,#5138,.T.);
#5296 = ORIENTED_EDGE('',*,*,#5297,.T.);
#5297 = EDGE_CURVE('',#5130,#5298,#5300,.T.);
#5298 = VERTEX_POINT('',#5299);
#5299 = CARTESIAN_POINT('',(0.5,0.4,0.405));
#5300 = LINE('',#5301,#5302);
#5301 = CARTESIAN_POINT('',(-0.5,0.4,0.405));
#5302 = VECTOR('',#5303,1.);
#5303 = DIRECTION('',(1.,0.,0.));
#5304 = ORIENTED_EDGE('',*,*,#5305,.T.);
#5305 = EDGE_CURVE('',#5298,#5306,#5308,.T.);
#5306 = VERTEX_POINT('',#5307);
#5307 = CARTESIAN_POINT('',(0.755,0.4,0.405));
#5308 = LINE('',#5309,#5310);
#5309 = CARTESIAN_POINT('',(-0.755,0.4,0.405));
#5310 = VECTOR('',#5311,1.);
#5311 = DIRECTION('',(1.,0.,0.));
#5312 = ORIENTED_EDGE('',*,*,#5313,.F.);
#5313 = EDGE_CURVE('',#5314,#5306,#5316,.T.);
#5314 = VERTEX_POINT('',#5315);
#5315 = CARTESIAN_POINT('',(0.755,0.4,4.5E-02));
#5316 = LINE('',#5317,#5318);
#5317 = CARTESIAN_POINT('',(0.755,0.4,4.5E-02));
#5318 = VECTOR('',#5319,1.);
#5319 = DIRECTION('',(0.,0.,1.));
#5320 = ORIENTED_EDGE('',*,*,#5321,.F.);
#5321 = EDGE_CURVE('',#5322,#5314,#5324,.T.);
#5322 = VERTEX_POINT('',#5323);
#5323 = CARTESIAN_POINT('',(0.5,0.4,4.5E-02));
#5324 = LINE('',#5325,#5326);
#5325 = CARTESIAN_POINT('',(-0.755,0.4,4.5E-02));
#5326 = VECTOR('',#5327,1.);
#5327 = DIRECTION('',(1.,0.,0.));
#5328 = ORIENTED_EDGE('',*,*,#5329,.F.);
#5329 = EDGE_CURVE('',#5155,#5322,#5330,.T.);
#5330 = LINE('',#5331,#5332);
#5331 = CARTESIAN_POINT('',(-0.755,0.4,4.5E-02));
#5332 = VECTOR('',#5333,1.);
#5333 = DIRECTION('',(1.,0.,0.));
#5334 = PLANE('',#5335);
#5335 = AXIS2_PLACEMENT_3D('',#5336,#5337,#5338);
#5336 = CARTESIAN_POINT('',(-0.755,0.4,4.5E-02));
#5337 = DIRECTION('',(0.,1.,0.));
#5338 = DIRECTION('',(0.,-0.,1.));
#5339 = ADVANCED_FACE('',(#5340),#5351,.F.);
#5340 = FACE_BOUND('',#5341,.F.);
#5341 = EDGE_LOOP('',(#5342,#5343,#5344,#5350));
#5342 = ORIENTED_EDGE('',*,*,#5197,.F.);
#5343 = ORIENTED_EDGE('',*,*,#5246,.T.);
#5344 = ORIENTED_EDGE('',*,*,#5345,.T.);
#5345 = EDGE_CURVE('',#5239,#5322,#5346,.T.);
#5346 = LINE('',#5347,#5348);
#5347 = CARTESIAN_POINT('',(0.5,-0.4,4.5E-02));
#5348 = VECTOR('',#5349,1.);
#5349 = DIRECTION('',(0.,1.,0.));
#5350 = ORIENTED_EDGE('',*,*,#5329,.F.);
#5351 = PLANE('',#5352);
#5352 = AXIS2_PLACEMENT_3D('',#5353,#5354,#5355);
#5353 = CARTESIAN_POINT('',(-0.755,-0.4,4.5E-02));
#5354 = DIRECTION('',(0.,0.,1.));
#5355 = DIRECTION('',(1.,0.,-0.));
#5356 = ADVANCED_FACE('',(#5357),#5420,.F.);
#5357 = FACE_BOUND('',#5358,.F.);
#5358 = EDGE_LOOP('',(#5359,#5369,#5376,#5377,#5378,#5379,#5388,#5396,
    #5405,#5413));
#5359 = ORIENTED_EDGE('',*,*,#5360,.F.);
#5360 = EDGE_CURVE('',#5361,#5363,#5365,.T.);
#5361 = VERTEX_POINT('',#5362);
#5362 = CARTESIAN_POINT('',(0.545,-0.4,-2.775557561563E-17));
#5363 = VERTEX_POINT('',#5364);
#5364 = CARTESIAN_POINT('',(0.755,-0.4,-2.775557561563E-17));
#5365 = LINE('',#5366,#5367);
#5366 = CARTESIAN_POINT('',(0.5,-0.4,0.));
#5367 = VECTOR('',#5368,1.);
#5368 = DIRECTION('',(1.,0.,0.));
#5369 = ORIENTED_EDGE('',*,*,#5370,.F.);
#5370 = EDGE_CURVE('',#5239,#5361,#5371,.T.);
#5371 = CIRCLE('',#5372,4.5E-02);
#5372 = AXIS2_PLACEMENT_3D('',#5373,#5374,#5375);
#5373 = CARTESIAN_POINT('',(0.545,-0.4,4.5E-02));
#5374 = DIRECTION('',(0.,-1.,0.));
#5375 = DIRECTION('',(0.,0.,1.));
#5376 = ORIENTED_EDGE('',*,*,#5238,.T.);
#5377 = ORIENTED_EDGE('',*,*,#5230,.T.);
#5378 = ORIENTED_EDGE('',*,*,#5222,.F.);
#5379 = ORIENTED_EDGE('',*,*,#5380,.T.);
#5380 = EDGE_CURVE('',#5215,#5381,#5383,.T.);
#5381 = VERTEX_POINT('',#5382);
#5382 = CARTESIAN_POINT('',(0.545,-0.4,0.45));
#5383 = CIRCLE('',#5384,4.5E-02);
#5384 = AXIS2_PLACEMENT_3D('',#5385,#5386,#5387);
#5385 = CARTESIAN_POINT('',(0.545,-0.4,0.405));
#5386 = DIRECTION('',(0.,1.,0.));
#5387 = DIRECTION('',(0.,-0.,1.));
#5388 = ORIENTED_EDGE('',*,*,#5389,.T.);
#5389 = EDGE_CURVE('',#5381,#5390,#5392,.T.);
#5390 = VERTEX_POINT('',#5391);
#5391 = CARTESIAN_POINT('',(0.755,-0.4,0.45));
#5392 = LINE('',#5393,#5394);
#5393 = CARTESIAN_POINT('',(0.5,-0.4,0.45));
#5394 = VECTOR('',#5395,1.);
#5395 = DIRECTION('',(1.,0.,0.));
#5396 = ORIENTED_EDGE('',*,*,#5397,.F.);
#5397 = EDGE_CURVE('',#5398,#5390,#5400,.T.);
#5398 = VERTEX_POINT('',#5399);
#5399 = CARTESIAN_POINT('',(0.8,-0.4,0.405));
#5400 = CIRCLE('',#5401,4.5E-02);
#5401 = AXIS2_PLACEMENT_3D('',#5402,#5403,#5404);
#5402 = CARTESIAN_POINT('',(0.755,-0.4,0.405));
#5403 = DIRECTION('',(0.,-1.,0.));
#5404 = DIRECTION('',(0.,0.,1.));
#5405 = ORIENTED_EDGE('',*,*,#5406,.F.);
#5406 = EDGE_CURVE('',#5407,#5398,#5409,.T.);
#5407 = VERTEX_POINT('',#5408);
#5408 = CARTESIAN_POINT('',(0.8,-0.4,4.5E-02));
#5409 = LINE('',#5410,#5411);
#5410 = CARTESIAN_POINT('',(0.8,-0.4,0.));
#5411 = VECTOR('',#5412,1.);
#5412 = DIRECTION('',(0.,0.,1.));
#5413 = ORIENTED_EDGE('',*,*,#5414,.T.);
#5414 = EDGE_CURVE('',#5407,#5363,#5415,.T.);
#5415 = CIRCLE('',#5416,4.5E-02);
#5416 = AXIS2_PLACEMENT_3D('',#5417,#5418,#5419);
#5417 = CARTESIAN_POINT('',(0.755,-0.4,4.5E-02));
#5418 = DIRECTION('',(0.,1.,0.));
#5419 = DIRECTION('',(0.,-0.,1.));
#5420 = PLANE('',#5421);
#5421 = AXIS2_PLACEMENT_3D('',#5422,#5423,#5424);
#5422 = CARTESIAN_POINT('',(0.5,-0.4,0.));
#5423 = DIRECTION('',(0.,1.,0.));
#5424 = DIRECTION('',(0.,-0.,1.));
#5425 = ADVANCED_FACE('',(#5426),#5451,.F.);
#5426 = FACE_BOUND('',#5427,.F.);
#5427 = EDGE_LOOP('',(#5428,#5429,#5437,#5445));
#5428 = ORIENTED_EDGE('',*,*,#5214,.F.);
#5429 = ORIENTED_EDGE('',*,*,#5430,.T.);
#5430 = EDGE_CURVE('',#5013,#5431,#5433,.T.);
#5431 = VERTEX_POINT('',#5432);
#5432 = CARTESIAN_POINT('',(-0.5,-0.4,0.45));
#5433 = LINE('',#5434,#5435);
#5434 = CARTESIAN_POINT('',(-0.5,-0.4,0.405));
#5435 = VECTOR('',#5436,1.);
#5436 = DIRECTION('',(0.,0.,1.));
#5437 = ORIENTED_EDGE('',*,*,#5438,.T.);
#5438 = EDGE_CURVE('',#5431,#5439,#5441,.T.);
#5439 = VERTEX_POINT('',#5440);
#5440 = CARTESIAN_POINT('',(0.5,-0.4,0.45));
#5441 = LINE('',#5442,#5443);
#5442 = CARTESIAN_POINT('',(-0.5,-0.4,0.45));
#5443 = VECTOR('',#5444,1.);
#5444 = DIRECTION('',(1.,0.,0.));
#5445 = ORIENTED_EDGE('',*,*,#5446,.F.);
#5446 = EDGE_CURVE('',#5215,#5439,#5447,.T.);
#5447 = LINE('',#5448,#5449);
#5448 = CARTESIAN_POINT('',(0.5,-0.4,0.405));
#5449 = VECTOR('',#5450,1.);
#5450 = DIRECTION('',(0.,0.,1.));
#5451 = PLANE('',#5452);
#5452 = AXIS2_PLACEMENT_3D('',#5453,#5454,#5455);
#5453 = CARTESIAN_POINT('',(-0.5,-0.4,0.405));
#5454 = DIRECTION('',(0.,1.,0.));
#5455 = DIRECTION('',(0.,-0.,1.));
#5456 = ADVANCED_FACE('',(#5457),#5475,.F.);
#5457 = FACE_BOUND('',#5458,.F.);
#5458 = EDGE_LOOP('',(#5459,#5460,#5461,#5469));
#5459 = ORIENTED_EDGE('',*,*,#5430,.F.);
#5460 = ORIENTED_EDGE('',*,*,#5277,.T.);
#5461 = ORIENTED_EDGE('',*,*,#5462,.T.);
#5462 = EDGE_CURVE('',#5130,#5463,#5465,.T.);
#5463 = VERTEX_POINT('',#5464);
#5464 = CARTESIAN_POINT('',(-0.5,0.4,0.45));
#5465 = LINE('',#5466,#5467);
#5466 = CARTESIAN_POINT('',(-0.5,0.4,0.405));
#5467 = VECTOR('',#5468,1.);
#5468 = DIRECTION('',(0.,0.,1.));
#5469 = ORIENTED_EDGE('',*,*,#5470,.F.);
#5470 = EDGE_CURVE('',#5431,#5463,#5471,.T.);
#5471 = LINE('',#5472,#5473);
#5472 = CARTESIAN_POINT('',(-0.5,-0.4,0.45));
#5473 = VECTOR('',#5474,1.);
#5474 = DIRECTION('',(0.,1.,0.));
#5475 = PLANE('',#5476);
#5476 = AXIS2_PLACEMENT_3D('',#5477,#5478,#5479);
#5477 = CARTESIAN_POINT('',(-0.5,-0.4,0.405));
#5478 = DIRECTION('',(1.,0.,0.));
#5479 = DIRECTION('',(0.,0.,1.));
#5480 = ADVANCED_FACE('',(#5481),#5544,.T.);
#5481 = FACE_BOUND('',#5482,.T.);
#5482 = EDGE_LOOP('',(#5483,#5493,#5500,#5501,#5502,#5503,#5512,#5520,
    #5529,#5537));
#5483 = ORIENTED_EDGE('',*,*,#5484,.F.);
#5484 = EDGE_CURVE('',#5485,#5487,#5489,.T.);
#5485 = VERTEX_POINT('',#5486);
#5486 = CARTESIAN_POINT('',(0.545,0.4,-2.775557561563E-17));
#5487 = VERTEX_POINT('',#5488);
#5488 = CARTESIAN_POINT('',(0.755,0.4,-2.775557561563E-17));
#5489 = LINE('',#5490,#5491);
#5490 = CARTESIAN_POINT('',(0.5,0.4,0.));
#5491 = VECTOR('',#5492,1.);
#5492 = DIRECTION('',(1.,0.,0.));
#5493 = ORIENTED_EDGE('',*,*,#5494,.F.);
#5494 = EDGE_CURVE('',#5322,#5485,#5495,.T.);
#5495 = CIRCLE('',#5496,4.5E-02);
#5496 = AXIS2_PLACEMENT_3D('',#5497,#5498,#5499);
#5497 = CARTESIAN_POINT('',(0.545,0.4,4.5E-02));
#5498 = DIRECTION('',(0.,-1.,0.));
#5499 = DIRECTION('',(0.,0.,1.));
#5500 = ORIENTED_EDGE('',*,*,#5321,.T.);
#5501 = ORIENTED_EDGE('',*,*,#5313,.T.);
#5502 = ORIENTED_EDGE('',*,*,#5305,.F.);
#5503 = ORIENTED_EDGE('',*,*,#5504,.T.);
#5504 = EDGE_CURVE('',#5298,#5505,#5507,.T.);
#5505 = VERTEX_POINT('',#5506);
#5506 = CARTESIAN_POINT('',(0.545,0.4,0.45));
#5507 = CIRCLE('',#5508,4.5E-02);
#5508 = AXIS2_PLACEMENT_3D('',#5509,#5510,#5511);
#5509 = CARTESIAN_POINT('',(0.545,0.4,0.405));
#5510 = DIRECTION('',(0.,1.,0.));
#5511 = DIRECTION('',(0.,-0.,1.));
#5512 = ORIENTED_EDGE('',*,*,#5513,.T.);
#5513 = EDGE_CURVE('',#5505,#5514,#5516,.T.);
#5514 = VERTEX_POINT('',#5515);
#5515 = CARTESIAN_POINT('',(0.755,0.4,0.45));
#5516 = LINE('',#5517,#5518);
#5517 = CARTESIAN_POINT('',(0.5,0.4,0.45));
#5518 = VECTOR('',#5519,1.);
#5519 = DIRECTION('',(1.,0.,0.));
#5520 = ORIENTED_EDGE('',*,*,#5521,.F.);
#5521 = EDGE_CURVE('',#5522,#5514,#5524,.T.);
#5522 = VERTEX_POINT('',#5523);
#5523 = CARTESIAN_POINT('',(0.8,0.4,0.405));
#5524 = CIRCLE('',#5525,4.5E-02);
#5525 = AXIS2_PLACEMENT_3D('',#5526,#5527,#5528);
#5526 = CARTESIAN_POINT('',(0.755,0.4,0.405));
#5527 = DIRECTION('',(0.,-1.,0.));
#5528 = DIRECTION('',(0.,0.,1.));
#5529 = ORIENTED_EDGE('',*,*,#5530,.F.);
#5530 = EDGE_CURVE('',#5531,#5522,#5533,.T.);
#5531 = VERTEX_POINT('',#5532);
#5532 = CARTESIAN_POINT('',(0.8,0.4,4.5E-02));
#5533 = LINE('',#5534,#5535);
#5534 = CARTESIAN_POINT('',(0.8,0.4,0.));
#5535 = VECTOR('',#5536,1.);
#5536 = DIRECTION('',(0.,0.,1.));
#5537 = ORIENTED_EDGE('',*,*,#5538,.T.);
#5538 = EDGE_CURVE('',#5531,#5487,#5539,.T.);
#5539 = CIRCLE('',#5540,4.5E-02);
#5540 = AXIS2_PLACEMENT_3D('',#5541,#5542,#5543);
#5541 = CARTESIAN_POINT('',(0.755,0.4,4.5E-02));
#5542 = DIRECTION('',(0.,1.,0.));
#5543 = DIRECTION('',(0.,-0.,1.));
#5544 = PLANE('',#5545);
#5545 = AXIS2_PLACEMENT_3D('',#5546,#5547,#5548);
#5546 = CARTESIAN_POINT('',(0.5,0.4,0.));
#5547 = DIRECTION('',(0.,1.,0.));
#5548 = DIRECTION('',(0.,-0.,1.));
#5549 = ADVANCED_FACE('',(#5550),#5568,.T.);
#5550 = FACE_BOUND('',#5551,.T.);
#5551 = EDGE_LOOP('',(#5552,#5553,#5554,#5562));
#5552 = ORIENTED_EDGE('',*,*,#5297,.F.);
#5553 = ORIENTED_EDGE('',*,*,#5462,.T.);
#5554 = ORIENTED_EDGE('',*,*,#5555,.T.);
#5555 = EDGE_CURVE('',#5463,#5556,#5558,.T.);
#5556 = VERTEX_POINT('',#5557);
#5557 = CARTESIAN_POINT('',(0.5,0.4,0.45));
#5558 = LINE('',#5559,#5560);
#5559 = CARTESIAN_POINT('',(-0.5,0.4,0.45));
#5560 = VECTOR('',#5561,1.);
#5561 = DIRECTION('',(1.,0.,0.));
#5562 = ORIENTED_EDGE('',*,*,#5563,.F.);
#5563 = EDGE_CURVE('',#5298,#5556,#5564,.T.);
#5564 = LINE('',#5565,#5566);
#5565 = CARTESIAN_POINT('',(0.5,0.4,0.405));
#5566 = VECTOR('',#5567,1.);
#5567 = DIRECTION('',(0.,0.,1.));
#5568 = PLANE('',#5569);
#5569 = AXIS2_PLACEMENT_3D('',#5570,#5571,#5572);
#5570 = CARTESIAN_POINT('',(-0.5,0.4,0.405));
#5571 = DIRECTION('',(0.,1.,0.));
#5572 = DIRECTION('',(0.,-0.,1.));
#5573 = ADVANCED_FACE('',(#5574),#5585,.T.);
#5574 = FACE_BOUND('',#5575,.T.);
#5575 = EDGE_LOOP('',(#5576,#5577,#5578,#5584));
#5576 = ORIENTED_EDGE('',*,*,#5345,.T.);
#5577 = ORIENTED_EDGE('',*,*,#5494,.T.);
#5578 = ORIENTED_EDGE('',*,*,#5579,.F.);
#5579 = EDGE_CURVE('',#5361,#5485,#5580,.T.);
#5580 = LINE('',#5581,#5582);
#5581 = CARTESIAN_POINT('',(0.545,-0.4,-2.775557561563E-17));
#5582 = VECTOR('',#5583,1.);
#5583 = DIRECTION('',(0.,1.,0.));
#5584 = ORIENTED_EDGE('',*,*,#5370,.F.);
#5585 = CYLINDRICAL_SURFACE('',#5586,4.5E-02);
#5586 = AXIS2_PLACEMENT_3D('',#5587,#5588,#5589);
#5587 = CARTESIAN_POINT('',(0.545,-0.4,4.5E-02));
#5588 = DIRECTION('',(0.,1.,0.));
#5589 = DIRECTION('',(-1.,0.,0.));
#5590 = ADVANCED_FACE('',(#5591),#5602,.F.);
#5591 = FACE_BOUND('',#5592,.F.);
#5592 = EDGE_LOOP('',(#5593,#5594,#5595,#5596));
#5593 = ORIENTED_EDGE('',*,*,#5484,.F.);
#5594 = ORIENTED_EDGE('',*,*,#5579,.F.);
#5595 = ORIENTED_EDGE('',*,*,#5360,.T.);
#5596 = ORIENTED_EDGE('',*,*,#5597,.T.);
#5597 = EDGE_CURVE('',#5363,#5487,#5598,.T.);
#5598 = LINE('',#5599,#5600);
#5599 = CARTESIAN_POINT('',(0.755,-0.4,-2.775557561563E-17));
#5600 = VECTOR('',#5601,1.);
#5601 = DIRECTION('',(0.,1.,0.));
#5602 = PLANE('',#5603);
#5603 = AXIS2_PLACEMENT_3D('',#5604,#5605,#5606);
#5604 = CARTESIAN_POINT('',(0.5,-0.4,0.));
#5605 = DIRECTION('',(0.,0.,1.));
#5606 = DIRECTION('',(1.,0.,-0.));
#5607 = ADVANCED_FACE('',(#5608),#5619,.T.);
#5608 = FACE_BOUND('',#5609,.T.);
#5609 = EDGE_LOOP('',(#5610,#5611,#5612,#5613));
#5610 = ORIENTED_EDGE('',*,*,#5414,.T.);
#5611 = ORIENTED_EDGE('',*,*,#5597,.T.);
#5612 = ORIENTED_EDGE('',*,*,#5538,.F.);
#5613 = ORIENTED_EDGE('',*,*,#5614,.F.);
#5614 = EDGE_CURVE('',#5407,#5531,#5615,.T.);
#5615 = LINE('',#5616,#5617);
#5616 = CARTESIAN_POINT('',(0.8,-0.4,4.5E-02));
#5617 = VECTOR('',#5618,1.);
#5618 = DIRECTION('',(0.,1.,0.));
#5619 = CYLINDRICAL_SURFACE('',#5620,4.5E-02);
#5620 = AXIS2_PLACEMENT_3D('',#5621,#5622,#5623);
#5621 = CARTESIAN_POINT('',(0.755,-0.4,4.5E-02));
#5622 = DIRECTION('',(0.,1.,0.));
#5623 = DIRECTION('',(1.,0.,0.));
#5624 = ADVANCED_FACE('',(#5625),#5636,.T.);
#5625 = FACE_BOUND('',#5626,.T.);
#5626 = EDGE_LOOP('',(#5627,#5628,#5629,#5630));
#5627 = ORIENTED_EDGE('',*,*,#5406,.F.);
#5628 = ORIENTED_EDGE('',*,*,#5614,.T.);
#5629 = ORIENTED_EDGE('',*,*,#5530,.T.);
#5630 = ORIENTED_EDGE('',*,*,#5631,.F.);
#5631 = EDGE_CURVE('',#5398,#5522,#5632,.T.);
#5632 = LINE('',#5633,#5634);
#5633 = CARTESIAN_POINT('',(0.8,-0.4,0.405));
#5634 = VECTOR('',#5635,1.);
#5635 = DIRECTION('',(0.,1.,0.));
#5636 = PLANE('',#5637);
#5637 = AXIS2_PLACEMENT_3D('',#5638,#5639,#5640);
#5638 = CARTESIAN_POINT('',(0.8,-0.4,0.));
#5639 = DIRECTION('',(1.,0.,0.));
#5640 = DIRECTION('',(0.,0.,1.));
#5641 = ADVANCED_FACE('',(#5642),#5653,.T.);
#5642 = FACE_BOUND('',#5643,.T.);
#5643 = EDGE_LOOP('',(#5644,#5645,#5646,#5652));
#5644 = ORIENTED_EDGE('',*,*,#5631,.T.);
#5645 = ORIENTED_EDGE('',*,*,#5521,.T.);
#5646 = ORIENTED_EDGE('',*,*,#5647,.F.);
#5647 = EDGE_CURVE('',#5390,#5514,#5648,.T.);
#5648 = LINE('',#5649,#5650);
#5649 = CARTESIAN_POINT('',(0.755,-0.4,0.45));
#5650 = VECTOR('',#5651,1.);
#5651 = DIRECTION('',(0.,1.,0.));
#5652 = ORIENTED_EDGE('',*,*,#5397,.F.);
#5653 = CYLINDRICAL_SURFACE('',#5654,4.5E-02);
#5654 = AXIS2_PLACEMENT_3D('',#5655,#5656,#5657);
#5655 = CARTESIAN_POINT('',(0.755,-0.4,0.405));
#5656 = DIRECTION('',(0.,1.,0.));
#5657 = DIRECTION('',(1.,0.,0.));
#5658 = ADVANCED_FACE('',(#5659),#5670,.T.);
#5659 = FACE_BOUND('',#5660,.T.);
#5660 = EDGE_LOOP('',(#5661,#5662,#5668,#5669));
#5661 = ORIENTED_EDGE('',*,*,#5513,.F.);
#5662 = ORIENTED_EDGE('',*,*,#5663,.F.);
#5663 = EDGE_CURVE('',#5381,#5505,#5664,.T.);
#5664 = LINE('',#5665,#5666);
#5665 = CARTESIAN_POINT('',(0.545,-0.4,0.45));
#5666 = VECTOR('',#5667,1.);
#5667 = DIRECTION('',(0.,1.,0.));
#5668 = ORIENTED_EDGE('',*,*,#5389,.T.);
#5669 = ORIENTED_EDGE('',*,*,#5647,.T.);
#5670 = PLANE('',#5671);
#5671 = AXIS2_PLACEMENT_3D('',#5672,#5673,#5674);
#5672 = CARTESIAN_POINT('',(0.5,-0.4,0.45));
#5673 = DIRECTION('',(0.,0.,1.));
#5674 = DIRECTION('',(1.,0.,-0.));
#5675 = ADVANCED_FACE('',(#5676),#5687,.T.);
#5676 = FACE_BOUND('',#5677,.T.);
#5677 = EDGE_LOOP('',(#5678,#5679,#5680,#5681));
#5678 = ORIENTED_EDGE('',*,*,#5380,.T.);
#5679 = ORIENTED_EDGE('',*,*,#5663,.T.);
#5680 = ORIENTED_EDGE('',*,*,#5504,.F.);
#5681 = ORIENTED_EDGE('',*,*,#5682,.F.);
#5682 = EDGE_CURVE('',#5215,#5298,#5683,.T.);
#5683 = LINE('',#5684,#5685);
#5684 = CARTESIAN_POINT('',(0.5,-0.4,0.405));
#5685 = VECTOR('',#5686,1.);
#5686 = DIRECTION('',(0.,1.,0.));
#5687 = CYLINDRICAL_SURFACE('',#5688,4.5E-02);
#5688 = AXIS2_PLACEMENT_3D('',#5689,#5690,#5691);
#5689 = CARTESIAN_POINT('',(0.545,-0.4,0.405));
#5690 = DIRECTION('',(0.,1.,0.));
#5691 = DIRECTION('',(-1.,0.,0.));
#5692 = ADVANCED_FACE('',(#5693),#5704,.T.);
#5693 = FACE_BOUND('',#5694,.T.);
#5694 = EDGE_LOOP('',(#5695,#5696,#5697,#5698));
#5695 = ORIENTED_EDGE('',*,*,#5446,.F.);
#5696 = ORIENTED_EDGE('',*,*,#5682,.T.);
#5697 = ORIENTED_EDGE('',*,*,#5563,.T.);
#5698 = ORIENTED_EDGE('',*,*,#5699,.F.);
#5699 = EDGE_CURVE('',#5439,#5556,#5700,.T.);
#5700 = LINE('',#5701,#5702);
#5701 = CARTESIAN_POINT('',(0.5,-0.4,0.45));
#5702 = VECTOR('',#5703,1.);
#5703 = DIRECTION('',(0.,1.,0.));
#5704 = PLANE('',#5705);
#5705 = AXIS2_PLACEMENT_3D('',#5706,#5707,#5708);
#5706 = CARTESIAN_POINT('',(0.5,-0.4,0.405));
#5707 = DIRECTION('',(1.,0.,0.));
#5708 = DIRECTION('',(0.,0.,1.));
#5709 = ADVANCED_FACE('',(#5710),#5716,.T.);
#5710 = FACE_BOUND('',#5711,.T.);
#5711 = EDGE_LOOP('',(#5712,#5713,#5714,#5715));
#5712 = ORIENTED_EDGE('',*,*,#5470,.F.);
#5713 = ORIENTED_EDGE('',*,*,#5438,.T.);
#5714 = ORIENTED_EDGE('',*,*,#5699,.T.);
#5715 = ORIENTED_EDGE('',*,*,#5555,.F.);
#5716 = PLANE('',#5717);
#5717 = AXIS2_PLACEMENT_3D('',#5718,#5719,#5720);
#5718 = CARTESIAN_POINT('',(-0.5,-0.4,0.45));
#5719 = DIRECTION('',(0.,0.,1.));
#5720 = DIRECTION('',(1.,0.,-0.));
#5721 = ( GEOMETRIC_REPRESENTATION_CONTEXT(3) 
GLOBAL_UNCERTAINTY_ASSIGNED_CONTEXT((#5725)) 
GLOBAL_UNIT_ASSIGNED_CONTEXT((#5722,#5723,#5724)) REPRESENTATION_CONTEXT
('Context #1','3D Context with UNIT and UNCERTAINTY') );
#5722 = ( LENGTH_UNIT() NAMED_UNIT(*) SI_UNIT(.MILLI.,.METRE.) );
#5723 = ( NAMED_UNIT(*) PLANE_ANGLE_UNIT() SI_UNIT($,.RADIAN.) );
#5724 = ( NAMED_UNIT(*) SI_UNIT($,.STERADIAN.) SOLID_ANGLE_UNIT() );
#5725 = UNCERTAINTY_MEASURE_WITH_UNIT(LENGTH_MEASURE(1.E-07),#5722,
  'distance_accuracy_value','confusion accuracy');
#5726 = CONTEXT_DEPENDENT_SHAPE_REPRESENTATION(#5727,#5729);
#5727 = ( REPRESENTATION_RELATIONSHIP('','',#4930,#4907) 
REPRESENTATION_RELATIONSHIP_WITH_TRANSFORMATION(#5728) 
SHAPE_REPRESENTATION_RELATIONSHIP() );
#5728 = ITEM_DEFINED_TRANSFORMATION('','',#11,#4908);
#5729 = PRODUCT_DEFINITION_SHAPE('Placement','Placement of an item',
  #5730);
#5730 = NEXT_ASSEMBLY_USAGE_OCCURRENCE('8','=>[0:1:1:9]','',#4902,#4925,
  $);
#5731 = PRODUCT_RELATED_PRODUCT_CATEGORY('part',$,(#4927));
#5732 = CONTEXT_DEPENDENT_SHAPE_REPRESENTATION(#5733,#5735);
#5733 = ( REPRESENTATION_RELATIONSHIP('','',#4907,#10) 
REPRESENTATION_RELATIONSHIP_WITH_TRANSFORMATION(#5734) 
SHAPE_REPRESENTATION_RELATIONSHIP() );
#5734 = ITEM_DEFINED_TRANSFORMATION('','',#11,#35);
#5735 = PRODUCT_DEFINITION_SHAPE('Placement','Placement of an item',
  #5736);
#5736 = NEXT_ASSEMBLY_USAGE_OCCURRENCE('10','R6','',#5,#4902,$);
#5737 = CONTEXT_DEPENDENT_SHAPE_REPRESENTATION(#5738,#5740);
#5738 = ( REPRESENTATION_RELATIONSHIP('','',#4006,#10) 
REPRESENTATION_RELATIONSHIP_WITH_TRANSFORMATION(#5739) 
SHAPE_REPRESENTATION_RELATIONSHIP() );
#5739 = ITEM_DEFINED_TRANSFORMATION('','',#11,#39);
#5740 = PRODUCT_DEFINITION_SHAPE('Placement','Placement of an item',
  #5741);
#5741 = NEXT_ASSEMBLY_USAGE_OCCURRENCE('11','C20','',#5,#4001,$);
#5742 = SHAPE_DEFINITION_REPRESENTATION(#5743,#5749);
#5743 = PRODUCT_DEFINITION_SHAPE('','',#5744);
#5744 = PRODUCT_DEFINITION('design','',#5745,#5748);
#5745 = PRODUCT_DEFINITION_FORMATION('','',#5746);
#5746 = PRODUCT('C_0805_2012Metric','C_0805_2012Metric','',(#5747));
#5747 = PRODUCT_CONTEXT('',#2,'mechanical');
#5748 = PRODUCT_DEFINITION_CONTEXT('part definition',#2,'design');
#5749 = SHAPE_REPRESENTATION('',(#11,#5750),#5754);
#5750 = AXIS2_PLACEMENT_3D('',#5751,#5752,#5753);
#5751 = CARTESIAN_POINT('',(0.,0.,0.));
#5752 = DIRECTION('',(0.,0.,1.));
#5753 = DIRECTION('',(1.,0.,-0.));
#5754 = ( GEOMETRIC_REPRESENTATION_CONTEXT(3) 
GLOBAL_UNCERTAINTY_ASSIGNED_CONTEXT((#5758)) 
GLOBAL_UNIT_ASSIGNED_CONTEXT((#5755,#5756,#5757)) REPRESENTATION_CONTEXT
('Context #1','3D Context with UNIT and UNCERTAINTY') );
#5755 = ( LENGTH_UNIT() NAMED_UNIT(*) SI_UNIT(.MILLI.,.METRE.) );
#5756 = ( NAMED_UNIT(*) PLANE_ANGLE_UNIT() SI_UNIT($,.RADIAN.) );
#5757 = ( NAMED_UNIT(*) SI_UNIT($,.STERADIAN.) SOLID_ANGLE_UNIT() );
#5758 = UNCERTAINTY_MEASURE_WITH_UNIT(LENGTH_MEASURE(1.E-07),#5755,
  'distance_accuracy_value','confusion accuracy');
#5759 = CONTEXT_DEPENDENT_SHAPE_REPRESENTATION(#5760,#5762);
#5760 = ( REPRESENTATION_RELATIONSHIP('','',#5749,#10) 
REPRESENTATION_RELATIONSHIP_WITH_TRANSFORMATION(#5761) 
SHAPE_REPRESENTATION_RELATIONSHIP() );
#5761 = ITEM_DEFINED_TRANSFORMATION('','',#11,#43);
#5762 = PRODUCT_DEFINITION_SHAPE('Placement','Placement of an item',
  #5763);
#5763 = NEXT_ASSEMBLY_USAGE_OCCURRENCE('13','C3','',#5,#5744,$);
#5764 = PRODUCT_RELATED_PRODUCT_CATEGORY('part',$,(#5746));
#5765 = SHAPE_DEFINITION_REPRESENTATION(#5766,#5772);
#5766 = PRODUCT_DEFINITION_SHAPE('','',#5767);
#5767 = PRODUCT_DEFINITION('design','',#5768,#5771);
#5768 = PRODUCT_DEFINITION_FORMATION('','',#5769);
#5769 = PRODUCT('C_0805_2012Metric','C_0805_2012Metric','',(#5770));
#5770 = PRODUCT_CONTEXT('',#2,'mechanical');
#5771 = PRODUCT_DEFINITION_CONTEXT('part definition',#2,'design');
#5772 = ADVANCED_BREP_SHAPE_REPRESENTATION('',(#11,#5773),#6627);
#5773 = MANIFOLD_SOLID_BREP('',#5774);
#5774 = CLOSED_SHELL('',(#5775,#5851,#5882,#5907,#5932,#5956,#5980,#6005
    ,#6030,#6047,#6133,#6165,#6189,#6214,#6238,#6263,#6287,#6312,#6329,
    #6415,#6446,#6471,#6496,#6520,#6544,#6569,#6594,#6611));
#5775 = ADVANCED_FACE('',(#5776),#5846,.F.);
#5776 = FACE_BOUND('',#5777,.F.);
#5777 = EDGE_LOOP('',(#5778,#5788,#5797,#5805,#5814,#5822,#5831,#5839));
#5778 = ORIENTED_EDGE('',*,*,#5779,.F.);
#5779 = EDGE_CURVE('',#5780,#5782,#5784,.T.);
#5780 = VERTEX_POINT('',#5781);
#5781 = CARTESIAN_POINT('',(-1.,-0.625,4.E-02));
#5782 = VERTEX_POINT('',#5783);
#5783 = CARTESIAN_POINT('',(-1.,-0.625,1.21));
#5784 = LINE('',#5785,#5786);
#5785 = CARTESIAN_POINT('',(-1.,-0.625,0.));
#5786 = VECTOR('',#5787,1.);
#5787 = DIRECTION('',(0.,0.,1.));
#5788 = ORIENTED_EDGE('',*,*,#5789,.T.);
#5789 = EDGE_CURVE('',#5780,#5790,#5792,.T.);
#5790 = VERTEX_POINT('',#5791);
#5791 = CARTESIAN_POINT('',(-1.,-0.585,0.));
#5792 = CIRCLE('',#5793,4.E-02);
#5793 = AXIS2_PLACEMENT_3D('',#5794,#5795,#5796);
#5794 = CARTESIAN_POINT('',(-1.,-0.585,4.E-02));
#5795 = DIRECTION('',(1.,0.,-0.));
#5796 = DIRECTION('',(0.,0.,1.));
#5797 = ORIENTED_EDGE('',*,*,#5798,.T.);
#5798 = EDGE_CURVE('',#5790,#5799,#5801,.T.);
#5799 = VERTEX_POINT('',#5800);
#5800 = CARTESIAN_POINT('',(-1.,0.585,0.));
#5801 = LINE('',#5802,#5803);
#5802 = CARTESIAN_POINT('',(-1.,-0.625,0.));
#5803 = VECTOR('',#5804,1.);
#5804 = DIRECTION('',(0.,1.,0.));
#5805 = ORIENTED_EDGE('',*,*,#5806,.F.);
#5806 = EDGE_CURVE('',#5807,#5799,#5809,.T.);
#5807 = VERTEX_POINT('',#5808);
#5808 = CARTESIAN_POINT('',(-1.,0.625,4.E-02));
#5809 = CIRCLE('',#5810,4.E-02);
#5810 = AXIS2_PLACEMENT_3D('',#5811,#5812,#5813);
#5811 = CARTESIAN_POINT('',(-1.,0.585,4.E-02));
#5812 = DIRECTION('',(-1.,0.,0.));
#5813 = DIRECTION('',(0.,0.,1.));
#5814 = ORIENTED_EDGE('',*,*,#5815,.T.);
#5815 = EDGE_CURVE('',#5807,#5816,#5818,.T.);
#5816 = VERTEX_POINT('',#5817);
#5817 = CARTESIAN_POINT('',(-1.,0.625,1.21));
#5818 = LINE('',#5819,#5820);
#5819 = CARTESIAN_POINT('',(-1.,0.625,0.));
#5820 = VECTOR('',#5821,1.);
#5821 = DIRECTION('',(0.,0.,1.));
#5822 = ORIENTED_EDGE('',*,*,#5823,.T.);
#5823 = EDGE_CURVE('',#5816,#5824,#5826,.T.);
#5824 = VERTEX_POINT('',#5825);
#5825 = CARTESIAN_POINT('',(-1.,0.585,1.25));
#5826 = CIRCLE('',#5827,4.E-02);
#5827 = AXIS2_PLACEMENT_3D('',#5828,#5829,#5830);
#5828 = CARTESIAN_POINT('',(-1.,0.585,1.21));
#5829 = DIRECTION('',(1.,0.,-0.));
#5830 = DIRECTION('',(0.,0.,1.));
#5831 = ORIENTED_EDGE('',*,*,#5832,.F.);
#5832 = EDGE_CURVE('',#5833,#5824,#5835,.T.);
#5833 = VERTEX_POINT('',#5834);
#5834 = CARTESIAN_POINT('',(-1.,-0.585,1.25));
#5835 = LINE('',#5836,#5837);
#5836 = CARTESIAN_POINT('',(-1.,-0.625,1.25));
#5837 = VECTOR('',#5838,1.);
#5838 = DIRECTION('',(0.,1.,0.));
#5839 = ORIENTED_EDGE('',*,*,#5840,.F.);
#5840 = EDGE_CURVE('',#5782,#5833,#5841,.T.);
#5841 = CIRCLE('',#5842,4.E-02);
#5842 = AXIS2_PLACEMENT_3D('',#5843,#5844,#5845);
#5843 = CARTESIAN_POINT('',(-1.,-0.585,1.21));
#5844 = DIRECTION('',(-1.,0.,0.));
#5845 = DIRECTION('',(0.,0.,1.));
#5846 = PLANE('',#5847);
#5847 = AXIS2_PLACEMENT_3D('',#5848,#5849,#5850);
#5848 = CARTESIAN_POINT('',(-1.,-0.625,0.));
#5849 = DIRECTION('',(1.,0.,0.));
#5850 = DIRECTION('',(0.,0.,1.));
#5851 = ADVANCED_FACE('',(#5852),#5877,.F.);
#5852 = FACE_BOUND('',#5853,.F.);
#5853 = EDGE_LOOP('',(#5854,#5864,#5870,#5871));
#5854 = ORIENTED_EDGE('',*,*,#5855,.F.);
#5855 = EDGE_CURVE('',#5856,#5858,#5860,.T.);
#5856 = VERTEX_POINT('',#5857);
#5857 = CARTESIAN_POINT('',(-0.6,-0.625,4.E-02));
#5858 = VERTEX_POINT('',#5859);
#5859 = CARTESIAN_POINT('',(-0.6,-0.625,1.21));
#5860 = LINE('',#5861,#5862);
#5861 = CARTESIAN_POINT('',(-0.6,-0.625,0.));
#5862 = VECTOR('',#5863,1.);
#5863 = DIRECTION('',(0.,0.,1.));
#5864 = ORIENTED_EDGE('',*,*,#5865,.F.);
#5865 = EDGE_CURVE('',#5780,#5856,#5866,.T.);
#5866 = LINE('',#5867,#5868);
#5867 = CARTESIAN_POINT('',(-1.,-0.625,4.E-02));
#5868 = VECTOR('',#5869,1.);
#5869 = DIRECTION('',(1.,0.,0.));
#5870 = ORIENTED_EDGE('',*,*,#5779,.T.);
#5871 = ORIENTED_EDGE('',*,*,#5872,.T.);
#5872 = EDGE_CURVE('',#5782,#5858,#5873,.T.);
#5873 = LINE('',#5874,#5875);
#5874 = CARTESIAN_POINT('',(-1.,-0.625,1.21));
#5875 = VECTOR('',#5876,1.);
#5876 = DIRECTION('',(1.,0.,0.));
#5877 = PLANE('',#5878);
#5878 = AXIS2_PLACEMENT_3D('',#5879,#5880,#5881);
#5879 = CARTESIAN_POINT('',(-1.,-0.625,0.));
#5880 = DIRECTION('',(0.,1.,0.));
#5881 = DIRECTION('',(0.,-0.,1.));
#5882 = ADVANCED_FACE('',(#5883),#5902,.T.);
#5883 = FACE_BOUND('',#5884,.T.);
#5884 = EDGE_LOOP('',(#5885,#5886,#5894,#5901));
#5885 = ORIENTED_EDGE('',*,*,#5789,.T.);
#5886 = ORIENTED_EDGE('',*,*,#5887,.T.);
#5887 = EDGE_CURVE('',#5790,#5888,#5890,.T.);
#5888 = VERTEX_POINT('',#5889);
#5889 = CARTESIAN_POINT('',(-0.6,-0.585,0.));
#5890 = LINE('',#5891,#5892);
#5891 = CARTESIAN_POINT('',(-1.,-0.585,0.));
#5892 = VECTOR('',#5893,1.);
#5893 = DIRECTION('',(1.,0.,0.));
#5894 = ORIENTED_EDGE('',*,*,#5895,.F.);
#5895 = EDGE_CURVE('',#5856,#5888,#5896,.T.);
#5896 = CIRCLE('',#5897,4.E-02);
#5897 = AXIS2_PLACEMENT_3D('',#5898,#5899,#5900);
#5898 = CARTESIAN_POINT('',(-0.6,-0.585,4.E-02));
#5899 = DIRECTION('',(1.,0.,-0.));
#5900 = DIRECTION('',(0.,0.,1.));
#5901 = ORIENTED_EDGE('',*,*,#5865,.F.);
#5902 = CYLINDRICAL_SURFACE('',#5903,4.E-02);
#5903 = AXIS2_PLACEMENT_3D('',#5904,#5905,#5906);
#5904 = CARTESIAN_POINT('',(-1.,-0.585,4.E-02));
#5905 = DIRECTION('',(1.,0.,0.));
#5906 = DIRECTION('',(0.,-1.,0.));
#5907 = ADVANCED_FACE('',(#5908),#5927,.T.);
#5908 = FACE_BOUND('',#5909,.T.);
#5909 = EDGE_LOOP('',(#5910,#5911,#5920,#5926));
#5910 = ORIENTED_EDGE('',*,*,#5872,.T.);
#5911 = ORIENTED_EDGE('',*,*,#5912,.T.);
#5912 = EDGE_CURVE('',#5858,#5913,#5915,.T.);
#5913 = VERTEX_POINT('',#5914);
#5914 = CARTESIAN_POINT('',(-0.6,-0.585,1.25));
#5915 = CIRCLE('',#5916,4.E-02);
#5916 = AXIS2_PLACEMENT_3D('',#5917,#5918,#5919);
#5917 = CARTESIAN_POINT('',(-0.6,-0.585,1.21));
#5918 = DIRECTION('',(-1.,0.,0.));
#5919 = DIRECTION('',(0.,0.,1.));
#5920 = ORIENTED_EDGE('',*,*,#5921,.F.);
#5921 = EDGE_CURVE('',#5833,#5913,#5922,.T.);
#5922 = LINE('',#5923,#5924);
#5923 = CARTESIAN_POINT('',(-1.,-0.585,1.25));
#5924 = VECTOR('',#5925,1.);
#5925 = DIRECTION('',(1.,0.,0.));
#5926 = ORIENTED_EDGE('',*,*,#5840,.F.);
#5927 = CYLINDRICAL_SURFACE('',#5928,4.E-02);
#5928 = AXIS2_PLACEMENT_3D('',#5929,#5930,#5931);
#5929 = CARTESIAN_POINT('',(-1.,-0.585,1.21));
#5930 = DIRECTION('',(1.,0.,0.));
#5931 = DIRECTION('',(0.,-1.,0.));
#5932 = ADVANCED_FACE('',(#5933),#5951,.F.);
#5933 = FACE_BOUND('',#5934,.F.);
#5934 = EDGE_LOOP('',(#5935,#5936,#5937,#5945));
#5935 = ORIENTED_EDGE('',*,*,#5798,.F.);
#5936 = ORIENTED_EDGE('',*,*,#5887,.T.);
#5937 = ORIENTED_EDGE('',*,*,#5938,.T.);
#5938 = EDGE_CURVE('',#5888,#5939,#5941,.T.);
#5939 = VERTEX_POINT('',#5940);
#5940 = CARTESIAN_POINT('',(-0.6,0.585,0.));
#5941 = LINE('',#5942,#5943);
#5942 = CARTESIAN_POINT('',(-0.6,-0.625,0.));
#5943 = VECTOR('',#5944,1.);
#5944 = DIRECTION('',(0.,1.,0.));
#5945 = ORIENTED_EDGE('',*,*,#5946,.F.);
#5946 = EDGE_CURVE('',#5799,#5939,#5947,.T.);
#5947 = LINE('',#5948,#5949);
#5948 = CARTESIAN_POINT('',(-1.,0.585,0.));
#5949 = VECTOR('',#5950,1.);
#5950 = DIRECTION('',(1.,0.,0.));
#5951 = PLANE('',#5952);
#5952 = AXIS2_PLACEMENT_3D('',#5953,#5954,#5955);
#5953 = CARTESIAN_POINT('',(-1.,-0.625,0.));
#5954 = DIRECTION('',(0.,0.,1.));
#5955 = DIRECTION('',(1.,0.,-0.));
#5956 = ADVANCED_FACE('',(#5957),#5975,.T.);
#5957 = FACE_BOUND('',#5958,.T.);
#5958 = EDGE_LOOP('',(#5959,#5960,#5961,#5969));
#5959 = ORIENTED_EDGE('',*,*,#5832,.F.);
#5960 = ORIENTED_EDGE('',*,*,#5921,.T.);
#5961 = ORIENTED_EDGE('',*,*,#5962,.T.);
#5962 = EDGE_CURVE('',#5913,#5963,#5965,.T.);
#5963 = VERTEX_POINT('',#5964);
#5964 = CARTESIAN_POINT('',(-0.6,0.585,1.25));
#5965 = LINE('',#5966,#5967);
#5966 = CARTESIAN_POINT('',(-0.6,-0.625,1.25));
#5967 = VECTOR('',#5968,1.);
#5968 = DIRECTION('',(0.,1.,0.));
#5969 = ORIENTED_EDGE('',*,*,#5970,.F.);
#5970 = EDGE_CURVE('',#5824,#5963,#5971,.T.);
#5971 = LINE('',#5972,#5973);
#5972 = CARTESIAN_POINT('',(-1.,0.585,1.25));
#5973 = VECTOR('',#5974,1.);
#5974 = DIRECTION('',(1.,0.,0.));
#5975 = PLANE('',#5976);
#5976 = AXIS2_PLACEMENT_3D('',#5977,#5978,#5979);
#5977 = CARTESIAN_POINT('',(-1.,-0.625,1.25));
#5978 = DIRECTION('',(0.,0.,1.));
#5979 = DIRECTION('',(1.,0.,-0.));
#5980 = ADVANCED_FACE('',(#5981),#6000,.T.);
#5981 = FACE_BOUND('',#5982,.T.);
#5982 = EDGE_LOOP('',(#5983,#5991,#5998,#5999));
#5983 = ORIENTED_EDGE('',*,*,#5984,.T.);
#5984 = EDGE_CURVE('',#5807,#5985,#5987,.T.);
#5985 = VERTEX_POINT('',#5986);
#5986 = CARTESIAN_POINT('',(-0.6,0.625,4.E-02));
#5987 = LINE('',#5988,#5989);
#5988 = CARTESIAN_POINT('',(-1.,0.625,4.E-02));
#5989 = VECTOR('',#5990,1.);
#5990 = DIRECTION('',(1.,0.,0.));
#5991 = ORIENTED_EDGE('',*,*,#5992,.T.);
#5992 = EDGE_CURVE('',#5985,#5939,#5993,.T.);
#5993 = CIRCLE('',#5994,4.E-02);
#5994 = AXIS2_PLACEMENT_3D('',#5995,#5996,#5997);
#5995 = CARTESIAN_POINT('',(-0.6,0.585,4.E-02));
#5996 = DIRECTION('',(-1.,0.,0.));
#5997 = DIRECTION('',(0.,0.,1.));
#5998 = ORIENTED_EDGE('',*,*,#5946,.F.);
#5999 = ORIENTED_EDGE('',*,*,#5806,.F.);
#6000 = CYLINDRICAL_SURFACE('',#6001,4.E-02);
#6001 = AXIS2_PLACEMENT_3D('',#6002,#6003,#6004);
#6002 = CARTESIAN_POINT('',(-1.,0.585,4.E-02));
#6003 = DIRECTION('',(1.,0.,0.));
#6004 = DIRECTION('',(-0.,1.,0.));
#6005 = ADVANCED_FACE('',(#6006),#6025,.T.);
#6006 = FACE_BOUND('',#6007,.T.);
#6007 = EDGE_LOOP('',(#6008,#6009,#6010,#6019));
#6008 = ORIENTED_EDGE('',*,*,#5823,.T.);
#6009 = ORIENTED_EDGE('',*,*,#5970,.T.);
#6010 = ORIENTED_EDGE('',*,*,#6011,.F.);
#6011 = EDGE_CURVE('',#6012,#5963,#6014,.T.);
#6012 = VERTEX_POINT('',#6013);
#6013 = CARTESIAN_POINT('',(-0.6,0.625,1.21));
#6014 = CIRCLE('',#6015,4.E-02);
#6015 = AXIS2_PLACEMENT_3D('',#6016,#6017,#6018);
#6016 = CARTESIAN_POINT('',(-0.6,0.585,1.21));
#6017 = DIRECTION('',(1.,0.,-0.));
#6018 = DIRECTION('',(0.,0.,1.));
#6019 = ORIENTED_EDGE('',*,*,#6020,.F.);
#6020 = EDGE_CURVE('',#5816,#6012,#6021,.T.);
#6021 = LINE('',#6022,#6023);
#6022 = CARTESIAN_POINT('',(-1.,0.625,1.21));
#6023 = VECTOR('',#6024,1.);
#6024 = DIRECTION('',(1.,0.,0.));
#6025 = CYLINDRICAL_SURFACE('',#6026,4.E-02);
#6026 = AXIS2_PLACEMENT_3D('',#6027,#6028,#6029);
#6027 = CARTESIAN_POINT('',(-1.,0.585,1.21));
#6028 = DIRECTION('',(1.,0.,0.));
#6029 = DIRECTION('',(-0.,1.,0.));
#6030 = ADVANCED_FACE('',(#6031),#6042,.T.);
#6031 = FACE_BOUND('',#6032,.T.);
#6032 = EDGE_LOOP('',(#6033,#6039,#6040,#6041));
#6033 = ORIENTED_EDGE('',*,*,#6034,.F.);
#6034 = EDGE_CURVE('',#5985,#6012,#6035,.T.);
#6035 = LINE('',#6036,#6037);
#6036 = CARTESIAN_POINT('',(-0.6,0.625,0.));
#6037 = VECTOR('',#6038,1.);
#6038 = DIRECTION('',(0.,0.,1.));
#6039 = ORIENTED_EDGE('',*,*,#5984,.F.);
#6040 = ORIENTED_EDGE('',*,*,#5815,.T.);
#6041 = ORIENTED_EDGE('',*,*,#6020,.T.);
#6042 = PLANE('',#6043);
#6043 = AXIS2_PLACEMENT_3D('',#6044,#6045,#6046);
#6044 = CARTESIAN_POINT('',(-1.,0.625,0.));
#6045 = DIRECTION('',(0.,1.,0.));
#6046 = DIRECTION('',(0.,-0.,1.));
#6047 = ADVANCED_FACE('',(#6048,#6058),#6128,.T.);
#6048 = FACE_BOUND('',#6049,.T.);
#6049 = EDGE_LOOP('',(#6050,#6051,#6052,#6053,#6054,#6055,#6056,#6057));
#6050 = ORIENTED_EDGE('',*,*,#5855,.F.);
#6051 = ORIENTED_EDGE('',*,*,#5895,.T.);
#6052 = ORIENTED_EDGE('',*,*,#5938,.T.);
#6053 = ORIENTED_EDGE('',*,*,#5992,.F.);
#6054 = ORIENTED_EDGE('',*,*,#6034,.T.);
#6055 = ORIENTED_EDGE('',*,*,#6011,.T.);
#6056 = ORIENTED_EDGE('',*,*,#5962,.F.);
#6057 = ORIENTED_EDGE('',*,*,#5912,.F.);
#6058 = FACE_BOUND('',#6059,.T.);
#6059 = EDGE_LOOP('',(#6060,#6071,#6079,#6088,#6096,#6105,#6113,#6122));
#6060 = ORIENTED_EDGE('',*,*,#6061,.F.);
#6061 = EDGE_CURVE('',#6062,#6064,#6066,.T.);
#6062 = VERTEX_POINT('',#6063);
#6063 = CARTESIAN_POINT('',(-0.6,-0.585,8.E-02));
#6064 = VERTEX_POINT('',#6065);
#6065 = CARTESIAN_POINT('',(-0.6,-0.545,4.E-02));
#6066 = CIRCLE('',#6067,4.E-02);
#6067 = AXIS2_PLACEMENT_3D('',#6068,#6069,#6070);
#6068 = CARTESIAN_POINT('',(-0.6,-0.545,8.E-02));
#6069 = DIRECTION('',(1.,0.,-0.));
#6070 = DIRECTION('',(0.,0.,1.));
#6071 = ORIENTED_EDGE('',*,*,#6072,.T.);
#6072 = EDGE_CURVE('',#6062,#6073,#6075,.T.);
#6073 = VERTEX_POINT('',#6074);
#6074 = CARTESIAN_POINT('',(-0.6,-0.585,1.17));
#6075 = LINE('',#6076,#6077);
#6076 = CARTESIAN_POINT('',(-0.6,-0.585,4.E-02));
#6077 = VECTOR('',#6078,1.);
#6078 = DIRECTION('',(0.,0.,1.));
#6079 = ORIENTED_EDGE('',*,*,#6080,.T.);
#6080 = EDGE_CURVE('',#6073,#6081,#6083,.T.);
#6081 = VERTEX_POINT('',#6082);
#6082 = CARTESIAN_POINT('',(-0.6,-0.545,1.21));
#6083 = CIRCLE('',#6084,4.E-02);
#6084 = AXIS2_PLACEMENT_3D('',#6085,#6086,#6087);
#6085 = CARTESIAN_POINT('',(-0.6,-0.545,1.17));
#6086 = DIRECTION('',(-1.,0.,0.));
#6087 = DIRECTION('',(0.,0.,1.));
#6088 = ORIENTED_EDGE('',*,*,#6089,.T.);
#6089 = EDGE_CURVE('',#6081,#6090,#6092,.T.);
#6090 = VERTEX_POINT('',#6091);
#6091 = CARTESIAN_POINT('',(-0.6,0.545,1.21));
#6092 = LINE('',#6093,#6094);
#6093 = CARTESIAN_POINT('',(-0.6,-0.585,1.21));
#6094 = VECTOR('',#6095,1.);
#6095 = DIRECTION('',(0.,1.,0.));
#6096 = ORIENTED_EDGE('',*,*,#6097,.F.);
#6097 = EDGE_CURVE('',#6098,#6090,#6100,.T.);
#6098 = VERTEX_POINT('',#6099);
#6099 = CARTESIAN_POINT('',(-0.6,0.585,1.17));
#6100 = CIRCLE('',#6101,4.E-02);
#6101 = AXIS2_PLACEMENT_3D('',#6102,#6103,#6104);
#6102 = CARTESIAN_POINT('',(-0.6,0.545,1.17));
#6103 = DIRECTION('',(1.,0.,-0.));
#6104 = DIRECTION('',(0.,0.,1.));
#6105 = ORIENTED_EDGE('',*,*,#6106,.F.);
#6106 = EDGE_CURVE('',#6107,#6098,#6109,.T.);
#6107 = VERTEX_POINT('',#6108);
#6108 = CARTESIAN_POINT('',(-0.6,0.585,8.E-02));
#6109 = LINE('',#6110,#6111);
#6110 = CARTESIAN_POINT('',(-0.6,0.585,4.E-02));
#6111 = VECTOR('',#6112,1.);
#6112 = DIRECTION('',(0.,0.,1.));
#6113 = ORIENTED_EDGE('',*,*,#6114,.T.);
#6114 = EDGE_CURVE('',#6107,#6115,#6117,.T.);
#6115 = VERTEX_POINT('',#6116);
#6116 = CARTESIAN_POINT('',(-0.6,0.545,4.E-02));
#6117 = CIRCLE('',#6118,4.E-02);
#6118 = AXIS2_PLACEMENT_3D('',#6119,#6120,#6121);
#6119 = CARTESIAN_POINT('',(-0.6,0.545,8.E-02));
#6120 = DIRECTION('',(-1.,0.,0.));
#6121 = DIRECTION('',(0.,0.,1.));
#6122 = ORIENTED_EDGE('',*,*,#6123,.F.);
#6123 = EDGE_CURVE('',#6064,#6115,#6124,.T.);
#6124 = LINE('',#6125,#6126);
#6125 = CARTESIAN_POINT('',(-0.6,-0.585,4.E-02));
#6126 = VECTOR('',#6127,1.);
#6127 = DIRECTION('',(0.,1.,0.));
#6128 = PLANE('',#6129);
#6129 = AXIS2_PLACEMENT_3D('',#6130,#6131,#6132);
#6130 = CARTESIAN_POINT('',(-0.6,-0.625,0.));
#6131 = DIRECTION('',(1.,0.,0.));
#6132 = DIRECTION('',(0.,0.,1.));
#6133 = ADVANCED_FACE('',(#6134),#6160,.T.);
#6134 = FACE_BOUND('',#6135,.T.);
#6135 = EDGE_LOOP('',(#6136,#6137,#6145,#6154));
#6136 = ORIENTED_EDGE('',*,*,#6061,.T.);
#6137 = ORIENTED_EDGE('',*,*,#6138,.T.);
#6138 = EDGE_CURVE('',#6064,#6139,#6141,.T.);
#6139 = VERTEX_POINT('',#6140);
#6140 = CARTESIAN_POINT('',(0.6,-0.545,4.E-02));
#6141 = LINE('',#6142,#6143);
#6142 = CARTESIAN_POINT('',(-0.6,-0.545,4.E-02));
#6143 = VECTOR('',#6144,1.);
#6144 = DIRECTION('',(1.,0.,0.));
#6145 = ORIENTED_EDGE('',*,*,#6146,.F.);
#6146 = EDGE_CURVE('',#6147,#6139,#6149,.T.);
#6147 = VERTEX_POINT('',#6148);
#6148 = CARTESIAN_POINT('',(0.6,-0.585,8.E-02));
#6149 = CIRCLE('',#6150,4.E-02);
#6150 = AXIS2_PLACEMENT_3D('',#6151,#6152,#6153);
#6151 = CARTESIAN_POINT('',(0.6,-0.545,8.E-02));
#6152 = DIRECTION('',(1.,0.,-0.));
#6153 = DIRECTION('',(0.,0.,1.));
#6154 = ORIENTED_EDGE('',*,*,#6155,.F.);
#6155 = EDGE_CURVE('',#6062,#6147,#6156,.T.);
#6156 = LINE('',#6157,#6158);
#6157 = CARTESIAN_POINT('',(-0.6,-0.585,8.E-02));
#6158 = VECTOR('',#6159,1.);
#6159 = DIRECTION('',(1.,0.,0.));
#6160 = CYLINDRICAL_SURFACE('',#6161,4.E-02);
#6161 = AXIS2_PLACEMENT_3D('',#6162,#6163,#6164);
#6162 = CARTESIAN_POINT('',(-0.6,-0.545,8.E-02));
#6163 = DIRECTION('',(1.,0.,0.));
#6164 = DIRECTION('',(0.,-1.,0.));
#6165 = ADVANCED_FACE('',(#6166),#6184,.F.);
#6166 = FACE_BOUND('',#6167,.F.);
#6167 = EDGE_LOOP('',(#6168,#6169,#6170,#6178));
#6168 = ORIENTED_EDGE('',*,*,#6123,.F.);
#6169 = ORIENTED_EDGE('',*,*,#6138,.T.);
#6170 = ORIENTED_EDGE('',*,*,#6171,.T.);
#6171 = EDGE_CURVE('',#6139,#6172,#6174,.T.);
#6172 = VERTEX_POINT('',#6173);
#6173 = CARTESIAN_POINT('',(0.6,0.545,4.E-02));
#6174 = LINE('',#6175,#6176);
#6175 = CARTESIAN_POINT('',(0.6,-0.585,4.E-02));
#6176 = VECTOR('',#6177,1.);
#6177 = DIRECTION('',(0.,1.,0.));
#6178 = ORIENTED_EDGE('',*,*,#6179,.F.);
#6179 = EDGE_CURVE('',#6115,#6172,#6180,.T.);
#6180 = LINE('',#6181,#6182);
#6181 = CARTESIAN_POINT('',(-0.6,0.545,4.E-02));
#6182 = VECTOR('',#6183,1.);
#6183 = DIRECTION('',(1.,0.,0.));
#6184 = PLANE('',#6185);
#6185 = AXIS2_PLACEMENT_3D('',#6186,#6187,#6188);
#6186 = CARTESIAN_POINT('',(-0.6,-0.585,4.E-02));
#6187 = DIRECTION('',(0.,0.,1.));
#6188 = DIRECTION('',(1.,0.,-0.));
#6189 = ADVANCED_FACE('',(#6190),#6209,.T.);
#6190 = FACE_BOUND('',#6191,.T.);
#6191 = EDGE_LOOP('',(#6192,#6200,#6207,#6208));
#6192 = ORIENTED_EDGE('',*,*,#6193,.T.);
#6193 = EDGE_CURVE('',#6107,#6194,#6196,.T.);
#6194 = VERTEX_POINT('',#6195);
#6195 = CARTESIAN_POINT('',(0.6,0.585,8.E-02));
#6196 = LINE('',#6197,#6198);
#6197 = CARTESIAN_POINT('',(-0.6,0.585,8.E-02));
#6198 = VECTOR('',#6199,1.);
#6199 = DIRECTION('',(1.,0.,0.));
#6200 = ORIENTED_EDGE('',*,*,#6201,.T.);
#6201 = EDGE_CURVE('',#6194,#6172,#6202,.T.);
#6202 = CIRCLE('',#6203,4.E-02);
#6203 = AXIS2_PLACEMENT_3D('',#6204,#6205,#6206);
#6204 = CARTESIAN_POINT('',(0.6,0.545,8.E-02));
#6205 = DIRECTION('',(-1.,0.,0.));
#6206 = DIRECTION('',(0.,0.,1.));
#6207 = ORIENTED_EDGE('',*,*,#6179,.F.);
#6208 = ORIENTED_EDGE('',*,*,#6114,.F.);
#6209 = CYLINDRICAL_SURFACE('',#6210,4.E-02);
#6210 = AXIS2_PLACEMENT_3D('',#6211,#6212,#6213);
#6211 = CARTESIAN_POINT('',(-0.6,0.545,8.E-02));
#6212 = DIRECTION('',(1.,0.,0.));
#6213 = DIRECTION('',(-0.,1.,0.));
#6214 = ADVANCED_FACE('',(#6215),#6233,.T.);
#6215 = FACE_BOUND('',#6216,.T.);
#6216 = EDGE_LOOP('',(#6217,#6225,#6226,#6227));
#6217 = ORIENTED_EDGE('',*,*,#6218,.F.);
#6218 = EDGE_CURVE('',#6194,#6219,#6221,.T.);
#6219 = VERTEX_POINT('',#6220);
#6220 = CARTESIAN_POINT('',(0.6,0.585,1.17));
#6221 = LINE('',#6222,#6223);
#6222 = CARTESIAN_POINT('',(0.6,0.585,4.E-02));
#6223 = VECTOR('',#6224,1.);
#6224 = DIRECTION('',(0.,0.,1.));
#6225 = ORIENTED_EDGE('',*,*,#6193,.F.);
#6226 = ORIENTED_EDGE('',*,*,#6106,.T.);
#6227 = ORIENTED_EDGE('',*,*,#6228,.T.);
#6228 = EDGE_CURVE('',#6098,#6219,#6229,.T.);
#6229 = LINE('',#6230,#6231);
#6230 = CARTESIAN_POINT('',(-0.6,0.585,1.17));
#6231 = VECTOR('',#6232,1.);
#6232 = DIRECTION('',(1.,0.,0.));
#6233 = PLANE('',#6234);
#6234 = AXIS2_PLACEMENT_3D('',#6235,#6236,#6237);
#6235 = CARTESIAN_POINT('',(-0.6,0.585,4.E-02));
#6236 = DIRECTION('',(0.,1.,0.));
#6237 = DIRECTION('',(0.,-0.,1.));
#6238 = ADVANCED_FACE('',(#6239),#6258,.T.);
#6239 = FACE_BOUND('',#6240,.T.);
#6240 = EDGE_LOOP('',(#6241,#6242,#6250,#6257));
#6241 = ORIENTED_EDGE('',*,*,#6097,.T.);
#6242 = ORIENTED_EDGE('',*,*,#6243,.T.);
#6243 = EDGE_CURVE('',#6090,#6244,#6246,.T.);
#6244 = VERTEX_POINT('',#6245);
#6245 = CARTESIAN_POINT('',(0.6,0.545,1.21));
#6246 = LINE('',#6247,#6248);
#6247 = CARTESIAN_POINT('',(-0.6,0.545,1.21));
#6248 = VECTOR('',#6249,1.);
#6249 = DIRECTION('',(1.,0.,0.));
#6250 = ORIENTED_EDGE('',*,*,#6251,.F.);
#6251 = EDGE_CURVE('',#6219,#6244,#6252,.T.);
#6252 = CIRCLE('',#6253,4.E-02);
#6253 = AXIS2_PLACEMENT_3D('',#6254,#6255,#6256);
#6254 = CARTESIAN_POINT('',(0.6,0.545,1.17));
#6255 = DIRECTION('',(1.,0.,-0.));
#6256 = DIRECTION('',(0.,0.,1.));
#6257 = ORIENTED_EDGE('',*,*,#6228,.F.);
#6258 = CYLINDRICAL_SURFACE('',#6259,4.E-02);
#6259 = AXIS2_PLACEMENT_3D('',#6260,#6261,#6262);
#6260 = CARTESIAN_POINT('',(-0.6,0.545,1.17));
#6261 = DIRECTION('',(1.,0.,0.));
#6262 = DIRECTION('',(-0.,1.,0.));
#6263 = ADVANCED_FACE('',(#6264),#6282,.T.);
#6264 = FACE_BOUND('',#6265,.T.);
#6265 = EDGE_LOOP('',(#6266,#6267,#6275,#6281));
#6266 = ORIENTED_EDGE('',*,*,#6089,.F.);
#6267 = ORIENTED_EDGE('',*,*,#6268,.T.);
#6268 = EDGE_CURVE('',#6081,#6269,#6271,.T.);
#6269 = VERTEX_POINT('',#6270);
#6270 = CARTESIAN_POINT('',(0.6,-0.545,1.21));
#6271 = LINE('',#6272,#6273);
#6272 = CARTESIAN_POINT('',(-0.6,-0.545,1.21));
#6273 = VECTOR('',#6274,1.);
#6274 = DIRECTION('',(1.,0.,0.));
#6275 = ORIENTED_EDGE('',*,*,#6276,.T.);
#6276 = EDGE_CURVE('',#6269,#6244,#6277,.T.);
#6277 = LINE('',#6278,#6279);
#6278 = CARTESIAN_POINT('',(0.6,-0.585,1.21));
#6279 = VECTOR('',#6280,1.);
#6280 = DIRECTION('',(0.,1.,0.));
#6281 = ORIENTED_EDGE('',*,*,#6243,.F.);
#6282 = PLANE('',#6283);
#6283 = AXIS2_PLACEMENT_3D('',#6284,#6285,#6286);
#6284 = CARTESIAN_POINT('',(-0.6,-0.585,1.21));
#6285 = DIRECTION('',(0.,0.,1.));
#6286 = DIRECTION('',(1.,0.,-0.));
#6287 = ADVANCED_FACE('',(#6288),#6307,.T.);
#6288 = FACE_BOUND('',#6289,.T.);
#6289 = EDGE_LOOP('',(#6290,#6298,#6305,#6306));
#6290 = ORIENTED_EDGE('',*,*,#6291,.T.);
#6291 = EDGE_CURVE('',#6073,#6292,#6294,.T.);
#6292 = VERTEX_POINT('',#6293);
#6293 = CARTESIAN_POINT('',(0.6,-0.585,1.17));
#6294 = LINE('',#6295,#6296);
#6295 = CARTESIAN_POINT('',(-0.6,-0.585,1.17));
#6296 = VECTOR('',#6297,1.);
#6297 = DIRECTION('',(1.,0.,0.));
#6298 = ORIENTED_EDGE('',*,*,#6299,.T.);
#6299 = EDGE_CURVE('',#6292,#6269,#6300,.T.);
#6300 = CIRCLE('',#6301,4.E-02);
#6301 = AXIS2_PLACEMENT_3D('',#6302,#6303,#6304);
#6302 = CARTESIAN_POINT('',(0.6,-0.545,1.17));
#6303 = DIRECTION('',(-1.,0.,0.));
#6304 = DIRECTION('',(0.,0.,1.));
#6305 = ORIENTED_EDGE('',*,*,#6268,.F.);
#6306 = ORIENTED_EDGE('',*,*,#6080,.F.);
#6307 = CYLINDRICAL_SURFACE('',#6308,4.E-02);
#6308 = AXIS2_PLACEMENT_3D('',#6309,#6310,#6311);
#6309 = CARTESIAN_POINT('',(-0.6,-0.545,1.17));
#6310 = DIRECTION('',(1.,0.,0.));
#6311 = DIRECTION('',(0.,-1.,0.));
#6312 = ADVANCED_FACE('',(#6313),#6324,.F.);
#6313 = FACE_BOUND('',#6314,.F.);
#6314 = EDGE_LOOP('',(#6315,#6321,#6322,#6323));
#6315 = ORIENTED_EDGE('',*,*,#6316,.F.);
#6316 = EDGE_CURVE('',#6147,#6292,#6317,.T.);
#6317 = LINE('',#6318,#6319);
#6318 = CARTESIAN_POINT('',(0.6,-0.585,4.E-02));
#6319 = VECTOR('',#6320,1.);
#6320 = DIRECTION('',(0.,0.,1.));
#6321 = ORIENTED_EDGE('',*,*,#6155,.F.);
#6322 = ORIENTED_EDGE('',*,*,#6072,.T.);
#6323 = ORIENTED_EDGE('',*,*,#6291,.T.);
#6324 = PLANE('',#6325);
#6325 = AXIS2_PLACEMENT_3D('',#6326,#6327,#6328);
#6326 = CARTESIAN_POINT('',(-0.6,-0.585,4.E-02));
#6327 = DIRECTION('',(0.,1.,0.));
#6328 = DIRECTION('',(0.,-0.,1.));
#6329 = ADVANCED_FACE('',(#6330,#6400),#6410,.F.);
#6330 = FACE_BOUND('',#6331,.F.);
#6331 = EDGE_LOOP('',(#6332,#6342,#6351,#6359,#6368,#6376,#6385,#6393));
#6332 = ORIENTED_EDGE('',*,*,#6333,.F.);
#6333 = EDGE_CURVE('',#6334,#6336,#6338,.T.);
#6334 = VERTEX_POINT('',#6335);
#6335 = CARTESIAN_POINT('',(0.6,-0.625,4.E-02));
#6336 = VERTEX_POINT('',#6337);
#6337 = CARTESIAN_POINT('',(0.6,-0.625,1.21));
#6338 = LINE('',#6339,#6340);
#6339 = CARTESIAN_POINT('',(0.6,-0.625,0.));
#6340 = VECTOR('',#6341,1.);
#6341 = DIRECTION('',(0.,0.,1.));
#6342 = ORIENTED_EDGE('',*,*,#6343,.T.);
#6343 = EDGE_CURVE('',#6334,#6344,#6346,.T.);
#6344 = VERTEX_POINT('',#6345);
#6345 = CARTESIAN_POINT('',(0.6,-0.585,0.));
#6346 = CIRCLE('',#6347,4.E-02);
#6347 = AXIS2_PLACEMENT_3D('',#6348,#6349,#6350);
#6348 = CARTESIAN_POINT('',(0.6,-0.585,4.E-02));
#6349 = DIRECTION('',(1.,0.,-0.));
#6350 = DIRECTION('',(0.,0.,1.));
#6351 = ORIENTED_EDGE('',*,*,#6352,.T.);
#6352 = EDGE_CURVE('',#6344,#6353,#6355,.T.);
#6353 = VERTEX_POINT('',#6354);
#6354 = CARTESIAN_POINT('',(0.6,0.585,0.));
#6355 = LINE('',#6356,#6357);
#6356 = CARTESIAN_POINT('',(0.6,-0.625,0.));
#6357 = VECTOR('',#6358,1.);
#6358 = DIRECTION('',(0.,1.,0.));
#6359 = ORIENTED_EDGE('',*,*,#6360,.F.);
#6360 = EDGE_CURVE('',#6361,#6353,#6363,.T.);
#6361 = VERTEX_POINT('',#6362);
#6362 = CARTESIAN_POINT('',(0.6,0.625,4.E-02));
#6363 = CIRCLE('',#6364,4.E-02);
#6364 = AXIS2_PLACEMENT_3D('',#6365,#6366,#6367);
#6365 = CARTESIAN_POINT('',(0.6,0.585,4.E-02));
#6366 = DIRECTION('',(-1.,0.,0.));
#6367 = DIRECTION('',(0.,0.,1.));
#6368 = ORIENTED_EDGE('',*,*,#6369,.T.);
#6369 = EDGE_CURVE('',#6361,#6370,#6372,.T.);
#6370 = VERTEX_POINT('',#6371);
#6371 = CARTESIAN_POINT('',(0.6,0.625,1.21));
#6372 = LINE('',#6373,#6374);
#6373 = CARTESIAN_POINT('',(0.6,0.625,0.));
#6374 = VECTOR('',#6375,1.);
#6375 = DIRECTION('',(0.,0.,1.));
#6376 = ORIENTED_EDGE('',*,*,#6377,.T.);
#6377 = EDGE_CURVE('',#6370,#6378,#6380,.T.);
#6378 = VERTEX_POINT('',#6379);
#6379 = CARTESIAN_POINT('',(0.6,0.585,1.25));
#6380 = CIRCLE('',#6381,4.E-02);
#6381 = AXIS2_PLACEMENT_3D('',#6382,#6383,#6384);
#6382 = CARTESIAN_POINT('',(0.6,0.585,1.21));
#6383 = DIRECTION('',(1.,0.,-0.));
#6384 = DIRECTION('',(0.,0.,1.));
#6385 = ORIENTED_EDGE('',*,*,#6386,.F.);
#6386 = EDGE_CURVE('',#6387,#6378,#6389,.T.);
#6387 = VERTEX_POINT('',#6388);
#6388 = CARTESIAN_POINT('',(0.6,-0.585,1.25));
#6389 = LINE('',#6390,#6391);
#6390 = CARTESIAN_POINT('',(0.6,-0.625,1.25));
#6391 = VECTOR('',#6392,1.);
#6392 = DIRECTION('',(0.,1.,0.));
#6393 = ORIENTED_EDGE('',*,*,#6394,.F.);
#6394 = EDGE_CURVE('',#6336,#6387,#6395,.T.);
#6395 = CIRCLE('',#6396,4.E-02);
#6396 = AXIS2_PLACEMENT_3D('',#6397,#6398,#6399);
#6397 = CARTESIAN_POINT('',(0.6,-0.585,1.21));
#6398 = DIRECTION('',(-1.,0.,0.));
#6399 = DIRECTION('',(0.,0.,1.));
#6400 = FACE_BOUND('',#6401,.F.);
#6401 = EDGE_LOOP('',(#6402,#6403,#6404,#6405,#6406,#6407,#6408,#6409));
#6402 = ORIENTED_EDGE('',*,*,#6146,.F.);
#6403 = ORIENTED_EDGE('',*,*,#6316,.T.);
#6404 = ORIENTED_EDGE('',*,*,#6299,.T.);
#6405 = ORIENTED_EDGE('',*,*,#6276,.T.);
#6406 = ORIENTED_EDGE('',*,*,#6251,.F.);
#6407 = ORIENTED_EDGE('',*,*,#6218,.F.);
#6408 = ORIENTED_EDGE('',*,*,#6201,.T.);
#6409 = ORIENTED_EDGE('',*,*,#6171,.F.);
#6410 = PLANE('',#6411);
#6411 = AXIS2_PLACEMENT_3D('',#6412,#6413,#6414);
#6412 = CARTESIAN_POINT('',(0.6,-0.625,0.));
#6413 = DIRECTION('',(1.,0.,0.));
#6414 = DIRECTION('',(0.,0.,1.));
#6415 = ADVANCED_FACE('',(#6416),#6441,.F.);
#6416 = FACE_BOUND('',#6417,.F.);
#6417 = EDGE_LOOP('',(#6418,#6428,#6434,#6435));
#6418 = ORIENTED_EDGE('',*,*,#6419,.F.);
#6419 = EDGE_CURVE('',#6420,#6422,#6424,.T.);
#6420 = VERTEX_POINT('',#6421);
#6421 = CARTESIAN_POINT('',(1.,-0.625,4.E-02));
#6422 = VERTEX_POINT('',#6423);
#6423 = CARTESIAN_POINT('',(1.,-0.625,1.21));
#6424 = LINE('',#6425,#6426);
#6425 = CARTESIAN_POINT('',(1.,-0.625,0.));
#6426 = VECTOR('',#6427,1.);
#6427 = DIRECTION('',(0.,0.,1.));
#6428 = ORIENTED_EDGE('',*,*,#6429,.F.);
#6429 = EDGE_CURVE('',#6334,#6420,#6430,.T.);
#6430 = LINE('',#6431,#6432);
#6431 = CARTESIAN_POINT('',(0.6,-0.625,4.E-02));
#6432 = VECTOR('',#6433,1.);
#6433 = DIRECTION('',(1.,0.,0.));
#6434 = ORIENTED_EDGE('',*,*,#6333,.T.);
#6435 = ORIENTED_EDGE('',*,*,#6436,.T.);
#6436 = EDGE_CURVE('',#6336,#6422,#6437,.T.);
#6437 = LINE('',#6438,#6439);
#6438 = CARTESIAN_POINT('',(0.6,-0.625,1.21));
#6439 = VECTOR('',#6440,1.);
#6440 = DIRECTION('',(1.,0.,0.));
#6441 = PLANE('',#6442);
#6442 = AXIS2_PLACEMENT_3D('',#6443,#6444,#6445);
#6443 = CARTESIAN_POINT('',(0.6,-0.625,0.));
#6444 = DIRECTION('',(0.,1.,0.));
#6445 = DIRECTION('',(0.,-0.,1.));
#6446 = ADVANCED_FACE('',(#6447),#6466,.T.);
#6447 = FACE_BOUND('',#6448,.T.);
#6448 = EDGE_LOOP('',(#6449,#6450,#6458,#6465));
#6449 = ORIENTED_EDGE('',*,*,#6343,.T.);
#6450 = ORIENTED_EDGE('',*,*,#6451,.T.);
#6451 = EDGE_CURVE('',#6344,#6452,#6454,.T.);
#6452 = VERTEX_POINT('',#6453);
#6453 = CARTESIAN_POINT('',(1.,-0.585,0.));
#6454 = LINE('',#6455,#6456);
#6455 = CARTESIAN_POINT('',(0.6,-0.585,0.));
#6456 = VECTOR('',#6457,1.);
#6457 = DIRECTION('',(1.,0.,0.));
#6458 = ORIENTED_EDGE('',*,*,#6459,.F.);
#6459 = EDGE_CURVE('',#6420,#6452,#6460,.T.);
#6460 = CIRCLE('',#6461,4.E-02);
#6461 = AXIS2_PLACEMENT_3D('',#6462,#6463,#6464);
#6462 = CARTESIAN_POINT('',(1.,-0.585,4.E-02));
#6463 = DIRECTION('',(1.,0.,-0.));
#6464 = DIRECTION('',(0.,0.,1.));
#6465 = ORIENTED_EDGE('',*,*,#6429,.F.);
#6466 = CYLINDRICAL_SURFACE('',#6467,4.E-02);
#6467 = AXIS2_PLACEMENT_3D('',#6468,#6469,#6470);
#6468 = CARTESIAN_POINT('',(0.6,-0.585,4.E-02));
#6469 = DIRECTION('',(1.,0.,0.));
#6470 = DIRECTION('',(0.,-1.,0.));
#6471 = ADVANCED_FACE('',(#6472),#6491,.T.);
#6472 = FACE_BOUND('',#6473,.T.);
#6473 = EDGE_LOOP('',(#6474,#6475,#6484,#6490));
#6474 = ORIENTED_EDGE('',*,*,#6436,.T.);
#6475 = ORIENTED_EDGE('',*,*,#6476,.T.);
#6476 = EDGE_CURVE('',#6422,#6477,#6479,.T.);
#6477 = VERTEX_POINT('',#6478);
#6478 = CARTESIAN_POINT('',(1.,-0.585,1.25));
#6479 = CIRCLE('',#6480,4.E-02);
#6480 = AXIS2_PLACEMENT_3D('',#6481,#6482,#6483);
#6481 = CARTESIAN_POINT('',(1.,-0.585,1.21));
#6482 = DIRECTION('',(-1.,0.,0.));
#6483 = DIRECTION('',(0.,0.,1.));
#6484 = ORIENTED_EDGE('',*,*,#6485,.F.);
#6485 = EDGE_CURVE('',#6387,#6477,#6486,.T.);
#6486 = LINE('',#6487,#6488);
#6487 = CARTESIAN_POINT('',(0.6,-0.585,1.25));
#6488 = VECTOR('',#6489,1.);
#6489 = DIRECTION('',(1.,0.,0.));
#6490 = ORIENTED_EDGE('',*,*,#6394,.F.);
#6491 = CYLINDRICAL_SURFACE('',#6492,4.E-02);
#6492 = AXIS2_PLACEMENT_3D('',#6493,#6494,#6495);
#6493 = CARTESIAN_POINT('',(0.6,-0.585,1.21));
#6494 = DIRECTION('',(1.,0.,0.));
#6495 = DIRECTION('',(0.,-1.,0.));
#6496 = ADVANCED_FACE('',(#6497),#6515,.F.);
#6497 = FACE_BOUND('',#6498,.F.);
#6498 = EDGE_LOOP('',(#6499,#6500,#6501,#6509));
#6499 = ORIENTED_EDGE('',*,*,#6352,.F.);
#6500 = ORIENTED_EDGE('',*,*,#6451,.T.);
#6501 = ORIENTED_EDGE('',*,*,#6502,.T.);
#6502 = EDGE_CURVE('',#6452,#6503,#6505,.T.);
#6503 = VERTEX_POINT('',#6504);
#6504 = CARTESIAN_POINT('',(1.,0.585,0.));
#6505 = LINE('',#6506,#6507);
#6506 = CARTESIAN_POINT('',(1.,-0.625,0.));
#6507 = VECTOR('',#6508,1.);
#6508 = DIRECTION('',(0.,1.,0.));
#6509 = ORIENTED_EDGE('',*,*,#6510,.F.);
#6510 = EDGE_CURVE('',#6353,#6503,#6511,.T.);
#6511 = LINE('',#6512,#6513);
#6512 = CARTESIAN_POINT('',(0.6,0.585,0.));
#6513 = VECTOR('',#6514,1.);
#6514 = DIRECTION('',(1.,0.,0.));
#6515 = PLANE('',#6516);
#6516 = AXIS2_PLACEMENT_3D('',#6517,#6518,#6519);
#6517 = CARTESIAN_POINT('',(0.6,-0.625,0.));
#6518 = DIRECTION('',(0.,0.,1.));
#6519 = DIRECTION('',(1.,0.,-0.));
#6520 = ADVANCED_FACE('',(#6521),#6539,.T.);
#6521 = FACE_BOUND('',#6522,.T.);
#6522 = EDGE_LOOP('',(#6523,#6524,#6525,#6533));
#6523 = ORIENTED_EDGE('',*,*,#6386,.F.);
#6524 = ORIENTED_EDGE('',*,*,#6485,.T.);
#6525 = ORIENTED_EDGE('',*,*,#6526,.T.);
#6526 = EDGE_CURVE('',#6477,#6527,#6529,.T.);
#6527 = VERTEX_POINT('',#6528);
#6528 = CARTESIAN_POINT('',(1.,0.585,1.25));
#6529 = LINE('',#6530,#6531);
#6530 = CARTESIAN_POINT('',(1.,-0.625,1.25));
#6531 = VECTOR('',#6532,1.);
#6532 = DIRECTION('',(0.,1.,0.));
#6533 = ORIENTED_EDGE('',*,*,#6534,.F.);
#6534 = EDGE_CURVE('',#6378,#6527,#6535,.T.);
#6535 = LINE('',#6536,#6537);
#6536 = CARTESIAN_POINT('',(0.6,0.585,1.25));
#6537 = VECTOR('',#6538,1.);
#6538 = DIRECTION('',(1.,0.,0.));
#6539 = PLANE('',#6540);
#6540 = AXIS2_PLACEMENT_3D('',#6541,#6542,#6543);
#6541 = CARTESIAN_POINT('',(0.6,-0.625,1.25));
#6542 = DIRECTION('',(0.,0.,1.));
#6543 = DIRECTION('',(1.,0.,-0.));
#6544 = ADVANCED_FACE('',(#6545),#6564,.T.);
#6545 = FACE_BOUND('',#6546,.T.);
#6546 = EDGE_LOOP('',(#6547,#6555,#6562,#6563));
#6547 = ORIENTED_EDGE('',*,*,#6548,.T.);
#6548 = EDGE_CURVE('',#6361,#6549,#6551,.T.);
#6549 = VERTEX_POINT('',#6550);
#6550 = CARTESIAN_POINT('',(1.,0.625,4.E-02));
#6551 = LINE('',#6552,#6553);
#6552 = CARTESIAN_POINT('',(0.6,0.625,4.E-02));
#6553 = VECTOR('',#6554,1.);
#6554 = DIRECTION('',(1.,0.,0.));
#6555 = ORIENTED_EDGE('',*,*,#6556,.T.);
#6556 = EDGE_CURVE('',#6549,#6503,#6557,.T.);
#6557 = CIRCLE('',#6558,4.E-02);
#6558 = AXIS2_PLACEMENT_3D('',#6559,#6560,#6561);
#6559 = CARTESIAN_POINT('',(1.,0.585,4.E-02));
#6560 = DIRECTION('',(-1.,0.,0.));
#6561 = DIRECTION('',(0.,0.,1.));
#6562 = ORIENTED_EDGE('',*,*,#6510,.F.);
#6563 = ORIENTED_EDGE('',*,*,#6360,.F.);
#6564 = CYLINDRICAL_SURFACE('',#6565,4.E-02);
#6565 = AXIS2_PLACEMENT_3D('',#6566,#6567,#6568);
#6566 = CARTESIAN_POINT('',(0.6,0.585,4.E-02));
#6567 = DIRECTION('',(1.,0.,0.));
#6568 = DIRECTION('',(-0.,1.,0.));
#6569 = ADVANCED_FACE('',(#6570),#6589,.T.);
#6570 = FACE_BOUND('',#6571,.T.);
#6571 = EDGE_LOOP('',(#6572,#6573,#6574,#6583));
#6572 = ORIENTED_EDGE('',*,*,#6377,.T.);
#6573 = ORIENTED_EDGE('',*,*,#6534,.T.);
#6574 = ORIENTED_EDGE('',*,*,#6575,.F.);
#6575 = EDGE_CURVE('',#6576,#6527,#6578,.T.);
#6576 = VERTEX_POINT('',#6577);
#6577 = CARTESIAN_POINT('',(1.,0.625,1.21));
#6578 = CIRCLE('',#6579,4.E-02);
#6579 = AXIS2_PLACEMENT_3D('',#6580,#6581,#6582);
#6580 = CARTESIAN_POINT('',(1.,0.585,1.21));
#6581 = DIRECTION('',(1.,0.,-0.));
#6582 = DIRECTION('',(0.,0.,1.));
#6583 = ORIENTED_EDGE('',*,*,#6584,.F.);
#6584 = EDGE_CURVE('',#6370,#6576,#6585,.T.);
#6585 = LINE('',#6586,#6587);
#6586 = CARTESIAN_POINT('',(0.6,0.625,1.21));
#6587 = VECTOR('',#6588,1.);
#6588 = DIRECTION('',(1.,0.,0.));
#6589 = CYLINDRICAL_SURFACE('',#6590,4.E-02);
#6590 = AXIS2_PLACEMENT_3D('',#6591,#6592,#6593);
#6591 = CARTESIAN_POINT('',(0.6,0.585,1.21));
#6592 = DIRECTION('',(1.,0.,0.));
#6593 = DIRECTION('',(-0.,1.,0.));
#6594 = ADVANCED_FACE('',(#6595),#6606,.T.);
#6595 = FACE_BOUND('',#6596,.T.);
#6596 = EDGE_LOOP('',(#6597,#6603,#6604,#6605));
#6597 = ORIENTED_EDGE('',*,*,#6598,.F.);
#6598 = EDGE_CURVE('',#6549,#6576,#6599,.T.);
#6599 = LINE('',#6600,#6601);
#6600 = CARTESIAN_POINT('',(1.,0.625,0.));
#6601 = VECTOR('',#6602,1.);
#6602 = DIRECTION('',(0.,0.,1.));
#6603 = ORIENTED_EDGE('',*,*,#6548,.F.);
#6604 = ORIENTED_EDGE('',*,*,#6369,.T.);
#6605 = ORIENTED_EDGE('',*,*,#6584,.T.);
#6606 = PLANE('',#6607);
#6607 = AXIS2_PLACEMENT_3D('',#6608,#6609,#6610);
#6608 = CARTESIAN_POINT('',(0.6,0.625,0.));
#6609 = DIRECTION('',(0.,1.,0.));
#6610 = DIRECTION('',(0.,-0.,1.));
#6611 = ADVANCED_FACE('',(#6612),#6622,.T.);
#6612 = FACE_BOUND('',#6613,.T.);
#6613 = EDGE_LOOP('',(#6614,#6615,#6616,#6617,#6618,#6619,#6620,#6621));
#6614 = ORIENTED_EDGE('',*,*,#6419,.F.);
#6615 = ORIENTED_EDGE('',*,*,#6459,.T.);
#6616 = ORIENTED_EDGE('',*,*,#6502,.T.);
#6617 = ORIENTED_EDGE('',*,*,#6556,.F.);
#6618 = ORIENTED_EDGE('',*,*,#6598,.T.);
#6619 = ORIENTED_EDGE('',*,*,#6575,.T.);
#6620 = ORIENTED_EDGE('',*,*,#6526,.F.);
#6621 = ORIENTED_EDGE('',*,*,#6476,.F.);
#6622 = PLANE('',#6623);
#6623 = AXIS2_PLACEMENT_3D('',#6624,#6625,#6626);
#6624 = CARTESIAN_POINT('',(1.,-0.625,0.));
#6625 = DIRECTION('',(1.,0.,0.));
#6626 = DIRECTION('',(0.,0.,1.));
#6627 = ( GEOMETRIC_REPRESENTATION_CONTEXT(3) 
GLOBAL_UNCERTAINTY_ASSIGNED_CONTEXT((#6631)) 
GLOBAL_UNIT_ASSIGNED_CONTEXT((#6628,#6629,#6630)) REPRESENTATION_CONTEXT
('Context #1','3D Context with UNIT and UNCERTAINTY') );
#6628 = ( LENGTH_UNIT() NAMED_UNIT(*) SI_UNIT(.MILLI.,.METRE.) );
#6629 = ( NAMED_UNIT(*) PLANE_ANGLE_UNIT() SI_UNIT($,.RADIAN.) );
#6630 = ( NAMED_UNIT(*) SI_UNIT($,.STERADIAN.) SOLID_ANGLE_UNIT() );
#6631 = UNCERTAINTY_MEASURE_WITH_UNIT(LENGTH_MEASURE(1.E-07),#6628,
  'distance_accuracy_value','confusion accuracy');
#6632 = CONTEXT_DEPENDENT_SHAPE_REPRESENTATION(#6633,#6635);
#6633 = ( REPRESENTATION_RELATIONSHIP('','',#5772,#5749) 
REPRESENTATION_RELATIONSHIP_WITH_TRANSFORMATION(#6634) 
SHAPE_REPRESENTATION_RELATIONSHIP() );
#6634 = ITEM_DEFINED_TRANSFORMATION('','',#11,#5750);
#6635 = PRODUCT_DEFINITION_SHAPE('Placement','Placement of an item',
  #6636);
#6636 = NEXT_ASSEMBLY_USAGE_OCCURRENCE('12','=>[0:1:1:11]','',#5744,
  #5767,$);
#6637 = PRODUCT_RELATED_PRODUCT_CATEGORY('part',$,(#5769));
#6638 = CONTEXT_DEPENDENT_SHAPE_REPRESENTATION(#6639,#6641);
#6639 = ( REPRESENTATION_RELATIONSHIP('','',#4006,#10) 
REPRESENTATION_RELATIONSHIP_WITH_TRANSFORMATION(#6640) 
SHAPE_REPRESENTATION_RELATIONSHIP() );
#6640 = ITEM_DEFINED_TRANSFORMATION('','',#11,#47);
#6641 = PRODUCT_DEFINITION_SHAPE('Placement','Placement of an item',
  #6642);
#6642 = NEXT_ASSEMBLY_USAGE_OCCURRENCE('14','C11','',#5,#4001,$);
#6643 = CONTEXT_DEPENDENT_SHAPE_REPRESENTATION(#6644,#6646);
#6644 = ( REPRESENTATION_RELATIONSHIP('','',#4907,#10) 
REPRESENTATION_RELATIONSHIP_WITH_TRANSFORMATION(#6645) 
SHAPE_REPRESENTATION_RELATIONSHIP() );
#6645 = ITEM_DEFINED_TRANSFORMATION('','',#11,#51);
#6646 = PRODUCT_DEFINITION_SHAPE('Placement','Placement of an item',
  #6647);
#6647 = NEXT_ASSEMBLY_USAGE_OCCURRENCE('15','R4','',#5,#4902,$);
#6648 = CONTEXT_DEPENDENT_SHAPE_REPRESENTATION(#6649,#6651);
#6649 = ( REPRESENTATION_RELATIONSHIP('','',#4006,#10) 
REPRESENTATION_RELATIONSHIP_WITH_TRANSFORMATION(#6650) 
SHAPE_REPRESENTATION_RELATIONSHIP() );
#6650 = ITEM_DEFINED_TRANSFORMATION('','',#11,#55);
#6651 = PRODUCT_DEFINITION_SHAPE('Placement','Placement of an item',
  #6652);
#6652 = NEXT_ASSEMBLY_USAGE_OCCURRENCE('16','C8','',#5,#4001,$);
#6653 = CONTEXT_DEPENDENT_SHAPE_REPRESENTATION(#6654,#6656);
#6654 = ( REPRESENTATION_RELATIONSHIP('','',#176,#10) 
REPRESENTATION_RELATIONSHIP_WITH_TRANSFORMATION(#6655) 
SHAPE_REPRESENTATION_RELATIONSHIP() );
#6655 = ITEM_DEFINED_TRANSFORMATION('','',#11,#59);
#6656 = PRODUCT_DEFINITION_SHAPE('Placement','Placement of an item',
  #6657);
#6657 = NEXT_ASSEMBLY_USAGE_OCCURRENCE('17','C15','',#5,#171,$);
#6658 = CONTEXT_DEPENDENT_SHAPE_REPRESENTATION(#6659,#6661);
#6659 = ( REPRESENTATION_RELATIONSHIP('','',#4006,#10) 
REPRESENTATION_RELATIONSHIP_WITH_TRANSFORMATION(#6660) 
SHAPE_REPRESENTATION_RELATIONSHIP() );
#6660 = ITEM_DEFINED_TRANSFORMATION('','',#11,#63);
#6661 = PRODUCT_DEFINITION_SHAPE('Placement','Placement of an item',
  #6662);
#6662 = NEXT_ASSEMBLY_USAGE_OCCURRENCE('18','T1','',#5,#4001,$);
#6663 = CONTEXT_DEPENDENT_SHAPE_REPRESENTATION(#6664,#6666);
#6664 = ( REPRESENTATION_RELATIONSHIP('','',#4006,#10) 
REPRESENTATION_RELATIONSHIP_WITH_TRANSFORMATION(#6665) 
SHAPE_REPRESENTATION_RELATIONSHIP() );
#6665 = ITEM_DEFINED_TRANSFORMATION('','',#11,#67);
#6666 = PRODUCT_DEFINITION_SHAPE('Placement','Placement of an item',
  #6667);
#6667 = NEXT_ASSEMBLY_USAGE_OCCURRENCE('19','C13','',#5,#4001,$);
#6668 = CONTEXT_DEPENDENT_SHAPE_REPRESENTATION(#6669,#6671);
#6669 = ( REPRESENTATION_RELATIONSHIP('','',#4006,#10) 
REPRESENTATION_RELATIONSHIP_WITH_TRANSFORMATION(#6670) 
SHAPE_REPRESENTATION_RELATIONSHIP() );
#6670 = ITEM_DEFINED_TRANSFORMATION('','',#11,#71);
#6671 = PRODUCT_DEFINITION_SHAPE('Placement','Placement of an item',
  #6672);
#6672 = NEXT_ASSEMBLY_USAGE_OCCURRENCE('20','C12','',#5,#4001,$);
#6673 = CONTEXT_DEPENDENT_SHAPE_REPRESENTATION(#6674,#6676);
#6674 = ( REPRESENTATION_RELATIONSHIP('','',#4006,#10) 
REPRESENTATION_RELATIONSHIP_WITH_TRANSFORMATION(#6675) 
SHAPE_REPRESENTATION_RELATIONSHIP() );
#6675 = ITEM_DEFINED_TRANSFORMATION('','',#11,#75);
#6676 = PRODUCT_DEFINITION_SHAPE('Placement','Placement of an item',
  #6677);
#6677 = NEXT_ASSEMBLY_USAGE_OCCURRENCE('21','C23','',#5,#4001,$);
#6678 = CONTEXT_DEPENDENT_SHAPE_REPRESENTATION(#6679,#6681);
#6679 = ( REPRESENTATION_RELATIONSHIP('','',#4006,#10) 
REPRESENTATION_RELATIONSHIP_WITH_TRANSFORMATION(#6680) 
SHAPE_REPRESENTATION_RELATIONSHIP() );
#6680 = ITEM_DEFINED_TRANSFORMATION('','',#11,#79);
#6681 = PRODUCT_DEFINITION_SHAPE('Placement','Placement of an item',
  #6682);
#6682 = NEXT_ASSEMBLY_USAGE_OCCURRENCE('22','C10','',#5,#4001,$);
#6683 = CONTEXT_DEPENDENT_SHAPE_REPRESENTATION(#6684,#6686);
#6684 = ( REPRESENTATION_RELATIONSHIP('','',#5749,#10) 
REPRESENTATION_RELATIONSHIP_WITH_TRANSFORMATION(#6685) 
SHAPE_REPRESENTATION_RELATIONSHIP() );
#6685 = ITEM_DEFINED_TRANSFORMATION('','',#11,#83);
#6686 = PRODUCT_DEFINITION_SHAPE('Placement','Placement of an item',
  #6687);
#6687 = NEXT_ASSEMBLY_USAGE_OCCURRENCE('23','C1','',#5,#5744,$);
#6688 = CONTEXT_DEPENDENT_SHAPE_REPRESENTATION(#6689,#6691);
#6689 = ( REPRESENTATION_RELATIONSHIP('','',#4006,#10) 
REPRESENTATION_RELATIONSHIP_WITH_TRANSFORMATION(#6690) 
SHAPE_REPRESENTATION_RELATIONSHIP() );
#6690 = ITEM_DEFINED_TRANSFORMATION('','',#11,#87);
#6691 = PRODUCT_DEFINITION_SHAPE('Placement','Placement of an item',
  #6692);
#6692 = NEXT_ASSEMBLY_USAGE_OCCURRENCE('24','C21','',#5,#4001,$);
#6693 = CONTEXT_DEPENDENT_SHAPE_REPRESENTATION(#6694,#6696);
#6694 = ( REPRESENTATION_RELATIONSHIP('','',#4907,#10) 
REPRESENTATION_RELATIONSHIP_WITH_TRANSFORMATION(#6695) 
SHAPE_REPRESENTATION_RELATIONSHIP() );
#6695 = ITEM_DEFINED_TRANSFORMATION('','',#11,#91);
#6696 = PRODUCT_DEFINITION_SHAPE('Placement','Placement of an item',
  #6697);
#6697 = NEXT_ASSEMBLY_USAGE_OCCURRENCE('25','R1','',#5,#4902,$);
#6698 = CONTEXT_DEPENDENT_SHAPE_REPRESENTATION(#6699,#6701);
#6699 = ( REPRESENTATION_RELATIONSHIP('','',#4006,#10) 
REPRESENTATION_RELATIONSHIP_WITH_TRANSFORMATION(#6700) 
SHAPE_REPRESENTATION_RELATIONSHIP() );
#6700 = ITEM_DEFINED_TRANSFORMATION('','',#11,#95);
#6701 = PRODUCT_DEFINITION_SHAPE('Placement','Placement of an item',
  #6702);
#6702 = NEXT_ASSEMBLY_USAGE_OCCURRENCE('26','C6','',#5,#4001,$);
#6703 = CONTEXT_DEPENDENT_SHAPE_REPRESENTATION(#6704,#6706);
#6704 = ( REPRESENTATION_RELATIONSHIP('','',#4006,#10) 
REPRESENTATION_RELATIONSHIP_WITH_TRANSFORMATION(#6705) 
SHAPE_REPRESENTATION_RELATIONSHIP() );
#6705 = ITEM_DEFINED_TRANSFORMATION('','',#11,#99);
#6706 = PRODUCT_DEFINITION_SHAPE('Placement','Placement of an item',
  #6707);
#6707 = NEXT_ASSEMBLY_USAGE_OCCURRENCE('27','C5','',#5,#4001,$);
#6708 = CONTEXT_DEPENDENT_SHAPE_REPRESENTATION(#6709,#6711);
#6709 = ( REPRESENTATION_RELATIONSHIP('','',#5749,#10) 
REPRESENTATION_RELATIONSHIP_WITH_TRANSFORMATION(#6710) 
SHAPE_REPRESENTATION_RELATIONSHIP() );
#6710 = ITEM_DEFINED_TRANSFORMATION('','',#11,#103);
#6711 = PRODUCT_DEFINITION_SHAPE('Placement','Placement of an item',
  #6712);
#6712 = NEXT_ASSEMBLY_USAGE_OCCURRENCE('28','C2','',#5,#5744,$);
#6713 = SHAPE_DEFINITION_REPRESENTATION(#6714,#6720);
#6714 = PRODUCT_DEFINITION_SHAPE('','',#6715);
#6715 = PRODUCT_DEFINITION('design','',#6716,#6719);
#6716 = PRODUCT_DEFINITION_FORMATION('','',#6717);
#6717 = PRODUCT('PinHeader_1x02_P2.54mm_Vertical',
  'PinHeader_1x02_P2.54mm_Vertical','',(#6718));
#6718 = PRODUCT_CONTEXT('',#2,'mechanical');
#6719 = PRODUCT_DEFINITION_CONTEXT('part definition',#2,'design');
#6720 = SHAPE_REPRESENTATION('',(#11,#6721),#6725);
#6721 = AXIS2_PLACEMENT_3D('',#6722,#6723,#6724);
#6722 = CARTESIAN_POINT('',(0.,0.,0.));
#6723 = DIRECTION('',(0.,0.,1.));
#6724 = DIRECTION('',(1.,0.,-0.));
#6725 = ( GEOMETRIC_REPRESENTATION_CONTEXT(3) 
GLOBAL_UNCERTAINTY_ASSIGNED_CONTEXT((#6729)) 
GLOBAL_UNIT_ASSIGNED_CONTEXT((#6726,#6727,#6728)) REPRESENTATION_CONTEXT
('Context #1','3D Context with UNIT and UNCERTAINTY') );
#6726 = ( LENGTH_UNIT() NAMED_UNIT(*) SI_UNIT(.MILLI.,.METRE.) );
#6727 = ( NAMED_UNIT(*) PLANE_ANGLE_UNIT() SI_UNIT($,.RADIAN.) );
#6728 = ( NAMED_UNIT(*) SI_UNIT($,.STERADIAN.) SOLID_ANGLE_UNIT() );
#6729 = UNCERTAINTY_MEASURE_WITH_UNIT(LENGTH_MEASURE(1.E-07),#6726,
  'distance_accuracy_value','confusion accuracy');
#6730 = CONTEXT_DEPENDENT_SHAPE_REPRESENTATION(#6731,#6733);
#6731 = ( REPRESENTATION_RELATIONSHIP('','',#6720,#10) 
REPRESENTATION_RELATIONSHIP_WITH_TRANSFORMATION(#6732) 
SHAPE_REPRESENTATION_RELATIONSHIP() );
#6732 = ITEM_DEFINED_TRANSFORMATION('','',#11,#107);
#6733 = PRODUCT_DEFINITION_SHAPE('Placement','Placement of an item',
  #6734);
#6734 = NEXT_ASSEMBLY_USAGE_OCCURRENCE('30','BT1','',#5,#6715,$);
#6735 = PRODUCT_RELATED_PRODUCT_CATEGORY('part',$,(#6717));
#6736 = SHAPE_DEFINITION_REPRESENTATION(#6737,#6743);
#6737 = PRODUCT_DEFINITION_SHAPE('','',#6738);
#6738 = PRODUCT_DEFINITION('design','',#6739,#6742);
#6739 = PRODUCT_DEFINITION_FORMATION('','',#6740);
#6740 = PRODUCT('PinHeader_1x02_P254mm_Vertical',
  'PinHeader_1x02_P254mm_Vertical','',(#6741));
#6741 = PRODUCT_CONTEXT('',#2,'mechanical');
#6742 = PRODUCT_DEFINITION_CONTEXT('part definition',#2,'design');
#6743 = ADVANCED_BREP_SHAPE_REPRESENTATION('',(#11,#6744),#8176);
#6744 = MANIFOLD_SOLID_BREP('',#6745);
#6745 = CLOSED_SHELL('',(#6746,#6786,#6817,#6848,#7013,#7178,#7195,#7212
    ,#7229,#7246,#7263,#7280,#7297,#7314,#7331,#7348,#7360,#7391,#7415,
    #7439,#7456,#7487,#7511,#7535,#7552,#7583,#7607,#7631,#7648,#7679,
    #7703,#7727,#7744,#7775,#7799,#7823,#7840,#7871,#7895,#7919,#7936,
    #7967,#7991,#8015,#8032,#8063,#8087,#8111,#8128,#8140,#8152,#8164));
#6746 = ADVANCED_FACE('',(#6747),#6781,.F.);
#6747 = FACE_BOUND('',#6748,.F.);
#6748 = EDGE_LOOP('',(#6749,#6759,#6767,#6775));
#6749 = ORIENTED_EDGE('',*,*,#6750,.T.);
#6750 = EDGE_CURVE('',#6751,#6753,#6755,.T.);
#6751 = VERTEX_POINT('',#6752);
#6752 = CARTESIAN_POINT('',(-1.016,1.27,0.));
#6753 = VERTEX_POINT('',#6754);
#6754 = CARTESIAN_POINT('',(-1.016,1.27,2.54));
#6755 = LINE('',#6756,#6757);
#6756 = CARTESIAN_POINT('',(-1.016,1.27,0.));
#6757 = VECTOR('',#6758,1.);
#6758 = DIRECTION('',(0.,0.,1.));
#6759 = ORIENTED_EDGE('',*,*,#6760,.T.);
#6760 = EDGE_CURVE('',#6753,#6761,#6763,.T.);
#6761 = VERTEX_POINT('',#6762);
#6762 = CARTESIAN_POINT('',(-1.27,1.016,2.54));
#6763 = LINE('',#6764,#6765);
#6764 = CARTESIAN_POINT('',(-1.016,1.27,2.54));
#6765 = VECTOR('',#6766,1.);
#6766 = DIRECTION('',(-0.707106781187,-0.707106781187,0.));
#6767 = ORIENTED_EDGE('',*,*,#6768,.F.);
#6768 = EDGE_CURVE('',#6769,#6761,#6771,.T.);
#6769 = VERTEX_POINT('',#6770);
#6770 = CARTESIAN_POINT('',(-1.27,1.016,0.));
#6771 = LINE('',#6772,#6773);
#6772 = CARTESIAN_POINT('',(-1.27,1.016,0.));
#6773 = VECTOR('',#6774,1.);
#6774 = DIRECTION('',(0.,0.,1.));
#6775 = ORIENTED_EDGE('',*,*,#6776,.F.);
#6776 = EDGE_CURVE('',#6751,#6769,#6777,.T.);
#6777 = LINE('',#6778,#6779);
#6778 = CARTESIAN_POINT('',(-1.016,1.27,0.));
#6779 = VECTOR('',#6780,1.);
#6780 = DIRECTION('',(-0.707106781187,-0.707106781187,0.));
#6781 = PLANE('',#6782);
#6782 = AXIS2_PLACEMENT_3D('',#6783,#6784,#6785);
#6783 = CARTESIAN_POINT('',(-1.016,1.27,0.));
#6784 = DIRECTION('',(0.707106781187,-0.707106781187,0.));
#6785 = DIRECTION('',(-0.707106781187,-0.707106781187,0.));
#6786 = ADVANCED_FACE('',(#6787),#6812,.F.);
#6787 = FACE_BOUND('',#6788,.F.);
#6788 = EDGE_LOOP('',(#6789,#6799,#6805,#6806));
#6789 = ORIENTED_EDGE('',*,*,#6790,.T.);
#6790 = EDGE_CURVE('',#6791,#6793,#6795,.T.);
#6791 = VERTEX_POINT('',#6792);
#6792 = CARTESIAN_POINT('',(1.016,1.27,0.));
#6793 = VERTEX_POINT('',#6794);
#6794 = CARTESIAN_POINT('',(1.016,1.27,2.54));
#6795 = LINE('',#6796,#6797);
#6796 = CARTESIAN_POINT('',(1.016,1.27,0.));
#6797 = VECTOR('',#6798,1.);
#6798 = DIRECTION('',(0.,0.,1.));
#6799 = ORIENTED_EDGE('',*,*,#6800,.T.);
#6800 = EDGE_CURVE('',#6793,#6753,#6801,.T.);
#6801 = LINE('',#6802,#6803);
#6802 = CARTESIAN_POINT('',(1.016,1.27,2.54));
#6803 = VECTOR('',#6804,1.);
#6804 = DIRECTION('',(-1.,0.,0.));
#6805 = ORIENTED_EDGE('',*,*,#6750,.F.);
#6806 = ORIENTED_EDGE('',*,*,#6807,.F.);
#6807 = EDGE_CURVE('',#6791,#6751,#6808,.T.);
#6808 = LINE('',#6809,#6810);
#6809 = CARTESIAN_POINT('',(1.016,1.27,0.));
#6810 = VECTOR('',#6811,1.);
#6811 = DIRECTION('',(-1.,0.,0.));
#6812 = PLANE('',#6813);
#6813 = AXIS2_PLACEMENT_3D('',#6814,#6815,#6816);
#6814 = CARTESIAN_POINT('',(1.016,1.27,0.));
#6815 = DIRECTION('',(0.,-1.,0.));
#6816 = DIRECTION('',(-1.,0.,0.));
#6817 = ADVANCED_FACE('',(#6818),#6843,.F.);
#6818 = FACE_BOUND('',#6819,.F.);
#6819 = EDGE_LOOP('',(#6820,#6821,#6829,#6837));
#6820 = ORIENTED_EDGE('',*,*,#6768,.T.);
#6821 = ORIENTED_EDGE('',*,*,#6822,.T.);
#6822 = EDGE_CURVE('',#6761,#6823,#6825,.T.);
#6823 = VERTEX_POINT('',#6824);
#6824 = CARTESIAN_POINT('',(-1.27,-1.016,2.54));
#6825 = LINE('',#6826,#6827);
#6826 = CARTESIAN_POINT('',(-1.27,1.016,2.54));
#6827 = VECTOR('',#6828,1.);
#6828 = DIRECTION('',(0.,-1.,0.));
#6829 = ORIENTED_EDGE('',*,*,#6830,.F.);
#6830 = EDGE_CURVE('',#6831,#6823,#6833,.T.);
#6831 = VERTEX_POINT('',#6832);
#6832 = CARTESIAN_POINT('',(-1.27,-1.016,0.));
#6833 = LINE('',#6834,#6835);
#6834 = CARTESIAN_POINT('',(-1.27,-1.016,0.));
#6835 = VECTOR('',#6836,1.);
#6836 = DIRECTION('',(0.,0.,1.));
#6837 = ORIENTED_EDGE('',*,*,#6838,.F.);
#6838 = EDGE_CURVE('',#6769,#6831,#6839,.T.);
#6839 = LINE('',#6840,#6841);
#6840 = CARTESIAN_POINT('',(-1.27,1.016,0.));
#6841 = VECTOR('',#6842,1.);
#6842 = DIRECTION('',(0.,-1.,0.));
#6843 = PLANE('',#6844);
#6844 = AXIS2_PLACEMENT_3D('',#6845,#6846,#6847);
#6845 = CARTESIAN_POINT('',(-1.27,1.016,0.));
#6846 = DIRECTION('',(1.,0.,0.));
#6847 = DIRECTION('',(0.,-1.,0.));
#6848 = ADVANCED_FACE('',(#6849,#6940,#6974),#7008,.F.);
#6849 = FACE_BOUND('',#6850,.F.);
#6850 = EDGE_LOOP('',(#6851,#6852,#6853,#6861,#6869,#6877,#6885,#6893,
    #6901,#6909,#6917,#6925,#6933,#6939));
#6851 = ORIENTED_EDGE('',*,*,#6776,.T.);
#6852 = ORIENTED_EDGE('',*,*,#6838,.T.);
#6853 = ORIENTED_EDGE('',*,*,#6854,.T.);
#6854 = EDGE_CURVE('',#6831,#6855,#6857,.T.);
#6855 = VERTEX_POINT('',#6856);
#6856 = CARTESIAN_POINT('',(-1.016,-1.27,0.));
#6857 = LINE('',#6858,#6859);
#6858 = CARTESIAN_POINT('',(-1.27,-1.016,0.));
#6859 = VECTOR('',#6860,1.);
#6860 = DIRECTION('',(0.707106781187,-0.707106781187,0.));
#6861 = ORIENTED_EDGE('',*,*,#6862,.T.);
#6862 = EDGE_CURVE('',#6855,#6863,#6865,.T.);
#6863 = VERTEX_POINT('',#6864);
#6864 = CARTESIAN_POINT('',(-1.27,-1.524,0.));
#6865 = LINE('',#6866,#6867);
#6866 = CARTESIAN_POINT('',(-1.016,-1.27,0.));
#6867 = VECTOR('',#6868,1.);
#6868 = DIRECTION('',(-0.707106781187,-0.707106781187,0.));
#6869 = ORIENTED_EDGE('',*,*,#6870,.T.);
#6870 = EDGE_CURVE('',#6863,#6871,#6873,.T.);
#6871 = VERTEX_POINT('',#6872);
#6872 = CARTESIAN_POINT('',(-1.27,-3.556,0.));
#6873 = LINE('',#6874,#6875);
#6874 = CARTESIAN_POINT('',(-1.27,-1.524,0.));
#6875 = VECTOR('',#6876,1.);
#6876 = DIRECTION('',(0.,-1.,0.));
#6877 = ORIENTED_EDGE('',*,*,#6878,.T.);
#6878 = EDGE_CURVE('',#6871,#6879,#6881,.T.);
#6879 = VERTEX_POINT('',#6880);
#6880 = CARTESIAN_POINT('',(-1.016,-3.81,0.));
#6881 = LINE('',#6882,#6883);
#6882 = CARTESIAN_POINT('',(-1.27,-3.556,0.));
#6883 = VECTOR('',#6884,1.);
#6884 = DIRECTION('',(0.707106781187,-0.707106781187,0.));
#6885 = ORIENTED_EDGE('',*,*,#6886,.T.);
#6886 = EDGE_CURVE('',#6879,#6887,#6889,.T.);
#6887 = VERTEX_POINT('',#6888);
#6888 = CARTESIAN_POINT('',(1.016,-3.81,0.));
#6889 = LINE('',#6890,#6891);
#6890 = CARTESIAN_POINT('',(-1.016,-3.81,0.));
#6891 = VECTOR('',#6892,1.);
#6892 = DIRECTION('',(1.,0.,0.));
#6893 = ORIENTED_EDGE('',*,*,#6894,.T.);
#6894 = EDGE_CURVE('',#6887,#6895,#6897,.T.);
#6895 = VERTEX_POINT('',#6896);
#6896 = CARTESIAN_POINT('',(1.27,-3.556,0.));
#6897 = LINE('',#6898,#6899);
#6898 = CARTESIAN_POINT('',(1.016,-3.81,0.));
#6899 = VECTOR('',#6900,1.);
#6900 = DIRECTION('',(0.707106781187,0.707106781187,0.));
#6901 = ORIENTED_EDGE('',*,*,#6902,.T.);
#6902 = EDGE_CURVE('',#6895,#6903,#6905,.T.);
#6903 = VERTEX_POINT('',#6904);
#6904 = CARTESIAN_POINT('',(1.27,-1.524,0.));
#6905 = LINE('',#6906,#6907);
#6906 = CARTESIAN_POINT('',(1.27,-3.556,0.));
#6907 = VECTOR('',#6908,1.);
#6908 = DIRECTION('',(0.,1.,0.));
#6909 = ORIENTED_EDGE('',*,*,#6910,.T.);
#6910 = EDGE_CURVE('',#6903,#6911,#6913,.T.);
#6911 = VERTEX_POINT('',#6912);
#6912 = CARTESIAN_POINT('',(1.016,-1.27,0.));
#6913 = LINE('',#6914,#6915);
#6914 = CARTESIAN_POINT('',(1.27,-1.524,0.));
#6915 = VECTOR('',#6916,1.);
#6916 = DIRECTION('',(-0.707106781187,0.707106781187,0.));
#6917 = ORIENTED_EDGE('',*,*,#6918,.T.);
#6918 = EDGE_CURVE('',#6911,#6919,#6921,.T.);
#6919 = VERTEX_POINT('',#6920);
#6920 = CARTESIAN_POINT('',(1.27,-1.016,0.));
#6921 = LINE('',#6922,#6923);
#6922 = CARTESIAN_POINT('',(1.016,-1.27,0.));
#6923 = VECTOR('',#6924,1.);
#6924 = DIRECTION('',(0.707106781187,0.707106781187,0.));
#6925 = ORIENTED_EDGE('',*,*,#6926,.T.);
#6926 = EDGE_CURVE('',#6919,#6927,#6929,.T.);
#6927 = VERTEX_POINT('',#6928);
#6928 = CARTESIAN_POINT('',(1.27,1.016,0.));
#6929 = LINE('',#6930,#6931);
#6930 = CARTESIAN_POINT('',(1.27,-1.016,0.));
#6931 = VECTOR('',#6932,1.);
#6932 = DIRECTION('',(0.,1.,0.));
#6933 = ORIENTED_EDGE('',*,*,#6934,.T.);
#6934 = EDGE_CURVE('',#6927,#6791,#6935,.T.);
#6935 = LINE('',#6936,#6937);
#6936 = CARTESIAN_POINT('',(1.27,1.016,0.));
#6937 = VECTOR('',#6938,1.);
#6938 = DIRECTION('',(-0.707106781187,0.707106781187,0.));
#6939 = ORIENTED_EDGE('',*,*,#6807,.T.);
#6940 = FACE_BOUND('',#6941,.F.);
#6941 = EDGE_LOOP('',(#6942,#6952,#6960,#6968));
#6942 = ORIENTED_EDGE('',*,*,#6943,.T.);
#6943 = EDGE_CURVE('',#6944,#6946,#6948,.T.);
#6944 = VERTEX_POINT('',#6945);
#6945 = CARTESIAN_POINT('',(0.32,-0.32,0.));
#6946 = VERTEX_POINT('',#6947);
#6947 = CARTESIAN_POINT('',(-0.32,-0.32,0.));
#6948 = LINE('',#6949,#6950);
#6949 = CARTESIAN_POINT('',(-0.16,-0.32,0.));
#6950 = VECTOR('',#6951,1.);
#6951 = DIRECTION('',(-1.,0.,0.));
#6952 = ORIENTED_EDGE('',*,*,#6953,.T.);
#6953 = EDGE_CURVE('',#6946,#6954,#6956,.T.);
#6954 = VERTEX_POINT('',#6955);
#6955 = CARTESIAN_POINT('',(-0.32,0.32,0.));
#6956 = LINE('',#6957,#6958);
#6957 = CARTESIAN_POINT('',(-0.32,-0.795,0.));
#6958 = VECTOR('',#6959,1.);
#6959 = DIRECTION('',(0.,1.,0.));
#6960 = ORIENTED_EDGE('',*,*,#6961,.F.);
#6961 = EDGE_CURVE('',#6962,#6954,#6964,.T.);
#6962 = VERTEX_POINT('',#6963);
#6963 = CARTESIAN_POINT('',(0.32,0.32,0.));
#6964 = LINE('',#6965,#6966);
#6965 = CARTESIAN_POINT('',(-0.16,0.32,0.));
#6966 = VECTOR('',#6967,1.);
#6967 = DIRECTION('',(-1.,0.,0.));
#6968 = ORIENTED_EDGE('',*,*,#6969,.F.);
#6969 = EDGE_CURVE('',#6944,#6962,#6970,.T.);
#6970 = LINE('',#6971,#6972);
#6971 = CARTESIAN_POINT('',(0.32,-0.795,0.));
#6972 = VECTOR('',#6973,1.);
#6973 = DIRECTION('',(0.,1.,0.));
#6974 = FACE_BOUND('',#6975,.F.);
#6975 = EDGE_LOOP('',(#6976,#6986,#6994,#7002));
#6976 = ORIENTED_EDGE('',*,*,#6977,.T.);
#6977 = EDGE_CURVE('',#6978,#6980,#6982,.T.);
#6978 = VERTEX_POINT('',#6979);
#6979 = CARTESIAN_POINT('',(0.32,-2.86,0.));
#6980 = VERTEX_POINT('',#6981);
#6981 = CARTESIAN_POINT('',(-0.32,-2.86,0.));
#6982 = LINE('',#6983,#6984);
#6983 = CARTESIAN_POINT('',(-0.16,-2.86,0.));
#6984 = VECTOR('',#6985,1.);
#6985 = DIRECTION('',(-1.,0.,0.));
#6986 = ORIENTED_EDGE('',*,*,#6987,.T.);
#6987 = EDGE_CURVE('',#6980,#6988,#6990,.T.);
#6988 = VERTEX_POINT('',#6989);
#6989 = CARTESIAN_POINT('',(-0.32,-2.22,0.));
#6990 = LINE('',#6991,#6992);
#6991 = CARTESIAN_POINT('',(-0.32,-2.065,0.));
#6992 = VECTOR('',#6993,1.);
#6993 = DIRECTION('',(0.,1.,0.));
#6994 = ORIENTED_EDGE('',*,*,#6995,.F.);
#6995 = EDGE_CURVE('',#6996,#6988,#6998,.T.);
#6996 = VERTEX_POINT('',#6997);
#6997 = CARTESIAN_POINT('',(0.32,-2.22,0.));
#6998 = LINE('',#6999,#7000);
#6999 = CARTESIAN_POINT('',(-0.16,-2.22,0.));
#7000 = VECTOR('',#7001,1.);
#7001 = DIRECTION('',(-1.,0.,0.));
#7002 = ORIENTED_EDGE('',*,*,#7003,.F.);
#7003 = EDGE_CURVE('',#6978,#6996,#7004,.T.);
#7004 = LINE('',#7005,#7006);
#7005 = CARTESIAN_POINT('',(0.32,-2.065,0.));
#7006 = VECTOR('',#7007,1.);
#7007 = DIRECTION('',(0.,1.,0.));
#7008 = PLANE('',#7009);
#7009 = AXIS2_PLACEMENT_3D('',#7010,#7011,#7012);
#7010 = CARTESIAN_POINT('',(1.473843703412E-17,-1.27,0.));
#7011 = DIRECTION('',(0.,0.,1.));
#7012 = DIRECTION('',(1.,0.,-0.));
#7013 = ADVANCED_FACE('',(#7014,#7105,#7139),#7173,.T.);
#7014 = FACE_BOUND('',#7015,.T.);
#7015 = EDGE_LOOP('',(#7016,#7017,#7018,#7026,#7034,#7042,#7050,#7058,
    #7066,#7074,#7082,#7090,#7098,#7104));
#7016 = ORIENTED_EDGE('',*,*,#6760,.T.);
#7017 = ORIENTED_EDGE('',*,*,#6822,.T.);
#7018 = ORIENTED_EDGE('',*,*,#7019,.T.);
#7019 = EDGE_CURVE('',#6823,#7020,#7022,.T.);
#7020 = VERTEX_POINT('',#7021);
#7021 = CARTESIAN_POINT('',(-1.016,-1.27,2.54));
#7022 = LINE('',#7023,#7024);
#7023 = CARTESIAN_POINT('',(-1.27,-1.016,2.54));
#7024 = VECTOR('',#7025,1.);
#7025 = DIRECTION('',(0.707106781187,-0.707106781187,0.));
#7026 = ORIENTED_EDGE('',*,*,#7027,.T.);
#7027 = EDGE_CURVE('',#7020,#7028,#7030,.T.);
#7028 = VERTEX_POINT('',#7029);
#7029 = CARTESIAN_POINT('',(-1.27,-1.524,2.54));
#7030 = LINE('',#7031,#7032);
#7031 = CARTESIAN_POINT('',(-1.016,-1.27,2.54));
#7032 = VECTOR('',#7033,1.);
#7033 = DIRECTION('',(-0.707106781187,-0.707106781187,0.));
#7034 = ORIENTED_EDGE('',*,*,#7035,.T.);
#7035 = EDGE_CURVE('',#7028,#7036,#7038,.T.);
#7036 = VERTEX_POINT('',#7037);
#7037 = CARTESIAN_POINT('',(-1.27,-3.556,2.54));
#7038 = LINE('',#7039,#7040);
#7039 = CARTESIAN_POINT('',(-1.27,-1.524,2.54));
#7040 = VECTOR('',#7041,1.);
#7041 = DIRECTION('',(0.,-1.,0.));
#7042 = ORIENTED_EDGE('',*,*,#7043,.T.);
#7043 = EDGE_CURVE('',#7036,#7044,#7046,.T.);
#7044 = VERTEX_POINT('',#7045);
#7045 = CARTESIAN_POINT('',(-1.016,-3.81,2.54));
#7046 = LINE('',#7047,#7048);
#7047 = CARTESIAN_POINT('',(-1.27,-3.556,2.54));
#7048 = VECTOR('',#7049,1.);
#7049 = DIRECTION('',(0.707106781187,-0.707106781187,0.));
#7050 = ORIENTED_EDGE('',*,*,#7051,.T.);
#7051 = EDGE_CURVE('',#7044,#7052,#7054,.T.);
#7052 = VERTEX_POINT('',#7053);
#7053 = CARTESIAN_POINT('',(1.016,-3.81,2.54));
#7054 = LINE('',#7055,#7056);
#7055 = CARTESIAN_POINT('',(-1.016,-3.81,2.54));
#7056 = VECTOR('',#7057,1.);
#7057 = DIRECTION('',(1.,0.,0.));
#7058 = ORIENTED_EDGE('',*,*,#7059,.T.);
#7059 = EDGE_CURVE('',#7052,#7060,#7062,.T.);
#7060 = VERTEX_POINT('',#7061);
#7061 = CARTESIAN_POINT('',(1.27,-3.556,2.54));
#7062 = LINE('',#7063,#7064);
#7063 = CARTESIAN_POINT('',(1.016,-3.81,2.54));
#7064 = VECTOR('',#7065,1.);
#7065 = DIRECTION('',(0.707106781187,0.707106781187,0.));
#7066 = ORIENTED_EDGE('',*,*,#7067,.T.);
#7067 = EDGE_CURVE('',#7060,#7068,#7070,.T.);
#7068 = VERTEX_POINT('',#7069);
#7069 = CARTESIAN_POINT('',(1.27,-1.524,2.54));
#7070 = LINE('',#7071,#7072);
#7071 = CARTESIAN_POINT('',(1.27,-3.556,2.54));
#7072 = VECTOR('',#7073,1.);
#7073 = DIRECTION('',(0.,1.,0.));
#7074 = ORIENTED_EDGE('',*,*,#7075,.T.);
#7075 = EDGE_CURVE('',#7068,#7076,#7078,.T.);
#7076 = VERTEX_POINT('',#7077);
#7077 = CARTESIAN_POINT('',(1.016,-1.27,2.54));
#7078 = LINE('',#7079,#7080);
#7079 = CARTESIAN_POINT('',(1.27,-1.524,2.54));
#7080 = VECTOR('',#7081,1.);
#7081 = DIRECTION('',(-0.707106781187,0.707106781187,0.));
#7082 = ORIENTED_EDGE('',*,*,#7083,.T.);
#7083 = EDGE_CURVE('',#7076,#7084,#7086,.T.);
#7084 = VERTEX_POINT('',#7085);
#7085 = CARTESIAN_POINT('',(1.27,-1.016,2.54));
#7086 = LINE('',#7087,#7088);
#7087 = CARTESIAN_POINT('',(1.016,-1.27,2.54));
#7088 = VECTOR('',#7089,1.);
#7089 = DIRECTION('',(0.707106781187,0.707106781187,0.));
#7090 = ORIENTED_EDGE('',*,*,#7091,.T.);
#7091 = EDGE_CURVE('',#7084,#7092,#7094,.T.);
#7092 = VERTEX_POINT('',#7093);
#7093 = CARTESIAN_POINT('',(1.27,1.016,2.54));
#7094 = LINE('',#7095,#7096);
#7095 = CARTESIAN_POINT('',(1.27,-1.016,2.54));
#7096 = VECTOR('',#7097,1.);
#7097 = DIRECTION('',(0.,1.,0.));
#7098 = ORIENTED_EDGE('',*,*,#7099,.T.);
#7099 = EDGE_CURVE('',#7092,#6793,#7100,.T.);
#7100 = LINE('',#7101,#7102);
#7101 = CARTESIAN_POINT('',(1.27,1.016,2.54));
#7102 = VECTOR('',#7103,1.);
#7103 = DIRECTION('',(-0.707106781187,0.707106781187,0.));
#7104 = ORIENTED_EDGE('',*,*,#6800,.T.);
#7105 = FACE_BOUND('',#7106,.T.);
#7106 = EDGE_LOOP('',(#7107,#7117,#7125,#7133));
#7107 = ORIENTED_EDGE('',*,*,#7108,.T.);
#7108 = EDGE_CURVE('',#7109,#7111,#7113,.T.);
#7109 = VERTEX_POINT('',#7110);
#7110 = CARTESIAN_POINT('',(0.32,-0.32,2.54));
#7111 = VERTEX_POINT('',#7112);
#7112 = CARTESIAN_POINT('',(-0.32,-0.32,2.54));
#7113 = LINE('',#7114,#7115);
#7114 = CARTESIAN_POINT('',(-0.16,-0.32,2.54));
#7115 = VECTOR('',#7116,1.);
#7116 = DIRECTION('',(-1.,0.,0.));
#7117 = ORIENTED_EDGE('',*,*,#7118,.T.);
#7118 = EDGE_CURVE('',#7111,#7119,#7121,.T.);
#7119 = VERTEX_POINT('',#7120);
#7120 = CARTESIAN_POINT('',(-0.32,0.32,2.54));
#7121 = LINE('',#7122,#7123);
#7122 = CARTESIAN_POINT('',(-0.32,-0.795,2.54));
#7123 = VECTOR('',#7124,1.);
#7124 = DIRECTION('',(0.,1.,0.));
#7125 = ORIENTED_EDGE('',*,*,#7126,.F.);
#7126 = EDGE_CURVE('',#7127,#7119,#7129,.T.);
#7127 = VERTEX_POINT('',#7128);
#7128 = CARTESIAN_POINT('',(0.32,0.32,2.54));
#7129 = LINE('',#7130,#7131);
#7130 = CARTESIAN_POINT('',(-0.16,0.32,2.54));
#7131 = VECTOR('',#7132,1.);
#7132 = DIRECTION('',(-1.,0.,0.));
#7133 = ORIENTED_EDGE('',*,*,#7134,.F.);
#7134 = EDGE_CURVE('',#7109,#7127,#7135,.T.);
#7135 = LINE('',#7136,#7137);
#7136 = CARTESIAN_POINT('',(0.32,-0.795,2.54));
#7137 = VECTOR('',#7138,1.);
#7138 = DIRECTION('',(0.,1.,0.));
#7139 = FACE_BOUND('',#7140,.T.);
#7140 = EDGE_LOOP('',(#7141,#7151,#7159,#7167));
#7141 = ORIENTED_EDGE('',*,*,#7142,.T.);
#7142 = EDGE_CURVE('',#7143,#7145,#7147,.T.);
#7143 = VERTEX_POINT('',#7144);
#7144 = CARTESIAN_POINT('',(0.32,-2.86,2.54));
#7145 = VERTEX_POINT('',#7146);
#7146 = CARTESIAN_POINT('',(-0.32,-2.86,2.54));
#7147 = LINE('',#7148,#7149);
#7148 = CARTESIAN_POINT('',(-0.16,-2.86,2.54));
#7149 = VECTOR('',#7150,1.);
#7150 = DIRECTION('',(-1.,0.,0.));
#7151 = ORIENTED_EDGE('',*,*,#7152,.T.);
#7152 = EDGE_CURVE('',#7145,#7153,#7155,.T.);
#7153 = VERTEX_POINT('',#7154);
#7154 = CARTESIAN_POINT('',(-0.32,-2.22,2.54));
#7155 = LINE('',#7156,#7157);
#7156 = CARTESIAN_POINT('',(-0.32,-2.065,2.54));
#7157 = VECTOR('',#7158,1.);
#7158 = DIRECTION('',(0.,1.,0.));
#7159 = ORIENTED_EDGE('',*,*,#7160,.F.);
#7160 = EDGE_CURVE('',#7161,#7153,#7163,.T.);
#7161 = VERTEX_POINT('',#7162);
#7162 = CARTESIAN_POINT('',(0.32,-2.22,2.54));
#7163 = LINE('',#7164,#7165);
#7164 = CARTESIAN_POINT('',(-0.16,-2.22,2.54));
#7165 = VECTOR('',#7166,1.);
#7166 = DIRECTION('',(-1.,0.,0.));
#7167 = ORIENTED_EDGE('',*,*,#7168,.F.);
#7168 = EDGE_CURVE('',#7143,#7161,#7169,.T.);
#7169 = LINE('',#7170,#7171);
#7170 = CARTESIAN_POINT('',(0.32,-2.065,2.54));
#7171 = VECTOR('',#7172,1.);
#7172 = DIRECTION('',(0.,1.,0.));
#7173 = PLANE('',#7174);
#7174 = AXIS2_PLACEMENT_3D('',#7175,#7176,#7177);
#7175 = CARTESIAN_POINT('',(1.473843703412E-17,-1.27,2.54));
#7176 = DIRECTION('',(0.,0.,1.));
#7177 = DIRECTION('',(1.,0.,-0.));
#7178 = ADVANCED_FACE('',(#7179),#7190,.F.);
#7179 = FACE_BOUND('',#7180,.F.);
#7180 = EDGE_LOOP('',(#7181,#7187,#7188,#7189));
#7181 = ORIENTED_EDGE('',*,*,#7182,.T.);
#7182 = EDGE_CURVE('',#6927,#7092,#7183,.T.);
#7183 = LINE('',#7184,#7185);
#7184 = CARTESIAN_POINT('',(1.27,1.016,0.));
#7185 = VECTOR('',#7186,1.);
#7186 = DIRECTION('',(0.,0.,1.));
#7187 = ORIENTED_EDGE('',*,*,#7099,.T.);
#7188 = ORIENTED_EDGE('',*,*,#6790,.F.);
#7189 = ORIENTED_EDGE('',*,*,#6934,.F.);
#7190 = PLANE('',#7191);
#7191 = AXIS2_PLACEMENT_3D('',#7192,#7193,#7194);
#7192 = CARTESIAN_POINT('',(1.27,1.016,0.));
#7193 = DIRECTION('',(-0.707106781187,-0.707106781187,0.));
#7194 = DIRECTION('',(-0.707106781187,0.707106781187,0.));
#7195 = ADVANCED_FACE('',(#7196),#7207,.F.);
#7196 = FACE_BOUND('',#7197,.F.);
#7197 = EDGE_LOOP('',(#7198,#7199,#7200,#7206));
#7198 = ORIENTED_EDGE('',*,*,#6830,.T.);
#7199 = ORIENTED_EDGE('',*,*,#7019,.T.);
#7200 = ORIENTED_EDGE('',*,*,#7201,.F.);
#7201 = EDGE_CURVE('',#6855,#7020,#7202,.T.);
#7202 = LINE('',#7203,#7204);
#7203 = CARTESIAN_POINT('',(-1.016,-1.27,0.));
#7204 = VECTOR('',#7205,1.);
#7205 = DIRECTION('',(0.,0.,1.));
#7206 = ORIENTED_EDGE('',*,*,#6854,.F.);
#7207 = PLANE('',#7208);
#7208 = AXIS2_PLACEMENT_3D('',#7209,#7210,#7211);
#7209 = CARTESIAN_POINT('',(-1.27,-1.016,0.));
#7210 = DIRECTION('',(0.707106781187,0.707106781187,0.));
#7211 = DIRECTION('',(0.707106781187,-0.707106781187,0.));
#7212 = ADVANCED_FACE('',(#7213),#7224,.F.);
#7213 = FACE_BOUND('',#7214,.F.);
#7214 = EDGE_LOOP('',(#7215,#7221,#7222,#7223));
#7215 = ORIENTED_EDGE('',*,*,#7216,.T.);
#7216 = EDGE_CURVE('',#6919,#7084,#7217,.T.);
#7217 = LINE('',#7218,#7219);
#7218 = CARTESIAN_POINT('',(1.27,-1.016,0.));
#7219 = VECTOR('',#7220,1.);
#7220 = DIRECTION('',(0.,0.,1.));
#7221 = ORIENTED_EDGE('',*,*,#7091,.T.);
#7222 = ORIENTED_EDGE('',*,*,#7182,.F.);
#7223 = ORIENTED_EDGE('',*,*,#6926,.F.);
#7224 = PLANE('',#7225);
#7225 = AXIS2_PLACEMENT_3D('',#7226,#7227,#7228);
#7226 = CARTESIAN_POINT('',(1.27,-1.016,0.));
#7227 = DIRECTION('',(-1.,0.,0.));
#7228 = DIRECTION('',(0.,1.,0.));
#7229 = ADVANCED_FACE('',(#7230),#7241,.F.);
#7230 = FACE_BOUND('',#7231,.F.);
#7231 = EDGE_LOOP('',(#7232,#7233,#7234,#7240));
#7232 = ORIENTED_EDGE('',*,*,#7201,.T.);
#7233 = ORIENTED_EDGE('',*,*,#7027,.T.);
#7234 = ORIENTED_EDGE('',*,*,#7235,.F.);
#7235 = EDGE_CURVE('',#6863,#7028,#7236,.T.);
#7236 = LINE('',#7237,#7238);
#7237 = CARTESIAN_POINT('',(-1.27,-1.524,0.));
#7238 = VECTOR('',#7239,1.);
#7239 = DIRECTION('',(0.,0.,1.));
#7240 = ORIENTED_EDGE('',*,*,#6862,.F.);
#7241 = PLANE('',#7242);
#7242 = AXIS2_PLACEMENT_3D('',#7243,#7244,#7245);
#7243 = CARTESIAN_POINT('',(-1.016,-1.27,0.));
#7244 = DIRECTION('',(0.707106781187,-0.707106781187,0.));
#7245 = DIRECTION('',(-0.707106781187,-0.707106781187,0.));
#7246 = ADVANCED_FACE('',(#7247),#7258,.F.);
#7247 = FACE_BOUND('',#7248,.F.);
#7248 = EDGE_LOOP('',(#7249,#7255,#7256,#7257));
#7249 = ORIENTED_EDGE('',*,*,#7250,.T.);
#7250 = EDGE_CURVE('',#6911,#7076,#7251,.T.);
#7251 = LINE('',#7252,#7253);
#7252 = CARTESIAN_POINT('',(1.016,-1.27,0.));
#7253 = VECTOR('',#7254,1.);
#7254 = DIRECTION('',(0.,0.,1.));
#7255 = ORIENTED_EDGE('',*,*,#7083,.T.);
#7256 = ORIENTED_EDGE('',*,*,#7216,.F.);
#7257 = ORIENTED_EDGE('',*,*,#6918,.F.);
#7258 = PLANE('',#7259);
#7259 = AXIS2_PLACEMENT_3D('',#7260,#7261,#7262);
#7260 = CARTESIAN_POINT('',(1.016,-1.27,0.));
#7261 = DIRECTION('',(-0.707106781187,0.707106781187,0.));
#7262 = DIRECTION('',(0.707106781187,0.707106781187,0.));
#7263 = ADVANCED_FACE('',(#7264),#7275,.F.);
#7264 = FACE_BOUND('',#7265,.F.);
#7265 = EDGE_LOOP('',(#7266,#7267,#7268,#7274));
#7266 = ORIENTED_EDGE('',*,*,#7235,.T.);
#7267 = ORIENTED_EDGE('',*,*,#7035,.T.);
#7268 = ORIENTED_EDGE('',*,*,#7269,.F.);
#7269 = EDGE_CURVE('',#6871,#7036,#7270,.T.);
#7270 = LINE('',#7271,#7272);
#7271 = CARTESIAN_POINT('',(-1.27,-3.556,0.));
#7272 = VECTOR('',#7273,1.);
#7273 = DIRECTION('',(0.,0.,1.));
#7274 = ORIENTED_EDGE('',*,*,#6870,.F.);
#7275 = PLANE('',#7276);
#7276 = AXIS2_PLACEMENT_3D('',#7277,#7278,#7279);
#7277 = CARTESIAN_POINT('',(-1.27,-1.524,0.));
#7278 = DIRECTION('',(1.,0.,0.));
#7279 = DIRECTION('',(0.,-1.,0.));
#7280 = ADVANCED_FACE('',(#7281),#7292,.F.);
#7281 = FACE_BOUND('',#7282,.F.);
#7282 = EDGE_LOOP('',(#7283,#7289,#7290,#7291));
#7283 = ORIENTED_EDGE('',*,*,#7284,.T.);
#7284 = EDGE_CURVE('',#6903,#7068,#7285,.T.);
#7285 = LINE('',#7286,#7287);
#7286 = CARTESIAN_POINT('',(1.27,-1.524,0.));
#7287 = VECTOR('',#7288,1.);
#7288 = DIRECTION('',(0.,0.,1.));
#7289 = ORIENTED_EDGE('',*,*,#7075,.T.);
#7290 = ORIENTED_EDGE('',*,*,#7250,.F.);
#7291 = ORIENTED_EDGE('',*,*,#6910,.F.);
#7292 = PLANE('',#7293);
#7293 = AXIS2_PLACEMENT_3D('',#7294,#7295,#7296);
#7294 = CARTESIAN_POINT('',(1.27,-1.524,0.));
#7295 = DIRECTION('',(-0.707106781187,-0.707106781187,0.));
#7296 = DIRECTION('',(-0.707106781187,0.707106781187,0.));
#7297 = ADVANCED_FACE('',(#7298),#7309,.F.);
#7298 = FACE_BOUND('',#7299,.F.);
#7299 = EDGE_LOOP('',(#7300,#7301,#7302,#7308));
#7300 = ORIENTED_EDGE('',*,*,#7269,.T.);
#7301 = ORIENTED_EDGE('',*,*,#7043,.T.);
#7302 = ORIENTED_EDGE('',*,*,#7303,.F.);
#7303 = EDGE_CURVE('',#6879,#7044,#7304,.T.);
#7304 = LINE('',#7305,#7306);
#7305 = CARTESIAN_POINT('',(-1.016,-3.81,0.));
#7306 = VECTOR('',#7307,1.);
#7307 = DIRECTION('',(0.,0.,1.));
#7308 = ORIENTED_EDGE('',*,*,#6878,.F.);
#7309 = PLANE('',#7310);
#7310 = AXIS2_PLACEMENT_3D('',#7311,#7312,#7313);
#7311 = CARTESIAN_POINT('',(-1.27,-3.556,0.));
#7312 = DIRECTION('',(0.707106781187,0.707106781187,0.));
#7313 = DIRECTION('',(0.707106781187,-0.707106781187,0.));
#7314 = ADVANCED_FACE('',(#7315),#7326,.F.);
#7315 = FACE_BOUND('',#7316,.F.);
#7316 = EDGE_LOOP('',(#7317,#7323,#7324,#7325));
#7317 = ORIENTED_EDGE('',*,*,#7318,.T.);
#7318 = EDGE_CURVE('',#6895,#7060,#7319,.T.);
#7319 = LINE('',#7320,#7321);
#7320 = CARTESIAN_POINT('',(1.27,-3.556,0.));
#7321 = VECTOR('',#7322,1.);
#7322 = DIRECTION('',(0.,0.,1.));
#7323 = ORIENTED_EDGE('',*,*,#7067,.T.);
#7324 = ORIENTED_EDGE('',*,*,#7284,.F.);
#7325 = ORIENTED_EDGE('',*,*,#6902,.F.);
#7326 = PLANE('',#7327);
#7327 = AXIS2_PLACEMENT_3D('',#7328,#7329,#7330);
#7328 = CARTESIAN_POINT('',(1.27,-3.556,0.));
#7329 = DIRECTION('',(-1.,0.,0.));
#7330 = DIRECTION('',(0.,1.,0.));
#7331 = ADVANCED_FACE('',(#7332),#7343,.F.);
#7332 = FACE_BOUND('',#7333,.F.);
#7333 = EDGE_LOOP('',(#7334,#7335,#7336,#7342));
#7334 = ORIENTED_EDGE('',*,*,#7303,.T.);
#7335 = ORIENTED_EDGE('',*,*,#7051,.T.);
#7336 = ORIENTED_EDGE('',*,*,#7337,.F.);
#7337 = EDGE_CURVE('',#6887,#7052,#7338,.T.);
#7338 = LINE('',#7339,#7340);
#7339 = CARTESIAN_POINT('',(1.016,-3.81,0.));
#7340 = VECTOR('',#7341,1.);
#7341 = DIRECTION('',(0.,0.,1.));
#7342 = ORIENTED_EDGE('',*,*,#6886,.F.);
#7343 = PLANE('',#7344);
#7344 = AXIS2_PLACEMENT_3D('',#7345,#7346,#7347);
#7345 = CARTESIAN_POINT('',(-1.016,-3.81,0.));
#7346 = DIRECTION('',(0.,1.,0.));
#7347 = DIRECTION('',(1.,0.,0.));
#7348 = ADVANCED_FACE('',(#7349),#7355,.F.);
#7349 = FACE_BOUND('',#7350,.F.);
#7350 = EDGE_LOOP('',(#7351,#7352,#7353,#7354));
#7351 = ORIENTED_EDGE('',*,*,#7337,.T.);
#7352 = ORIENTED_EDGE('',*,*,#7059,.T.);
#7353 = ORIENTED_EDGE('',*,*,#7318,.F.);
#7354 = ORIENTED_EDGE('',*,*,#6894,.F.);
#7355 = PLANE('',#7356);
#7356 = AXIS2_PLACEMENT_3D('',#7357,#7358,#7359);
#7357 = CARTESIAN_POINT('',(1.016,-3.81,0.));
#7358 = DIRECTION('',(-0.707106781187,0.707106781187,0.));
#7359 = DIRECTION('',(0.707106781187,0.707106781187,0.));
#7360 = ADVANCED_FACE('',(#7361),#7386,.F.);
#7361 = FACE_BOUND('',#7362,.F.);
#7362 = EDGE_LOOP('',(#7363,#7371,#7379,#7385));
#7363 = ORIENTED_EDGE('',*,*,#7364,.F.);
#7364 = EDGE_CURVE('',#7365,#6944,#7367,.T.);
#7365 = VERTEX_POINT('',#7366);
#7366 = CARTESIAN_POINT('',(0.32,-0.32,-2.84));
#7367 = LINE('',#7368,#7369);
#7368 = CARTESIAN_POINT('',(0.32,-0.32,-3.));
#7369 = VECTOR('',#7370,1.);
#7370 = DIRECTION('',(0.,0.,1.));
#7371 = ORIENTED_EDGE('',*,*,#7372,.F.);
#7372 = EDGE_CURVE('',#7373,#7365,#7375,.T.);
#7373 = VERTEX_POINT('',#7374);
#7374 = CARTESIAN_POINT('',(-0.32,-0.32,-2.84));
#7375 = LINE('',#7376,#7377);
#7376 = CARTESIAN_POINT('',(-0.32,-0.32,-2.84));
#7377 = VECTOR('',#7378,1.);
#7378 = DIRECTION('',(1.,0.,0.));
#7379 = ORIENTED_EDGE('',*,*,#7380,.T.);
#7380 = EDGE_CURVE('',#7373,#6946,#7381,.T.);
#7381 = LINE('',#7382,#7383);
#7382 = CARTESIAN_POINT('',(-0.32,-0.32,-3.));
#7383 = VECTOR('',#7384,1.);
#7384 = DIRECTION('',(0.,0.,1.));
#7385 = ORIENTED_EDGE('',*,*,#6943,.F.);
#7386 = PLANE('',#7387);
#7387 = AXIS2_PLACEMENT_3D('',#7388,#7389,#7390);
#7388 = CARTESIAN_POINT('',(-0.32,-0.32,-3.));
#7389 = DIRECTION('',(0.,1.,0.));
#7390 = DIRECTION('',(0.,-0.,1.));
#7391 = ADVANCED_FACE('',(#7392),#7410,.T.);
#7392 = FACE_BOUND('',#7393,.T.);
#7393 = EDGE_LOOP('',(#7394,#7395,#7403,#7409));
#7394 = ORIENTED_EDGE('',*,*,#7364,.F.);
#7395 = ORIENTED_EDGE('',*,*,#7396,.T.);
#7396 = EDGE_CURVE('',#7365,#7397,#7399,.T.);
#7397 = VERTEX_POINT('',#7398);
#7398 = CARTESIAN_POINT('',(0.32,0.32,-2.84));
#7399 = LINE('',#7400,#7401);
#7400 = CARTESIAN_POINT('',(0.32,-0.32,-2.84));
#7401 = VECTOR('',#7402,1.);
#7402 = DIRECTION('',(0.,1.,0.));
#7403 = ORIENTED_EDGE('',*,*,#7404,.T.);
#7404 = EDGE_CURVE('',#7397,#6962,#7405,.T.);
#7405 = LINE('',#7406,#7407);
#7406 = CARTESIAN_POINT('',(0.32,0.32,-3.));
#7407 = VECTOR('',#7408,1.);
#7408 = DIRECTION('',(0.,0.,1.));
#7409 = ORIENTED_EDGE('',*,*,#6969,.F.);
#7410 = PLANE('',#7411);
#7411 = AXIS2_PLACEMENT_3D('',#7412,#7413,#7414);
#7412 = CARTESIAN_POINT('',(0.32,-0.32,-3.));
#7413 = DIRECTION('',(1.,0.,0.));
#7414 = DIRECTION('',(0.,0.,1.));
#7415 = ADVANCED_FACE('',(#7416),#7434,.T.);
#7416 = FACE_BOUND('',#7417,.T.);
#7417 = EDGE_LOOP('',(#7418,#7419,#7427,#7433));
#7418 = ORIENTED_EDGE('',*,*,#7404,.F.);
#7419 = ORIENTED_EDGE('',*,*,#7420,.F.);
#7420 = EDGE_CURVE('',#7421,#7397,#7423,.T.);
#7421 = VERTEX_POINT('',#7422);
#7422 = CARTESIAN_POINT('',(-0.32,0.32,-2.84));
#7423 = LINE('',#7424,#7425);
#7424 = CARTESIAN_POINT('',(-0.32,0.32,-2.84));
#7425 = VECTOR('',#7426,1.);
#7426 = DIRECTION('',(1.,0.,0.));
#7427 = ORIENTED_EDGE('',*,*,#7428,.T.);
#7428 = EDGE_CURVE('',#7421,#6954,#7429,.T.);
#7429 = LINE('',#7430,#7431);
#7430 = CARTESIAN_POINT('',(-0.32,0.32,-3.));
#7431 = VECTOR('',#7432,1.);
#7432 = DIRECTION('',(0.,0.,1.));
#7433 = ORIENTED_EDGE('',*,*,#6961,.F.);
#7434 = PLANE('',#7435);
#7435 = AXIS2_PLACEMENT_3D('',#7436,#7437,#7438);
#7436 = CARTESIAN_POINT('',(-0.32,0.32,-3.));
#7437 = DIRECTION('',(0.,1.,0.));
#7438 = DIRECTION('',(0.,-0.,1.));
#7439 = ADVANCED_FACE('',(#7440),#7451,.F.);
#7440 = FACE_BOUND('',#7441,.F.);
#7441 = EDGE_LOOP('',(#7442,#7443,#7449,#7450));
#7442 = ORIENTED_EDGE('',*,*,#7380,.F.);
#7443 = ORIENTED_EDGE('',*,*,#7444,.T.);
#7444 = EDGE_CURVE('',#7373,#7421,#7445,.T.);
#7445 = LINE('',#7446,#7447);
#7446 = CARTESIAN_POINT('',(-0.32,-0.32,-2.84));
#7447 = VECTOR('',#7448,1.);
#7448 = DIRECTION('',(0.,1.,0.));
#7449 = ORIENTED_EDGE('',*,*,#7428,.T.);
#7450 = ORIENTED_EDGE('',*,*,#6953,.F.);
#7451 = PLANE('',#7452);
#7452 = AXIS2_PLACEMENT_3D('',#7453,#7454,#7455);
#7453 = CARTESIAN_POINT('',(-0.32,-0.32,-3.));
#7454 = DIRECTION('',(1.,0.,0.));
#7455 = DIRECTION('',(0.,0.,1.));
#7456 = ADVANCED_FACE('',(#7457),#7482,.F.);
#7457 = FACE_BOUND('',#7458,.F.);
#7458 = EDGE_LOOP('',(#7459,#7467,#7475,#7481));
#7459 = ORIENTED_EDGE('',*,*,#7460,.F.);
#7460 = EDGE_CURVE('',#7461,#6978,#7463,.T.);
#7461 = VERTEX_POINT('',#7462);
#7462 = CARTESIAN_POINT('',(0.32,-2.86,-2.84));
#7463 = LINE('',#7464,#7465);
#7464 = CARTESIAN_POINT('',(0.32,-2.86,-3.));
#7465 = VECTOR('',#7466,1.);
#7466 = DIRECTION('',(0.,0.,1.));
#7467 = ORIENTED_EDGE('',*,*,#7468,.F.);
#7468 = EDGE_CURVE('',#7469,#7461,#7471,.T.);
#7469 = VERTEX_POINT('',#7470);
#7470 = CARTESIAN_POINT('',(-0.32,-2.86,-2.84));
#7471 = LINE('',#7472,#7473);
#7472 = CARTESIAN_POINT('',(-0.32,-2.86,-2.84));
#7473 = VECTOR('',#7474,1.);
#7474 = DIRECTION('',(1.,0.,0.));
#7475 = ORIENTED_EDGE('',*,*,#7476,.T.);
#7476 = EDGE_CURVE('',#7469,#6980,#7477,.T.);
#7477 = LINE('',#7478,#7479);
#7478 = CARTESIAN_POINT('',(-0.32,-2.86,-3.));
#7479 = VECTOR('',#7480,1.);
#7480 = DIRECTION('',(0.,0.,1.));
#7481 = ORIENTED_EDGE('',*,*,#6977,.F.);
#7482 = PLANE('',#7483);
#7483 = AXIS2_PLACEMENT_3D('',#7484,#7485,#7486);
#7484 = CARTESIAN_POINT('',(-0.32,-2.86,-3.));
#7485 = DIRECTION('',(0.,1.,0.));
#7486 = DIRECTION('',(0.,-0.,1.));
#7487 = ADVANCED_FACE('',(#7488),#7506,.T.);
#7488 = FACE_BOUND('',#7489,.T.);
#7489 = EDGE_LOOP('',(#7490,#7491,#7499,#7505));
#7490 = ORIENTED_EDGE('',*,*,#7460,.F.);
#7491 = ORIENTED_EDGE('',*,*,#7492,.T.);
#7492 = EDGE_CURVE('',#7461,#7493,#7495,.T.);
#7493 = VERTEX_POINT('',#7494);
#7494 = CARTESIAN_POINT('',(0.32,-2.22,-2.84));
#7495 = LINE('',#7496,#7497);
#7496 = CARTESIAN_POINT('',(0.32,-2.86,-2.84));
#7497 = VECTOR('',#7498,1.);
#7498 = DIRECTION('',(0.,1.,0.));
#7499 = ORIENTED_EDGE('',*,*,#7500,.T.);
#7500 = EDGE_CURVE('',#7493,#6996,#7501,.T.);
#7501 = LINE('',#7502,#7503);
#7502 = CARTESIAN_POINT('',(0.32,-2.22,-3.));
#7503 = VECTOR('',#7504,1.);
#7504 = DIRECTION('',(0.,0.,1.));
#7505 = ORIENTED_EDGE('',*,*,#7003,.F.);
#7506 = PLANE('',#7507);
#7507 = AXIS2_PLACEMENT_3D('',#7508,#7509,#7510);
#7508 = CARTESIAN_POINT('',(0.32,-2.86,-3.));
#7509 = DIRECTION('',(1.,0.,0.));
#7510 = DIRECTION('',(0.,0.,1.));
#7511 = ADVANCED_FACE('',(#7512),#7530,.T.);
#7512 = FACE_BOUND('',#7513,.T.);
#7513 = EDGE_LOOP('',(#7514,#7515,#7523,#7529));
#7514 = ORIENTED_EDGE('',*,*,#7500,.F.);
#7515 = ORIENTED_EDGE('',*,*,#7516,.F.);
#7516 = EDGE_CURVE('',#7517,#7493,#7519,.T.);
#7517 = VERTEX_POINT('',#7518);
#7518 = CARTESIAN_POINT('',(-0.32,-2.22,-2.84));
#7519 = LINE('',#7520,#7521);
#7520 = CARTESIAN_POINT('',(-0.32,-2.22,-2.84));
#7521 = VECTOR('',#7522,1.);
#7522 = DIRECTION('',(1.,0.,0.));
#7523 = ORIENTED_EDGE('',*,*,#7524,.T.);
#7524 = EDGE_CURVE('',#7517,#6988,#7525,.T.);
#7525 = LINE('',#7526,#7527);
#7526 = CARTESIAN_POINT('',(-0.32,-2.22,-3.));
#7527 = VECTOR('',#7528,1.);
#7528 = DIRECTION('',(0.,0.,1.));
#7529 = ORIENTED_EDGE('',*,*,#6995,.F.);
#7530 = PLANE('',#7531);
#7531 = AXIS2_PLACEMENT_3D('',#7532,#7533,#7534);
#7532 = CARTESIAN_POINT('',(-0.32,-2.22,-3.));
#7533 = DIRECTION('',(0.,1.,0.));
#7534 = DIRECTION('',(0.,-0.,1.));
#7535 = ADVANCED_FACE('',(#7536),#7547,.F.);
#7536 = FACE_BOUND('',#7537,.F.);
#7537 = EDGE_LOOP('',(#7538,#7539,#7545,#7546));
#7538 = ORIENTED_EDGE('',*,*,#7476,.F.);
#7539 = ORIENTED_EDGE('',*,*,#7540,.T.);
#7540 = EDGE_CURVE('',#7469,#7517,#7541,.T.);
#7541 = LINE('',#7542,#7543);
#7542 = CARTESIAN_POINT('',(-0.32,-2.86,-2.84));
#7543 = VECTOR('',#7544,1.);
#7544 = DIRECTION('',(0.,1.,0.));
#7545 = ORIENTED_EDGE('',*,*,#7524,.T.);
#7546 = ORIENTED_EDGE('',*,*,#6987,.F.);
#7547 = PLANE('',#7548);
#7548 = AXIS2_PLACEMENT_3D('',#7549,#7550,#7551);
#7549 = CARTESIAN_POINT('',(-0.32,-2.86,-3.));
#7550 = DIRECTION('',(1.,0.,0.));
#7551 = DIRECTION('',(0.,0.,1.));
#7552 = ADVANCED_FACE('',(#7553),#7578,.F.);
#7553 = FACE_BOUND('',#7554,.F.);
#7554 = EDGE_LOOP('',(#7555,#7563,#7564,#7572));
#7555 = ORIENTED_EDGE('',*,*,#7556,.F.);
#7556 = EDGE_CURVE('',#7109,#7557,#7559,.T.);
#7557 = VERTEX_POINT('',#7558);
#7558 = CARTESIAN_POINT('',(0.32,-0.32,8.38));
#7559 = LINE('',#7560,#7561);
#7560 = CARTESIAN_POINT('',(0.32,-0.32,-3.));
#7561 = VECTOR('',#7562,1.);
#7562 = DIRECTION('',(0.,0.,1.));
#7563 = ORIENTED_EDGE('',*,*,#7108,.T.);
#7564 = ORIENTED_EDGE('',*,*,#7565,.T.);
#7565 = EDGE_CURVE('',#7111,#7566,#7568,.T.);
#7566 = VERTEX_POINT('',#7567);
#7567 = CARTESIAN_POINT('',(-0.32,-0.32,8.38));
#7568 = LINE('',#7569,#7570);
#7569 = CARTESIAN_POINT('',(-0.32,-0.32,-3.));
#7570 = VECTOR('',#7571,1.);
#7571 = DIRECTION('',(0.,0.,1.));
#7572 = ORIENTED_EDGE('',*,*,#7573,.T.);
#7573 = EDGE_CURVE('',#7566,#7557,#7574,.T.);
#7574 = LINE('',#7575,#7576);
#7575 = CARTESIAN_POINT('',(-0.32,-0.32,8.38));
#7576 = VECTOR('',#7577,1.);
#7577 = DIRECTION('',(1.,0.,0.));
#7578 = PLANE('',#7579);
#7579 = AXIS2_PLACEMENT_3D('',#7580,#7581,#7582);
#7580 = CARTESIAN_POINT('',(-0.32,-0.32,-3.));
#7581 = DIRECTION('',(0.,1.,0.));
#7582 = DIRECTION('',(0.,-0.,1.));
#7583 = ADVANCED_FACE('',(#7584),#7602,.T.);
#7584 = FACE_BOUND('',#7585,.T.);
#7585 = EDGE_LOOP('',(#7586,#7587,#7588,#7596));
#7586 = ORIENTED_EDGE('',*,*,#7556,.F.);
#7587 = ORIENTED_EDGE('',*,*,#7134,.T.);
#7588 = ORIENTED_EDGE('',*,*,#7589,.T.);
#7589 = EDGE_CURVE('',#7127,#7590,#7592,.T.);
#7590 = VERTEX_POINT('',#7591);
#7591 = CARTESIAN_POINT('',(0.32,0.32,8.38));
#7592 = LINE('',#7593,#7594);
#7593 = CARTESIAN_POINT('',(0.32,0.32,-3.));
#7594 = VECTOR('',#7595,1.);
#7595 = DIRECTION('',(0.,0.,1.));
#7596 = ORIENTED_EDGE('',*,*,#7597,.F.);
#7597 = EDGE_CURVE('',#7557,#7590,#7598,.T.);
#7598 = LINE('',#7599,#7600);
#7599 = CARTESIAN_POINT('',(0.32,-0.32,8.38));
#7600 = VECTOR('',#7601,1.);
#7601 = DIRECTION('',(0.,1.,0.));
#7602 = PLANE('',#7603);
#7603 = AXIS2_PLACEMENT_3D('',#7604,#7605,#7606);
#7604 = CARTESIAN_POINT('',(0.32,-0.32,-3.));
#7605 = DIRECTION('',(1.,0.,0.));
#7606 = DIRECTION('',(0.,0.,1.));
#7607 = ADVANCED_FACE('',(#7608),#7626,.T.);
#7608 = FACE_BOUND('',#7609,.T.);
#7609 = EDGE_LOOP('',(#7610,#7611,#7612,#7620));
#7610 = ORIENTED_EDGE('',*,*,#7589,.F.);
#7611 = ORIENTED_EDGE('',*,*,#7126,.T.);
#7612 = ORIENTED_EDGE('',*,*,#7613,.T.);
#7613 = EDGE_CURVE('',#7119,#7614,#7616,.T.);
#7614 = VERTEX_POINT('',#7615);
#7615 = CARTESIAN_POINT('',(-0.32,0.32,8.38));
#7616 = LINE('',#7617,#7618);
#7617 = CARTESIAN_POINT('',(-0.32,0.32,-3.));
#7618 = VECTOR('',#7619,1.);
#7619 = DIRECTION('',(0.,0.,1.));
#7620 = ORIENTED_EDGE('',*,*,#7621,.T.);
#7621 = EDGE_CURVE('',#7614,#7590,#7622,.T.);
#7622 = LINE('',#7623,#7624);
#7623 = CARTESIAN_POINT('',(-0.32,0.32,8.38));
#7624 = VECTOR('',#7625,1.);
#7625 = DIRECTION('',(1.,0.,0.));
#7626 = PLANE('',#7627);
#7627 = AXIS2_PLACEMENT_3D('',#7628,#7629,#7630);
#7628 = CARTESIAN_POINT('',(-0.32,0.32,-3.));
#7629 = DIRECTION('',(0.,1.,0.));
#7630 = DIRECTION('',(0.,-0.,1.));
#7631 = ADVANCED_FACE('',(#7632),#7643,.F.);
#7632 = FACE_BOUND('',#7633,.F.);
#7633 = EDGE_LOOP('',(#7634,#7635,#7636,#7637));
#7634 = ORIENTED_EDGE('',*,*,#7565,.F.);
#7635 = ORIENTED_EDGE('',*,*,#7118,.T.);
#7636 = ORIENTED_EDGE('',*,*,#7613,.T.);
#7637 = ORIENTED_EDGE('',*,*,#7638,.F.);
#7638 = EDGE_CURVE('',#7566,#7614,#7639,.T.);
#7639 = LINE('',#7640,#7641);
#7640 = CARTESIAN_POINT('',(-0.32,-0.32,8.38));
#7641 = VECTOR('',#7642,1.);
#7642 = DIRECTION('',(0.,1.,0.));
#7643 = PLANE('',#7644);
#7644 = AXIS2_PLACEMENT_3D('',#7645,#7646,#7647);
#7645 = CARTESIAN_POINT('',(-0.32,-0.32,-3.));
#7646 = DIRECTION('',(1.,0.,0.));
#7647 = DIRECTION('',(0.,0.,1.));
#7648 = ADVANCED_FACE('',(#7649),#7674,.F.);
#7649 = FACE_BOUND('',#7650,.F.);
#7650 = EDGE_LOOP('',(#7651,#7659,#7660,#7668));
#7651 = ORIENTED_EDGE('',*,*,#7652,.F.);
#7652 = EDGE_CURVE('',#7143,#7653,#7655,.T.);
#7653 = VERTEX_POINT('',#7654);
#7654 = CARTESIAN_POINT('',(0.32,-2.86,8.38));
#7655 = LINE('',#7656,#7657);
#7656 = CARTESIAN_POINT('',(0.32,-2.86,-3.));
#7657 = VECTOR('',#7658,1.);
#7658 = DIRECTION('',(0.,0.,1.));
#7659 = ORIENTED_EDGE('',*,*,#7142,.T.);
#7660 = ORIENTED_EDGE('',*,*,#7661,.T.);
#7661 = EDGE_CURVE('',#7145,#7662,#7664,.T.);
#7662 = VERTEX_POINT('',#7663);
#7663 = CARTESIAN_POINT('',(-0.32,-2.86,8.38));
#7664 = LINE('',#7665,#7666);
#7665 = CARTESIAN_POINT('',(-0.32,-2.86,-3.));
#7666 = VECTOR('',#7667,1.);
#7667 = DIRECTION('',(0.,0.,1.));
#7668 = ORIENTED_EDGE('',*,*,#7669,.T.);
#7669 = EDGE_CURVE('',#7662,#7653,#7670,.T.);
#7670 = LINE('',#7671,#7672);
#7671 = CARTESIAN_POINT('',(-0.32,-2.86,8.38));
#7672 = VECTOR('',#7673,1.);
#7673 = DIRECTION('',(1.,0.,0.));
#7674 = PLANE('',#7675);
#7675 = AXIS2_PLACEMENT_3D('',#7676,#7677,#7678);
#7676 = CARTESIAN_POINT('',(-0.32,-2.86,-3.));
#7677 = DIRECTION('',(0.,1.,0.));
#7678 = DIRECTION('',(0.,-0.,1.));
#7679 = ADVANCED_FACE('',(#7680),#7698,.T.);
#7680 = FACE_BOUND('',#7681,.T.);
#7681 = EDGE_LOOP('',(#7682,#7683,#7684,#7692));
#7682 = ORIENTED_EDGE('',*,*,#7652,.F.);
#7683 = ORIENTED_EDGE('',*,*,#7168,.T.);
#7684 = ORIENTED_EDGE('',*,*,#7685,.T.);
#7685 = EDGE_CURVE('',#7161,#7686,#7688,.T.);
#7686 = VERTEX_POINT('',#7687);
#7687 = CARTESIAN_POINT('',(0.32,-2.22,8.38));
#7688 = LINE('',#7689,#7690);
#7689 = CARTESIAN_POINT('',(0.32,-2.22,-3.));
#7690 = VECTOR('',#7691,1.);
#7691 = DIRECTION('',(0.,0.,1.));
#7692 = ORIENTED_EDGE('',*,*,#7693,.F.);
#7693 = EDGE_CURVE('',#7653,#7686,#7694,.T.);
#7694 = LINE('',#7695,#7696);
#7695 = CARTESIAN_POINT('',(0.32,-2.86,8.38));
#7696 = VECTOR('',#7697,1.);
#7697 = DIRECTION('',(0.,1.,0.));
#7698 = PLANE('',#7699);
#7699 = AXIS2_PLACEMENT_3D('',#7700,#7701,#7702);
#7700 = CARTESIAN_POINT('',(0.32,-2.86,-3.));
#7701 = DIRECTION('',(1.,0.,0.));
#7702 = DIRECTION('',(0.,0.,1.));
#7703 = ADVANCED_FACE('',(#7704),#7722,.T.);
#7704 = FACE_BOUND('',#7705,.T.);
#7705 = EDGE_LOOP('',(#7706,#7707,#7708,#7716));
#7706 = ORIENTED_EDGE('',*,*,#7685,.F.);
#7707 = ORIENTED_EDGE('',*,*,#7160,.T.);
#7708 = ORIENTED_EDGE('',*,*,#7709,.T.);
#7709 = EDGE_CURVE('',#7153,#7710,#7712,.T.);
#7710 = VERTEX_POINT('',#7711);
#7711 = CARTESIAN_POINT('',(-0.32,-2.22,8.38));
#7712 = LINE('',#7713,#7714);
#7713 = CARTESIAN_POINT('',(-0.32,-2.22,-3.));
#7714 = VECTOR('',#7715,1.);
#7715 = DIRECTION('',(0.,0.,1.));
#7716 = ORIENTED_EDGE('',*,*,#7717,.T.);
#7717 = EDGE_CURVE('',#7710,#7686,#7718,.T.);
#7718 = LINE('',#7719,#7720);
#7719 = CARTESIAN_POINT('',(-0.32,-2.22,8.38));
#7720 = VECTOR('',#7721,1.);
#7721 = DIRECTION('',(1.,0.,0.));
#7722 = PLANE('',#7723);
#7723 = AXIS2_PLACEMENT_3D('',#7724,#7725,#7726);
#7724 = CARTESIAN_POINT('',(-0.32,-2.22,-3.));
#7725 = DIRECTION('',(0.,1.,0.));
#7726 = DIRECTION('',(0.,-0.,1.));
#7727 = ADVANCED_FACE('',(#7728),#7739,.F.);
#7728 = FACE_BOUND('',#7729,.F.);
#7729 = EDGE_LOOP('',(#7730,#7731,#7732,#7733));
#7730 = ORIENTED_EDGE('',*,*,#7661,.F.);
#7731 = ORIENTED_EDGE('',*,*,#7152,.T.);
#7732 = ORIENTED_EDGE('',*,*,#7709,.T.);
#7733 = ORIENTED_EDGE('',*,*,#7734,.F.);
#7734 = EDGE_CURVE('',#7662,#7710,#7735,.T.);
#7735 = LINE('',#7736,#7737);
#7736 = CARTESIAN_POINT('',(-0.32,-2.86,8.38));
#7737 = VECTOR('',#7738,1.);
#7738 = DIRECTION('',(0.,1.,0.));
#7739 = PLANE('',#7740);
#7740 = AXIS2_PLACEMENT_3D('',#7741,#7742,#7743);
#7741 = CARTESIAN_POINT('',(-0.32,-2.86,-3.));
#7742 = DIRECTION('',(1.,0.,0.));
#7743 = DIRECTION('',(0.,0.,1.));
#7744 = ADVANCED_FACE('',(#7745),#7770,.T.);
#7745 = FACE_BOUND('',#7746,.F.);
#7746 = EDGE_LOOP('',(#7747,#7755,#7756,#7764));
#7747 = ORIENTED_EDGE('',*,*,#7748,.F.);
#7748 = EDGE_CURVE('',#7373,#7749,#7751,.T.);
#7749 = VERTEX_POINT('',#7750);
#7750 = CARTESIAN_POINT('',(-0.16,-0.16,-3.));
#7751 = LINE('',#7752,#7753);
#7752 = CARTESIAN_POINT('',(-0.266666666667,-0.266666666667,
    -2.893333333333));
#7753 = VECTOR('',#7754,1.);
#7754 = DIRECTION('',(0.57735026919,0.57735026919,-0.57735026919));
#7755 = ORIENTED_EDGE('',*,*,#7372,.T.);
#7756 = ORIENTED_EDGE('',*,*,#7757,.T.);
#7757 = EDGE_CURVE('',#7365,#7758,#7760,.T.);
#7758 = VERTEX_POINT('',#7759);
#7759 = CARTESIAN_POINT('',(0.16,-0.16,-3.));
#7760 = LINE('',#7761,#7762);
#7761 = CARTESIAN_POINT('',(0.16,-0.16,-3.));
#7762 = VECTOR('',#7763,1.);
#7763 = DIRECTION('',(-0.57735026919,0.57735026919,-0.57735026919));
#7764 = ORIENTED_EDGE('',*,*,#7765,.F.);
#7765 = EDGE_CURVE('',#7749,#7758,#7766,.T.);
#7766 = LINE('',#7767,#7768);
#7767 = CARTESIAN_POINT('',(-0.32,-0.16,-3.));
#7768 = VECTOR('',#7769,1.);
#7769 = DIRECTION('',(1.,0.,0.));
#7770 = PLANE('',#7771);
#7771 = AXIS2_PLACEMENT_3D('',#7772,#7773,#7774);
#7772 = CARTESIAN_POINT('',(-0.32,-0.24,-2.92));
#7773 = DIRECTION('',(1.735167508357E-18,-0.707106781187,-0.707106781187
    ));
#7774 = DIRECTION('',(-1.,-1.226948711654E-18,-1.226948711654E-18));
#7775 = ADVANCED_FACE('',(#7776),#7794,.F.);
#7776 = FACE_BOUND('',#7777,.F.);
#7777 = EDGE_LOOP('',(#7778,#7779,#7780,#7788));
#7778 = ORIENTED_EDGE('',*,*,#7757,.F.);
#7779 = ORIENTED_EDGE('',*,*,#7396,.T.);
#7780 = ORIENTED_EDGE('',*,*,#7781,.T.);
#7781 = EDGE_CURVE('',#7397,#7782,#7784,.T.);
#7782 = VERTEX_POINT('',#7783);
#7783 = CARTESIAN_POINT('',(0.16,0.16,-3.));
#7784 = LINE('',#7785,#7786);
#7785 = CARTESIAN_POINT('',(5.333333333333E-02,5.333333333333E-02,
    -3.106666666667));
#7786 = VECTOR('',#7787,1.);
#7787 = DIRECTION('',(-0.57735026919,-0.57735026919,-0.57735026919));
#7788 = ORIENTED_EDGE('',*,*,#7789,.F.);
#7789 = EDGE_CURVE('',#7758,#7782,#7790,.T.);
#7790 = LINE('',#7791,#7792);
#7791 = CARTESIAN_POINT('',(0.16,-0.32,-3.));
#7792 = VECTOR('',#7793,1.);
#7793 = DIRECTION('',(0.,1.,0.));
#7794 = PLANE('',#7795);
#7795 = AXIS2_PLACEMENT_3D('',#7796,#7797,#7798);
#7796 = CARTESIAN_POINT('',(0.24,-0.32,-2.92));
#7797 = DIRECTION('',(-0.707106781187,1.735167508357E-18,0.707106781187)
  );
#7798 = DIRECTION('',(1.226948711654E-18,1.,-1.226948711654E-18));
#7799 = ADVANCED_FACE('',(#7800),#7818,.F.);
#7800 = FACE_BOUND('',#7801,.T.);
#7801 = EDGE_LOOP('',(#7802,#7810,#7811,#7812));
#7802 = ORIENTED_EDGE('',*,*,#7803,.F.);
#7803 = EDGE_CURVE('',#7421,#7804,#7806,.T.);
#7804 = VERTEX_POINT('',#7805);
#7805 = CARTESIAN_POINT('',(-0.16,0.16,-3.));
#7806 = LINE('',#7807,#7808);
#7807 = CARTESIAN_POINT('',(-0.16,0.16,-3.));
#7808 = VECTOR('',#7809,1.);
#7809 = DIRECTION('',(0.57735026919,-0.57735026919,-0.57735026919));
#7810 = ORIENTED_EDGE('',*,*,#7420,.T.);
#7811 = ORIENTED_EDGE('',*,*,#7781,.T.);
#7812 = ORIENTED_EDGE('',*,*,#7813,.F.);
#7813 = EDGE_CURVE('',#7804,#7782,#7814,.T.);
#7814 = LINE('',#7815,#7816);
#7815 = CARTESIAN_POINT('',(-0.32,0.16,-3.));
#7816 = VECTOR('',#7817,1.);
#7817 = DIRECTION('',(1.,0.,0.));
#7818 = PLANE('',#7819);
#7819 = AXIS2_PLACEMENT_3D('',#7820,#7821,#7822);
#7820 = CARTESIAN_POINT('',(-0.32,0.24,-2.92));
#7821 = DIRECTION('',(-1.735167508357E-18,-0.707106781187,0.707106781187
    ));
#7822 = DIRECTION('',(-1.,1.226948711654E-18,-1.226948711654E-18));
#7823 = ADVANCED_FACE('',(#7824),#7835,.T.);
#7824 = FACE_BOUND('',#7825,.T.);
#7825 = EDGE_LOOP('',(#7826,#7827,#7828,#7829));
#7826 = ORIENTED_EDGE('',*,*,#7748,.F.);
#7827 = ORIENTED_EDGE('',*,*,#7444,.T.);
#7828 = ORIENTED_EDGE('',*,*,#7803,.T.);
#7829 = ORIENTED_EDGE('',*,*,#7830,.F.);
#7830 = EDGE_CURVE('',#7749,#7804,#7831,.T.);
#7831 = LINE('',#7832,#7833);
#7832 = CARTESIAN_POINT('',(-0.16,-0.32,-3.));
#7833 = VECTOR('',#7834,1.);
#7834 = DIRECTION('',(0.,1.,0.));
#7835 = PLANE('',#7836);
#7836 = AXIS2_PLACEMENT_3D('',#7837,#7838,#7839);
#7837 = CARTESIAN_POINT('',(-0.24,-0.32,-2.92));
#7838 = DIRECTION('',(-0.707106781187,-1.735167508357E-18,
    -0.707106781187));
#7839 = DIRECTION('',(-1.226948711654E-18,1.,-1.226948711654E-18));
#7840 = ADVANCED_FACE('',(#7841),#7866,.T.);
#7841 = FACE_BOUND('',#7842,.F.);
#7842 = EDGE_LOOP('',(#7843,#7851,#7852,#7860));
#7843 = ORIENTED_EDGE('',*,*,#7844,.F.);
#7844 = EDGE_CURVE('',#7469,#7845,#7847,.T.);
#7845 = VERTEX_POINT('',#7846);
#7846 = CARTESIAN_POINT('',(-0.16,-2.7,-3.));
#7847 = LINE('',#7848,#7849);
#7848 = CARTESIAN_POINT('',(-0.266666666667,-2.806666666667,
    -2.893333333333));
#7849 = VECTOR('',#7850,1.);
#7850 = DIRECTION('',(0.57735026919,0.57735026919,-0.57735026919));
#7851 = ORIENTED_EDGE('',*,*,#7468,.T.);
#7852 = ORIENTED_EDGE('',*,*,#7853,.T.);
#7853 = EDGE_CURVE('',#7461,#7854,#7856,.T.);
#7854 = VERTEX_POINT('',#7855);
#7855 = CARTESIAN_POINT('',(0.16,-2.7,-3.));
#7856 = LINE('',#7857,#7858);
#7857 = CARTESIAN_POINT('',(0.16,-2.7,-3.));
#7858 = VECTOR('',#7859,1.);
#7859 = DIRECTION('',(-0.57735026919,0.57735026919,-0.57735026919));
#7860 = ORIENTED_EDGE('',*,*,#7861,.F.);
#7861 = EDGE_CURVE('',#7845,#7854,#7862,.T.);
#7862 = LINE('',#7863,#7864);
#7863 = CARTESIAN_POINT('',(-0.32,-2.7,-3.));
#7864 = VECTOR('',#7865,1.);
#7865 = DIRECTION('',(1.,0.,0.));
#7866 = PLANE('',#7867);
#7867 = AXIS2_PLACEMENT_3D('',#7868,#7869,#7870);
#7868 = CARTESIAN_POINT('',(-0.32,-2.78,-2.92));
#7869 = DIRECTION('',(1.735167508357E-18,-0.707106781187,-0.707106781187
    ));
#7870 = DIRECTION('',(-1.,-1.226948711654E-18,-1.226948711654E-18));
#7871 = ADVANCED_FACE('',(#7872),#7890,.F.);
#7872 = FACE_BOUND('',#7873,.F.);
#7873 = EDGE_LOOP('',(#7874,#7875,#7876,#7884));
#7874 = ORIENTED_EDGE('',*,*,#7853,.F.);
#7875 = ORIENTED_EDGE('',*,*,#7492,.T.);
#7876 = ORIENTED_EDGE('',*,*,#7877,.T.);
#7877 = EDGE_CURVE('',#7493,#7878,#7880,.T.);
#7878 = VERTEX_POINT('',#7879);
#7879 = CARTESIAN_POINT('',(0.16,-2.38,-3.));
#7880 = LINE('',#7881,#7882);
#7881 = CARTESIAN_POINT('',(5.333333333333E-02,-2.486666666667,
    -3.106666666667));
#7882 = VECTOR('',#7883,1.);
#7883 = DIRECTION('',(-0.57735026919,-0.57735026919,-0.57735026919));
#7884 = ORIENTED_EDGE('',*,*,#7885,.F.);
#7885 = EDGE_CURVE('',#7854,#7878,#7886,.T.);
#7886 = LINE('',#7887,#7888);
#7887 = CARTESIAN_POINT('',(0.16,-2.86,-3.));
#7888 = VECTOR('',#7889,1.);
#7889 = DIRECTION('',(0.,1.,0.));
#7890 = PLANE('',#7891);
#7891 = AXIS2_PLACEMENT_3D('',#7892,#7893,#7894);
#7892 = CARTESIAN_POINT('',(0.24,-2.86,-2.92));
#7893 = DIRECTION('',(-0.707106781187,1.735167508357E-18,0.707106781187)
  );
#7894 = DIRECTION('',(1.226948711654E-18,1.,-1.226948711654E-18));
#7895 = ADVANCED_FACE('',(#7896),#7914,.F.);
#7896 = FACE_BOUND('',#7897,.T.);
#7897 = EDGE_LOOP('',(#7898,#7906,#7907,#7908));
#7898 = ORIENTED_EDGE('',*,*,#7899,.F.);
#7899 = EDGE_CURVE('',#7517,#7900,#7902,.T.);
#7900 = VERTEX_POINT('',#7901);
#7901 = CARTESIAN_POINT('',(-0.16,-2.38,-3.));
#7902 = LINE('',#7903,#7904);
#7903 = CARTESIAN_POINT('',(-0.16,-2.38,-3.));
#7904 = VECTOR('',#7905,1.);
#7905 = DIRECTION('',(0.57735026919,-0.57735026919,-0.57735026919));
#7906 = ORIENTED_EDGE('',*,*,#7516,.T.);
#7907 = ORIENTED_EDGE('',*,*,#7877,.T.);
#7908 = ORIENTED_EDGE('',*,*,#7909,.F.);
#7909 = EDGE_CURVE('',#7900,#7878,#7910,.T.);
#7910 = LINE('',#7911,#7912);
#7911 = CARTESIAN_POINT('',(-0.32,-2.38,-3.));
#7912 = VECTOR('',#7913,1.);
#7913 = DIRECTION('',(1.,0.,0.));
#7914 = PLANE('',#7915);
#7915 = AXIS2_PLACEMENT_3D('',#7916,#7917,#7918);
#7916 = CARTESIAN_POINT('',(-0.32,-2.3,-2.92));
#7917 = DIRECTION('',(-1.735167508357E-18,-0.707106781187,0.707106781187
    ));
#7918 = DIRECTION('',(-1.,1.226948711654E-18,-1.226948711654E-18));
#7919 = ADVANCED_FACE('',(#7920),#7931,.T.);
#7920 = FACE_BOUND('',#7921,.T.);
#7921 = EDGE_LOOP('',(#7922,#7923,#7924,#7925));
#7922 = ORIENTED_EDGE('',*,*,#7844,.F.);
#7923 = ORIENTED_EDGE('',*,*,#7540,.T.);
#7924 = ORIENTED_EDGE('',*,*,#7899,.T.);
#7925 = ORIENTED_EDGE('',*,*,#7926,.F.);
#7926 = EDGE_CURVE('',#7845,#7900,#7927,.T.);
#7927 = LINE('',#7928,#7929);
#7928 = CARTESIAN_POINT('',(-0.16,-2.86,-3.));
#7929 = VECTOR('',#7930,1.);
#7930 = DIRECTION('',(0.,1.,0.));
#7931 = PLANE('',#7932);
#7932 = AXIS2_PLACEMENT_3D('',#7933,#7934,#7935);
#7933 = CARTESIAN_POINT('',(-0.24,-2.86,-2.92));
#7934 = DIRECTION('',(-0.707106781187,-1.735167508357E-18,
    -0.707106781187));
#7935 = DIRECTION('',(-1.226948711654E-18,1.,-1.226948711654E-18));
#7936 = ADVANCED_FACE('',(#7937),#7962,.F.);
#7937 = FACE_BOUND('',#7938,.T.);
#7938 = EDGE_LOOP('',(#7939,#7947,#7948,#7956));
#7939 = ORIENTED_EDGE('',*,*,#7940,.F.);
#7940 = EDGE_CURVE('',#7566,#7941,#7943,.T.);
#7941 = VERTEX_POINT('',#7942);
#7942 = CARTESIAN_POINT('',(-0.16,-0.16,8.54));
#7943 = LINE('',#7944,#7945);
#7944 = CARTESIAN_POINT('',(-0.266666666667,-0.266666666667,
    8.433333333333));
#7945 = VECTOR('',#7946,1.);
#7946 = DIRECTION('',(0.57735026919,0.57735026919,0.57735026919));
#7947 = ORIENTED_EDGE('',*,*,#7573,.T.);
#7948 = ORIENTED_EDGE('',*,*,#7949,.T.);
#7949 = EDGE_CURVE('',#7557,#7950,#7952,.T.);
#7950 = VERTEX_POINT('',#7951);
#7951 = CARTESIAN_POINT('',(0.16,-0.16,8.54));
#7952 = LINE('',#7953,#7954);
#7953 = CARTESIAN_POINT('',(0.16,-0.16,8.54));
#7954 = VECTOR('',#7955,1.);
#7955 = DIRECTION('',(-0.57735026919,0.57735026919,0.57735026919));
#7956 = ORIENTED_EDGE('',*,*,#7957,.F.);
#7957 = EDGE_CURVE('',#7941,#7950,#7958,.T.);
#7958 = LINE('',#7959,#7960);
#7959 = CARTESIAN_POINT('',(-0.32,-0.16,8.54));
#7960 = VECTOR('',#7961,1.);
#7961 = DIRECTION('',(1.,0.,0.));
#7962 = PLANE('',#7963);
#7963 = AXIS2_PLACEMENT_3D('',#7964,#7965,#7966);
#7964 = CARTESIAN_POINT('',(-0.32,-0.24,8.46));
#7965 = DIRECTION('',(-1.735167508357E-18,0.707106781187,-0.707106781187
    ));
#7966 = DIRECTION('',(-1.,-1.226948711654E-18,1.226948711654E-18));
#7967 = ADVANCED_FACE('',(#7968),#7986,.T.);
#7968 = FACE_BOUND('',#7969,.T.);
#7969 = EDGE_LOOP('',(#7970,#7971,#7972,#7980));
#7970 = ORIENTED_EDGE('',*,*,#7949,.F.);
#7971 = ORIENTED_EDGE('',*,*,#7597,.T.);
#7972 = ORIENTED_EDGE('',*,*,#7973,.T.);
#7973 = EDGE_CURVE('',#7590,#7974,#7976,.T.);
#7974 = VERTEX_POINT('',#7975);
#7975 = CARTESIAN_POINT('',(0.16,0.16,8.54));
#7976 = LINE('',#7977,#7978);
#7977 = CARTESIAN_POINT('',(5.333333333333E-02,5.333333333333E-02,
    8.646666666667));
#7978 = VECTOR('',#7979,1.);
#7979 = DIRECTION('',(-0.57735026919,-0.57735026919,0.57735026919));
#7980 = ORIENTED_EDGE('',*,*,#7981,.F.);
#7981 = EDGE_CURVE('',#7950,#7974,#7982,.T.);
#7982 = LINE('',#7983,#7984);
#7983 = CARTESIAN_POINT('',(0.16,-0.32,8.54));
#7984 = VECTOR('',#7985,1.);
#7985 = DIRECTION('',(0.,1.,0.));
#7986 = PLANE('',#7987);
#7987 = AXIS2_PLACEMENT_3D('',#7988,#7989,#7990);
#7988 = CARTESIAN_POINT('',(0.24,-0.32,8.46));
#7989 = DIRECTION('',(0.707106781187,-1.735167508357E-18,0.707106781187)
  );
#7990 = DIRECTION('',(1.226948711654E-18,1.,1.226948711654E-18));
#7991 = ADVANCED_FACE('',(#7992),#8010,.T.);
#7992 = FACE_BOUND('',#7993,.F.);
#7993 = EDGE_LOOP('',(#7994,#8002,#8003,#8004));
#7994 = ORIENTED_EDGE('',*,*,#7995,.F.);
#7995 = EDGE_CURVE('',#7614,#7996,#7998,.T.);
#7996 = VERTEX_POINT('',#7997);
#7997 = CARTESIAN_POINT('',(-0.16,0.16,8.54));
#7998 = LINE('',#7999,#8000);
#7999 = CARTESIAN_POINT('',(-0.16,0.16,8.54));
#8000 = VECTOR('',#8001,1.);
#8001 = DIRECTION('',(0.57735026919,-0.57735026919,0.57735026919));
#8002 = ORIENTED_EDGE('',*,*,#7621,.T.);
#8003 = ORIENTED_EDGE('',*,*,#7973,.T.);
#8004 = ORIENTED_EDGE('',*,*,#8005,.F.);
#8005 = EDGE_CURVE('',#7996,#7974,#8006,.T.);
#8006 = LINE('',#8007,#8008);
#8007 = CARTESIAN_POINT('',(-0.32,0.16,8.54));
#8008 = VECTOR('',#8009,1.);
#8009 = DIRECTION('',(1.,0.,0.));
#8010 = PLANE('',#8011);
#8011 = AXIS2_PLACEMENT_3D('',#8012,#8013,#8014);
#8012 = CARTESIAN_POINT('',(-0.32,0.24,8.46));
#8013 = DIRECTION('',(1.735167508357E-18,0.707106781187,0.707106781187)
  );
#8014 = DIRECTION('',(-1.,1.226948711654E-18,1.226948711654E-18));
#8015 = ADVANCED_FACE('',(#8016),#8027,.F.);
#8016 = FACE_BOUND('',#8017,.F.);
#8017 = EDGE_LOOP('',(#8018,#8019,#8020,#8021));
#8018 = ORIENTED_EDGE('',*,*,#7940,.F.);
#8019 = ORIENTED_EDGE('',*,*,#7638,.T.);
#8020 = ORIENTED_EDGE('',*,*,#7995,.T.);
#8021 = ORIENTED_EDGE('',*,*,#8022,.F.);
#8022 = EDGE_CURVE('',#7941,#7996,#8023,.T.);
#8023 = LINE('',#8024,#8025);
#8024 = CARTESIAN_POINT('',(-0.16,-0.32,8.54));
#8025 = VECTOR('',#8026,1.);
#8026 = DIRECTION('',(0.,1.,0.));
#8027 = PLANE('',#8028);
#8028 = AXIS2_PLACEMENT_3D('',#8029,#8030,#8031);
#8029 = CARTESIAN_POINT('',(-0.24,-0.32,8.46));
#8030 = DIRECTION('',(0.707106781187,1.735167508357E-18,-0.707106781187)
  );
#8031 = DIRECTION('',(-1.226948711654E-18,1.,1.226948711654E-18));
#8032 = ADVANCED_FACE('',(#8033),#8058,.F.);
#8033 = FACE_BOUND('',#8034,.T.);
#8034 = EDGE_LOOP('',(#8035,#8043,#8044,#8052));
#8035 = ORIENTED_EDGE('',*,*,#8036,.F.);
#8036 = EDGE_CURVE('',#7662,#8037,#8039,.T.);
#8037 = VERTEX_POINT('',#8038);
#8038 = CARTESIAN_POINT('',(-0.16,-2.7,8.54));
#8039 = LINE('',#8040,#8041);
#8040 = CARTESIAN_POINT('',(-0.266666666667,-2.806666666667,
    8.433333333333));
#8041 = VECTOR('',#8042,1.);
#8042 = DIRECTION('',(0.57735026919,0.57735026919,0.57735026919));
#8043 = ORIENTED_EDGE('',*,*,#7669,.T.);
#8044 = ORIENTED_EDGE('',*,*,#8045,.T.);
#8045 = EDGE_CURVE('',#7653,#8046,#8048,.T.);
#8046 = VERTEX_POINT('',#8047);
#8047 = CARTESIAN_POINT('',(0.16,-2.7,8.54));
#8048 = LINE('',#8049,#8050);
#8049 = CARTESIAN_POINT('',(0.16,-2.7,8.54));
#8050 = VECTOR('',#8051,1.);
#8051 = DIRECTION('',(-0.57735026919,0.57735026919,0.57735026919));
#8052 = ORIENTED_EDGE('',*,*,#8053,.F.);
#8053 = EDGE_CURVE('',#8037,#8046,#8054,.T.);
#8054 = LINE('',#8055,#8056);
#8055 = CARTESIAN_POINT('',(-0.32,-2.7,8.54));
#8056 = VECTOR('',#8057,1.);
#8057 = DIRECTION('',(1.,0.,0.));
#8058 = PLANE('',#8059);
#8059 = AXIS2_PLACEMENT_3D('',#8060,#8061,#8062);
#8060 = CARTESIAN_POINT('',(-0.32,-2.78,8.46));
#8061 = DIRECTION('',(-1.735167508357E-18,0.707106781187,-0.707106781187
    ));
#8062 = DIRECTION('',(-1.,-1.226948711654E-18,1.226948711654E-18));
#8063 = ADVANCED_FACE('',(#8064),#8082,.T.);
#8064 = FACE_BOUND('',#8065,.T.);
#8065 = EDGE_LOOP('',(#8066,#8067,#8068,#8076));
#8066 = ORIENTED_EDGE('',*,*,#8045,.F.);
#8067 = ORIENTED_EDGE('',*,*,#7693,.T.);
#8068 = ORIENTED_EDGE('',*,*,#8069,.T.);
#8069 = EDGE_CURVE('',#7686,#8070,#8072,.T.);
#8070 = VERTEX_POINT('',#8071);
#8071 = CARTESIAN_POINT('',(0.16,-2.38,8.54));
#8072 = LINE('',#8073,#8074);
#8073 = CARTESIAN_POINT('',(5.333333333333E-02,-2.486666666667,
    8.646666666667));
#8074 = VECTOR('',#8075,1.);
#8075 = DIRECTION('',(-0.57735026919,-0.57735026919,0.57735026919));
#8076 = ORIENTED_EDGE('',*,*,#8077,.F.);
#8077 = EDGE_CURVE('',#8046,#8070,#8078,.T.);
#8078 = LINE('',#8079,#8080);
#8079 = CARTESIAN_POINT('',(0.16,-2.86,8.54));
#8080 = VECTOR('',#8081,1.);
#8081 = DIRECTION('',(0.,1.,0.));
#8082 = PLANE('',#8083);
#8083 = AXIS2_PLACEMENT_3D('',#8084,#8085,#8086);
#8084 = CARTESIAN_POINT('',(0.24,-2.86,8.46));
#8085 = DIRECTION('',(0.707106781187,-1.735167508357E-18,0.707106781187)
  );
#8086 = DIRECTION('',(1.226948711654E-18,1.,1.226948711654E-18));
#8087 = ADVANCED_FACE('',(#8088),#8106,.T.);
#8088 = FACE_BOUND('',#8089,.F.);
#8089 = EDGE_LOOP('',(#8090,#8098,#8099,#8100));
#8090 = ORIENTED_EDGE('',*,*,#8091,.F.);
#8091 = EDGE_CURVE('',#7710,#8092,#8094,.T.);
#8092 = VERTEX_POINT('',#8093);
#8093 = CARTESIAN_POINT('',(-0.16,-2.38,8.54));
#8094 = LINE('',#8095,#8096);
#8095 = CARTESIAN_POINT('',(-0.16,-2.38,8.54));
#8096 = VECTOR('',#8097,1.);
#8097 = DIRECTION('',(0.57735026919,-0.57735026919,0.57735026919));
#8098 = ORIENTED_EDGE('',*,*,#7717,.T.);
#8099 = ORIENTED_EDGE('',*,*,#8069,.T.);
#8100 = ORIENTED_EDGE('',*,*,#8101,.F.);
#8101 = EDGE_CURVE('',#8092,#8070,#8102,.T.);
#8102 = LINE('',#8103,#8104);
#8103 = CARTESIAN_POINT('',(-0.32,-2.38,8.54));
#8104 = VECTOR('',#8105,1.);
#8105 = DIRECTION('',(1.,0.,0.));
#8106 = PLANE('',#8107);
#8107 = AXIS2_PLACEMENT_3D('',#8108,#8109,#8110);
#8108 = CARTESIAN_POINT('',(-0.32,-2.3,8.46));
#8109 = DIRECTION('',(1.735167508357E-18,0.707106781187,0.707106781187)
  );
#8110 = DIRECTION('',(-1.,1.226948711654E-18,1.226948711654E-18));
#8111 = ADVANCED_FACE('',(#8112),#8123,.F.);
#8112 = FACE_BOUND('',#8113,.F.);
#8113 = EDGE_LOOP('',(#8114,#8115,#8116,#8117));
#8114 = ORIENTED_EDGE('',*,*,#8036,.F.);
#8115 = ORIENTED_EDGE('',*,*,#7734,.T.);
#8116 = ORIENTED_EDGE('',*,*,#8091,.T.);
#8117 = ORIENTED_EDGE('',*,*,#8118,.F.);
#8118 = EDGE_CURVE('',#8037,#8092,#8119,.T.);
#8119 = LINE('',#8120,#8121);
#8120 = CARTESIAN_POINT('',(-0.16,-2.86,8.54));
#8121 = VECTOR('',#8122,1.);
#8122 = DIRECTION('',(0.,1.,0.));
#8123 = PLANE('',#8124);
#8124 = AXIS2_PLACEMENT_3D('',#8125,#8126,#8127);
#8125 = CARTESIAN_POINT('',(-0.24,-2.86,8.46));
#8126 = DIRECTION('',(0.707106781187,1.735167508357E-18,-0.707106781187)
  );
#8127 = DIRECTION('',(-1.226948711654E-18,1.,1.226948711654E-18));
#8128 = ADVANCED_FACE('',(#8129),#8135,.F.);
#8129 = FACE_BOUND('',#8130,.F.);
#8130 = EDGE_LOOP('',(#8131,#8132,#8133,#8134));
#8131 = ORIENTED_EDGE('',*,*,#7830,.F.);
#8132 = ORIENTED_EDGE('',*,*,#7765,.T.);
#8133 = ORIENTED_EDGE('',*,*,#7789,.T.);
#8134 = ORIENTED_EDGE('',*,*,#7813,.F.);
#8135 = PLANE('',#8136);
#8136 = AXIS2_PLACEMENT_3D('',#8137,#8138,#8139);
#8137 = CARTESIAN_POINT('',(-0.32,-0.32,-3.));
#8138 = DIRECTION('',(0.,0.,1.));
#8139 = DIRECTION('',(1.,0.,-0.));
#8140 = ADVANCED_FACE('',(#8141),#8147,.F.);
#8141 = FACE_BOUND('',#8142,.F.);
#8142 = EDGE_LOOP('',(#8143,#8144,#8145,#8146));
#8143 = ORIENTED_EDGE('',*,*,#7926,.F.);
#8144 = ORIENTED_EDGE('',*,*,#7861,.T.);
#8145 = ORIENTED_EDGE('',*,*,#7885,.T.);
#8146 = ORIENTED_EDGE('',*,*,#7909,.F.);
#8147 = PLANE('',#8148);
#8148 = AXIS2_PLACEMENT_3D('',#8149,#8150,#8151);
#8149 = CARTESIAN_POINT('',(-0.32,-2.86,-3.));
#8150 = DIRECTION('',(0.,0.,1.));
#8151 = DIRECTION('',(1.,0.,-0.));
#8152 = ADVANCED_FACE('',(#8153),#8159,.T.);
#8153 = FACE_BOUND('',#8154,.T.);
#8154 = EDGE_LOOP('',(#8155,#8156,#8157,#8158));
#8155 = ORIENTED_EDGE('',*,*,#8005,.F.);
#8156 = ORIENTED_EDGE('',*,*,#8022,.F.);
#8157 = ORIENTED_EDGE('',*,*,#7957,.T.);
#8158 = ORIENTED_EDGE('',*,*,#7981,.T.);
#8159 = PLANE('',#8160);
#8160 = AXIS2_PLACEMENT_3D('',#8161,#8162,#8163);
#8161 = CARTESIAN_POINT('',(-0.32,-0.32,8.54));
#8162 = DIRECTION('',(0.,0.,1.));
#8163 = DIRECTION('',(1.,0.,-0.));
#8164 = ADVANCED_FACE('',(#8165),#8171,.T.);
#8165 = FACE_BOUND('',#8166,.T.);
#8166 = EDGE_LOOP('',(#8167,#8168,#8169,#8170));
#8167 = ORIENTED_EDGE('',*,*,#8101,.F.);
#8168 = ORIENTED_EDGE('',*,*,#8118,.F.);
#8169 = ORIENTED_EDGE('',*,*,#8053,.T.);
#8170 = ORIENTED_EDGE('',*,*,#8077,.T.);
#8171 = PLANE('',#8172);
#8172 = AXIS2_PLACEMENT_3D('',#8173,#8174,#8175);
#8173 = CARTESIAN_POINT('',(-0.32,-2.86,8.54));
#8174 = DIRECTION('',(0.,0.,1.));
#8175 = DIRECTION('',(1.,0.,-0.));
#8176 = ( GEOMETRIC_REPRESENTATION_CONTEXT(3) 
GLOBAL_UNCERTAINTY_ASSIGNED_CONTEXT((#8180)) 
GLOBAL_UNIT_ASSIGNED_CONTEXT((#8177,#8178,#8179)) REPRESENTATION_CONTEXT
('Context #1','3D Context with UNIT and UNCERTAINTY') );
#8177 = ( LENGTH_UNIT() NAMED_UNIT(*) SI_UNIT(.MILLI.,.METRE.) );
#8178 = ( NAMED_UNIT(*) PLANE_ANGLE_UNIT() SI_UNIT($,.RADIAN.) );
#8179 = ( NAMED_UNIT(*) SI_UNIT($,.STERADIAN.) SOLID_ANGLE_UNIT() );
#8180 = UNCERTAINTY_MEASURE_WITH_UNIT(LENGTH_MEASURE(1.E-07),#8177,
  'distance_accuracy_value','confusion accuracy');
#8181 = CONTEXT_DEPENDENT_SHAPE_REPRESENTATION(#8182,#8184);
#8182 = ( REPRESENTATION_RELATIONSHIP('','',#6743,#6720) 
REPRESENTATION_RELATIONSHIP_WITH_TRANSFORMATION(#8183) 
SHAPE_REPRESENTATION_RELATIONSHIP() );
#8183 = ITEM_DEFINED_TRANSFORMATION('','',#11,#6721);
#8184 = PRODUCT_DEFINITION_SHAPE('Placement','Placement of an item',
  #8185);
#8185 = NEXT_ASSEMBLY_USAGE_OCCURRENCE('29','=>[0:1:1:13]','',#6715,
  #6738,$);
#8186 = PRODUCT_RELATED_PRODUCT_CATEGORY('part',$,(#6740));
#8187 = CONTEXT_DEPENDENT_SHAPE_REPRESENTATION(#8188,#8190);
#8188 = ( REPRESENTATION_RELATIONSHIP('','',#5749,#10) 
REPRESENTATION_RELATIONSHIP_WITH_TRANSFORMATION(#8189) 
SHAPE_REPRESENTATION_RELATIONSHIP() );
#8189 = ITEM_DEFINED_TRANSFORMATION('','',#11,#111);
#8190 = PRODUCT_DEFINITION_SHAPE('Placement','Placement of an item',
  #8191);
#8191 = NEXT_ASSEMBLY_USAGE_OCCURRENCE('31','C14','',#5,#5744,$);
#8192 = CONTEXT_DEPENDENT_SHAPE_REPRESENTATION(#8193,#8195);
#8193 = ( REPRESENTATION_RELATIONSHIP('','',#4006,#10) 
REPRESENTATION_RELATIONSHIP_WITH_TRANSFORMATION(#8194) 
SHAPE_REPRESENTATION_RELATIONSHIP() );
#8194 = ITEM_DEFINED_TRANSFORMATION('','',#11,#115);
#8195 = PRODUCT_DEFINITION_SHAPE('Placement','Placement of an item',
  #8196);
#8196 = NEXT_ASSEMBLY_USAGE_OCCURRENCE('32','C22','',#5,#4001,$);
#8197 = CONTEXT_DEPENDENT_SHAPE_REPRESENTATION(#8198,#8200);
#8198 = ( REPRESENTATION_RELATIONSHIP('','',#4907,#10) 
REPRESENTATION_RELATIONSHIP_WITH_TRANSFORMATION(#8199) 
SHAPE_REPRESENTATION_RELATIONSHIP() );
#8199 = ITEM_DEFINED_TRANSFORMATION('','',#11,#119);
#8200 = PRODUCT_DEFINITION_SHAPE('Placement','Placement of an item',
  #8201);
#8201 = NEXT_ASSEMBLY_USAGE_OCCURRENCE('33','R5','',#5,#4902,$);
#8202 = CONTEXT_DEPENDENT_SHAPE_REPRESENTATION(#8203,#8205);
#8203 = ( REPRESENTATION_RELATIONSHIP('','',#4006,#10) 
REPRESENTATION_RELATIONSHIP_WITH_TRANSFORMATION(#8204) 
SHAPE_REPRESENTATION_RELATIONSHIP() );
#8204 = ITEM_DEFINED_TRANSFORMATION('','',#11,#123);
#8205 = PRODUCT_DEFINITION_SHAPE('Placement','Placement of an item',
  #8206);
#8206 = NEXT_ASSEMBLY_USAGE_OCCURRENCE('34','C7','',#5,#4001,$);
#8207 = CONTEXT_DEPENDENT_SHAPE_REPRESENTATION(#8208,#8210);
#8208 = ( REPRESENTATION_RELATIONSHIP('','',#5749,#10) 
REPRESENTATION_RELATIONSHIP_WITH_TRANSFORMATION(#8209) 
SHAPE_REPRESENTATION_RELATIONSHIP() );
#8209 = ITEM_DEFINED_TRANSFORMATION('','',#11,#127);
#8210 = PRODUCT_DEFINITION_SHAPE('Placement','Placement of an item',
  #8211);
#8211 = NEXT_ASSEMBLY_USAGE_OCCURRENCE('35','C19','',#5,#5744,$);
#8212 = CONTEXT_DEPENDENT_SHAPE_REPRESENTATION(#8213,#8215);
#8213 = ( REPRESENTATION_RELATIONSHIP('','',#4907,#10) 
REPRESENTATION_RELATIONSHIP_WITH_TRANSFORMATION(#8214) 
SHAPE_REPRESENTATION_RELATIONSHIP() );
#8214 = ITEM_DEFINED_TRANSFORMATION('','',#11,#131);
#8215 = PRODUCT_DEFINITION_SHAPE('Placement','Placement of an item',
  #8216);
#8216 = NEXT_ASSEMBLY_USAGE_OCCURRENCE('36','R3','',#5,#4902,$);
#8217 = CONTEXT_DEPENDENT_SHAPE_REPRESENTATION(#8218,#8220);
#8218 = ( REPRESENTATION_RELATIONSHIP('','',#1072,#10) 
REPRESENTATION_RELATIONSHIP_WITH_TRANSFORMATION(#8219) 
SHAPE_REPRESENTATION_RELATIONSHIP() );
#8219 = ITEM_DEFINED_TRANSFORMATION('','',#11,#135);
#8220 = PRODUCT_DEFINITION_SHAPE('Placement','Placement of an item',
  #8221);
#8221 = NEXT_ASSEMBLY_USAGE_OCCURRENCE('37','M4','',#5,#1067,$);
#8222 = CONTEXT_DEPENDENT_SHAPE_REPRESENTATION(#8223,#8225);
#8223 = ( REPRESENTATION_RELATIONSHIP('','',#4907,#10) 
REPRESENTATION_RELATIONSHIP_WITH_TRANSFORMATION(#8224) 
SHAPE_REPRESENTATION_RELATIONSHIP() );
#8224 = ITEM_DEFINED_TRANSFORMATION('','',#11,#139);
#8225 = PRODUCT_DEFINITION_SHAPE('Placement','Placement of an item',
  #8226);
#8226 = NEXT_ASSEMBLY_USAGE_OCCURRENCE('38','R2','',#5,#4902,$);
#8227 = CONTEXT_DEPENDENT_SHAPE_REPRESENTATION(#8228,#8230);
#8228 = ( REPRESENTATION_RELATIONSHIP('','',#1072,#10) 
REPRESENTATION_RELATIONSHIP_WITH_TRANSFORMATION(#8229) 
SHAPE_REPRESENTATION_RELATIONSHIP() );
#8229 = ITEM_DEFINED_TRANSFORMATION('','',#11,#143);
#8230 = PRODUCT_DEFINITION_SHAPE('Placement','Placement of an item',
  #8231);
#8231 = NEXT_ASSEMBLY_USAGE_OCCURRENCE('39','M2','',#5,#1067,$);
#8232 = CONTEXT_DEPENDENT_SHAPE_REPRESENTATION(#8233,#8235);
#8233 = ( REPRESENTATION_RELATIONSHIP('','',#176,#10) 
REPRESENTATION_RELATIONSHIP_WITH_TRANSFORMATION(#8234) 
SHAPE_REPRESENTATION_RELATIONSHIP() );
#8234 = ITEM_DEFINED_TRANSFORMATION('','',#11,#147);
#8235 = PRODUCT_DEFINITION_SHAPE('Placement','Placement of an item',
  #8236);
#8236 = NEXT_ASSEMBLY_USAGE_OCCURRENCE('40','C16','',#5,#171,$);
#8237 = CONTEXT_DEPENDENT_SHAPE_REPRESENTATION(#8238,#8240);
#8238 = ( REPRESENTATION_RELATIONSHIP('','',#5749,#10) 
REPRESENTATION_RELATIONSHIP_WITH_TRANSFORMATION(#8239) 
SHAPE_REPRESENTATION_RELATIONSHIP() );
#8239 = ITEM_DEFINED_TRANSFORMATION('','',#11,#151);
#8240 = PRODUCT_DEFINITION_SHAPE('Placement','Placement of an item',
  #8241);
#8241 = NEXT_ASSEMBLY_USAGE_OCCURRENCE('41','C4','',#5,#5744,$);
#8242 = CONTEXT_DEPENDENT_SHAPE_REPRESENTATION(#8243,#8245);
#8243 = ( REPRESENTATION_RELATIONSHIP('','',#176,#10) 
REPRESENTATION_RELATIONSHIP_WITH_TRANSFORMATION(#8244) 
SHAPE_REPRESENTATION_RELATIONSHIP() );
#8244 = ITEM_DEFINED_TRANSFORMATION('','',#11,#155);
#8245 = PRODUCT_DEFINITION_SHAPE('Placement','Placement of an item',
  #8246);
#8246 = NEXT_ASSEMBLY_USAGE_OCCURRENCE('42','C18','',#5,#171,$);
#8247 = SHAPE_DEFINITION_REPRESENTATION(#8248,#8254);
#8248 = PRODUCT_DEFINITION_SHAPE('','',#8249);
#8249 = PRODUCT_DEFINITION('design','',#8250,#8253);
#8250 = PRODUCT_DEFINITION_FORMATION('','',#8251);
#8251 = PRODUCT('lux-unsaved-export-ZjX12o_PCB',
  'lux-unsaved-export-ZjX12o_PCB','',(#8252));
#8252 = PRODUCT_CONTEXT('',#2,'mechanical');
#8253 = PRODUCT_DEFINITION_CONTEXT('part definition',#2,'design');
#8254 = ADVANCED_BREP_SHAPE_REPRESENTATION('',(#11,#8255),#10213);
#8255 = MANIFOLD_SOLID_BREP('',#8256);
#8256 = CLOSED_SHELL('',(#8257,#8297,#8328,#8359,#8872,#9385,#9397,#9414
    ,#9431,#9448,#9465,#9482,#9499,#9516,#9533,#9550,#9567,#9584,#9601,
    #9618,#9635,#9652,#9669,#9686,#9703,#9720,#9737,#9754,#9771,#9788,
    #9805,#9822,#9839,#9856,#9873,#9895,#9912,#9929,#9941,#9958,#9980,
    #9997,#10014,#10026,#10043,#10065,#10082,#10099,#10111,#10128,#10145
    ,#10167,#10184,#10201));
#8257 = ADVANCED_FACE('',(#8258),#8292,.T.);
#8258 = FACE_BOUND('',#8259,.T.);
#8259 = EDGE_LOOP('',(#8260,#8270,#8278,#8286));
#8260 = ORIENTED_EDGE('',*,*,#8261,.T.);
#8261 = EDGE_CURVE('',#8262,#8264,#8266,.T.);
#8262 = VERTEX_POINT('',#8263);
#8263 = CARTESIAN_POINT('',(1.245E+03,-1.062E+03,0.));
#8264 = VERTEX_POINT('',#8265);
#8265 = CARTESIAN_POINT('',(1.245E+03,-1.062E+03,1.51));
#8266 = LINE('',#8267,#8268);
#8267 = CARTESIAN_POINT('',(1.245E+03,-1.062E+03,0.));
#8268 = VECTOR('',#8269,1.);
#8269 = DIRECTION('',(0.,0.,1.));
#8270 = ORIENTED_EDGE('',*,*,#8271,.T.);
#8271 = EDGE_CURVE('',#8264,#8272,#8274,.T.);
#8272 = VERTEX_POINT('',#8273);
#8273 = CARTESIAN_POINT('',(1.151E+03,-1.062E+03,1.51));
#8274 = LINE('',#8275,#8276);
#8275 = CARTESIAN_POINT('',(1.245E+03,-1.062E+03,1.51));
#8276 = VECTOR('',#8277,1.);
#8277 = DIRECTION('',(-1.,0.,0.));
#8278 = ORIENTED_EDGE('',*,*,#8279,.F.);
#8279 = EDGE_CURVE('',#8280,#8272,#8282,.T.);
#8280 = VERTEX_POINT('',#8281);
#8281 = CARTESIAN_POINT('',(1.151E+03,-1.062E+03,0.));
#8282 = LINE('',#8283,#8284);
#8283 = CARTESIAN_POINT('',(1.151E+03,-1.062E+03,0.));
#8284 = VECTOR('',#8285,1.);
#8285 = DIRECTION('',(0.,0.,1.));
#8286 = ORIENTED_EDGE('',*,*,#8287,.F.);
#8287 = EDGE_CURVE('',#8262,#8280,#8288,.T.);
#8288 = LINE('',#8289,#8290);
#8289 = CARTESIAN_POINT('',(1.245E+03,-1.062E+03,0.));
#8290 = VECTOR('',#8291,1.);
#8291 = DIRECTION('',(-1.,0.,0.));
#8292 = PLANE('',#8293);
#8293 = AXIS2_PLACEMENT_3D('',#8294,#8295,#8296);
#8294 = CARTESIAN_POINT('',(1.245E+03,-1.062E+03,0.));
#8295 = DIRECTION('',(0.,-1.,0.));
#8296 = DIRECTION('',(-1.,0.,0.));
#8297 = ADVANCED_FACE('',(#8298),#8323,.T.);
#8298 = FACE_BOUND('',#8299,.T.);
#8299 = EDGE_LOOP('',(#8300,#8310,#8316,#8317));
#8300 = ORIENTED_EDGE('',*,*,#8301,.T.);
#8301 = EDGE_CURVE('',#8302,#8304,#8306,.T.);
#8302 = VERTEX_POINT('',#8303);
#8303 = CARTESIAN_POINT('',(1.245E+03,-1.034E+03,0.));
#8304 = VERTEX_POINT('',#8305);
#8305 = CARTESIAN_POINT('',(1.245E+03,-1.034E+03,1.51));
#8306 = LINE('',#8307,#8308);
#8307 = CARTESIAN_POINT('',(1.245E+03,-1.034E+03,0.));
#8308 = VECTOR('',#8309,1.);
#8309 = DIRECTION('',(0.,0.,1.));
#8310 = ORIENTED_EDGE('',*,*,#8311,.T.);
#8311 = EDGE_CURVE('',#8304,#8264,#8312,.T.);
#8312 = LINE('',#8313,#8314);
#8313 = CARTESIAN_POINT('',(1.245E+03,-1.034E+03,1.51));
#8314 = VECTOR('',#8315,1.);
#8315 = DIRECTION('',(0.,-1.,0.));
#8316 = ORIENTED_EDGE('',*,*,#8261,.F.);
#8317 = ORIENTED_EDGE('',*,*,#8318,.F.);
#8318 = EDGE_CURVE('',#8302,#8262,#8319,.T.);
#8319 = LINE('',#8320,#8321);
#8320 = CARTESIAN_POINT('',(1.245E+03,-1.034E+03,0.));
#8321 = VECTOR('',#8322,1.);
#8322 = DIRECTION('',(0.,-1.,0.));
#8323 = PLANE('',#8324);
#8324 = AXIS2_PLACEMENT_3D('',#8325,#8326,#8327);
#8325 = CARTESIAN_POINT('',(1.245E+03,-1.034E+03,0.));
#8326 = DIRECTION('',(1.,0.,-0.));
#8327 = DIRECTION('',(0.,-1.,0.));
#8328 = ADVANCED_FACE('',(#8329),#8354,.T.);
#8329 = FACE_BOUND('',#8330,.T.);
#8330 = EDGE_LOOP('',(#8331,#8332,#8340,#8348));
#8331 = ORIENTED_EDGE('',*,*,#8279,.T.);
#8332 = ORIENTED_EDGE('',*,*,#8333,.T.);
#8333 = EDGE_CURVE('',#8272,#8334,#8336,.T.);
#8334 = VERTEX_POINT('',#8335);
#8335 = CARTESIAN_POINT('',(1.151E+03,-1.034E+03,1.51));
#8336 = LINE('',#8337,#8338);
#8337 = CARTESIAN_POINT('',(1.151E+03,-1.062E+03,1.51));
#8338 = VECTOR('',#8339,1.);
#8339 = DIRECTION('',(0.,1.,0.));
#8340 = ORIENTED_EDGE('',*,*,#8341,.F.);
#8341 = EDGE_CURVE('',#8342,#8334,#8344,.T.);
#8342 = VERTEX_POINT('',#8343);
#8343 = CARTESIAN_POINT('',(1.151E+03,-1.034E+03,0.));
#8344 = LINE('',#8345,#8346);
#8345 = CARTESIAN_POINT('',(1.151E+03,-1.034E+03,0.));
#8346 = VECTOR('',#8347,1.);
#8347 = DIRECTION('',(0.,0.,1.));
#8348 = ORIENTED_EDGE('',*,*,#8349,.F.);
#8349 = EDGE_CURVE('',#8280,#8342,#8350,.T.);
#8350 = LINE('',#8351,#8352);
#8351 = CARTESIAN_POINT('',(1.151E+03,-1.062E+03,0.));
#8352 = VECTOR('',#8353,1.);
#8353 = DIRECTION('',(0.,1.,0.));
#8354 = PLANE('',#8355);
#8355 = AXIS2_PLACEMENT_3D('',#8356,#8357,#8358);
#8356 = CARTESIAN_POINT('',(1.151E+03,-1.062E+03,0.));
#8357 = DIRECTION('',(-1.,0.,0.));
#8358 = DIRECTION('',(0.,1.,0.));
#8359 = ADVANCED_FACE('',(#8360,#8371,#8382,#8393,#8404,#8415,#8426,
    #8437,#8448,#8459,#8470,#8481,#8492,#8503,#8514,#8525,#8536,#8547,
    #8558,#8569,#8580,#8591,#8602,#8613,#8624,#8635,#8646,#8657,#8668,
    #8679,#8715,#8726,#8762,#8773,#8809,#8820,#8831),#8867,.F.);
#8360 = FACE_BOUND('',#8361,.F.);
#8361 = EDGE_LOOP('',(#8362,#8363,#8364,#8370));
#8362 = ORIENTED_EDGE('',*,*,#8287,.F.);
#8363 = ORIENTED_EDGE('',*,*,#8318,.F.);
#8364 = ORIENTED_EDGE('',*,*,#8365,.F.);
#8365 = EDGE_CURVE('',#8342,#8302,#8366,.T.);
#8366 = LINE('',#8367,#8368);
#8367 = CARTESIAN_POINT('',(1.151E+03,-1.034E+03,0.));
#8368 = VECTOR('',#8369,1.);
#8369 = DIRECTION('',(1.,0.,0.));
#8370 = ORIENTED_EDGE('',*,*,#8349,.F.);
#8371 = FACE_BOUND('',#8372,.F.);
#8372 = EDGE_LOOP('',(#8373));
#8373 = ORIENTED_EDGE('',*,*,#8374,.T.);
#8374 = EDGE_CURVE('',#8375,#8375,#8377,.T.);
#8375 = VERTEX_POINT('',#8376);
#8376 = CARTESIAN_POINT('',(1.163E+03,-1.058325E+03,0.));
#8377 = CIRCLE('',#8378,0.375);
#8378 = AXIS2_PLACEMENT_3D('',#8379,#8380,#8381);
#8379 = CARTESIAN_POINT('',(1.163E+03,-1.05795E+03,0.));
#8380 = DIRECTION('',(-0.,0.,-1.));
#8381 = DIRECTION('',(-0.,-1.,0.));
#8382 = FACE_BOUND('',#8383,.F.);
#8383 = EDGE_LOOP('',(#8384));
#8384 = ORIENTED_EDGE('',*,*,#8385,.T.);
#8385 = EDGE_CURVE('',#8386,#8386,#8388,.T.);
#8386 = VERTEX_POINT('',#8387);
#8387 = CARTESIAN_POINT('',(1.165E+03,-1.058325E+03,0.));
#8388 = CIRCLE('',#8389,0.375);
#8389 = AXIS2_PLACEMENT_3D('',#8390,#8391,#8392);
#8390 = CARTESIAN_POINT('',(1.165E+03,-1.05795E+03,0.));
#8391 = DIRECTION('',(-0.,0.,-1.));
#8392 = DIRECTION('',(-0.,-1.,0.));
#8393 = FACE_BOUND('',#8394,.F.);
#8394 = EDGE_LOOP('',(#8395));
#8395 = ORIENTED_EDGE('',*,*,#8396,.T.);
#8396 = EDGE_CURVE('',#8397,#8397,#8399,.T.);
#8397 = VERTEX_POINT('',#8398);
#8398 = CARTESIAN_POINT('',(1.18E+03,-1.05875E+03,0.));
#8399 = CIRCLE('',#8400,1.25);
#8400 = AXIS2_PLACEMENT_3D('',#8401,#8402,#8403);
#8401 = CARTESIAN_POINT('',(1.18E+03,-1.0575E+03,0.));
#8402 = DIRECTION('',(-0.,0.,-1.));
#8403 = DIRECTION('',(-0.,-1.,0.));
#8404 = FACE_BOUND('',#8405,.F.);
#8405 = EDGE_LOOP('',(#8406));
#8406 = ORIENTED_EDGE('',*,*,#8407,.T.);
#8407 = EDGE_CURVE('',#8408,#8408,#8410,.T.);
#8408 = VERTEX_POINT('',#8409);
#8409 = CARTESIAN_POINT('',(1.17575E+03,-1.0493E+03,0.));
#8410 = CIRCLE('',#8411,0.3);
#8411 = AXIS2_PLACEMENT_3D('',#8412,#8413,#8414);
#8412 = CARTESIAN_POINT('',(1.17575E+03,-1.049E+03,0.));
#8413 = DIRECTION('',(-0.,0.,-1.));
#8414 = DIRECTION('',(-0.,-1.,0.));
#8415 = FACE_BOUND('',#8416,.F.);
#8416 = EDGE_LOOP('',(#8417));
#8417 = ORIENTED_EDGE('',*,*,#8418,.T.);
#8418 = EDGE_CURVE('',#8419,#8419,#8421,.T.);
#8419 = VERTEX_POINT('',#8420);
#8420 = CARTESIAN_POINT('',(1.17575E+03,-1.04805E+03,0.));
#8421 = CIRCLE('',#8422,0.3);
#8422 = AXIS2_PLACEMENT_3D('',#8423,#8424,#8425);
#8423 = CARTESIAN_POINT('',(1.17575E+03,-1.04775E+03,0.));
#8424 = DIRECTION('',(-0.,0.,-1.));
#8425 = DIRECTION('',(-0.,-1.,0.));
#8426 = FACE_BOUND('',#8427,.F.);
#8427 = EDGE_LOOP('',(#8428));
#8428 = ORIENTED_EDGE('',*,*,#8429,.T.);
#8429 = EDGE_CURVE('',#8430,#8430,#8432,.T.);
#8430 = VERTEX_POINT('',#8431);
#8431 = CARTESIAN_POINT('',(1.204E+03,-1.05975E+03,0.));
#8432 = CIRCLE('',#8433,0.5);
#8433 = AXIS2_PLACEMENT_3D('',#8434,#8435,#8436);
#8434 = CARTESIAN_POINT('',(1.204E+03,-1.05925E+03,0.));
#8435 = DIRECTION('',(-0.,0.,-1.));
#8436 = DIRECTION('',(-0.,-1.,0.));
#8437 = FACE_BOUND('',#8438,.F.);
#8438 = EDGE_LOOP('',(#8439));
#8439 = ORIENTED_EDGE('',*,*,#8440,.T.);
#8440 = EDGE_CURVE('',#8441,#8441,#8443,.T.);
#8441 = VERTEX_POINT('',#8442);
#8442 = CARTESIAN_POINT('',(1.20654E+03,-1.05975E+03,0.));
#8443 = CIRCLE('',#8444,0.5);
#8444 = AXIS2_PLACEMENT_3D('',#8445,#8446,#8447);
#8445 = CARTESIAN_POINT('',(1.20654E+03,-1.05925E+03,0.));
#8446 = DIRECTION('',(-0.,0.,-1.));
#8447 = DIRECTION('',(-0.,-1.,0.));
#8448 = FACE_BOUND('',#8449,.F.);
#8449 = EDGE_LOOP('',(#8450));
#8450 = ORIENTED_EDGE('',*,*,#8451,.T.);
#8451 = EDGE_CURVE('',#8452,#8452,#8454,.T.);
#8452 = VERTEX_POINT('',#8453);
#8453 = CARTESIAN_POINT('',(1.231E+03,-1.058825E+03,0.));
#8454 = CIRCLE('',#8455,0.375);
#8455 = AXIS2_PLACEMENT_3D('',#8456,#8457,#8458);
#8456 = CARTESIAN_POINT('',(1.231E+03,-1.05845E+03,0.));
#8457 = DIRECTION('',(-0.,0.,-1.));
#8458 = DIRECTION('',(-0.,-1.,0.));
#8459 = FACE_BOUND('',#8460,.F.);
#8460 = EDGE_LOOP('',(#8461));
#8461 = ORIENTED_EDGE('',*,*,#8462,.T.);
#8462 = EDGE_CURVE('',#8463,#8463,#8465,.T.);
#8463 = VERTEX_POINT('',#8464);
#8464 = CARTESIAN_POINT('',(1.233E+03,-1.058825E+03,0.));
#8465 = CIRCLE('',#8466,0.375);
#8466 = AXIS2_PLACEMENT_3D('',#8467,#8468,#8469);
#8467 = CARTESIAN_POINT('',(1.233E+03,-1.05845E+03,0.));
#8468 = DIRECTION('',(-0.,0.,-1.));
#8469 = DIRECTION('',(-0.,-1.,0.));
#8470 = FACE_BOUND('',#8471,.F.);
#8471 = EDGE_LOOP('',(#8472));
#8472 = ORIENTED_EDGE('',*,*,#8473,.T.);
#8473 = EDGE_CURVE('',#8474,#8474,#8476,.T.);
#8474 = VERTEX_POINT('',#8475);
#8475 = CARTESIAN_POINT('',(1.2214626E+03,-1.049627E+03,0.));
#8476 = CIRCLE('',#8477,0.127);
#8477 = AXIS2_PLACEMENT_3D('',#8478,#8479,#8480);
#8478 = CARTESIAN_POINT('',(1.2214626E+03,-1.0495E+03,0.));
#8479 = DIRECTION('',(-0.,0.,-1.));
#8480 = DIRECTION('',(-0.,-1.,0.));
#8481 = FACE_BOUND('',#8482,.F.);
#8482 = EDGE_LOOP('',(#8483));
#8483 = ORIENTED_EDGE('',*,*,#8484,.T.);
#8484 = EDGE_CURVE('',#8485,#8485,#8487,.T.);
#8485 = VERTEX_POINT('',#8486);
#8486 = CARTESIAN_POINT('',(1.22225E+03,-1.049627E+03,0.));
#8487 = CIRCLE('',#8488,0.127);
#8488 = AXIS2_PLACEMENT_3D('',#8489,#8490,#8491);
#8489 = CARTESIAN_POINT('',(1.22225E+03,-1.0495E+03,0.));
#8490 = DIRECTION('',(-0.,0.,-1.));
#8491 = DIRECTION('',(-0.,-1.,0.));
#8492 = FACE_BOUND('',#8493,.F.);
#8493 = EDGE_LOOP('',(#8494));
#8494 = ORIENTED_EDGE('',*,*,#8495,.T.);
#8495 = EDGE_CURVE('',#8496,#8496,#8498,.T.);
#8496 = VERTEX_POINT('',#8497);
#8497 = CARTESIAN_POINT('',(1.2214626E+03,-1.0488396E+03,0.));
#8498 = CIRCLE('',#8499,0.127);
#8499 = AXIS2_PLACEMENT_3D('',#8500,#8501,#8502);
#8500 = CARTESIAN_POINT('',(1.2214626E+03,-1.0487126E+03,0.));
#8501 = DIRECTION('',(-0.,0.,-1.));
#8502 = DIRECTION('',(-0.,-1.,0.));
#8503 = FACE_BOUND('',#8504,.F.);
#8504 = EDGE_LOOP('',(#8505));
#8505 = ORIENTED_EDGE('',*,*,#8506,.T.);
#8506 = EDGE_CURVE('',#8507,#8507,#8509,.T.);
#8507 = VERTEX_POINT('',#8508);
#8508 = CARTESIAN_POINT('',(1.22225E+03,-1.0488396E+03,0.));
#8509 = CIRCLE('',#8510,0.127);
#8510 = AXIS2_PLACEMENT_3D('',#8511,#8512,#8513);
#8511 = CARTESIAN_POINT('',(1.22225E+03,-1.0487126E+03,0.));
#8512 = DIRECTION('',(-0.,0.,-1.));
#8513 = DIRECTION('',(-0.,-1.,0.));
#8514 = FACE_BOUND('',#8515,.F.);
#8515 = EDGE_LOOP('',(#8516));
#8516 = ORIENTED_EDGE('',*,*,#8517,.T.);
#8517 = EDGE_CURVE('',#8518,#8518,#8520,.T.);
#8518 = VERTEX_POINT('',#8519);
#8519 = CARTESIAN_POINT('',(1.2214626E+03,-1.0480522E+03,0.));
#8520 = CIRCLE('',#8521,0.127);
#8521 = AXIS2_PLACEMENT_3D('',#8522,#8523,#8524);
#8522 = CARTESIAN_POINT('',(1.2214626E+03,-1.0479252E+03,0.));
#8523 = DIRECTION('',(-0.,0.,-1.));
#8524 = DIRECTION('',(-0.,-1.,0.));
#8525 = FACE_BOUND('',#8526,.F.);
#8526 = EDGE_LOOP('',(#8527));
#8527 = ORIENTED_EDGE('',*,*,#8528,.T.);
#8528 = EDGE_CURVE('',#8529,#8529,#8531,.T.);
#8529 = VERTEX_POINT('',#8530);
#8530 = CARTESIAN_POINT('',(1.22225E+03,-1.0480522E+03,0.));
#8531 = CIRCLE('',#8532,0.127);
#8532 = AXIS2_PLACEMENT_3D('',#8533,#8534,#8535);
#8533 = CARTESIAN_POINT('',(1.22225E+03,-1.0479252E+03,0.));
#8534 = DIRECTION('',(-0.,0.,-1.));
#8535 = DIRECTION('',(-0.,-1.,0.));
#8536 = FACE_BOUND('',#8537,.F.);
#8537 = EDGE_LOOP('',(#8538));
#8538 = ORIENTED_EDGE('',*,*,#8539,.T.);
#8539 = EDGE_CURVE('',#8540,#8540,#8542,.T.);
#8540 = VERTEX_POINT('',#8541);
#8541 = CARTESIAN_POINT('',(1.171E+03,-1.0463E+03,0.));
#8542 = CIRCLE('',#8543,0.3);
#8543 = AXIS2_PLACEMENT_3D('',#8544,#8545,#8546);
#8544 = CARTESIAN_POINT('',(1.171E+03,-1.046E+03,0.));
#8545 = DIRECTION('',(-0.,0.,-1.));
#8546 = DIRECTION('',(-0.,-1.,0.));
#8547 = FACE_BOUND('',#8548,.F.);
#8548 = EDGE_LOOP('',(#8549));
#8549 = ORIENTED_EDGE('',*,*,#8550,.T.);
#8550 = EDGE_CURVE('',#8551,#8551,#8553,.T.);
#8551 = VERTEX_POINT('',#8552);
#8552 = CARTESIAN_POINT('',(1.171E+03,-1.04505E+03,0.));
#8553 = CIRCLE('',#8554,0.3);
#8554 = AXIS2_PLACEMENT_3D('',#8555,#8556,#8557);
#8555 = CARTESIAN_POINT('',(1.171E+03,-1.04475E+03,0.));
#8556 = DIRECTION('',(-0.,0.,-1.));
#8557 = DIRECTION('',(-0.,-1.,0.));
#8558 = FACE_BOUND('',#8559,.F.);
#8559 = EDGE_LOOP('',(#8560));
#8560 = ORIENTED_EDGE('',*,*,#8561,.T.);
#8561 = EDGE_CURVE('',#8562,#8562,#8564,.T.);
#8562 = VERTEX_POINT('',#8563);
#8563 = CARTESIAN_POINT('',(1.17575E+03,-1.0468E+03,0.));
#8564 = CIRCLE('',#8565,0.3);
#8565 = AXIS2_PLACEMENT_3D('',#8566,#8567,#8568);
#8566 = CARTESIAN_POINT('',(1.17575E+03,-1.0465E+03,0.));
#8567 = DIRECTION('',(-0.,0.,-1.));
#8568 = DIRECTION('',(-0.,-1.,0.));
#8569 = FACE_BOUND('',#8570,.F.);
#8570 = EDGE_LOOP('',(#8571));
#8571 = ORIENTED_EDGE('',*,*,#8572,.T.);
#8572 = EDGE_CURVE('',#8573,#8573,#8575,.T.);
#8573 = VERTEX_POINT('',#8574);
#8574 = CARTESIAN_POINT('',(1.17575E+03,-1.04555E+03,0.));
#8575 = CIRCLE('',#8576,0.3);
#8576 = AXIS2_PLACEMENT_3D('',#8577,#8578,#8579);
#8577 = CARTESIAN_POINT('',(1.17575E+03,-1.04525E+03,0.));
#8578 = DIRECTION('',(-0.,0.,-1.));
#8579 = DIRECTION('',(-0.,-1.,0.));
#8580 = FACE_BOUND('',#8581,.F.);
#8581 = EDGE_LOOP('',(#8582));
#8582 = ORIENTED_EDGE('',*,*,#8583,.T.);
#8583 = EDGE_CURVE('',#8584,#8584,#8586,.T.);
#8584 = VERTEX_POINT('',#8585);
#8585 = CARTESIAN_POINT('',(1.171E+03,-1.0438E+03,0.));
#8586 = CIRCLE('',#8587,0.3);
#8587 = AXIS2_PLACEMENT_3D('',#8588,#8589,#8590);
#8588 = CARTESIAN_POINT('',(1.171E+03,-1.0435E+03,0.));
#8589 = DIRECTION('',(-0.,0.,-1.));
#8590 = DIRECTION('',(-0.,-1.,0.));
#8591 = FACE_BOUND('',#8592,.F.);
#8592 = EDGE_LOOP('',(#8593));
#8593 = ORIENTED_EDGE('',*,*,#8594,.T.);
#8594 = EDGE_CURVE('',#8595,#8595,#8597,.T.);
#8595 = VERTEX_POINT('',#8596);
#8596 = CARTESIAN_POINT('',(1.171E+03,-1.04255E+03,0.));
#8597 = CIRCLE('',#8598,0.3);
#8598 = AXIS2_PLACEMENT_3D('',#8599,#8600,#8601);
#8599 = CARTESIAN_POINT('',(1.171E+03,-1.04225E+03,0.));
#8600 = DIRECTION('',(-0.,0.,-1.));
#8601 = DIRECTION('',(-0.,-1.,0.));
#8602 = FACE_BOUND('',#8603,.F.);
#8603 = EDGE_LOOP('',(#8604));
#8604 = ORIENTED_EDGE('',*,*,#8605,.T.);
#8605 = EDGE_CURVE('',#8606,#8606,#8608,.T.);
#8606 = VERTEX_POINT('',#8607);
#8607 = CARTESIAN_POINT('',(1.17575E+03,-1.0443E+03,0.));
#8608 = CIRCLE('',#8609,0.3);
#8609 = AXIS2_PLACEMENT_3D('',#8610,#8611,#8612);
#8610 = CARTESIAN_POINT('',(1.17575E+03,-1.044E+03,0.));
#8611 = DIRECTION('',(-0.,0.,-1.));
#8612 = DIRECTION('',(-0.,-1.,0.));
#8613 = FACE_BOUND('',#8614,.F.);
#8614 = EDGE_LOOP('',(#8615));
#8615 = ORIENTED_EDGE('',*,*,#8616,.T.);
#8616 = EDGE_CURVE('',#8617,#8617,#8619,.T.);
#8617 = VERTEX_POINT('',#8618);
#8618 = CARTESIAN_POINT('',(1.17575E+03,-1.04305E+03,0.));
#8619 = CIRCLE('',#8620,0.3);
#8620 = AXIS2_PLACEMENT_3D('',#8621,#8622,#8623);
#8621 = CARTESIAN_POINT('',(1.17575E+03,-1.04275E+03,0.));
#8622 = DIRECTION('',(-0.,0.,-1.));
#8623 = DIRECTION('',(-0.,-1.,0.));
#8624 = FACE_BOUND('',#8625,.F.);
#8625 = EDGE_LOOP('',(#8626));
#8626 = ORIENTED_EDGE('',*,*,#8627,.T.);
#8627 = EDGE_CURVE('',#8628,#8628,#8630,.T.);
#8628 = VERTEX_POINT('',#8629);
#8629 = CARTESIAN_POINT('',(1.17575E+03,-1.0418E+03,0.));
#8630 = CIRCLE('',#8631,0.3);
#8631 = AXIS2_PLACEMENT_3D('',#8632,#8633,#8634);
#8632 = CARTESIAN_POINT('',(1.17575E+03,-1.0415E+03,0.));
#8633 = DIRECTION('',(-0.,0.,-1.));
#8634 = DIRECTION('',(-0.,-1.,0.));
#8635 = FACE_BOUND('',#8636,.F.);
#8636 = EDGE_LOOP('',(#8637));
#8637 = ORIENTED_EDGE('',*,*,#8638,.T.);
#8638 = EDGE_CURVE('',#8639,#8639,#8641,.T.);
#8639 = VERTEX_POINT('',#8640);
#8640 = CARTESIAN_POINT('',(1.17575E+03,-1.04055E+03,0.));
#8641 = CIRCLE('',#8642,0.3);
#8642 = AXIS2_PLACEMENT_3D('',#8643,#8644,#8645);
#8643 = CARTESIAN_POINT('',(1.17575E+03,-1.04025E+03,0.));
#8644 = DIRECTION('',(-0.,0.,-1.));
#8645 = DIRECTION('',(-0.,-1.,0.));
#8646 = FACE_BOUND('',#8647,.F.);
#8647 = EDGE_LOOP('',(#8648));
#8648 = ORIENTED_EDGE('',*,*,#8649,.T.);
#8649 = EDGE_CURVE('',#8650,#8650,#8652,.T.);
#8650 = VERTEX_POINT('',#8651);
#8651 = CARTESIAN_POINT('',(1.1645E+03,-1.036375E+03,0.));
#8652 = CIRCLE('',#8653,0.375);
#8653 = AXIS2_PLACEMENT_3D('',#8654,#8655,#8656);
#8654 = CARTESIAN_POINT('',(1.1645E+03,-1.036E+03,0.));
#8655 = DIRECTION('',(-0.,0.,-1.));
#8656 = DIRECTION('',(-0.,-1.,0.));
#8657 = FACE_BOUND('',#8658,.F.);
#8658 = EDGE_LOOP('',(#8659));
#8659 = ORIENTED_EDGE('',*,*,#8660,.T.);
#8660 = EDGE_CURVE('',#8661,#8661,#8663,.T.);
#8661 = VERTEX_POINT('',#8662);
#8662 = CARTESIAN_POINT('',(1.1665E+03,-1.036375E+03,0.));
#8663 = CIRCLE('',#8664,0.375);
#8664 = AXIS2_PLACEMENT_3D('',#8665,#8666,#8667);
#8665 = CARTESIAN_POINT('',(1.1665E+03,-1.036E+03,0.));
#8666 = DIRECTION('',(-0.,0.,-1.));
#8667 = DIRECTION('',(-0.,-1.,0.));
#8668 = FACE_BOUND('',#8669,.F.);
#8669 = EDGE_LOOP('',(#8670));
#8670 = ORIENTED_EDGE('',*,*,#8671,.T.);
#8671 = EDGE_CURVE('',#8672,#8672,#8674,.T.);
#8672 = VERTEX_POINT('',#8673);
#8673 = CARTESIAN_POINT('',(1.212E+03,-1.03875E+03,0.));
#8674 = CIRCLE('',#8675,1.25);
#8675 = AXIS2_PLACEMENT_3D('',#8676,#8677,#8678);
#8676 = CARTESIAN_POINT('',(1.212E+03,-1.0375E+03,0.));
#8677 = DIRECTION('',(-0.,0.,-1.));
#8678 = DIRECTION('',(-0.,-1.,0.));
#8679 = FACE_BOUND('',#8680,.F.);
#8680 = EDGE_LOOP('',(#8681,#8692,#8700,#8709));
#8681 = ORIENTED_EDGE('',*,*,#8682,.T.);
#8682 = EDGE_CURVE('',#8683,#8685,#8687,.T.);
#8683 = VERTEX_POINT('',#8684);
#8684 = CARTESIAN_POINT('',(1.217520001E+03,-1.040632456E+03,0.));
#8685 = VERTEX_POINT('',#8686);
#8686 = CARTESIAN_POINT('',(1.218319999E+03,-1.040632456E+03,0.));
#8687 = CIRCLE('',#8688,0.399999);
#8688 = AXIS2_PLACEMENT_3D('',#8689,#8690,#8691);
#8689 = CARTESIAN_POINT('',(1.21792E+03,-1.040632456E+03,0.));
#8690 = DIRECTION('',(0.,-0.,-1.));
#8691 = DIRECTION('',(1.,5.684356096971E-13,-0.));
#8692 = ORIENTED_EDGE('',*,*,#8693,.T.);
#8693 = EDGE_CURVE('',#8685,#8694,#8696,.T.);
#8694 = VERTEX_POINT('',#8695);
#8695 = CARTESIAN_POINT('',(1.218319999E+03,-1.041332456E+03,0.));
#8696 = LINE('',#8697,#8698);
#8697 = CARTESIAN_POINT('',(1.218319999E+03,-520.666228,0.));
#8698 = VECTOR('',#8699,1.);
#8699 = DIRECTION('',(0.,-1.,0.));
#8700 = ORIENTED_EDGE('',*,*,#8701,.T.);
#8701 = EDGE_CURVE('',#8694,#8702,#8704,.T.);
#8702 = VERTEX_POINT('',#8703);
#8703 = CARTESIAN_POINT('',(1.217520001E+03,-1.041332456E+03,0.));
#8704 = CIRCLE('',#8705,0.399999);
#8705 = AXIS2_PLACEMENT_3D('',#8706,#8707,#8708);
#8706 = CARTESIAN_POINT('',(1.21792E+03,-1.041332456E+03,0.));
#8707 = DIRECTION('',(-0.,0.,-1.));
#8708 = DIRECTION('',(-1.,0.,0.));
#8709 = ORIENTED_EDGE('',*,*,#8710,.T.);
#8710 = EDGE_CURVE('',#8702,#8683,#8711,.T.);
#8711 = LINE('',#8712,#8713);
#8712 = CARTESIAN_POINT('',(1.217520001E+03,-520.316228,0.));
#8713 = VECTOR('',#8714,1.);
#8714 = DIRECTION('',(-0.,1.,0.));
#8715 = FACE_BOUND('',#8716,.F.);
#8716 = EDGE_LOOP('',(#8717));
#8717 = ORIENTED_EDGE('',*,*,#8718,.T.);
#8718 = EDGE_CURVE('',#8719,#8719,#8721,.T.);
#8719 = VERTEX_POINT('',#8720);
#8720 = CARTESIAN_POINT('',(1.21935E+03,-1.040782456E+03,0.));
#8721 = CIRCLE('',#8722,0.3);
#8722 = AXIS2_PLACEMENT_3D('',#8723,#8724,#8725);
#8723 = CARTESIAN_POINT('',(1.21935E+03,-1.040482456E+03,0.));
#8724 = DIRECTION('',(-0.,0.,-1.));
#8725 = DIRECTION('',(-0.,-1.,0.));
#8726 = FACE_BOUND('',#8727,.F.);
#8727 = EDGE_LOOP('',(#8728,#8739,#8747,#8756));
#8728 = ORIENTED_EDGE('',*,*,#8729,.T.);
#8729 = EDGE_CURVE('',#8730,#8732,#8734,.T.);
#8730 = VERTEX_POINT('',#8731);
#8731 = CARTESIAN_POINT('',(1.226180001E+03,-1.040632456E+03,0.));
#8732 = VERTEX_POINT('',#8733);
#8733 = CARTESIAN_POINT('',(1.226979999E+03,-1.040632456E+03,0.));
#8734 = CIRCLE('',#8735,0.399999);
#8735 = AXIS2_PLACEMENT_3D('',#8736,#8737,#8738);
#8736 = CARTESIAN_POINT('',(1.22658E+03,-1.040632456E+03,0.));
#8737 = DIRECTION('',(0.,-0.,-1.));
#8738 = DIRECTION('',(1.,5.684356096971E-13,-0.));
#8739 = ORIENTED_EDGE('',*,*,#8740,.T.);
#8740 = EDGE_CURVE('',#8732,#8741,#8743,.T.);
#8741 = VERTEX_POINT('',#8742);
#8742 = CARTESIAN_POINT('',(1.226979999E+03,-1.041332456E+03,0.));
#8743 = LINE('',#8744,#8745);
#8744 = CARTESIAN_POINT('',(1.226979999E+03,-520.666228,0.));
#8745 = VECTOR('',#8746,1.);
#8746 = DIRECTION('',(0.,-1.,0.));
#8747 = ORIENTED_EDGE('',*,*,#8748,.T.);
#8748 = EDGE_CURVE('',#8741,#8749,#8751,.T.);
#8749 = VERTEX_POINT('',#8750);
#8750 = CARTESIAN_POINT('',(1.226180001E+03,-1.041332456E+03,0.));
#8751 = CIRCLE('',#8752,0.399999);
#8752 = AXIS2_PLACEMENT_3D('',#8753,#8754,#8755);
#8753 = CARTESIAN_POINT('',(1.22658E+03,-1.041332456E+03,0.));
#8754 = DIRECTION('',(-0.,0.,-1.));
#8755 = DIRECTION('',(-1.,0.,0.));
#8756 = ORIENTED_EDGE('',*,*,#8757,.T.);
#8757 = EDGE_CURVE('',#8749,#8730,#8758,.T.);
#8758 = LINE('',#8759,#8760);
#8759 = CARTESIAN_POINT('',(1.226180001E+03,-520.316228,0.));
#8760 = VECTOR('',#8761,1.);
#8761 = DIRECTION('',(-0.,1.,0.));
#8762 = FACE_BOUND('',#8763,.F.);
#8763 = EDGE_LOOP('',(#8764));
#8764 = ORIENTED_EDGE('',*,*,#8765,.T.);
#8765 = EDGE_CURVE('',#8766,#8766,#8768,.T.);
#8766 = VERTEX_POINT('',#8767);
#8767 = CARTESIAN_POINT('',(1.22515E+03,-1.040782456E+03,0.));
#8768 = CIRCLE('',#8769,0.3);
#8769 = AXIS2_PLACEMENT_3D('',#8770,#8771,#8772);
#8770 = CARTESIAN_POINT('',(1.22515E+03,-1.040482456E+03,0.));
#8771 = DIRECTION('',(-0.,0.,-1.));
#8772 = DIRECTION('',(-0.,-1.,0.));
#8773 = FACE_BOUND('',#8774,.F.);
#8774 = EDGE_LOOP('',(#8775,#8786,#8794,#8803));
#8775 = ORIENTED_EDGE('',*,*,#8776,.T.);
#8776 = EDGE_CURVE('',#8777,#8779,#8781,.T.);
#8777 = VERTEX_POINT('',#8778);
#8778 = CARTESIAN_POINT('',(1.217520001E+03,-1.036602456E+03,0.));
#8779 = VERTEX_POINT('',#8780);
#8780 = CARTESIAN_POINT('',(1.218319999E+03,-1.036602456E+03,0.));
#8781 = CIRCLE('',#8782,0.399999);
#8782 = AXIS2_PLACEMENT_3D('',#8783,#8784,#8785);
#8783 = CARTESIAN_POINT('',(1.21792E+03,-1.036602456E+03,0.));
#8784 = DIRECTION('',(0.,-0.,-1.));
#8785 = DIRECTION('',(1.,0.,-0.));
#8786 = ORIENTED_EDGE('',*,*,#8787,.T.);
#8787 = EDGE_CURVE('',#8779,#8788,#8790,.T.);
#8788 = VERTEX_POINT('',#8789);
#8789 = CARTESIAN_POINT('',(1.218319999E+03,-1.037002456E+03,0.));
#8790 = LINE('',#8791,#8792);
#8791 = CARTESIAN_POINT('',(1.218319999E+03,-518.501228,0.));
#8792 = VECTOR('',#8793,1.);
#8793 = DIRECTION('',(0.,-1.,0.));
#8794 = ORIENTED_EDGE('',*,*,#8795,.T.);
#8795 = EDGE_CURVE('',#8788,#8796,#8798,.T.);
#8796 = VERTEX_POINT('',#8797);
#8797 = CARTESIAN_POINT('',(1.217520001E+03,-1.037002456E+03,0.));
#8798 = CIRCLE('',#8799,0.399999);
#8799 = AXIS2_PLACEMENT_3D('',#8800,#8801,#8802);
#8800 = CARTESIAN_POINT('',(1.21792E+03,-1.037002456E+03,0.));
#8801 = DIRECTION('',(-0.,0.,-1.));
#8802 = DIRECTION('',(-1.,-5.684356096971E-13,0.));
#8803 = ORIENTED_EDGE('',*,*,#8804,.T.);
#8804 = EDGE_CURVE('',#8796,#8777,#8805,.T.);
#8805 = LINE('',#8806,#8807);
#8806 = CARTESIAN_POINT('',(1.217520001E+03,-518.301228,0.));
#8807 = VECTOR('',#8808,1.);
#8808 = DIRECTION('',(-0.,1.,0.));
#8809 = FACE_BOUND('',#8810,.F.);
#8810 = EDGE_LOOP('',(#8811));
#8811 = ORIENTED_EDGE('',*,*,#8812,.T.);
#8812 = EDGE_CURVE('',#8813,#8813,#8815,.T.);
#8813 = VERTEX_POINT('',#8814);
#8814 = CARTESIAN_POINT('',(1.23025E+03,-1.037625E+03,0.));
#8815 = CIRCLE('',#8816,0.375);
#8816 = AXIS2_PLACEMENT_3D('',#8817,#8818,#8819);
#8817 = CARTESIAN_POINT('',(1.23025E+03,-1.03725E+03,0.));
#8818 = DIRECTION('',(-0.,0.,-1.));
#8819 = DIRECTION('',(-0.,-1.,0.));
#8820 = FACE_BOUND('',#8821,.F.);
#8821 = EDGE_LOOP('',(#8822));
#8822 = ORIENTED_EDGE('',*,*,#8823,.T.);
#8823 = EDGE_CURVE('',#8824,#8824,#8826,.T.);
#8824 = VERTEX_POINT('',#8825);
#8825 = CARTESIAN_POINT('',(1.23225E+03,-1.037625E+03,0.));
#8826 = CIRCLE('',#8827,0.375);
#8827 = AXIS2_PLACEMENT_3D('',#8828,#8829,#8830);
#8828 = CARTESIAN_POINT('',(1.23225E+03,-1.03725E+03,0.));
#8829 = DIRECTION('',(-0.,0.,-1.));
#8830 = DIRECTION('',(-0.,-1.,0.));
#8831 = FACE_BOUND('',#8832,.F.);
#8832 = EDGE_LOOP('',(#8833,#8844,#8852,#8861));
#8833 = ORIENTED_EDGE('',*,*,#8834,.T.);
#8834 = EDGE_CURVE('',#8835,#8837,#8839,.T.);
#8835 = VERTEX_POINT('',#8836);
#8836 = CARTESIAN_POINT('',(1.226180001E+03,-1.036602456E+03,0.));
#8837 = VERTEX_POINT('',#8838);
#8838 = CARTESIAN_POINT('',(1.226979999E+03,-1.036602456E+03,0.));
#8839 = CIRCLE('',#8840,0.399999);
#8840 = AXIS2_PLACEMENT_3D('',#8841,#8842,#8843);
#8841 = CARTESIAN_POINT('',(1.22658E+03,-1.036602456E+03,0.));
#8842 = DIRECTION('',(0.,-0.,-1.));
#8843 = DIRECTION('',(1.,0.,-0.));
#8844 = ORIENTED_EDGE('',*,*,#8845,.T.);
#8845 = EDGE_CURVE('',#8837,#8846,#8848,.T.);
#8846 = VERTEX_POINT('',#8847);
#8847 = CARTESIAN_POINT('',(1.226979999E+03,-1.037002456E+03,0.));
#8848 = LINE('',#8849,#8850);
#8849 = CARTESIAN_POINT('',(1.226979999E+03,-518.501228,0.));
#8850 = VECTOR('',#8851,1.);
#8851 = DIRECTION('',(0.,-1.,0.));
#8852 = ORIENTED_EDGE('',*,*,#8853,.T.);
#8853 = EDGE_CURVE('',#8846,#8854,#8856,.T.);
#8854 = VERTEX_POINT('',#8855);
#8855 = CARTESIAN_POINT('',(1.226180001E+03,-1.037002456E+03,0.));
#8856 = CIRCLE('',#8857,0.399999);
#8857 = AXIS2_PLACEMENT_3D('',#8858,#8859,#8860);
#8858 = CARTESIAN_POINT('',(1.22658E+03,-1.037002456E+03,0.));
#8859 = DIRECTION('',(-0.,0.,-1.));
#8860 = DIRECTION('',(-1.,-5.684356096971E-13,0.));
#8861 = ORIENTED_EDGE('',*,*,#8862,.T.);
#8862 = EDGE_CURVE('',#8854,#8835,#8863,.T.);
#8863 = LINE('',#8864,#8865);
#8864 = CARTESIAN_POINT('',(1.226180001E+03,-518.301228,0.));
#8865 = VECTOR('',#8866,1.);
#8866 = DIRECTION('',(-0.,1.,0.));
#8867 = PLANE('',#8868);
#8868 = AXIS2_PLACEMENT_3D('',#8869,#8870,#8871);
#8869 = CARTESIAN_POINT('',(0.,0.,0.));
#8870 = DIRECTION('',(0.,0.,1.));
#8871 = DIRECTION('',(1.,0.,-0.));
#8872 = ADVANCED_FACE('',(#8873,#8884,#8895,#8906,#8917,#8928,#8939,
    #8950,#8961,#8972,#8983,#8994,#9005,#9016,#9027,#9038,#9049,#9060,
    #9071,#9082,#9093,#9104,#9115,#9126,#9137,#9148,#9159,#9170,#9181,
    #9192,#9228,#9239,#9275,#9286,#9322,#9333,#9344),#9380,.T.);
#8873 = FACE_BOUND('',#8874,.T.);
#8874 = EDGE_LOOP('',(#8875,#8876,#8877,#8883));
#8875 = ORIENTED_EDGE('',*,*,#8271,.F.);
#8876 = ORIENTED_EDGE('',*,*,#8311,.F.);
#8877 = ORIENTED_EDGE('',*,*,#8878,.F.);
#8878 = EDGE_CURVE('',#8334,#8304,#8879,.T.);
#8879 = LINE('',#8880,#8881);
#8880 = CARTESIAN_POINT('',(1.151E+03,-1.034E+03,1.51));
#8881 = VECTOR('',#8882,1.);
#8882 = DIRECTION('',(1.,0.,0.));
#8883 = ORIENTED_EDGE('',*,*,#8333,.F.);
#8884 = FACE_BOUND('',#8885,.T.);
#8885 = EDGE_LOOP('',(#8886));
#8886 = ORIENTED_EDGE('',*,*,#8887,.T.);
#8887 = EDGE_CURVE('',#8888,#8888,#8890,.T.);
#8888 = VERTEX_POINT('',#8889);
#8889 = CARTESIAN_POINT('',(1.163E+03,-1.058325E+03,1.51));
#8890 = CIRCLE('',#8891,0.375);
#8891 = AXIS2_PLACEMENT_3D('',#8892,#8893,#8894);
#8892 = CARTESIAN_POINT('',(1.163E+03,-1.05795E+03,1.51));
#8893 = DIRECTION('',(-0.,0.,-1.));
#8894 = DIRECTION('',(-0.,-1.,0.));
#8895 = FACE_BOUND('',#8896,.T.);
#8896 = EDGE_LOOP('',(#8897));
#8897 = ORIENTED_EDGE('',*,*,#8898,.T.);
#8898 = EDGE_CURVE('',#8899,#8899,#8901,.T.);
#8899 = VERTEX_POINT('',#8900);
#8900 = CARTESIAN_POINT('',(1.165E+03,-1.058325E+03,1.51));
#8901 = CIRCLE('',#8902,0.375);
#8902 = AXIS2_PLACEMENT_3D('',#8903,#8904,#8905);
#8903 = CARTESIAN_POINT('',(1.165E+03,-1.05795E+03,1.51));
#8904 = DIRECTION('',(-0.,0.,-1.));
#8905 = DIRECTION('',(-0.,-1.,0.));
#8906 = FACE_BOUND('',#8907,.T.);
#8907 = EDGE_LOOP('',(#8908));
#8908 = ORIENTED_EDGE('',*,*,#8909,.T.);
#8909 = EDGE_CURVE('',#8910,#8910,#8912,.T.);
#8910 = VERTEX_POINT('',#8911);
#8911 = CARTESIAN_POINT('',(1.18E+03,-1.05875E+03,1.51));
#8912 = CIRCLE('',#8913,1.25);
#8913 = AXIS2_PLACEMENT_3D('',#8914,#8915,#8916);
#8914 = CARTESIAN_POINT('',(1.18E+03,-1.0575E+03,1.51));
#8915 = DIRECTION('',(-0.,0.,-1.));
#8916 = DIRECTION('',(-0.,-1.,0.));
#8917 = FACE_BOUND('',#8918,.T.);
#8918 = EDGE_LOOP('',(#8919));
#8919 = ORIENTED_EDGE('',*,*,#8920,.T.);
#8920 = EDGE_CURVE('',#8921,#8921,#8923,.T.);
#8921 = VERTEX_POINT('',#8922);
#8922 = CARTESIAN_POINT('',(1.17575E+03,-1.0493E+03,1.51));
#8923 = CIRCLE('',#8924,0.3);
#8924 = AXIS2_PLACEMENT_3D('',#8925,#8926,#8927);
#8925 = CARTESIAN_POINT('',(1.17575E+03,-1.049E+03,1.51));
#8926 = DIRECTION('',(-0.,0.,-1.));
#8927 = DIRECTION('',(-0.,-1.,0.));
#8928 = FACE_BOUND('',#8929,.T.);
#8929 = EDGE_LOOP('',(#8930));
#8930 = ORIENTED_EDGE('',*,*,#8931,.T.);
#8931 = EDGE_CURVE('',#8932,#8932,#8934,.T.);
#8932 = VERTEX_POINT('',#8933);
#8933 = CARTESIAN_POINT('',(1.17575E+03,-1.04805E+03,1.51));
#8934 = CIRCLE('',#8935,0.3);
#8935 = AXIS2_PLACEMENT_3D('',#8936,#8937,#8938);
#8936 = CARTESIAN_POINT('',(1.17575E+03,-1.04775E+03,1.51));
#8937 = DIRECTION('',(-0.,0.,-1.));
#8938 = DIRECTION('',(-0.,-1.,0.));
#8939 = FACE_BOUND('',#8940,.T.);
#8940 = EDGE_LOOP('',(#8941));
#8941 = ORIENTED_EDGE('',*,*,#8942,.T.);
#8942 = EDGE_CURVE('',#8943,#8943,#8945,.T.);
#8943 = VERTEX_POINT('',#8944);
#8944 = CARTESIAN_POINT('',(1.204E+03,-1.05975E+03,1.51));
#8945 = CIRCLE('',#8946,0.5);
#8946 = AXIS2_PLACEMENT_3D('',#8947,#8948,#8949);
#8947 = CARTESIAN_POINT('',(1.204E+03,-1.05925E+03,1.51));
#8948 = DIRECTION('',(-0.,0.,-1.));
#8949 = DIRECTION('',(-0.,-1.,0.));
#8950 = FACE_BOUND('',#8951,.T.);
#8951 = EDGE_LOOP('',(#8952));
#8952 = ORIENTED_EDGE('',*,*,#8953,.T.);
#8953 = EDGE_CURVE('',#8954,#8954,#8956,.T.);
#8954 = VERTEX_POINT('',#8955);
#8955 = CARTESIAN_POINT('',(1.20654E+03,-1.05975E+03,1.51));
#8956 = CIRCLE('',#8957,0.5);
#8957 = AXIS2_PLACEMENT_3D('',#8958,#8959,#8960);
#8958 = CARTESIAN_POINT('',(1.20654E+03,-1.05925E+03,1.51));
#8959 = DIRECTION('',(-0.,0.,-1.));
#8960 = DIRECTION('',(-0.,-1.,0.));
#8961 = FACE_BOUND('',#8962,.T.);
#8962 = EDGE_LOOP('',(#8963));
#8963 = ORIENTED_EDGE('',*,*,#8964,.T.);
#8964 = EDGE_CURVE('',#8965,#8965,#8967,.T.);
#8965 = VERTEX_POINT('',#8966);
#8966 = CARTESIAN_POINT('',(1.231E+03,-1.058825E+03,1.51));
#8967 = CIRCLE('',#8968,0.375);
#8968 = AXIS2_PLACEMENT_3D('',#8969,#8970,#8971);
#8969 = CARTESIAN_POINT('',(1.231E+03,-1.05845E+03,1.51));
#8970 = DIRECTION('',(-0.,0.,-1.));
#8971 = DIRECTION('',(-0.,-1.,0.));
#8972 = FACE_BOUND('',#8973,.T.);
#8973 = EDGE_LOOP('',(#8974));
#8974 = ORIENTED_EDGE('',*,*,#8975,.T.);
#8975 = EDGE_CURVE('',#8976,#8976,#8978,.T.);
#8976 = VERTEX_POINT('',#8977);
#8977 = CARTESIAN_POINT('',(1.233E+03,-1.058825E+03,1.51));
#8978 = CIRCLE('',#8979,0.375);
#8979 = AXIS2_PLACEMENT_3D('',#8980,#8981,#8982);
#8980 = CARTESIAN_POINT('',(1.233E+03,-1.05845E+03,1.51));
#8981 = DIRECTION('',(-0.,0.,-1.));
#8982 = DIRECTION('',(-0.,-1.,0.));
#8983 = FACE_BOUND('',#8984,.T.);
#8984 = EDGE_LOOP('',(#8985));
#8985 = ORIENTED_EDGE('',*,*,#8986,.T.);
#8986 = EDGE_CURVE('',#8987,#8987,#8989,.T.);
#8987 = VERTEX_POINT('',#8988);
#8988 = CARTESIAN_POINT('',(1.2214626E+03,-1.049627E+03,1.51));
#8989 = CIRCLE('',#8990,0.127);
#8990 = AXIS2_PLACEMENT_3D('',#8991,#8992,#8993);
#8991 = CARTESIAN_POINT('',(1.2214626E+03,-1.0495E+03,1.51));
#8992 = DIRECTION('',(-0.,0.,-1.));
#8993 = DIRECTION('',(-0.,-1.,0.));
#8994 = FACE_BOUND('',#8995,.T.);
#8995 = EDGE_LOOP('',(#8996));
#8996 = ORIENTED_EDGE('',*,*,#8997,.T.);
#8997 = EDGE_CURVE('',#8998,#8998,#9000,.T.);
#8998 = VERTEX_POINT('',#8999);
#8999 = CARTESIAN_POINT('',(1.22225E+03,-1.049627E+03,1.51));
#9000 = CIRCLE('',#9001,0.127);
#9001 = AXIS2_PLACEMENT_3D('',#9002,#9003,#9004);
#9002 = CARTESIAN_POINT('',(1.22225E+03,-1.0495E+03,1.51));
#9003 = DIRECTION('',(-0.,0.,-1.));
#9004 = DIRECTION('',(-0.,-1.,0.));
#9005 = FACE_BOUND('',#9006,.T.);
#9006 = EDGE_LOOP('',(#9007));
#9007 = ORIENTED_EDGE('',*,*,#9008,.T.);
#9008 = EDGE_CURVE('',#9009,#9009,#9011,.T.);
#9009 = VERTEX_POINT('',#9010);
#9010 = CARTESIAN_POINT('',(1.2214626E+03,-1.0488396E+03,1.51));
#9011 = CIRCLE('',#9012,0.127);
#9012 = AXIS2_PLACEMENT_3D('',#9013,#9014,#9015);
#9013 = CARTESIAN_POINT('',(1.2214626E+03,-1.0487126E+03,1.51));
#9014 = DIRECTION('',(-0.,0.,-1.));
#9015 = DIRECTION('',(-0.,-1.,0.));
#9016 = FACE_BOUND('',#9017,.T.);
#9017 = EDGE_LOOP('',(#9018));
#9018 = ORIENTED_EDGE('',*,*,#9019,.T.);
#9019 = EDGE_CURVE('',#9020,#9020,#9022,.T.);
#9020 = VERTEX_POINT('',#9021);
#9021 = CARTESIAN_POINT('',(1.22225E+03,-1.0488396E+03,1.51));
#9022 = CIRCLE('',#9023,0.127);
#9023 = AXIS2_PLACEMENT_3D('',#9024,#9025,#9026);
#9024 = CARTESIAN_POINT('',(1.22225E+03,-1.0487126E+03,1.51));
#9025 = DIRECTION('',(-0.,0.,-1.));
#9026 = DIRECTION('',(-0.,-1.,0.));
#9027 = FACE_BOUND('',#9028,.T.);
#9028 = EDGE_LOOP('',(#9029));
#9029 = ORIENTED_EDGE('',*,*,#9030,.T.);
#9030 = EDGE_CURVE('',#9031,#9031,#9033,.T.);
#9031 = VERTEX_POINT('',#9032);
#9032 = CARTESIAN_POINT('',(1.2214626E+03,-1.0480522E+03,1.51));
#9033 = CIRCLE('',#9034,0.127);
#9034 = AXIS2_PLACEMENT_3D('',#9035,#9036,#9037);
#9035 = CARTESIAN_POINT('',(1.2214626E+03,-1.0479252E+03,1.51));
#9036 = DIRECTION('',(-0.,0.,-1.));
#9037 = DIRECTION('',(-0.,-1.,0.));
#9038 = FACE_BOUND('',#9039,.T.);
#9039 = EDGE_LOOP('',(#9040));
#9040 = ORIENTED_EDGE('',*,*,#9041,.T.);
#9041 = EDGE_CURVE('',#9042,#9042,#9044,.T.);
#9042 = VERTEX_POINT('',#9043);
#9043 = CARTESIAN_POINT('',(1.22225E+03,-1.0480522E+03,1.51));
#9044 = CIRCLE('',#9045,0.127);
#9045 = AXIS2_PLACEMENT_3D('',#9046,#9047,#9048);
#9046 = CARTESIAN_POINT('',(1.22225E+03,-1.0479252E+03,1.51));
#9047 = DIRECTION('',(-0.,0.,-1.));
#9048 = DIRECTION('',(-0.,-1.,0.));
#9049 = FACE_BOUND('',#9050,.T.);
#9050 = EDGE_LOOP('',(#9051));
#9051 = ORIENTED_EDGE('',*,*,#9052,.T.);
#9052 = EDGE_CURVE('',#9053,#9053,#9055,.T.);
#9053 = VERTEX_POINT('',#9054);
#9054 = CARTESIAN_POINT('',(1.171E+03,-1.0463E+03,1.51));
#9055 = CIRCLE('',#9056,0.3);
#9056 = AXIS2_PLACEMENT_3D('',#9057,#9058,#9059);
#9057 = CARTESIAN_POINT('',(1.171E+03,-1.046E+03,1.51));
#9058 = DIRECTION('',(-0.,0.,-1.));
#9059 = DIRECTION('',(-0.,-1.,0.));
#9060 = FACE_BOUND('',#9061,.T.);
#9061 = EDGE_LOOP('',(#9062));
#9062 = ORIENTED_EDGE('',*,*,#9063,.T.);
#9063 = EDGE_CURVE('',#9064,#9064,#9066,.T.);
#9064 = VERTEX_POINT('',#9065);
#9065 = CARTESIAN_POINT('',(1.171E+03,-1.04505E+03,1.51));
#9066 = CIRCLE('',#9067,0.3);
#9067 = AXIS2_PLACEMENT_3D('',#9068,#9069,#9070);
#9068 = CARTESIAN_POINT('',(1.171E+03,-1.04475E+03,1.51));
#9069 = DIRECTION('',(-0.,0.,-1.));
#9070 = DIRECTION('',(-0.,-1.,0.));
#9071 = FACE_BOUND('',#9072,.T.);
#9072 = EDGE_LOOP('',(#9073));
#9073 = ORIENTED_EDGE('',*,*,#9074,.T.);
#9074 = EDGE_CURVE('',#9075,#9075,#9077,.T.);
#9075 = VERTEX_POINT('',#9076);
#9076 = CARTESIAN_POINT('',(1.17575E+03,-1.0468E+03,1.51));
#9077 = CIRCLE('',#9078,0.3);
#9078 = AXIS2_PLACEMENT_3D('',#9079,#9080,#9081);
#9079 = CARTESIAN_POINT('',(1.17575E+03,-1.0465E+03,1.51));
#9080 = DIRECTION('',(-0.,0.,-1.));
#9081 = DIRECTION('',(-0.,-1.,0.));
#9082 = FACE_BOUND('',#9083,.T.);
#9083 = EDGE_LOOP('',(#9084));
#9084 = ORIENTED_EDGE('',*,*,#9085,.T.);
#9085 = EDGE_CURVE('',#9086,#9086,#9088,.T.);
#9086 = VERTEX_POINT('',#9087);
#9087 = CARTESIAN_POINT('',(1.17575E+03,-1.04555E+03,1.51));
#9088 = CIRCLE('',#9089,0.3);
#9089 = AXIS2_PLACEMENT_3D('',#9090,#9091,#9092);
#9090 = CARTESIAN_POINT('',(1.17575E+03,-1.04525E+03,1.51));
#9091 = DIRECTION('',(-0.,0.,-1.));
#9092 = DIRECTION('',(-0.,-1.,0.));
#9093 = FACE_BOUND('',#9094,.T.);
#9094 = EDGE_LOOP('',(#9095));
#9095 = ORIENTED_EDGE('',*,*,#9096,.T.);
#9096 = EDGE_CURVE('',#9097,#9097,#9099,.T.);
#9097 = VERTEX_POINT('',#9098);
#9098 = CARTESIAN_POINT('',(1.171E+03,-1.0438E+03,1.51));
#9099 = CIRCLE('',#9100,0.3);
#9100 = AXIS2_PLACEMENT_3D('',#9101,#9102,#9103);
#9101 = CARTESIAN_POINT('',(1.171E+03,-1.0435E+03,1.51));
#9102 = DIRECTION('',(-0.,0.,-1.));
#9103 = DIRECTION('',(-0.,-1.,0.));
#9104 = FACE_BOUND('',#9105,.T.);
#9105 = EDGE_LOOP('',(#9106));
#9106 = ORIENTED_EDGE('',*,*,#9107,.T.);
#9107 = EDGE_CURVE('',#9108,#9108,#9110,.T.);
#9108 = VERTEX_POINT('',#9109);
#9109 = CARTESIAN_POINT('',(1.171E+03,-1.04255E+03,1.51));
#9110 = CIRCLE('',#9111,0.3);
#9111 = AXIS2_PLACEMENT_3D('',#9112,#9113,#9114);
#9112 = CARTESIAN_POINT('',(1.171E+03,-1.04225E+03,1.51));
#9113 = DIRECTION('',(-0.,0.,-1.));
#9114 = DIRECTION('',(-0.,-1.,0.));
#9115 = FACE_BOUND('',#9116,.T.);
#9116 = EDGE_LOOP('',(#9117));
#9117 = ORIENTED_EDGE('',*,*,#9118,.T.);
#9118 = EDGE_CURVE('',#9119,#9119,#9121,.T.);
#9119 = VERTEX_POINT('',#9120);
#9120 = CARTESIAN_POINT('',(1.17575E+03,-1.0443E+03,1.51));
#9121 = CIRCLE('',#9122,0.3);
#9122 = AXIS2_PLACEMENT_3D('',#9123,#9124,#9125);
#9123 = CARTESIAN_POINT('',(1.17575E+03,-1.044E+03,1.51));
#9124 = DIRECTION('',(-0.,0.,-1.));
#9125 = DIRECTION('',(-0.,-1.,0.));
#9126 = FACE_BOUND('',#9127,.T.);
#9127 = EDGE_LOOP('',(#9128));
#9128 = ORIENTED_EDGE('',*,*,#9129,.T.);
#9129 = EDGE_CURVE('',#9130,#9130,#9132,.T.);
#9130 = VERTEX_POINT('',#9131);
#9131 = CARTESIAN_POINT('',(1.17575E+03,-1.04305E+03,1.51));
#9132 = CIRCLE('',#9133,0.3);
#9133 = AXIS2_PLACEMENT_3D('',#9134,#9135,#9136);
#9134 = CARTESIAN_POINT('',(1.17575E+03,-1.04275E+03,1.51));
#9135 = DIRECTION('',(-0.,0.,-1.));
#9136 = DIRECTION('',(-0.,-1.,0.));
#9137 = FACE_BOUND('',#9138,.T.);
#9138 = EDGE_LOOP('',(#9139));
#9139 = ORIENTED_EDGE('',*,*,#9140,.T.);
#9140 = EDGE_CURVE('',#9141,#9141,#9143,.T.);
#9141 = VERTEX_POINT('',#9142);
#9142 = CARTESIAN_POINT('',(1.17575E+03,-1.0418E+03,1.51));
#9143 = CIRCLE('',#9144,0.3);
#9144 = AXIS2_PLACEMENT_3D('',#9145,#9146,#9147);
#9145 = CARTESIAN_POINT('',(1.17575E+03,-1.0415E+03,1.51));
#9146 = DIRECTION('',(-0.,0.,-1.));
#9147 = DIRECTION('',(-0.,-1.,0.));
#9148 = FACE_BOUND('',#9149,.T.);
#9149 = EDGE_LOOP('',(#9150));
#9150 = ORIENTED_EDGE('',*,*,#9151,.T.);
#9151 = EDGE_CURVE('',#9152,#9152,#9154,.T.);
#9152 = VERTEX_POINT('',#9153);
#9153 = CARTESIAN_POINT('',(1.17575E+03,-1.04055E+03,1.51));
#9154 = CIRCLE('',#9155,0.3);
#9155 = AXIS2_PLACEMENT_3D('',#9156,#9157,#9158);
#9156 = CARTESIAN_POINT('',(1.17575E+03,-1.04025E+03,1.51));
#9157 = DIRECTION('',(-0.,0.,-1.));
#9158 = DIRECTION('',(-0.,-1.,0.));
#9159 = FACE_BOUND('',#9160,.T.);
#9160 = EDGE_LOOP('',(#9161));
#9161 = ORIENTED_EDGE('',*,*,#9162,.T.);
#9162 = EDGE_CURVE('',#9163,#9163,#9165,.T.);
#9163 = VERTEX_POINT('',#9164);
#9164 = CARTESIAN_POINT('',(1.1645E+03,-1.036375E+03,1.51));
#9165 = CIRCLE('',#9166,0.375);
#9166 = AXIS2_PLACEMENT_3D('',#9167,#9168,#9169);
#9167 = CARTESIAN_POINT('',(1.1645E+03,-1.036E+03,1.51));
#9168 = DIRECTION('',(-0.,0.,-1.));
#9169 = DIRECTION('',(-0.,-1.,0.));
#9170 = FACE_BOUND('',#9171,.T.);
#9171 = EDGE_LOOP('',(#9172));
#9172 = ORIENTED_EDGE('',*,*,#9173,.T.);
#9173 = EDGE_CURVE('',#9174,#9174,#9176,.T.);
#9174 = VERTEX_POINT('',#9175);
#9175 = CARTESIAN_POINT('',(1.1665E+03,-1.036375E+03,1.51));
#9176 = CIRCLE('',#9177,0.375);
#9177 = AXIS2_PLACEMENT_3D('',#9178,#9179,#9180);
#9178 = CARTESIAN_POINT('',(1.1665E+03,-1.036E+03,1.51));
#9179 = DIRECTION('',(-0.,0.,-1.));
#9180 = DIRECTION('',(-0.,-1.,0.));
#9181 = FACE_BOUND('',#9182,.T.);
#9182 = EDGE_LOOP('',(#9183));
#9183 = ORIENTED_EDGE('',*,*,#9184,.T.);
#9184 = EDGE_CURVE('',#9185,#9185,#9187,.T.);
#9185 = VERTEX_POINT('',#9186);
#9186 = CARTESIAN_POINT('',(1.212E+03,-1.03875E+03,1.51));
#9187 = CIRCLE('',#9188,1.25);
#9188 = AXIS2_PLACEMENT_3D('',#9189,#9190,#9191);
#9189 = CARTESIAN_POINT('',(1.212E+03,-1.0375E+03,1.51));
#9190 = DIRECTION('',(-0.,0.,-1.));
#9191 = DIRECTION('',(-0.,-1.,0.));
#9192 = FACE_BOUND('',#9193,.T.);
#9193 = EDGE_LOOP('',(#9194,#9205,#9213,#9222));
#9194 = ORIENTED_EDGE('',*,*,#9195,.T.);
#9195 = EDGE_CURVE('',#9196,#9198,#9200,.T.);
#9196 = VERTEX_POINT('',#9197);
#9197 = CARTESIAN_POINT('',(1.217520001E+03,-1.040632456E+03,1.51));
#9198 = VERTEX_POINT('',#9199);
#9199 = CARTESIAN_POINT('',(1.218319999E+03,-1.040632456E+03,1.51));
#9200 = CIRCLE('',#9201,0.399999);
#9201 = AXIS2_PLACEMENT_3D('',#9202,#9203,#9204);
#9202 = CARTESIAN_POINT('',(1.21792E+03,-1.040632456E+03,1.51));
#9203 = DIRECTION('',(0.,-0.,-1.));
#9204 = DIRECTION('',(1.,5.684356096971E-13,-0.));
#9205 = ORIENTED_EDGE('',*,*,#9206,.T.);
#9206 = EDGE_CURVE('',#9198,#9207,#9209,.T.);
#9207 = VERTEX_POINT('',#9208);
#9208 = CARTESIAN_POINT('',(1.218319999E+03,-1.041332456E+03,1.51));
#9209 = LINE('',#9210,#9211);
#9210 = CARTESIAN_POINT('',(1.218319999E+03,-520.666228,1.51));
#9211 = VECTOR('',#9212,1.);
#9212 = DIRECTION('',(0.,-1.,0.));
#9213 = ORIENTED_EDGE('',*,*,#9214,.T.);
#9214 = EDGE_CURVE('',#9207,#9215,#9217,.T.);
#9215 = VERTEX_POINT('',#9216);
#9216 = CARTESIAN_POINT('',(1.217520001E+03,-1.041332456E+03,1.51));
#9217 = CIRCLE('',#9218,0.399999);
#9218 = AXIS2_PLACEMENT_3D('',#9219,#9220,#9221);
#9219 = CARTESIAN_POINT('',(1.21792E+03,-1.041332456E+03,1.51));
#9220 = DIRECTION('',(-0.,0.,-1.));
#9221 = DIRECTION('',(-1.,0.,0.));
#9222 = ORIENTED_EDGE('',*,*,#9223,.T.);
#9223 = EDGE_CURVE('',#9215,#9196,#9224,.T.);
#9224 = LINE('',#9225,#9226);
#9225 = CARTESIAN_POINT('',(1.217520001E+03,-520.316228,1.51));
#9226 = VECTOR('',#9227,1.);
#9227 = DIRECTION('',(-0.,1.,0.));
#9228 = FACE_BOUND('',#9229,.T.);
#9229 = EDGE_LOOP('',(#9230));
#9230 = ORIENTED_EDGE('',*,*,#9231,.T.);
#9231 = EDGE_CURVE('',#9232,#9232,#9234,.T.);
#9232 = VERTEX_POINT('',#9233);
#9233 = CARTESIAN_POINT('',(1.21935E+03,-1.040782456E+03,1.51));
#9234 = CIRCLE('',#9235,0.3);
#9235 = AXIS2_PLACEMENT_3D('',#9236,#9237,#9238);
#9236 = CARTESIAN_POINT('',(1.21935E+03,-1.040482456E+03,1.51));
#9237 = DIRECTION('',(-0.,0.,-1.));
#9238 = DIRECTION('',(-0.,-1.,0.));
#9239 = FACE_BOUND('',#9240,.T.);
#9240 = EDGE_LOOP('',(#9241,#9252,#9260,#9269));
#9241 = ORIENTED_EDGE('',*,*,#9242,.T.);
#9242 = EDGE_CURVE('',#9243,#9245,#9247,.T.);
#9243 = VERTEX_POINT('',#9244);
#9244 = CARTESIAN_POINT('',(1.226180001E+03,-1.040632456E+03,1.51));
#9245 = VERTEX_POINT('',#9246);
#9246 = CARTESIAN_POINT('',(1.226979999E+03,-1.040632456E+03,1.51));
#9247 = CIRCLE('',#9248,0.399999);
#9248 = AXIS2_PLACEMENT_3D('',#9249,#9250,#9251);
#9249 = CARTESIAN_POINT('',(1.22658E+03,-1.040632456E+03,1.51));
#9250 = DIRECTION('',(0.,-0.,-1.));
#9251 = DIRECTION('',(1.,5.684356096971E-13,-0.));
#9252 = ORIENTED_EDGE('',*,*,#9253,.T.);
#9253 = EDGE_CURVE('',#9245,#9254,#9256,.T.);
#9254 = VERTEX_POINT('',#9255);
#9255 = CARTESIAN_POINT('',(1.226979999E+03,-1.041332456E+03,1.51));
#9256 = LINE('',#9257,#9258);
#9257 = CARTESIAN_POINT('',(1.226979999E+03,-520.666228,1.51));
#9258 = VECTOR('',#9259,1.);
#9259 = DIRECTION('',(0.,-1.,0.));
#9260 = ORIENTED_EDGE('',*,*,#9261,.T.);
#9261 = EDGE_CURVE('',#9254,#9262,#9264,.T.);
#9262 = VERTEX_POINT('',#9263);
#9263 = CARTESIAN_POINT('',(1.226180001E+03,-1.041332456E+03,1.51));
#9264 = CIRCLE('',#9265,0.399999);
#9265 = AXIS2_PLACEMENT_3D('',#9266,#9267,#9268);
#9266 = CARTESIAN_POINT('',(1.22658E+03,-1.041332456E+03,1.51));
#9267 = DIRECTION('',(-0.,0.,-1.));
#9268 = DIRECTION('',(-1.,0.,0.));
#9269 = ORIENTED_EDGE('',*,*,#9270,.T.);
#9270 = EDGE_CURVE('',#9262,#9243,#9271,.T.);
#9271 = LINE('',#9272,#9273);
#9272 = CARTESIAN_POINT('',(1.226180001E+03,-520.316228,1.51));
#9273 = VECTOR('',#9274,1.);
#9274 = DIRECTION('',(-0.,1.,0.));
#9275 = FACE_BOUND('',#9276,.T.);
#9276 = EDGE_LOOP('',(#9277));
#9277 = ORIENTED_EDGE('',*,*,#9278,.T.);
#9278 = EDGE_CURVE('',#9279,#9279,#9281,.T.);
#9279 = VERTEX_POINT('',#9280);
#9280 = CARTESIAN_POINT('',(1.22515E+03,-1.040782456E+03,1.51));
#9281 = CIRCLE('',#9282,0.3);
#9282 = AXIS2_PLACEMENT_3D('',#9283,#9284,#9285);
#9283 = CARTESIAN_POINT('',(1.22515E+03,-1.040482456E+03,1.51));
#9284 = DIRECTION('',(-0.,0.,-1.));
#9285 = DIRECTION('',(-0.,-1.,0.));
#9286 = FACE_BOUND('',#9287,.T.);
#9287 = EDGE_LOOP('',(#9288,#9299,#9307,#9316));
#9288 = ORIENTED_EDGE('',*,*,#9289,.T.);
#9289 = EDGE_CURVE('',#9290,#9292,#9294,.T.);
#9290 = VERTEX_POINT('',#9291);
#9291 = CARTESIAN_POINT('',(1.217520001E+03,-1.036602456E+03,1.51));
#9292 = VERTEX_POINT('',#9293);
#9293 = CARTESIAN_POINT('',(1.218319999E+03,-1.036602456E+03,1.51));
#9294 = CIRCLE('',#9295,0.399999);
#9295 = AXIS2_PLACEMENT_3D('',#9296,#9297,#9298);
#9296 = CARTESIAN_POINT('',(1.21792E+03,-1.036602456E+03,1.51));
#9297 = DIRECTION('',(0.,-0.,-1.));
#9298 = DIRECTION('',(1.,0.,-0.));
#9299 = ORIENTED_EDGE('',*,*,#9300,.T.);
#9300 = EDGE_CURVE('',#9292,#9301,#9303,.T.);
#9301 = VERTEX_POINT('',#9302);
#9302 = CARTESIAN_POINT('',(1.218319999E+03,-1.037002456E+03,1.51));
#9303 = LINE('',#9304,#9305);
#9304 = CARTESIAN_POINT('',(1.218319999E+03,-518.501228,1.51));
#9305 = VECTOR('',#9306,1.);
#9306 = DIRECTION('',(0.,-1.,0.));
#9307 = ORIENTED_EDGE('',*,*,#9308,.T.);
#9308 = EDGE_CURVE('',#9301,#9309,#9311,.T.);
#9309 = VERTEX_POINT('',#9310);
#9310 = CARTESIAN_POINT('',(1.217520001E+03,-1.037002456E+03,1.51));
#9311 = CIRCLE('',#9312,0.399999);
#9312 = AXIS2_PLACEMENT_3D('',#9313,#9314,#9315);
#9313 = CARTESIAN_POINT('',(1.21792E+03,-1.037002456E+03,1.51));
#9314 = DIRECTION('',(-0.,0.,-1.));
#9315 = DIRECTION('',(-1.,-5.684356096971E-13,0.));
#9316 = ORIENTED_EDGE('',*,*,#9317,.T.);
#9317 = EDGE_CURVE('',#9309,#9290,#9318,.T.);
#9318 = LINE('',#9319,#9320);
#9319 = CARTESIAN_POINT('',(1.217520001E+03,-518.301228,1.51));
#9320 = VECTOR('',#9321,1.);
#9321 = DIRECTION('',(-0.,1.,0.));
#9322 = FACE_BOUND('',#9323,.T.);
#9323 = EDGE_LOOP('',(#9324));
#9324 = ORIENTED_EDGE('',*,*,#9325,.T.);
#9325 = EDGE_CURVE('',#9326,#9326,#9328,.T.);
#9326 = VERTEX_POINT('',#9327);
#9327 = CARTESIAN_POINT('',(1.23025E+03,-1.037625E+03,1.51));
#9328 = CIRCLE('',#9329,0.375);
#9329 = AXIS2_PLACEMENT_3D('',#9330,#9331,#9332);
#9330 = CARTESIAN_POINT('',(1.23025E+03,-1.03725E+03,1.51));
#9331 = DIRECTION('',(-0.,0.,-1.));
#9332 = DIRECTION('',(-0.,-1.,0.));
#9333 = FACE_BOUND('',#9334,.T.);
#9334 = EDGE_LOOP('',(#9335));
#9335 = ORIENTED_EDGE('',*,*,#9336,.T.);
#9336 = EDGE_CURVE('',#9337,#9337,#9339,.T.);
#9337 = VERTEX_POINT('',#9338);
#9338 = CARTESIAN_POINT('',(1.23225E+03,-1.037625E+03,1.51));
#9339 = CIRCLE('',#9340,0.375);
#9340 = AXIS2_PLACEMENT_3D('',#9341,#9342,#9343);
#9341 = CARTESIAN_POINT('',(1.23225E+03,-1.03725E+03,1.51));
#9342 = DIRECTION('',(-0.,0.,-1.));
#9343 = DIRECTION('',(-0.,-1.,0.));
#9344 = FACE_BOUND('',#9345,.T.);
#9345 = EDGE_LOOP('',(#9346,#9357,#9365,#9374));
#9346 = ORIENTED_EDGE('',*,*,#9347,.T.);
#9347 = EDGE_CURVE('',#9348,#9350,#9352,.T.);
#9348 = VERTEX_POINT('',#9349);
#9349 = CARTESIAN_POINT('',(1.226180001E+03,-1.036602456E+03,1.51));
#9350 = VERTEX_POINT('',#9351);
#9351 = CARTESIAN_POINT('',(1.226979999E+03,-1.036602456E+03,1.51));
#9352 = CIRCLE('',#9353,0.399999);
#9353 = AXIS2_PLACEMENT_3D('',#9354,#9355,#9356);
#9354 = CARTESIAN_POINT('',(1.22658E+03,-1.036602456E+03,1.51));
#9355 = DIRECTION('',(0.,-0.,-1.));
#9356 = DIRECTION('',(1.,0.,-0.));
#9357 = ORIENTED_EDGE('',*,*,#9358,.T.);
#9358 = EDGE_CURVE('',#9350,#9359,#9361,.T.);
#9359 = VERTEX_POINT('',#9360);
#9360 = CARTESIAN_POINT('',(1.226979999E+03,-1.037002456E+03,1.51));
#9361 = LINE('',#9362,#9363);
#9362 = CARTESIAN_POINT('',(1.226979999E+03,-518.501228,1.51));
#9363 = VECTOR('',#9364,1.);
#9364 = DIRECTION('',(0.,-1.,0.));
#9365 = ORIENTED_EDGE('',*,*,#9366,.T.);
#9366 = EDGE_CURVE('',#9359,#9367,#9369,.T.);
#9367 = VERTEX_POINT('',#9368);
#9368 = CARTESIAN_POINT('',(1.226180001E+03,-1.037002456E+03,1.51));
#9369 = CIRCLE('',#9370,0.399999);
#9370 = AXIS2_PLACEMENT_3D('',#9371,#9372,#9373);
#9371 = CARTESIAN_POINT('',(1.22658E+03,-1.037002456E+03,1.51));
#9372 = DIRECTION('',(-0.,0.,-1.));
#9373 = DIRECTION('',(-1.,-5.684356096971E-13,0.));
#9374 = ORIENTED_EDGE('',*,*,#9375,.T.);
#9375 = EDGE_CURVE('',#9367,#9348,#9376,.T.);
#9376 = LINE('',#9377,#9378);
#9377 = CARTESIAN_POINT('',(1.226180001E+03,-518.301228,1.51));
#9378 = VECTOR('',#9379,1.);
#9379 = DIRECTION('',(-0.,1.,0.));
#9380 = PLANE('',#9381);
#9381 = AXIS2_PLACEMENT_3D('',#9382,#9383,#9384);
#9382 = CARTESIAN_POINT('',(0.,0.,1.51));
#9383 = DIRECTION('',(0.,0.,1.));
#9384 = DIRECTION('',(1.,0.,-0.));
#9385 = ADVANCED_FACE('',(#9386),#9392,.T.);
#9386 = FACE_BOUND('',#9387,.T.);
#9387 = EDGE_LOOP('',(#9388,#9389,#9390,#9391));
#9388 = ORIENTED_EDGE('',*,*,#8341,.T.);
#9389 = ORIENTED_EDGE('',*,*,#8878,.T.);
#9390 = ORIENTED_EDGE('',*,*,#8301,.F.);
#9391 = ORIENTED_EDGE('',*,*,#8365,.F.);
#9392 = PLANE('',#9393);
#9393 = AXIS2_PLACEMENT_3D('',#9394,#9395,#9396);
#9394 = CARTESIAN_POINT('',(1.151E+03,-1.034E+03,0.));
#9395 = DIRECTION('',(0.,1.,0.));
#9396 = DIRECTION('',(1.,0.,0.));
#9397 = ADVANCED_FACE('',(#9398),#9409,.F.);
#9398 = FACE_BOUND('',#9399,.T.);
#9399 = EDGE_LOOP('',(#9400,#9401,#9407,#9408));
#9400 = ORIENTED_EDGE('',*,*,#8374,.T.);
#9401 = ORIENTED_EDGE('',*,*,#9402,.T.);
#9402 = EDGE_CURVE('',#8375,#8888,#9403,.T.);
#9403 = LINE('',#9404,#9405);
#9404 = CARTESIAN_POINT('',(1.163E+03,-1.058325E+03,-4.6E-02));
#9405 = VECTOR('',#9406,1.);
#9406 = DIRECTION('',(0.,0.,1.));
#9407 = ORIENTED_EDGE('',*,*,#8887,.F.);
#9408 = ORIENTED_EDGE('',*,*,#9402,.F.);
#9409 = CYLINDRICAL_SURFACE('',#9410,0.375);
#9410 = AXIS2_PLACEMENT_3D('',#9411,#9412,#9413);
#9411 = CARTESIAN_POINT('',(1.163E+03,-1.05795E+03,-4.6E-02));
#9412 = DIRECTION('',(-0.,-0.,-1.));
#9413 = DIRECTION('',(-0.,-1.,0.));
#9414 = ADVANCED_FACE('',(#9415),#9426,.F.);
#9415 = FACE_BOUND('',#9416,.T.);
#9416 = EDGE_LOOP('',(#9417,#9418,#9424,#9425));
#9417 = ORIENTED_EDGE('',*,*,#8385,.T.);
#9418 = ORIENTED_EDGE('',*,*,#9419,.T.);
#9419 = EDGE_CURVE('',#8386,#8899,#9420,.T.);
#9420 = LINE('',#9421,#9422);
#9421 = CARTESIAN_POINT('',(1.165E+03,-1.058325E+03,-4.6E-02));
#9422 = VECTOR('',#9423,1.);
#9423 = DIRECTION('',(0.,0.,1.));
#9424 = ORIENTED_EDGE('',*,*,#8898,.F.);
#9425 = ORIENTED_EDGE('',*,*,#9419,.F.);
#9426 = CYLINDRICAL_SURFACE('',#9427,0.375);
#9427 = AXIS2_PLACEMENT_3D('',#9428,#9429,#9430);
#9428 = CARTESIAN_POINT('',(1.165E+03,-1.05795E+03,-4.6E-02));
#9429 = DIRECTION('',(-0.,-0.,-1.));
#9430 = DIRECTION('',(-0.,-1.,0.));
#9431 = ADVANCED_FACE('',(#9432),#9443,.F.);
#9432 = FACE_BOUND('',#9433,.T.);
#9433 = EDGE_LOOP('',(#9434,#9435,#9441,#9442));
#9434 = ORIENTED_EDGE('',*,*,#8396,.T.);
#9435 = ORIENTED_EDGE('',*,*,#9436,.T.);
#9436 = EDGE_CURVE('',#8397,#8910,#9437,.T.);
#9437 = LINE('',#9438,#9439);
#9438 = CARTESIAN_POINT('',(1.18E+03,-1.05875E+03,-4.6E-02));
#9439 = VECTOR('',#9440,1.);
#9440 = DIRECTION('',(0.,0.,1.));
#9441 = ORIENTED_EDGE('',*,*,#8909,.F.);
#9442 = ORIENTED_EDGE('',*,*,#9436,.F.);
#9443 = CYLINDRICAL_SURFACE('',#9444,1.25);
#9444 = AXIS2_PLACEMENT_3D('',#9445,#9446,#9447);
#9445 = CARTESIAN_POINT('',(1.18E+03,-1.0575E+03,-4.6E-02));
#9446 = DIRECTION('',(-0.,-0.,-1.));
#9447 = DIRECTION('',(-0.,-1.,0.));
#9448 = ADVANCED_FACE('',(#9449),#9460,.F.);
#9449 = FACE_BOUND('',#9450,.T.);
#9450 = EDGE_LOOP('',(#9451,#9452,#9458,#9459));
#9451 = ORIENTED_EDGE('',*,*,#8407,.T.);
#9452 = ORIENTED_EDGE('',*,*,#9453,.T.);
#9453 = EDGE_CURVE('',#8408,#8921,#9454,.T.);
#9454 = LINE('',#9455,#9456);
#9455 = CARTESIAN_POINT('',(1.17575E+03,-1.0493E+03,-4.6E-02));
#9456 = VECTOR('',#9457,1.);
#9457 = DIRECTION('',(0.,0.,1.));
#9458 = ORIENTED_EDGE('',*,*,#8920,.F.);
#9459 = ORIENTED_EDGE('',*,*,#9453,.F.);
#9460 = CYLINDRICAL_SURFACE('',#9461,0.3);
#9461 = AXIS2_PLACEMENT_3D('',#9462,#9463,#9464);
#9462 = CARTESIAN_POINT('',(1.17575E+03,-1.049E+03,-4.6E-02));
#9463 = DIRECTION('',(-0.,-0.,-1.));
#9464 = DIRECTION('',(-0.,-1.,0.));
#9465 = ADVANCED_FACE('',(#9466),#9477,.F.);
#9466 = FACE_BOUND('',#9467,.T.);
#9467 = EDGE_LOOP('',(#9468,#9469,#9475,#9476));
#9468 = ORIENTED_EDGE('',*,*,#8418,.T.);
#9469 = ORIENTED_EDGE('',*,*,#9470,.T.);
#9470 = EDGE_CURVE('',#8419,#8932,#9471,.T.);
#9471 = LINE('',#9472,#9473);
#9472 = CARTESIAN_POINT('',(1.17575E+03,-1.04805E+03,-4.6E-02));
#9473 = VECTOR('',#9474,1.);
#9474 = DIRECTION('',(0.,0.,1.));
#9475 = ORIENTED_EDGE('',*,*,#8931,.F.);
#9476 = ORIENTED_EDGE('',*,*,#9470,.F.);
#9477 = CYLINDRICAL_SURFACE('',#9478,0.3);
#9478 = AXIS2_PLACEMENT_3D('',#9479,#9480,#9481);
#9479 = CARTESIAN_POINT('',(1.17575E+03,-1.04775E+03,-4.6E-02));
#9480 = DIRECTION('',(-0.,-0.,-1.));
#9481 = DIRECTION('',(-0.,-1.,0.));
#9482 = ADVANCED_FACE('',(#9483),#9494,.F.);
#9483 = FACE_BOUND('',#9484,.T.);
#9484 = EDGE_LOOP('',(#9485,#9486,#9492,#9493));
#9485 = ORIENTED_EDGE('',*,*,#8429,.T.);
#9486 = ORIENTED_EDGE('',*,*,#9487,.T.);
#9487 = EDGE_CURVE('',#8430,#8943,#9488,.T.);
#9488 = LINE('',#9489,#9490);
#9489 = CARTESIAN_POINT('',(1.204E+03,-1.05975E+03,-4.6E-02));
#9490 = VECTOR('',#9491,1.);
#9491 = DIRECTION('',(0.,0.,1.));
#9492 = ORIENTED_EDGE('',*,*,#8942,.F.);
#9493 = ORIENTED_EDGE('',*,*,#9487,.F.);
#9494 = CYLINDRICAL_SURFACE('',#9495,0.5);
#9495 = AXIS2_PLACEMENT_3D('',#9496,#9497,#9498);
#9496 = CARTESIAN_POINT('',(1.204E+03,-1.05925E+03,-4.6E-02));
#9497 = DIRECTION('',(-0.,-0.,-1.));
#9498 = DIRECTION('',(-0.,-1.,0.));
#9499 = ADVANCED_FACE('',(#9500),#9511,.F.);
#9500 = FACE_BOUND('',#9501,.T.);
#9501 = EDGE_LOOP('',(#9502,#9503,#9509,#9510));
#9502 = ORIENTED_EDGE('',*,*,#8440,.T.);
#9503 = ORIENTED_EDGE('',*,*,#9504,.T.);
#9504 = EDGE_CURVE('',#8441,#8954,#9505,.T.);
#9505 = LINE('',#9506,#9507);
#9506 = CARTESIAN_POINT('',(1.20654E+03,-1.05975E+03,-4.6E-02));
#9507 = VECTOR('',#9508,1.);
#9508 = DIRECTION('',(0.,0.,1.));
#9509 = ORIENTED_EDGE('',*,*,#8953,.F.);
#9510 = ORIENTED_EDGE('',*,*,#9504,.F.);
#9511 = CYLINDRICAL_SURFACE('',#9512,0.5);
#9512 = AXIS2_PLACEMENT_3D('',#9513,#9514,#9515);
#9513 = CARTESIAN_POINT('',(1.20654E+03,-1.05925E+03,-4.6E-02));
#9514 = DIRECTION('',(-0.,-0.,-1.));
#9515 = DIRECTION('',(-0.,-1.,0.));
#9516 = ADVANCED_FACE('',(#9517),#9528,.F.);
#9517 = FACE_BOUND('',#9518,.T.);
#9518 = EDGE_LOOP('',(#9519,#9520,#9526,#9527));
#9519 = ORIENTED_EDGE('',*,*,#8451,.T.);
#9520 = ORIENTED_EDGE('',*,*,#9521,.T.);
#9521 = EDGE_CURVE('',#8452,#8965,#9522,.T.);
#9522 = LINE('',#9523,#9524);
#9523 = CARTESIAN_POINT('',(1.231E+03,-1.058825E+03,-4.6E-02));
#9524 = VECTOR('',#9525,1.);
#9525 = DIRECTION('',(0.,0.,1.));
#9526 = ORIENTED_EDGE('',*,*,#8964,.F.);
#9527 = ORIENTED_EDGE('',*,*,#9521,.F.);
#9528 = CYLINDRICAL_SURFACE('',#9529,0.375);
#9529 = AXIS2_PLACEMENT_3D('',#9530,#9531,#9532);
#9530 = CARTESIAN_POINT('',(1.231E+03,-1.05845E+03,-4.6E-02));
#9531 = DIRECTION('',(-0.,-0.,-1.));
#9532 = DIRECTION('',(-0.,-1.,0.));
#9533 = ADVANCED_FACE('',(#9534),#9545,.F.);
#9534 = FACE_BOUND('',#9535,.T.);
#9535 = EDGE_LOOP('',(#9536,#9537,#9543,#9544));
#9536 = ORIENTED_EDGE('',*,*,#8462,.T.);
#9537 = ORIENTED_EDGE('',*,*,#9538,.T.);
#9538 = EDGE_CURVE('',#8463,#8976,#9539,.T.);
#9539 = LINE('',#9540,#9541);
#9540 = CARTESIAN_POINT('',(1.233E+03,-1.058825E+03,-4.6E-02));
#9541 = VECTOR('',#9542,1.);
#9542 = DIRECTION('',(0.,0.,1.));
#9543 = ORIENTED_EDGE('',*,*,#8975,.F.);
#9544 = ORIENTED_EDGE('',*,*,#9538,.F.);
#9545 = CYLINDRICAL_SURFACE('',#9546,0.375);
#9546 = AXIS2_PLACEMENT_3D('',#9547,#9548,#9549);
#9547 = CARTESIAN_POINT('',(1.233E+03,-1.05845E+03,-4.6E-02));
#9548 = DIRECTION('',(-0.,-0.,-1.));
#9549 = DIRECTION('',(-0.,-1.,0.));
#9550 = ADVANCED_FACE('',(#9551),#9562,.F.);
#9551 = FACE_BOUND('',#9552,.T.);
#9552 = EDGE_LOOP('',(#9553,#9554,#9560,#9561));
#9553 = ORIENTED_EDGE('',*,*,#8473,.T.);
#9554 = ORIENTED_EDGE('',*,*,#9555,.T.);
#9555 = EDGE_CURVE('',#8474,#8987,#9556,.T.);
#9556 = LINE('',#9557,#9558);
#9557 = CARTESIAN_POINT('',(1.2214626E+03,-1.049627E+03,-4.6E-02));
#9558 = VECTOR('',#9559,1.);
#9559 = DIRECTION('',(0.,0.,1.));
#9560 = ORIENTED_EDGE('',*,*,#8986,.F.);
#9561 = ORIENTED_EDGE('',*,*,#9555,.F.);
#9562 = CYLINDRICAL_SURFACE('',#9563,0.127);
#9563 = AXIS2_PLACEMENT_3D('',#9564,#9565,#9566);
#9564 = CARTESIAN_POINT('',(1.2214626E+03,-1.0495E+03,-4.6E-02));
#9565 = DIRECTION('',(-0.,-0.,-1.));
#9566 = DIRECTION('',(-0.,-1.,0.));
#9567 = ADVANCED_FACE('',(#9568),#9579,.F.);
#9568 = FACE_BOUND('',#9569,.T.);
#9569 = EDGE_LOOP('',(#9570,#9571,#9577,#9578));
#9570 = ORIENTED_EDGE('',*,*,#8484,.T.);
#9571 = ORIENTED_EDGE('',*,*,#9572,.T.);
#9572 = EDGE_CURVE('',#8485,#8998,#9573,.T.);
#9573 = LINE('',#9574,#9575);
#9574 = CARTESIAN_POINT('',(1.22225E+03,-1.049627E+03,-4.6E-02));
#9575 = VECTOR('',#9576,1.);
#9576 = DIRECTION('',(0.,0.,1.));
#9577 = ORIENTED_EDGE('',*,*,#8997,.F.);
#9578 = ORIENTED_EDGE('',*,*,#9572,.F.);
#9579 = CYLINDRICAL_SURFACE('',#9580,0.127);
#9580 = AXIS2_PLACEMENT_3D('',#9581,#9582,#9583);
#9581 = CARTESIAN_POINT('',(1.22225E+03,-1.0495E+03,-4.6E-02));
#9582 = DIRECTION('',(-0.,-0.,-1.));
#9583 = DIRECTION('',(-0.,-1.,0.));
#9584 = ADVANCED_FACE('',(#9585),#9596,.F.);
#9585 = FACE_BOUND('',#9586,.T.);
#9586 = EDGE_LOOP('',(#9587,#9588,#9594,#9595));
#9587 = ORIENTED_EDGE('',*,*,#8495,.T.);
#9588 = ORIENTED_EDGE('',*,*,#9589,.T.);
#9589 = EDGE_CURVE('',#8496,#9009,#9590,.T.);
#9590 = LINE('',#9591,#9592);
#9591 = CARTESIAN_POINT('',(1.2214626E+03,-1.0488396E+03,-4.6E-02));
#9592 = VECTOR('',#9593,1.);
#9593 = DIRECTION('',(0.,0.,1.));
#9594 = ORIENTED_EDGE('',*,*,#9008,.F.);
#9595 = ORIENTED_EDGE('',*,*,#9589,.F.);
#9596 = CYLINDRICAL_SURFACE('',#9597,0.127);
#9597 = AXIS2_PLACEMENT_3D('',#9598,#9599,#9600);
#9598 = CARTESIAN_POINT('',(1.2214626E+03,-1.0487126E+03,-4.6E-02));
#9599 = DIRECTION('',(-0.,-0.,-1.));
#9600 = DIRECTION('',(-0.,-1.,0.));
#9601 = ADVANCED_FACE('',(#9602),#9613,.F.);
#9602 = FACE_BOUND('',#9603,.T.);
#9603 = EDGE_LOOP('',(#9604,#9605,#9611,#9612));
#9604 = ORIENTED_EDGE('',*,*,#8506,.T.);
#9605 = ORIENTED_EDGE('',*,*,#9606,.T.);
#9606 = EDGE_CURVE('',#8507,#9020,#9607,.T.);
#9607 = LINE('',#9608,#9609);
#9608 = CARTESIAN_POINT('',(1.22225E+03,-1.0488396E+03,-4.6E-02));
#9609 = VECTOR('',#9610,1.);
#9610 = DIRECTION('',(0.,0.,1.));
#9611 = ORIENTED_EDGE('',*,*,#9019,.F.);
#9612 = ORIENTED_EDGE('',*,*,#9606,.F.);
#9613 = CYLINDRICAL_SURFACE('',#9614,0.127);
#9614 = AXIS2_PLACEMENT_3D('',#9615,#9616,#9617);
#9615 = CARTESIAN_POINT('',(1.22225E+03,-1.0487126E+03,-4.6E-02));
#9616 = DIRECTION('',(-0.,-0.,-1.));
#9617 = DIRECTION('',(-0.,-1.,0.));
#9618 = ADVANCED_FACE('',(#9619),#9630,.F.);
#9619 = FACE_BOUND('',#9620,.T.);
#9620 = EDGE_LOOP('',(#9621,#9622,#9628,#9629));
#9621 = ORIENTED_EDGE('',*,*,#8517,.T.);
#9622 = ORIENTED_EDGE('',*,*,#9623,.T.);
#9623 = EDGE_CURVE('',#8518,#9031,#9624,.T.);
#9624 = LINE('',#9625,#9626);
#9625 = CARTESIAN_POINT('',(1.2214626E+03,-1.0480522E+03,-4.6E-02));
#9626 = VECTOR('',#9627,1.);
#9627 = DIRECTION('',(0.,0.,1.));
#9628 = ORIENTED_EDGE('',*,*,#9030,.F.);
#9629 = ORIENTED_EDGE('',*,*,#9623,.F.);
#9630 = CYLINDRICAL_SURFACE('',#9631,0.127);
#9631 = AXIS2_PLACEMENT_3D('',#9632,#9633,#9634);
#9632 = CARTESIAN_POINT('',(1.2214626E+03,-1.0479252E+03,-4.6E-02));
#9633 = DIRECTION('',(-0.,-0.,-1.));
#9634 = DIRECTION('',(-0.,-1.,0.));
#9635 = ADVANCED_FACE('',(#9636),#9647,.F.);
#9636 = FACE_BOUND('',#9637,.T.);
#9637 = EDGE_LOOP('',(#9638,#9639,#9645,#9646));
#9638 = ORIENTED_EDGE('',*,*,#8528,.T.);
#9639 = ORIENTED_EDGE('',*,*,#9640,.T.);
#9640 = EDGE_CURVE('',#8529,#9042,#9641,.T.);
#9641 = LINE('',#9642,#9643);
#9642 = CARTESIAN_POINT('',(1.22225E+03,-1.0480522E+03,-4.6E-02));
#9643 = VECTOR('',#9644,1.);
#9644 = DIRECTION('',(0.,0.,1.));
#9645 = ORIENTED_EDGE('',*,*,#9041,.F.);
#9646 = ORIENTED_EDGE('',*,*,#9640,.F.);
#9647 = CYLINDRICAL_SURFACE('',#9648,0.127);
#9648 = AXIS2_PLACEMENT_3D('',#9649,#9650,#9651);
#9649 = CARTESIAN_POINT('',(1.22225E+03,-1.0479252E+03,-4.6E-02));
#9650 = DIRECTION('',(-0.,-0.,-1.));
#9651 = DIRECTION('',(-0.,-1.,0.));
#9652 = ADVANCED_FACE('',(#9653),#9664,.F.);
#9653 = FACE_BOUND('',#9654,.T.);
#9654 = EDGE_LOOP('',(#9655,#9656,#9662,#9663));
#9655 = ORIENTED_EDGE('',*,*,#8539,.T.);
#9656 = ORIENTED_EDGE('',*,*,#9657,.T.);
#9657 = EDGE_CURVE('',#8540,#9053,#9658,.T.);
#9658 = LINE('',#9659,#9660);
#9659 = CARTESIAN_POINT('',(1.171E+03,-1.0463E+03,-4.6E-02));
#9660 = VECTOR('',#9661,1.);
#9661 = DIRECTION('',(0.,0.,1.));
#9662 = ORIENTED_EDGE('',*,*,#9052,.F.);
#9663 = ORIENTED_EDGE('',*,*,#9657,.F.);
#9664 = CYLINDRICAL_SURFACE('',#9665,0.3);
#9665 = AXIS2_PLACEMENT_3D('',#9666,#9667,#9668);
#9666 = CARTESIAN_POINT('',(1.171E+03,-1.046E+03,-4.6E-02));
#9667 = DIRECTION('',(-0.,-0.,-1.));
#9668 = DIRECTION('',(-0.,-1.,0.));
#9669 = ADVANCED_FACE('',(#9670),#9681,.F.);
#9670 = FACE_BOUND('',#9671,.T.);
#9671 = EDGE_LOOP('',(#9672,#9673,#9679,#9680));
#9672 = ORIENTED_EDGE('',*,*,#8550,.T.);
#9673 = ORIENTED_EDGE('',*,*,#9674,.T.);
#9674 = EDGE_CURVE('',#8551,#9064,#9675,.T.);
#9675 = LINE('',#9676,#9677);
#9676 = CARTESIAN_POINT('',(1.171E+03,-1.04505E+03,-4.6E-02));
#9677 = VECTOR('',#9678,1.);
#9678 = DIRECTION('',(0.,0.,1.));
#9679 = ORIENTED_EDGE('',*,*,#9063,.F.);
#9680 = ORIENTED_EDGE('',*,*,#9674,.F.);
#9681 = CYLINDRICAL_SURFACE('',#9682,0.3);
#9682 = AXIS2_PLACEMENT_3D('',#9683,#9684,#9685);
#9683 = CARTESIAN_POINT('',(1.171E+03,-1.04475E+03,-4.6E-02));
#9684 = DIRECTION('',(-0.,-0.,-1.));
#9685 = DIRECTION('',(-0.,-1.,0.));
#9686 = ADVANCED_FACE('',(#9687),#9698,.F.);
#9687 = FACE_BOUND('',#9688,.T.);
#9688 = EDGE_LOOP('',(#9689,#9690,#9696,#9697));
#9689 = ORIENTED_EDGE('',*,*,#8561,.T.);
#9690 = ORIENTED_EDGE('',*,*,#9691,.T.);
#9691 = EDGE_CURVE('',#8562,#9075,#9692,.T.);
#9692 = LINE('',#9693,#9694);
#9693 = CARTESIAN_POINT('',(1.17575E+03,-1.0468E+03,-4.6E-02));
#9694 = VECTOR('',#9695,1.);
#9695 = DIRECTION('',(0.,0.,1.));
#9696 = ORIENTED_EDGE('',*,*,#9074,.F.);
#9697 = ORIENTED_EDGE('',*,*,#9691,.F.);
#9698 = CYLINDRICAL_SURFACE('',#9699,0.3);
#9699 = AXIS2_PLACEMENT_3D('',#9700,#9701,#9702);
#9700 = CARTESIAN_POINT('',(1.17575E+03,-1.0465E+03,-4.6E-02));
#9701 = DIRECTION('',(-0.,-0.,-1.));
#9702 = DIRECTION('',(-0.,-1.,0.));
#9703 = ADVANCED_FACE('',(#9704),#9715,.F.);
#9704 = FACE_BOUND('',#9705,.T.);
#9705 = EDGE_LOOP('',(#9706,#9707,#9713,#9714));
#9706 = ORIENTED_EDGE('',*,*,#8572,.T.);
#9707 = ORIENTED_EDGE('',*,*,#9708,.T.);
#9708 = EDGE_CURVE('',#8573,#9086,#9709,.T.);
#9709 = LINE('',#9710,#9711);
#9710 = CARTESIAN_POINT('',(1.17575E+03,-1.04555E+03,-4.6E-02));
#9711 = VECTOR('',#9712,1.);
#9712 = DIRECTION('',(0.,0.,1.));
#9713 = ORIENTED_EDGE('',*,*,#9085,.F.);
#9714 = ORIENTED_EDGE('',*,*,#9708,.F.);
#9715 = CYLINDRICAL_SURFACE('',#9716,0.3);
#9716 = AXIS2_PLACEMENT_3D('',#9717,#9718,#9719);
#9717 = CARTESIAN_POINT('',(1.17575E+03,-1.04525E+03,-4.6E-02));
#9718 = DIRECTION('',(-0.,-0.,-1.));
#9719 = DIRECTION('',(-0.,-1.,0.));
#9720 = ADVANCED_FACE('',(#9721),#9732,.F.);
#9721 = FACE_BOUND('',#9722,.T.);
#9722 = EDGE_LOOP('',(#9723,#9724,#9730,#9731));
#9723 = ORIENTED_EDGE('',*,*,#8583,.T.);
#9724 = ORIENTED_EDGE('',*,*,#9725,.T.);
#9725 = EDGE_CURVE('',#8584,#9097,#9726,.T.);
#9726 = LINE('',#9727,#9728);
#9727 = CARTESIAN_POINT('',(1.171E+03,-1.0438E+03,-4.6E-02));
#9728 = VECTOR('',#9729,1.);
#9729 = DIRECTION('',(0.,0.,1.));
#9730 = ORIENTED_EDGE('',*,*,#9096,.F.);
#9731 = ORIENTED_EDGE('',*,*,#9725,.F.);
#9732 = CYLINDRICAL_SURFACE('',#9733,0.3);
#9733 = AXIS2_PLACEMENT_3D('',#9734,#9735,#9736);
#9734 = CARTESIAN_POINT('',(1.171E+03,-1.0435E+03,-4.6E-02));
#9735 = DIRECTION('',(-0.,-0.,-1.));
#9736 = DIRECTION('',(-0.,-1.,0.));
#9737 = ADVANCED_FACE('',(#9738),#9749,.F.);
#9738 = FACE_BOUND('',#9739,.T.);
#9739 = EDGE_LOOP('',(#9740,#9741,#9747,#9748));
#9740 = ORIENTED_EDGE('',*,*,#8594,.T.);
#9741 = ORIENTED_EDGE('',*,*,#9742,.T.);
#9742 = EDGE_CURVE('',#8595,#9108,#9743,.T.);
#9743 = LINE('',#9744,#9745);
#9744 = CARTESIAN_POINT('',(1.171E+03,-1.04255E+03,-4.6E-02));
#9745 = VECTOR('',#9746,1.);
#9746 = DIRECTION('',(0.,0.,1.));
#9747 = ORIENTED_EDGE('',*,*,#9107,.F.);
#9748 = ORIENTED_EDGE('',*,*,#9742,.F.);
#9749 = CYLINDRICAL_SURFACE('',#9750,0.3);
#9750 = AXIS2_PLACEMENT_3D('',#9751,#9752,#9753);
#9751 = CARTESIAN_POINT('',(1.171E+03,-1.04225E+03,-4.6E-02));
#9752 = DIRECTION('',(-0.,-0.,-1.));
#9753 = DIRECTION('',(-0.,-1.,0.));
#9754 = ADVANCED_FACE('',(#9755),#9766,.F.);
#9755 = FACE_BOUND('',#9756,.T.);
#9756 = EDGE_LOOP('',(#9757,#9758,#9764,#9765));
#9757 = ORIENTED_EDGE('',*,*,#8605,.T.);
#9758 = ORIENTED_EDGE('',*,*,#9759,.T.);
#9759 = EDGE_CURVE('',#8606,#9119,#9760,.T.);
#9760 = LINE('',#9761,#9762);
#9761 = CARTESIAN_POINT('',(1.17575E+03,-1.0443E+03,-4.6E-02));
#9762 = VECTOR('',#9763,1.);
#9763 = DIRECTION('',(0.,0.,1.));
#9764 = ORIENTED_EDGE('',*,*,#9118,.F.);
#9765 = ORIENTED_EDGE('',*,*,#9759,.F.);
#9766 = CYLINDRICAL_SURFACE('',#9767,0.3);
#9767 = AXIS2_PLACEMENT_3D('',#9768,#9769,#9770);
#9768 = CARTESIAN_POINT('',(1.17575E+03,-1.044E+03,-4.6E-02));
#9769 = DIRECTION('',(-0.,-0.,-1.));
#9770 = DIRECTION('',(-0.,-1.,0.));
#9771 = ADVANCED_FACE('',(#9772),#9783,.F.);
#9772 = FACE_BOUND('',#9773,.T.);
#9773 = EDGE_LOOP('',(#9774,#9775,#9781,#9782));
#9774 = ORIENTED_EDGE('',*,*,#8616,.T.);
#9775 = ORIENTED_EDGE('',*,*,#9776,.T.);
#9776 = EDGE_CURVE('',#8617,#9130,#9777,.T.);
#9777 = LINE('',#9778,#9779);
#9778 = CARTESIAN_POINT('',(1.17575E+03,-1.04305E+03,-4.6E-02));
#9779 = VECTOR('',#9780,1.);
#9780 = DIRECTION('',(0.,0.,1.));
#9781 = ORIENTED_EDGE('',*,*,#9129,.F.);
#9782 = ORIENTED_EDGE('',*,*,#9776,.F.);
#9783 = CYLINDRICAL_SURFACE('',#9784,0.3);
#9784 = AXIS2_PLACEMENT_3D('',#9785,#9786,#9787);
#9785 = CARTESIAN_POINT('',(1.17575E+03,-1.04275E+03,-4.6E-02));
#9786 = DIRECTION('',(-0.,-0.,-1.));
#9787 = DIRECTION('',(-0.,-1.,0.));
#9788 = ADVANCED_FACE('',(#9789),#9800,.F.);
#9789 = FACE_BOUND('',#9790,.T.);
#9790 = EDGE_LOOP('',(#9791,#9792,#9798,#9799));
#9791 = ORIENTED_EDGE('',*,*,#8627,.T.);
#9792 = ORIENTED_EDGE('',*,*,#9793,.T.);
#9793 = EDGE_CURVE('',#8628,#9141,#9794,.T.);
#9794 = LINE('',#9795,#9796);
#9795 = CARTESIAN_POINT('',(1.17575E+03,-1.0418E+03,-4.6E-02));
#9796 = VECTOR('',#9797,1.);
#9797 = DIRECTION('',(0.,0.,1.));
#9798 = ORIENTED_EDGE('',*,*,#9140,.F.);
#9799 = ORIENTED_EDGE('',*,*,#9793,.F.);
#9800 = CYLINDRICAL_SURFACE('',#9801,0.3);
#9801 = AXIS2_PLACEMENT_3D('',#9802,#9803,#9804);
#9802 = CARTESIAN_POINT('',(1.17575E+03,-1.0415E+03,-4.6E-02));
#9803 = DIRECTION('',(-0.,-0.,-1.));
#9804 = DIRECTION('',(-0.,-1.,0.));
#9805 = ADVANCED_FACE('',(#9806),#9817,.F.);
#9806 = FACE_BOUND('',#9807,.T.);
#9807 = EDGE_LOOP('',(#9808,#9809,#9815,#9816));
#9808 = ORIENTED_EDGE('',*,*,#8638,.T.);
#9809 = ORIENTED_EDGE('',*,*,#9810,.T.);
#9810 = EDGE_CURVE('',#8639,#9152,#9811,.T.);
#9811 = LINE('',#9812,#9813);
#9812 = CARTESIAN_POINT('',(1.17575E+03,-1.04055E+03,-4.6E-02));
#9813 = VECTOR('',#9814,1.);
#9814 = DIRECTION('',(0.,0.,1.));
#9815 = ORIENTED_EDGE('',*,*,#9151,.F.);
#9816 = ORIENTED_EDGE('',*,*,#9810,.F.);
#9817 = CYLINDRICAL_SURFACE('',#9818,0.3);
#9818 = AXIS2_PLACEMENT_3D('',#9819,#9820,#9821);
#9819 = CARTESIAN_POINT('',(1.17575E+03,-1.04025E+03,-4.6E-02));
#9820 = DIRECTION('',(-0.,-0.,-1.));
#9821 = DIRECTION('',(-0.,-1.,0.));
#9822 = ADVANCED_FACE('',(#9823),#9834,.F.);
#9823 = FACE_BOUND('',#9824,.T.);
#9824 = EDGE_LOOP('',(#9825,#9826,#9832,#9833));
#9825 = ORIENTED_EDGE('',*,*,#8649,.T.);
#9826 = ORIENTED_EDGE('',*,*,#9827,.T.);
#9827 = EDGE_CURVE('',#8650,#9163,#9828,.T.);
#9828 = LINE('',#9829,#9830);
#9829 = CARTESIAN_POINT('',(1.1645E+03,-1.036375E+03,-4.6E-02));
#9830 = VECTOR('',#9831,1.);
#9831 = DIRECTION('',(0.,0.,1.));
#9832 = ORIENTED_EDGE('',*,*,#9162,.F.);
#9833 = ORIENTED_EDGE('',*,*,#9827,.F.);
#9834 = CYLINDRICAL_SURFACE('',#9835,0.375);
#9835 = AXIS2_PLACEMENT_3D('',#9836,#9837,#9838);
#9836 = CARTESIAN_POINT('',(1.1645E+03,-1.036E+03,-4.6E-02));
#9837 = DIRECTION('',(-0.,-0.,-1.));
#9838 = DIRECTION('',(-0.,-1.,0.));
#9839 = ADVANCED_FACE('',(#9840),#9851,.F.);
#9840 = FACE_BOUND('',#9841,.T.);
#9841 = EDGE_LOOP('',(#9842,#9843,#9849,#9850));
#9842 = ORIENTED_EDGE('',*,*,#8660,.T.);
#9843 = ORIENTED_EDGE('',*,*,#9844,.T.);
#9844 = EDGE_CURVE('',#8661,#9174,#9845,.T.);
#9845 = LINE('',#9846,#9847);
#9846 = CARTESIAN_POINT('',(1.1665E+03,-1.036375E+03,-4.6E-02));
#9847 = VECTOR('',#9848,1.);
#9848 = DIRECTION('',(0.,0.,1.));
#9849 = ORIENTED_EDGE('',*,*,#9173,.F.);
#9850 = ORIENTED_EDGE('',*,*,#9844,.F.);
#9851 = CYLINDRICAL_SURFACE('',#9852,0.375);
#9852 = AXIS2_PLACEMENT_3D('',#9853,#9854,#9855);
#9853 = CARTESIAN_POINT('',(1.1665E+03,-1.036E+03,-4.6E-02));
#9854 = DIRECTION('',(-0.,-0.,-1.));
#9855 = DIRECTION('',(-0.,-1.,0.));
#9856 = ADVANCED_FACE('',(#9857),#9868,.F.);
#9857 = FACE_BOUND('',#9858,.T.);
#9858 = EDGE_LOOP('',(#9859,#9860,#9866,#9867));
#9859 = ORIENTED_EDGE('',*,*,#8671,.T.);
#9860 = ORIENTED_EDGE('',*,*,#9861,.T.);
#9861 = EDGE_CURVE('',#8672,#9185,#9862,.T.);
#9862 = LINE('',#9863,#9864);
#9863 = CARTESIAN_POINT('',(1.212E+03,-1.03875E+03,-4.6E-02));
#9864 = VECTOR('',#9865,1.);
#9865 = DIRECTION('',(0.,0.,1.));
#9866 = ORIENTED_EDGE('',*,*,#9184,.F.);
#9867 = ORIENTED_EDGE('',*,*,#9861,.F.);
#9868 = CYLINDRICAL_SURFACE('',#9869,1.25);
#9869 = AXIS2_PLACEMENT_3D('',#9870,#9871,#9872);
#9870 = CARTESIAN_POINT('',(1.212E+03,-1.0375E+03,-4.6E-02));
#9871 = DIRECTION('',(-0.,-0.,-1.));
#9872 = DIRECTION('',(-0.,-1.,0.));
#9873 = ADVANCED_FACE('',(#9874),#9890,.F.);
#9874 = FACE_BOUND('',#9875,.T.);
#9875 = EDGE_LOOP('',(#9876,#9877,#9883,#9884));
#9876 = ORIENTED_EDGE('',*,*,#8682,.T.);
#9877 = ORIENTED_EDGE('',*,*,#9878,.T.);
#9878 = EDGE_CURVE('',#8685,#9198,#9879,.T.);
#9879 = LINE('',#9880,#9881);
#9880 = CARTESIAN_POINT('',(1.218319999E+03,-1.040632456E+03,-4.6E-02));
#9881 = VECTOR('',#9882,1.);
#9882 = DIRECTION('',(0.,0.,1.));
#9883 = ORIENTED_EDGE('',*,*,#9195,.F.);
#9884 = ORIENTED_EDGE('',*,*,#9885,.F.);
#9885 = EDGE_CURVE('',#8683,#9196,#9886,.T.);
#9886 = LINE('',#9887,#9888);
#9887 = CARTESIAN_POINT('',(1.217520001E+03,-1.040632456E+03,-4.6E-02));
#9888 = VECTOR('',#9889,1.);
#9889 = DIRECTION('',(0.,0.,1.));
#9890 = CYLINDRICAL_SURFACE('',#9891,0.399999);
#9891 = AXIS2_PLACEMENT_3D('',#9892,#9893,#9894);
#9892 = CARTESIAN_POINT('',(1.21792E+03,-1.040632456E+03,-4.6E-02));
#9893 = DIRECTION('',(-0.,-0.,-1.));
#9894 = DIRECTION('',(1.,5.684356096971E-13,-0.));
#9895 = ADVANCED_FACE('',(#9896),#9907,.T.);
#9896 = FACE_BOUND('',#9897,.T.);
#9897 = EDGE_LOOP('',(#9898,#9899,#9900,#9901));
#9898 = ORIENTED_EDGE('',*,*,#8710,.T.);
#9899 = ORIENTED_EDGE('',*,*,#9885,.T.);
#9900 = ORIENTED_EDGE('',*,*,#9223,.F.);
#9901 = ORIENTED_EDGE('',*,*,#9902,.F.);
#9902 = EDGE_CURVE('',#8702,#9215,#9903,.T.);
#9903 = LINE('',#9904,#9905);
#9904 = CARTESIAN_POINT('',(1.217520001E+03,-1.041332456E+03,-4.6E-02));
#9905 = VECTOR('',#9906,1.);
#9906 = DIRECTION('',(0.,0.,1.));
#9907 = PLANE('',#9908);
#9908 = AXIS2_PLACEMENT_3D('',#9909,#9910,#9911);
#9909 = CARTESIAN_POINT('',(1.217520001E+03,-1.040632456E+03,-4.6E-02));
#9910 = DIRECTION('',(1.,0.,-0.));
#9911 = DIRECTION('',(0.,-1.,0.));
#9912 = ADVANCED_FACE('',(#9913),#9924,.F.);
#9913 = FACE_BOUND('',#9914,.T.);
#9914 = EDGE_LOOP('',(#9915,#9916,#9917,#9918));
#9915 = ORIENTED_EDGE('',*,*,#8701,.T.);
#9916 = ORIENTED_EDGE('',*,*,#9902,.T.);
#9917 = ORIENTED_EDGE('',*,*,#9214,.F.);
#9918 = ORIENTED_EDGE('',*,*,#9919,.F.);
#9919 = EDGE_CURVE('',#8694,#9207,#9920,.T.);
#9920 = LINE('',#9921,#9922);
#9921 = CARTESIAN_POINT('',(1.218319999E+03,-1.041332456E+03,-4.6E-02));
#9922 = VECTOR('',#9923,1.);
#9923 = DIRECTION('',(0.,0.,1.));
#9924 = CYLINDRICAL_SURFACE('',#9925,0.399999);
#9925 = AXIS2_PLACEMENT_3D('',#9926,#9927,#9928);
#9926 = CARTESIAN_POINT('',(1.21792E+03,-1.041332456E+03,-4.6E-02));
#9927 = DIRECTION('',(-0.,-0.,-1.));
#9928 = DIRECTION('',(-1.,0.,-0.));
#9929 = ADVANCED_FACE('',(#9930),#9936,.T.);
#9930 = FACE_BOUND('',#9931,.T.);
#9931 = EDGE_LOOP('',(#9932,#9933,#9934,#9935));
#9932 = ORIENTED_EDGE('',*,*,#8693,.T.);
#9933 = ORIENTED_EDGE('',*,*,#9919,.T.);
#9934 = ORIENTED_EDGE('',*,*,#9206,.F.);
#9935 = ORIENTED_EDGE('',*,*,#9878,.F.);
#9936 = PLANE('',#9937);
#9937 = AXIS2_PLACEMENT_3D('',#9938,#9939,#9940);
#9938 = CARTESIAN_POINT('',(1.218319999E+03,-1.041332456E+03,-4.6E-02));
#9939 = DIRECTION('',(-1.,0.,0.));
#9940 = DIRECTION('',(0.,1.,0.));
#9941 = ADVANCED_FACE('',(#9942),#9953,.F.);
#9942 = FACE_BOUND('',#9943,.T.);
#9943 = EDGE_LOOP('',(#9944,#9945,#9951,#9952));
#9944 = ORIENTED_EDGE('',*,*,#8718,.T.);
#9945 = ORIENTED_EDGE('',*,*,#9946,.T.);
#9946 = EDGE_CURVE('',#8719,#9232,#9947,.T.);
#9947 = LINE('',#9948,#9949);
#9948 = CARTESIAN_POINT('',(1.21935E+03,-1.040782456E+03,-4.6E-02));
#9949 = VECTOR('',#9950,1.);
#9950 = DIRECTION('',(0.,0.,1.));
#9951 = ORIENTED_EDGE('',*,*,#9231,.F.);
#9952 = ORIENTED_EDGE('',*,*,#9946,.F.);
#9953 = CYLINDRICAL_SURFACE('',#9954,0.3);
#9954 = AXIS2_PLACEMENT_3D('',#9955,#9956,#9957);
#9955 = CARTESIAN_POINT('',(1.21935E+03,-1.040482456E+03,-4.6E-02));
#9956 = DIRECTION('',(-0.,-0.,-1.));
#9957 = DIRECTION('',(-0.,-1.,0.));
#9958 = ADVANCED_FACE('',(#9959),#9975,.F.);
#9959 = FACE_BOUND('',#9960,.T.);
#9960 = EDGE_LOOP('',(#9961,#9962,#9968,#9969));
#9961 = ORIENTED_EDGE('',*,*,#8729,.T.);
#9962 = ORIENTED_EDGE('',*,*,#9963,.T.);
#9963 = EDGE_CURVE('',#8732,#9245,#9964,.T.);
#9964 = LINE('',#9965,#9966);
#9965 = CARTESIAN_POINT('',(1.226979999E+03,-1.040632456E+03,-4.6E-02));
#9966 = VECTOR('',#9967,1.);
#9967 = DIRECTION('',(0.,0.,1.));
#9968 = ORIENTED_EDGE('',*,*,#9242,.F.);
#9969 = ORIENTED_EDGE('',*,*,#9970,.F.);
#9970 = EDGE_CURVE('',#8730,#9243,#9971,.T.);
#9971 = LINE('',#9972,#9973);
#9972 = CARTESIAN_POINT('',(1.226180001E+03,-1.040632456E+03,-4.6E-02));
#9973 = VECTOR('',#9974,1.);
#9974 = DIRECTION('',(0.,0.,1.));
#9975 = CYLINDRICAL_SURFACE('',#9976,0.399999);
#9976 = AXIS2_PLACEMENT_3D('',#9977,#9978,#9979);
#9977 = CARTESIAN_POINT('',(1.22658E+03,-1.040632456E+03,-4.6E-02));
#9978 = DIRECTION('',(-0.,-0.,-1.));
#9979 = DIRECTION('',(1.,5.684356096971E-13,-0.));
#9980 = ADVANCED_FACE('',(#9981),#9992,.T.);
#9981 = FACE_BOUND('',#9982,.T.);
#9982 = EDGE_LOOP('',(#9983,#9984,#9985,#9986));
#9983 = ORIENTED_EDGE('',*,*,#8757,.T.);
#9984 = ORIENTED_EDGE('',*,*,#9970,.T.);
#9985 = ORIENTED_EDGE('',*,*,#9270,.F.);
#9986 = ORIENTED_EDGE('',*,*,#9987,.F.);
#9987 = EDGE_CURVE('',#8749,#9262,#9988,.T.);
#9988 = LINE('',#9989,#9990);
#9989 = CARTESIAN_POINT('',(1.226180001E+03,-1.041332456E+03,-4.6E-02));
#9990 = VECTOR('',#9991,1.);
#9991 = DIRECTION('',(0.,0.,1.));
#9992 = PLANE('',#9993);
#9993 = AXIS2_PLACEMENT_3D('',#9994,#9995,#9996);
#9994 = CARTESIAN_POINT('',(1.226180001E+03,-1.040632456E+03,-4.6E-02));
#9995 = DIRECTION('',(1.,0.,-0.));
#9996 = DIRECTION('',(0.,-1.,0.));
#9997 = ADVANCED_FACE('',(#9998),#10009,.F.);
#9998 = FACE_BOUND('',#9999,.T.);
#9999 = EDGE_LOOP('',(#10000,#10001,#10002,#10003));
#10000 = ORIENTED_EDGE('',*,*,#8748,.T.);
#10001 = ORIENTED_EDGE('',*,*,#9987,.T.);
#10002 = ORIENTED_EDGE('',*,*,#9261,.F.);
#10003 = ORIENTED_EDGE('',*,*,#10004,.F.);
#10004 = EDGE_CURVE('',#8741,#9254,#10005,.T.);
#10005 = LINE('',#10006,#10007);
#10006 = CARTESIAN_POINT('',(1.226979999E+03,-1.041332456E+03,-4.6E-02)
  );
#10007 = VECTOR('',#10008,1.);
#10008 = DIRECTION('',(0.,0.,1.));
#10009 = CYLINDRICAL_SURFACE('',#10010,0.399999);
#10010 = AXIS2_PLACEMENT_3D('',#10011,#10012,#10013);
#10011 = CARTESIAN_POINT('',(1.22658E+03,-1.041332456E+03,-4.6E-02));
#10012 = DIRECTION('',(-0.,-0.,-1.));
#10013 = DIRECTION('',(-1.,0.,-0.));
#10014 = ADVANCED_FACE('',(#10015),#10021,.T.);
#10015 = FACE_BOUND('',#10016,.T.);
#10016 = EDGE_LOOP('',(#10017,#10018,#10019,#10020));
#10017 = ORIENTED_EDGE('',*,*,#8740,.T.);
#10018 = ORIENTED_EDGE('',*,*,#10004,.T.);
#10019 = ORIENTED_EDGE('',*,*,#9253,.F.);
#10020 = ORIENTED_EDGE('',*,*,#9963,.F.);
#10021 = PLANE('',#10022);
#10022 = AXIS2_PLACEMENT_3D('',#10023,#10024,#10025);
#10023 = CARTESIAN_POINT('',(1.226979999E+03,-1.041332456E+03,-4.6E-02)
  );
#10024 = DIRECTION('',(-1.,0.,0.));
#10025 = DIRECTION('',(0.,1.,0.));
#10026 = ADVANCED_FACE('',(#10027),#10038,.F.);
#10027 = FACE_BOUND('',#10028,.T.);
#10028 = EDGE_LOOP('',(#10029,#10030,#10036,#10037));
#10029 = ORIENTED_EDGE('',*,*,#8765,.T.);
#10030 = ORIENTED_EDGE('',*,*,#10031,.T.);
#10031 = EDGE_CURVE('',#8766,#9279,#10032,.T.);
#10032 = LINE('',#10033,#10034);
#10033 = CARTESIAN_POINT('',(1.22515E+03,-1.040782456E+03,-4.6E-02));
#10034 = VECTOR('',#10035,1.);
#10035 = DIRECTION('',(0.,0.,1.));
#10036 = ORIENTED_EDGE('',*,*,#9278,.F.);
#10037 = ORIENTED_EDGE('',*,*,#10031,.F.);
#10038 = CYLINDRICAL_SURFACE('',#10039,0.3);
#10039 = AXIS2_PLACEMENT_3D('',#10040,#10041,#10042);
#10040 = CARTESIAN_POINT('',(1.22515E+03,-1.040482456E+03,-4.6E-02));
#10041 = DIRECTION('',(-0.,-0.,-1.));
#10042 = DIRECTION('',(-0.,-1.,0.));
#10043 = ADVANCED_FACE('',(#10044),#10060,.F.);
#10044 = FACE_BOUND('',#10045,.T.);
#10045 = EDGE_LOOP('',(#10046,#10047,#10053,#10054));
#10046 = ORIENTED_EDGE('',*,*,#8776,.T.);
#10047 = ORIENTED_EDGE('',*,*,#10048,.T.);
#10048 = EDGE_CURVE('',#8779,#9292,#10049,.T.);
#10049 = LINE('',#10050,#10051);
#10050 = CARTESIAN_POINT('',(1.218319999E+03,-1.036602456E+03,-4.6E-02)
  );
#10051 = VECTOR('',#10052,1.);
#10052 = DIRECTION('',(0.,0.,1.));
#10053 = ORIENTED_EDGE('',*,*,#9289,.F.);
#10054 = ORIENTED_EDGE('',*,*,#10055,.F.);
#10055 = EDGE_CURVE('',#8777,#9290,#10056,.T.);
#10056 = LINE('',#10057,#10058);
#10057 = CARTESIAN_POINT('',(1.217520001E+03,-1.036602456E+03,-4.6E-02)
  );
#10058 = VECTOR('',#10059,1.);
#10059 = DIRECTION('',(0.,0.,1.));
#10060 = CYLINDRICAL_SURFACE('',#10061,0.399999);
#10061 = AXIS2_PLACEMENT_3D('',#10062,#10063,#10064);
#10062 = CARTESIAN_POINT('',(1.21792E+03,-1.036602456E+03,-4.6E-02));
#10063 = DIRECTION('',(-0.,-0.,-1.));
#10064 = DIRECTION('',(1.,0.,-0.));
#10065 = ADVANCED_FACE('',(#10066),#10077,.T.);
#10066 = FACE_BOUND('',#10067,.T.);
#10067 = EDGE_LOOP('',(#10068,#10069,#10070,#10071));
#10068 = ORIENTED_EDGE('',*,*,#8804,.T.);
#10069 = ORIENTED_EDGE('',*,*,#10055,.T.);
#10070 = ORIENTED_EDGE('',*,*,#9317,.F.);
#10071 = ORIENTED_EDGE('',*,*,#10072,.F.);
#10072 = EDGE_CURVE('',#8796,#9309,#10073,.T.);
#10073 = LINE('',#10074,#10075);
#10074 = CARTESIAN_POINT('',(1.217520001E+03,-1.037002456E+03,-4.6E-02)
  );
#10075 = VECTOR('',#10076,1.);
#10076 = DIRECTION('',(0.,0.,1.));
#10077 = PLANE('',#10078);
#10078 = AXIS2_PLACEMENT_3D('',#10079,#10080,#10081);
#10079 = CARTESIAN_POINT('',(1.217520001E+03,-1.036602456E+03,-4.6E-02)
  );
#10080 = DIRECTION('',(1.,0.,-0.));
#10081 = DIRECTION('',(0.,-1.,0.));
#10082 = ADVANCED_FACE('',(#10083),#10094,.F.);
#10083 = FACE_BOUND('',#10084,.T.);
#10084 = EDGE_LOOP('',(#10085,#10086,#10087,#10088));
#10085 = ORIENTED_EDGE('',*,*,#8795,.T.);
#10086 = ORIENTED_EDGE('',*,*,#10072,.T.);
#10087 = ORIENTED_EDGE('',*,*,#9308,.F.);
#10088 = ORIENTED_EDGE('',*,*,#10089,.F.);
#10089 = EDGE_CURVE('',#8788,#9301,#10090,.T.);
#10090 = LINE('',#10091,#10092);
#10091 = CARTESIAN_POINT('',(1.218319999E+03,-1.037002456E+03,-4.6E-02)
  );
#10092 = VECTOR('',#10093,1.);
#10093 = DIRECTION('',(0.,0.,1.));
#10094 = CYLINDRICAL_SURFACE('',#10095,0.399999);
#10095 = AXIS2_PLACEMENT_3D('',#10096,#10097,#10098);
#10096 = CARTESIAN_POINT('',(1.21792E+03,-1.037002456E+03,-4.6E-02));
#10097 = DIRECTION('',(-0.,-0.,-1.));
#10098 = DIRECTION('',(-1.,-5.684356096971E-13,0.));
#10099 = ADVANCED_FACE('',(#10100),#10106,.T.);
#10100 = FACE_BOUND('',#10101,.T.);
#10101 = EDGE_LOOP('',(#10102,#10103,#10104,#10105));
#10102 = ORIENTED_EDGE('',*,*,#8787,.T.);
#10103 = ORIENTED_EDGE('',*,*,#10089,.T.);
#10104 = ORIENTED_EDGE('',*,*,#9300,.F.);
#10105 = ORIENTED_EDGE('',*,*,#10048,.F.);
#10106 = PLANE('',#10107);
#10107 = AXIS2_PLACEMENT_3D('',#10108,#10109,#10110);
#10108 = CARTESIAN_POINT('',(1.218319999E+03,-1.037002456E+03,-4.6E-02)
  );
#10109 = DIRECTION('',(-1.,0.,0.));
#10110 = DIRECTION('',(0.,1.,0.));
#10111 = ADVANCED_FACE('',(#10112),#10123,.F.);
#10112 = FACE_BOUND('',#10113,.T.);
#10113 = EDGE_LOOP('',(#10114,#10115,#10121,#10122));
#10114 = ORIENTED_EDGE('',*,*,#8812,.T.);
#10115 = ORIENTED_EDGE('',*,*,#10116,.T.);
#10116 = EDGE_CURVE('',#8813,#9326,#10117,.T.);
#10117 = LINE('',#10118,#10119);
#10118 = CARTESIAN_POINT('',(1.23025E+03,-1.037625E+03,-4.6E-02));
#10119 = VECTOR('',#10120,1.);
#10120 = DIRECTION('',(0.,0.,1.));
#10121 = ORIENTED_EDGE('',*,*,#9325,.F.);
#10122 = ORIENTED_EDGE('',*,*,#10116,.F.);
#10123 = CYLINDRICAL_SURFACE('',#10124,0.375);
#10124 = AXIS2_PLACEMENT_3D('',#10125,#10126,#10127);
#10125 = CARTESIAN_POINT('',(1.23025E+03,-1.03725E+03,-4.6E-02));
#10126 = DIRECTION('',(-0.,-0.,-1.));
#10127 = DIRECTION('',(-0.,-1.,0.));
#10128 = ADVANCED_FACE('',(#10129),#10140,.F.);
#10129 = FACE_BOUND('',#10130,.T.);
#10130 = EDGE_LOOP('',(#10131,#10132,#10138,#10139));
#10131 = ORIENTED_EDGE('',*,*,#8823,.T.);
#10132 = ORIENTED_EDGE('',*,*,#10133,.T.);
#10133 = EDGE_CURVE('',#8824,#9337,#10134,.T.);
#10134 = LINE('',#10135,#10136);
#10135 = CARTESIAN_POINT('',(1.23225E+03,-1.037625E+03,-4.6E-02));
#10136 = VECTOR('',#10137,1.);
#10137 = DIRECTION('',(0.,0.,1.));
#10138 = ORIENTED_EDGE('',*,*,#9336,.F.);
#10139 = ORIENTED_EDGE('',*,*,#10133,.F.);
#10140 = CYLINDRICAL_SURFACE('',#10141,0.375);
#10141 = AXIS2_PLACEMENT_3D('',#10142,#10143,#10144);
#10142 = CARTESIAN_POINT('',(1.23225E+03,-1.03725E+03,-4.6E-02));
#10143 = DIRECTION('',(-0.,-0.,-1.));
#10144 = DIRECTION('',(-0.,-1.,0.));
#10145 = ADVANCED_FACE('',(#10146),#10162,.F.);
#10146 = FACE_BOUND('',#10147,.T.);
#10147 = EDGE_LOOP('',(#10148,#10149,#10155,#10156));
#10148 = ORIENTED_EDGE('',*,*,#8834,.T.);
#10149 = ORIENTED_EDGE('',*,*,#10150,.T.);
#10150 = EDGE_CURVE('',#8837,#9350,#10151,.T.);
#10151 = LINE('',#10152,#10153);
#10152 = CARTESIAN_POINT('',(1.226979999E+03,-1.036602456E+03,-4.6E-02)
  );
#10153 = VECTOR('',#10154,1.);
#10154 = DIRECTION('',(0.,0.,1.));
#10155 = ORIENTED_EDGE('',*,*,#9347,.F.);
#10156 = ORIENTED_EDGE('',*,*,#10157,.F.);
#10157 = EDGE_CURVE('',#8835,#9348,#10158,.T.);
#10158 = LINE('',#10159,#10160);
#10159 = CARTESIAN_POINT('',(1.226180001E+03,-1.036602456E+03,-4.6E-02)
  );
#10160 = VECTOR('',#10161,1.);
#10161 = DIRECTION('',(0.,0.,1.));
#10162 = CYLINDRICAL_SURFACE('',#10163,0.399999);
#10163 = AXIS2_PLACEMENT_3D('',#10164,#10165,#10166);
#10164 = CARTESIAN_POINT('',(1.22658E+03,-1.036602456E+03,-4.6E-02));
#10165 = DIRECTION('',(-0.,-0.,-1.));
#10166 = DIRECTION('',(1.,0.,-0.));
#10167 = ADVANCED_FACE('',(#10168),#10179,.T.);
#10168 = FACE_BOUND('',#10169,.T.);
#10169 = EDGE_LOOP('',(#10170,#10171,#10172,#10173));
#10170 = ORIENTED_EDGE('',*,*,#8862,.T.);
#10171 = ORIENTED_EDGE('',*,*,#10157,.T.);
#10172 = ORIENTED_EDGE('',*,*,#9375,.F.);
#10173 = ORIENTED_EDGE('',*,*,#10174,.F.);
#10174 = EDGE_CURVE('',#8854,#9367,#10175,.T.);
#10175 = LINE('',#10176,#10177);
#10176 = CARTESIAN_POINT('',(1.226180001E+03,-1.037002456E+03,-4.6E-02)
  );
#10177 = VECTOR('',#10178,1.);
#10178 = DIRECTION('',(0.,0.,1.));
#10179 = PLANE('',#10180);
#10180 = AXIS2_PLACEMENT_3D('',#10181,#10182,#10183);
#10181 = CARTESIAN_POINT('',(1.226180001E+03,-1.036602456E+03,-4.6E-02)
  );
#10182 = DIRECTION('',(1.,0.,-0.));
#10183 = DIRECTION('',(0.,-1.,0.));
#10184 = ADVANCED_FACE('',(#10185),#10196,.F.);
#10185 = FACE_BOUND('',#10186,.T.);
#10186 = EDGE_LOOP('',(#10187,#10188,#10189,#10190));
#10187 = ORIENTED_EDGE('',*,*,#8853,.T.);
#10188 = ORIENTED_EDGE('',*,*,#10174,.T.);
#10189 = ORIENTED_EDGE('',*,*,#9366,.F.);
#10190 = ORIENTED_EDGE('',*,*,#10191,.F.);
#10191 = EDGE_CURVE('',#8846,#9359,#10192,.T.);
#10192 = LINE('',#10193,#10194);
#10193 = CARTESIAN_POINT('',(1.226979999E+03,-1.037002456E+03,-4.6E-02)
  );
#10194 = VECTOR('',#10195,1.);
#10195 = DIRECTION('',(0.,0.,1.));
#10196 = CYLINDRICAL_SURFACE('',#10197,0.399999);
#10197 = AXIS2_PLACEMENT_3D('',#10198,#10199,#10200);
#10198 = CARTESIAN_POINT('',(1.22658E+03,-1.037002456E+03,-4.6E-02));
#10199 = DIRECTION('',(-0.,-0.,-1.));
#10200 = DIRECTION('',(-1.,-5.684356096971E-13,0.));
#10201 = ADVANCED_FACE('',(#10202),#10208,.T.);
#10202 = FACE_BOUND('',#10203,.T.);
#10203 = EDGE_LOOP('',(#10204,#10205,#10206,#10207));
#10204 = ORIENTED_EDGE('',*,*,#8845,.T.);
#10205 = ORIENTED_EDGE('',*,*,#10191,.T.);
#10206 = ORIENTED_EDGE('',*,*,#9358,.F.);
#10207 = ORIENTED_EDGE('',*,*,#10150,.F.);
#10208 = PLANE('',#10209);
#10209 = AXIS2_PLACEMENT_3D('',#10210,#10211,#10212);
#10210 = CARTESIAN_POINT('',(1.226979999E+03,-1.037002456E+03,-4.6E-02)
  );
#10211 = DIRECTION('',(-1.,0.,0.));
#10212 = DIRECTION('',(0.,1.,0.));
#10213 = ( GEOMETRIC_REPRESENTATION_CONTEXT(3) 
GLOBAL_UNCERTAINTY_ASSIGNED_CONTEXT((#10217)) 
GLOBAL_UNIT_ASSIGNED_CONTEXT((#10214,#10215,#10216)) 
REPRESENTATION_CONTEXT('Context #1',
  '3D Context with UNIT and UNCERTAINTY') );
#10214 = ( LENGTH_UNIT() NAMED_UNIT(*) SI_UNIT(.MILLI.,.METRE.) );
#10215 = ( NAMED_UNIT(*) PLANE_ANGLE_UNIT() SI_UNIT($,.RADIAN.) );
#10216 = ( NAMED_UNIT(*) SI_UNIT($,.STERADIAN.) SOLID_ANGLE_UNIT() );
#10217 = UNCERTAINTY_MEASURE_WITH_UNIT(LENGTH_MEASURE(1.E-07),#10214,
  'distance_accuracy_value','confusion accuracy');
#10218 = CONTEXT_DEPENDENT_SHAPE_REPRESENTATION(#10219,#10221);
#10219 = ( REPRESENTATION_RELATIONSHIP('','',#8254,#10) 
REPRESENTATION_RELATIONSHIP_WITH_TRANSFORMATION(#10220) 
SHAPE_REPRESENTATION_RELATIONSHIP() );
#10220 = ITEM_DEFINED_TRANSFORMATION('','',#11,#159);
#10221 = PRODUCT_DEFINITION_SHAPE('Placement','Placement of an item',
  #10222);
#10222 = NEXT_ASSEMBLY_USAGE_OCCURRENCE('43','=>[0:1:1:14]','',#5,#8249,
  $);
#10223 = PRODUCT_RELATED_PRODUCT_CATEGORY('part',$,(#8251));
#10224 = MECHANICAL_DESIGN_GEOMETRIC_PRESENTATION_REPRESENTATION('',(
    #10225,#10233,#10240,#10247,#10254,#10261,#10268,#10275,#10282,
    #10289,#10296,#10304,#10311,#10318,#10325,#10332,#10339,#10346,
    #10353,#10360,#10367,#10374,#10381,#10388,#10395,#10402,#10409,
    #10416),#4884);
#10225 = STYLED_ITEM('color',(#10226),#4032);
#10226 = PRESENTATION_STYLE_ASSIGNMENT((#10227));
#10227 = SURFACE_STYLE_USAGE(.BOTH.,#10228);
#10228 = SURFACE_SIDE_STYLE('',(#10229));
#10229 = SURFACE_STYLE_FILL_AREA(#10230);
#10230 = FILL_AREA_STYLE('',(#10231));
#10231 = FILL_AREA_STYLE_COLOUR('',#10232);
#10232 = COLOUR_RGB('',0.823999987314,0.819999987296,0.781000009244);
#10233 = STYLED_ITEM('color',(#10234),#4108);
#10234 = PRESENTATION_STYLE_ASSIGNMENT((#10235));
#10235 = SURFACE_STYLE_USAGE(.BOTH.,#10236);
#10236 = SURFACE_SIDE_STYLE('',(#10237));
#10237 = SURFACE_STYLE_FILL_AREA(#10238);
#10238 = FILL_AREA_STYLE('',(#10239));
#10239 = FILL_AREA_STYLE_COLOUR('',#10232);
#10240 = STYLED_ITEM('color',(#10241),#4139);
#10241 = PRESENTATION_STYLE_ASSIGNMENT((#10242));
#10242 = SURFACE_STYLE_USAGE(.BOTH.,#10243);
#10243 = SURFACE_SIDE_STYLE('',(#10244));
#10244 = SURFACE_STYLE_FILL_AREA(#10245);
#10245 = FILL_AREA_STYLE('',(#10246));
#10246 = FILL_AREA_STYLE_COLOUR('',#10232);
#10247 = STYLED_ITEM('color',(#10248),#4164);
#10248 = PRESENTATION_STYLE_ASSIGNMENT((#10249));
#10249 = SURFACE_STYLE_USAGE(.BOTH.,#10250);
#10250 = SURFACE_SIDE_STYLE('',(#10251));
#10251 = SURFACE_STYLE_FILL_AREA(#10252);
#10252 = FILL_AREA_STYLE('',(#10253));
#10253 = FILL_AREA_STYLE_COLOUR('',#10232);
#10254 = STYLED_ITEM('color',(#10255),#4189);
#10255 = PRESENTATION_STYLE_ASSIGNMENT((#10256));
#10256 = SURFACE_STYLE_USAGE(.BOTH.,#10257);
#10257 = SURFACE_SIDE_STYLE('',(#10258));
#10258 = SURFACE_STYLE_FILL_AREA(#10259);
#10259 = FILL_AREA_STYLE('',(#10260));
#10260 = FILL_AREA_STYLE_COLOUR('',#10232);
#10261 = STYLED_ITEM('color',(#10262),#4213);
#10262 = PRESENTATION_STYLE_ASSIGNMENT((#10263));
#10263 = SURFACE_STYLE_USAGE(.BOTH.,#10264);
#10264 = SURFACE_SIDE_STYLE('',(#10265));
#10265 = SURFACE_STYLE_FILL_AREA(#10266);
#10266 = FILL_AREA_STYLE('',(#10267));
#10267 = FILL_AREA_STYLE_COLOUR('',#10232);
#10268 = STYLED_ITEM('color',(#10269),#4237);
#10269 = PRESENTATION_STYLE_ASSIGNMENT((#10270));
#10270 = SURFACE_STYLE_USAGE(.BOTH.,#10271);
#10271 = SURFACE_SIDE_STYLE('',(#10272));
#10272 = SURFACE_STYLE_FILL_AREA(#10273);
#10273 = FILL_AREA_STYLE('',(#10274));
#10274 = FILL_AREA_STYLE_COLOUR('',#10232);
#10275 = STYLED_ITEM('color',(#10276),#4262);
#10276 = PRESENTATION_STYLE_ASSIGNMENT((#10277));
#10277 = SURFACE_STYLE_USAGE(.BOTH.,#10278);
#10278 = SURFACE_SIDE_STYLE('',(#10279));
#10279 = SURFACE_STYLE_FILL_AREA(#10280);
#10280 = FILL_AREA_STYLE('',(#10281));
#10281 = FILL_AREA_STYLE_COLOUR('',#10232);
#10282 = STYLED_ITEM('color',(#10283),#4287);
#10283 = PRESENTATION_STYLE_ASSIGNMENT((#10284));
#10284 = SURFACE_STYLE_USAGE(.BOTH.,#10285);
#10285 = SURFACE_SIDE_STYLE('',(#10286));
#10286 = SURFACE_STYLE_FILL_AREA(#10287);
#10287 = FILL_AREA_STYLE('',(#10288));
#10288 = FILL_AREA_STYLE_COLOUR('',#10232);
#10289 = STYLED_ITEM('color',(#10290),#4304);
#10290 = PRESENTATION_STYLE_ASSIGNMENT((#10291));
#10291 = SURFACE_STYLE_USAGE(.BOTH.,#10292);
#10292 = SURFACE_SIDE_STYLE('',(#10293));
#10293 = SURFACE_STYLE_FILL_AREA(#10294);
#10294 = FILL_AREA_STYLE('',(#10295));
#10295 = FILL_AREA_STYLE_COLOUR('',#10232);
#10296 = STYLED_ITEM('color',(#10297),#4390);
#10297 = PRESENTATION_STYLE_ASSIGNMENT((#10298));
#10298 = SURFACE_STYLE_USAGE(.BOTH.,#10299);
#10299 = SURFACE_SIDE_STYLE('',(#10300));
#10300 = SURFACE_STYLE_FILL_AREA(#10301);
#10301 = FILL_AREA_STYLE('',(#10302));
#10302 = FILL_AREA_STYLE_COLOUR('',#10303);
#10303 = COLOUR_RGB('',0.379000005575,0.270000008848,0.214999999939);
#10304 = STYLED_ITEM('color',(#10305),#4422);
#10305 = PRESENTATION_STYLE_ASSIGNMENT((#10306));
#10306 = SURFACE_STYLE_USAGE(.BOTH.,#10307);
#10307 = SURFACE_SIDE_STYLE('',(#10308));
#10308 = SURFACE_STYLE_FILL_AREA(#10309);
#10309 = FILL_AREA_STYLE('',(#10310));
#10310 = FILL_AREA_STYLE_COLOUR('',#10303);
#10311 = STYLED_ITEM('color',(#10312),#4446);
#10312 = PRESENTATION_STYLE_ASSIGNMENT((#10313));
#10313 = SURFACE_STYLE_USAGE(.BOTH.,#10314);
#10314 = SURFACE_SIDE_STYLE('',(#10315));
#10315 = SURFACE_STYLE_FILL_AREA(#10316);
#10316 = FILL_AREA_STYLE('',(#10317));
#10317 = FILL_AREA_STYLE_COLOUR('',#10303);
#10318 = STYLED_ITEM('color',(#10319),#4471);
#10319 = PRESENTATION_STYLE_ASSIGNMENT((#10320));
#10320 = SURFACE_STYLE_USAGE(.BOTH.,#10321);
#10321 = SURFACE_SIDE_STYLE('',(#10322));
#10322 = SURFACE_STYLE_FILL_AREA(#10323);
#10323 = FILL_AREA_STYLE('',(#10324));
#10324 = FILL_AREA_STYLE_COLOUR('',#10303);
#10325 = STYLED_ITEM('color',(#10326),#4495);
#10326 = PRESENTATION_STYLE_ASSIGNMENT((#10327));
#10327 = SURFACE_STYLE_USAGE(.BOTH.,#10328);
#10328 = SURFACE_SIDE_STYLE('',(#10329));
#10329 = SURFACE_STYLE_FILL_AREA(#10330);
#10330 = FILL_AREA_STYLE('',(#10331));
#10331 = FILL_AREA_STYLE_COLOUR('',#10303);
#10332 = STYLED_ITEM('color',(#10333),#4520);
#10333 = PRESENTATION_STYLE_ASSIGNMENT((#10334));
#10334 = SURFACE_STYLE_USAGE(.BOTH.,#10335);
#10335 = SURFACE_SIDE_STYLE('',(#10336));
#10336 = SURFACE_STYLE_FILL_AREA(#10337);
#10337 = FILL_AREA_STYLE('',(#10338));
#10338 = FILL_AREA_STYLE_COLOUR('',#10303);
#10339 = STYLED_ITEM('color',(#10340),#4544);
#10340 = PRESENTATION_STYLE_ASSIGNMENT((#10341));
#10341 = SURFACE_STYLE_USAGE(.BOTH.,#10342);
#10342 = SURFACE_SIDE_STYLE('',(#10343));
#10343 = SURFACE_STYLE_FILL_AREA(#10344);
#10344 = FILL_AREA_STYLE('',(#10345));
#10345 = FILL_AREA_STYLE_COLOUR('',#10303);
#10346 = STYLED_ITEM('color',(#10347),#4569);
#10347 = PRESENTATION_STYLE_ASSIGNMENT((#10348));
#10348 = SURFACE_STYLE_USAGE(.BOTH.,#10349);
#10349 = SURFACE_SIDE_STYLE('',(#10350));
#10350 = SURFACE_STYLE_FILL_AREA(#10351);
#10351 = FILL_AREA_STYLE('',(#10352));
#10352 = FILL_AREA_STYLE_COLOUR('',#10303);
#10353 = STYLED_ITEM('color',(#10354),#4586);
#10354 = PRESENTATION_STYLE_ASSIGNMENT((#10355));
#10355 = SURFACE_STYLE_USAGE(.BOTH.,#10356);
#10356 = SURFACE_SIDE_STYLE('',(#10357));
#10357 = SURFACE_STYLE_FILL_AREA(#10358);
#10358 = FILL_AREA_STYLE('',(#10359));
#10359 = FILL_AREA_STYLE_COLOUR('',#10232);
#10360 = STYLED_ITEM('color',(#10361),#4672);
#10361 = PRESENTATION_STYLE_ASSIGNMENT((#10362));
#10362 = SURFACE_STYLE_USAGE(.BOTH.,#10363);
#10363 = SURFACE_SIDE_STYLE('',(#10364));
#10364 = SURFACE_STYLE_FILL_AREA(#10365);
#10365 = FILL_AREA_STYLE('',(#10366));
#10366 = FILL_AREA_STYLE_COLOUR('',#10232);
#10367 = STYLED_ITEM('color',(#10368),#4703);
#10368 = PRESENTATION_STYLE_ASSIGNMENT((#10369));
#10369 = SURFACE_STYLE_USAGE(.BOTH.,#10370);
#10370 = SURFACE_SIDE_STYLE('',(#10371));
#10371 = SURFACE_STYLE_FILL_AREA(#10372);
#10372 = FILL_AREA_STYLE('',(#10373));
#10373 = FILL_AREA_STYLE_COLOUR('',#10232);
#10374 = STYLED_ITEM('color',(#10375),#4728);
#10375 = PRESENTATION_STYLE_ASSIGNMENT((#10376));
#10376 = SURFACE_STYLE_USAGE(.BOTH.,#10377);
#10377 = SURFACE_SIDE_STYLE('',(#10378));
#10378 = SURFACE_STYLE_FILL_AREA(#10379);
#10379 = FILL_AREA_STYLE('',(#10380));
#10380 = FILL_AREA_STYLE_COLOUR('',#10232);
#10381 = STYLED_ITEM('color',(#10382),#4753);
#10382 = PRESENTATION_STYLE_ASSIGNMENT((#10383));
#10383 = SURFACE_STYLE_USAGE(.BOTH.,#10384);
#10384 = SURFACE_SIDE_STYLE('',(#10385));
#10385 = SURFACE_STYLE_FILL_AREA(#10386);
#10386 = FILL_AREA_STYLE('',(#10387));
#10387 = FILL_AREA_STYLE_COLOUR('',#10232);
#10388 = STYLED_ITEM('color',(#10389),#4777);
#10389 = PRESENTATION_STYLE_ASSIGNMENT((#10390));
#10390 = SURFACE_STYLE_USAGE(.BOTH.,#10391);
#10391 = SURFACE_SIDE_STYLE('',(#10392));
#10392 = SURFACE_STYLE_FILL_AREA(#10393);
#10393 = FILL_AREA_STYLE('',(#10394));
#10394 = FILL_AREA_STYLE_COLOUR('',#10232);
#10395 = STYLED_ITEM('color',(#10396),#4801);
#10396 = PRESENTATION_STYLE_ASSIGNMENT((#10397));
#10397 = SURFACE_STYLE_USAGE(.BOTH.,#10398);
#10398 = SURFACE_SIDE_STYLE('',(#10399));
#10399 = SURFACE_STYLE_FILL_AREA(#10400);
#10400 = FILL_AREA_STYLE('',(#10401));
#10401 = FILL_AREA_STYLE_COLOUR('',#10232);
#10402 = STYLED_ITEM('color',(#10403),#4826);
#10403 = PRESENTATION_STYLE_ASSIGNMENT((#10404));
#10404 = SURFACE_STYLE_USAGE(.BOTH.,#10405);
#10405 = SURFACE_SIDE_STYLE('',(#10406));
#10406 = SURFACE_STYLE_FILL_AREA(#10407);
#10407 = FILL_AREA_STYLE('',(#10408));
#10408 = FILL_AREA_STYLE_COLOUR('',#10232);
#10409 = STYLED_ITEM('color',(#10410),#4851);
#10410 = PRESENTATION_STYLE_ASSIGNMENT((#10411));
#10411 = SURFACE_STYLE_USAGE(.BOTH.,#10412);
#10412 = SURFACE_SIDE_STYLE('',(#10413));
#10413 = SURFACE_STYLE_FILL_AREA(#10414);
#10414 = FILL_AREA_STYLE('',(#10415));
#10415 = FILL_AREA_STYLE_COLOUR('',#10232);
#10416 = STYLED_ITEM('color',(#10417),#4868);
#10417 = PRESENTATION_STYLE_ASSIGNMENT((#10418));
#10418 = SURFACE_STYLE_USAGE(.BOTH.,#10419);
#10419 = SURFACE_SIDE_STYLE('',(#10420));
#10420 = SURFACE_STYLE_FILL_AREA(#10421);
#10421 = FILL_AREA_STYLE('',(#10422));
#10422 = FILL_AREA_STYLE_COLOUR('',#10232);
#10423 = MECHANICAL_DESIGN_GEOMETRIC_PRESENTATION_REPRESENTATION('',(
    #10424,#10431,#10438,#10445,#10452,#10459,#10466,#10473,#10481,
    #10488,#10495,#10502,#10509,#10516,#10524,#10531,#10538,#10545,
    #10552,#10559,#10566,#10573,#10580,#10587,#10594,#10601),#5721);
#10424 = STYLED_ITEM('color',(#10425),#4933);
#10425 = PRESENTATION_STYLE_ASSIGNMENT((#10426));
#10426 = SURFACE_STYLE_USAGE(.BOTH.,#10427);
#10427 = SURFACE_SIDE_STYLE('',(#10428));
#10428 = SURFACE_STYLE_FILL_AREA(#10429);
#10429 = FILL_AREA_STYLE('',(#10430));
#10430 = FILL_AREA_STYLE_COLOUR('',#10232);
#10431 = STYLED_ITEM('color',(#10432),#4973);
#10432 = PRESENTATION_STYLE_ASSIGNMENT((#10433));
#10433 = SURFACE_STYLE_USAGE(.BOTH.,#10434);
#10434 = SURFACE_SIDE_STYLE('',(#10435));
#10435 = SURFACE_STYLE_FILL_AREA(#10436);
#10436 = FILL_AREA_STYLE('',(#10437));
#10437 = FILL_AREA_STYLE_COLOUR('',#10232);
#10438 = STYLED_ITEM('color',(#10439),#5056);
#10439 = PRESENTATION_STYLE_ASSIGNMENT((#10440));
#10440 = SURFACE_STYLE_USAGE(.BOTH.,#10441);
#10441 = SURFACE_SIDE_STYLE('',(#10442));
#10442 = SURFACE_STYLE_FILL_AREA(#10443);
#10443 = FILL_AREA_STYLE('',(#10444));
#10444 = FILL_AREA_STYLE_COLOUR('',#10232);
#10445 = STYLED_ITEM('color',(#10446),#5081);
#10446 = PRESENTATION_STYLE_ASSIGNMENT((#10447));
#10447 = SURFACE_STYLE_USAGE(.BOTH.,#10448);
#10448 = SURFACE_SIDE_STYLE('',(#10449));
#10449 = SURFACE_STYLE_FILL_AREA(#10450);
#10450 = FILL_AREA_STYLE('',(#10451));
#10451 = FILL_AREA_STYLE_COLOUR('',#10232);
#10452 = STYLED_ITEM('color',(#10453),#5106);
#10453 = PRESENTATION_STYLE_ASSIGNMENT((#10454));
#10454 = SURFACE_STYLE_USAGE(.BOTH.,#10455);
#10455 = SURFACE_SIDE_STYLE('',(#10456));
#10456 = SURFACE_STYLE_FILL_AREA(#10457);
#10457 = FILL_AREA_STYLE('',(#10458));
#10458 = FILL_AREA_STYLE_COLOUR('',#10232);
#10459 = STYLED_ITEM('color',(#10460),#5173);
#10460 = PRESENTATION_STYLE_ASSIGNMENT((#10461));
#10461 = SURFACE_STYLE_USAGE(.BOTH.,#10462);
#10462 = SURFACE_SIDE_STYLE('',(#10463));
#10463 = SURFACE_STYLE_FILL_AREA(#10464);
#10464 = FILL_AREA_STYLE('',(#10465));
#10465 = FILL_AREA_STYLE_COLOUR('',#10232);
#10466 = STYLED_ITEM('color',(#10467),#5190);
#10467 = PRESENTATION_STYLE_ASSIGNMENT((#10468));
#10468 = SURFACE_STYLE_USAGE(.BOTH.,#10469);
#10469 = SURFACE_SIDE_STYLE('',(#10470));
#10470 = SURFACE_STYLE_FILL_AREA(#10471);
#10471 = FILL_AREA_STYLE('',(#10472));
#10472 = FILL_AREA_STYLE_COLOUR('',#10232);
#10473 = STYLED_ITEM('color',(#10474),#5207);
#10474 = PRESENTATION_STYLE_ASSIGNMENT((#10475));
#10475 = SURFACE_STYLE_USAGE(.BOTH.,#10476);
#10476 = SURFACE_SIDE_STYLE('',(#10477));
#10477 = SURFACE_STYLE_FILL_AREA(#10478);
#10478 = FILL_AREA_STYLE('',(#10479));
#10479 = FILL_AREA_STYLE_COLOUR('',#10480);
#10480 = COLOUR_RGB('',0.894999966383,0.890999961016,0.813000030345);
#10481 = STYLED_ITEM('color',(#10482),#5256);
#10482 = PRESENTATION_STYLE_ASSIGNMENT((#10483));
#10483 = SURFACE_STYLE_USAGE(.BOTH.,#10484);
#10484 = SURFACE_SIDE_STYLE('',(#10485));
#10485 = SURFACE_STYLE_FILL_AREA(#10486);
#10486 = FILL_AREA_STYLE('',(#10487));
#10487 = FILL_AREA_STYLE_COLOUR('',#10232);
#10488 = STYLED_ITEM('color',(#10489),#5273);
#10489 = PRESENTATION_STYLE_ASSIGNMENT((#10490));
#10490 = SURFACE_STYLE_USAGE(.BOTH.,#10491);
#10491 = SURFACE_SIDE_STYLE('',(#10492));
#10492 = SURFACE_STYLE_FILL_AREA(#10493);
#10493 = FILL_AREA_STYLE('',(#10494));
#10494 = FILL_AREA_STYLE_COLOUR('',#10232);
#10495 = STYLED_ITEM('color',(#10496),#5290);
#10496 = PRESENTATION_STYLE_ASSIGNMENT((#10497));
#10497 = SURFACE_STYLE_USAGE(.BOTH.,#10498);
#10498 = SURFACE_SIDE_STYLE('',(#10499));
#10499 = SURFACE_STYLE_FILL_AREA(#10500);
#10500 = FILL_AREA_STYLE('',(#10501));
#10501 = FILL_AREA_STYLE_COLOUR('',#10480);
#10502 = STYLED_ITEM('color',(#10503),#5339);
#10503 = PRESENTATION_STYLE_ASSIGNMENT((#10504));
#10504 = SURFACE_STYLE_USAGE(.BOTH.,#10505);
#10505 = SURFACE_SIDE_STYLE('',(#10506));
#10506 = SURFACE_STYLE_FILL_AREA(#10507);
#10507 = FILL_AREA_STYLE('',(#10508));
#10508 = FILL_AREA_STYLE_COLOUR('',#10480);
#10509 = STYLED_ITEM('color',(#10510),#5356);
#10510 = PRESENTATION_STYLE_ASSIGNMENT((#10511));
#10511 = SURFACE_STYLE_USAGE(.BOTH.,#10512);
#10512 = SURFACE_SIDE_STYLE('',(#10513));
#10513 = SURFACE_STYLE_FILL_AREA(#10514);
#10514 = FILL_AREA_STYLE('',(#10515));
#10515 = FILL_AREA_STYLE_COLOUR('',#10232);
#10516 = STYLED_ITEM('color',(#10517),#5425);
#10517 = PRESENTATION_STYLE_ASSIGNMENT((#10518));
#10518 = SURFACE_STYLE_USAGE(.BOTH.,#10519);
#10519 = SURFACE_SIDE_STYLE('',(#10520));
#10520 = SURFACE_STYLE_FILL_AREA(#10521);
#10521 = FILL_AREA_STYLE('',(#10522));
#10522 = FILL_AREA_STYLE_COLOUR('',#10523);
#10523 = COLOUR_RGB('',8.200000279077E-02,8.600000121357E-02,
  9.399999706163E-02);
#10524 = STYLED_ITEM('color',(#10525),#5456);
#10525 = PRESENTATION_STYLE_ASSIGNMENT((#10526));
#10526 = SURFACE_STYLE_USAGE(.BOTH.,#10527);
#10527 = SURFACE_SIDE_STYLE('',(#10528));
#10528 = SURFACE_STYLE_FILL_AREA(#10529);
#10529 = FILL_AREA_STYLE('',(#10530));
#10530 = FILL_AREA_STYLE_COLOUR('',#10523);
#10531 = STYLED_ITEM('color',(#10532),#5480);
#10532 = PRESENTATION_STYLE_ASSIGNMENT((#10533));
#10533 = SURFACE_STYLE_USAGE(.BOTH.,#10534);
#10534 = SURFACE_SIDE_STYLE('',(#10535));
#10535 = SURFACE_STYLE_FILL_AREA(#10536);
#10536 = FILL_AREA_STYLE('',(#10537));
#10537 = FILL_AREA_STYLE_COLOUR('',#10232);
#10538 = STYLED_ITEM('color',(#10539),#5549);
#10539 = PRESENTATION_STYLE_ASSIGNMENT((#10540));
#10540 = SURFACE_STYLE_USAGE(.BOTH.,#10541);
#10541 = SURFACE_SIDE_STYLE('',(#10542));
#10542 = SURFACE_STYLE_FILL_AREA(#10543);
#10543 = FILL_AREA_STYLE('',(#10544));
#10544 = FILL_AREA_STYLE_COLOUR('',#10523);
#10545 = STYLED_ITEM('color',(#10546),#5573);
#10546 = PRESENTATION_STYLE_ASSIGNMENT((#10547));
#10547 = SURFACE_STYLE_USAGE(.BOTH.,#10548);
#10548 = SURFACE_SIDE_STYLE('',(#10549));
#10549 = SURFACE_STYLE_FILL_AREA(#10550);
#10550 = FILL_AREA_STYLE('',(#10551));
#10551 = FILL_AREA_STYLE_COLOUR('',#10232);
#10552 = STYLED_ITEM('color',(#10553),#5590);
#10553 = PRESENTATION_STYLE_ASSIGNMENT((#10554));
#10554 = SURFACE_STYLE_USAGE(.BOTH.,#10555);
#10555 = SURFACE_SIDE_STYLE('',(#10556));
#10556 = SURFACE_STYLE_FILL_AREA(#10557);
#10557 = FILL_AREA_STYLE('',(#10558));
#10558 = FILL_AREA_STYLE_COLOUR('',#10232);
#10559 = STYLED_ITEM('color',(#10560),#5607);
#10560 = PRESENTATION_STYLE_ASSIGNMENT((#10561));
#10561 = SURFACE_STYLE_USAGE(.BOTH.,#10562);
#10562 = SURFACE_SIDE_STYLE('',(#10563));
#10563 = SURFACE_STYLE_FILL_AREA(#10564);
#10564 = FILL_AREA_STYLE('',(#10565));
#10565 = FILL_AREA_STYLE_COLOUR('',#10232);
#10566 = STYLED_ITEM('color',(#10567),#5624);
#10567 = PRESENTATION_STYLE_ASSIGNMENT((#10568));
#10568 = SURFACE_STYLE_USAGE(.BOTH.,#10569);
#10569 = SURFACE_SIDE_STYLE('',(#10570));
#10570 = SURFACE_STYLE_FILL_AREA(#10571);
#10571 = FILL_AREA_STYLE('',(#10572));
#10572 = FILL_AREA_STYLE_COLOUR('',#10232);
#10573 = STYLED_ITEM('color',(#10574),#5641);
#10574 = PRESENTATION_STYLE_ASSIGNMENT((#10575));
#10575 = SURFACE_STYLE_USAGE(.BOTH.,#10576);
#10576 = SURFACE_SIDE_STYLE('',(#10577));
#10577 = SURFACE_STYLE_FILL_AREA(#10578);
#10578 = FILL_AREA_STYLE('',(#10579));
#10579 = FILL_AREA_STYLE_COLOUR('',#10232);
#10580 = STYLED_ITEM('color',(#10581),#5658);
#10581 = PRESENTATION_STYLE_ASSIGNMENT((#10582));
#10582 = SURFACE_STYLE_USAGE(.BOTH.,#10583);
#10583 = SURFACE_SIDE_STYLE('',(#10584));
#10584 = SURFACE_STYLE_FILL_AREA(#10585);
#10585 = FILL_AREA_STYLE('',(#10586));
#10586 = FILL_AREA_STYLE_COLOUR('',#10232);
#10587 = STYLED_ITEM('color',(#10588),#5675);
#10588 = PRESENTATION_STYLE_ASSIGNMENT((#10589));
#10589 = SURFACE_STYLE_USAGE(.BOTH.,#10590);
#10590 = SURFACE_SIDE_STYLE('',(#10591));
#10591 = SURFACE_STYLE_FILL_AREA(#10592);
#10592 = FILL_AREA_STYLE('',(#10593));
#10593 = FILL_AREA_STYLE_COLOUR('',#10232);
#10594 = STYLED_ITEM('color',(#10595),#5692);
#10595 = PRESENTATION_STYLE_ASSIGNMENT((#10596));
#10596 = SURFACE_STYLE_USAGE(.BOTH.,#10597);
#10597 = SURFACE_SIDE_STYLE('',(#10598));
#10598 = SURFACE_STYLE_FILL_AREA(#10599);
#10599 = FILL_AREA_STYLE('',(#10600));
#10600 = FILL_AREA_STYLE_COLOUR('',#10523);
#10601 = STYLED_ITEM('color',(#10602),#5709);
#10602 = PRESENTATION_STYLE_ASSIGNMENT((#10603));
#10603 = SURFACE_STYLE_USAGE(.BOTH.,#10604);
#10604 = SURFACE_SIDE_STYLE('',(#10605));
#10605 = SURFACE_STYLE_FILL_AREA(#10606);
#10606 = FILL_AREA_STYLE('',(#10607));
#10607 = FILL_AREA_STYLE_COLOUR('',#10523);
#10608 = MECHANICAL_DESIGN_GEOMETRIC_PRESENTATION_REPRESENTATION('',(
    #10609,#10616,#10623,#10630,#10637,#10644,#10651,#10658,#10665,
    #10672,#10679,#10686,#10693,#10700,#10707,#10714,#10721,#10728,
    #10735,#10742,#10749,#10756,#10763,#10770,#10777,#10784,#10791,
    #10798),#1054);
#10609 = STYLED_ITEM('color',(#10610),#202);
#10610 = PRESENTATION_STYLE_ASSIGNMENT((#10611));
#10611 = SURFACE_STYLE_USAGE(.BOTH.,#10612);
#10612 = SURFACE_SIDE_STYLE('',(#10613));
#10613 = SURFACE_STYLE_FILL_AREA(#10614);
#10614 = FILL_AREA_STYLE('',(#10615));
#10615 = FILL_AREA_STYLE_COLOUR('',#10232);
#10616 = STYLED_ITEM('color',(#10617),#278);
#10617 = PRESENTATION_STYLE_ASSIGNMENT((#10618));
#10618 = SURFACE_STYLE_USAGE(.BOTH.,#10619);
#10619 = SURFACE_SIDE_STYLE('',(#10620));
#10620 = SURFACE_STYLE_FILL_AREA(#10621);
#10621 = FILL_AREA_STYLE('',(#10622));
#10622 = FILL_AREA_STYLE_COLOUR('',#10232);
#10623 = STYLED_ITEM('color',(#10624),#309);
#10624 = PRESENTATION_STYLE_ASSIGNMENT((#10625));
#10625 = SURFACE_STYLE_USAGE(.BOTH.,#10626);
#10626 = SURFACE_SIDE_STYLE('',(#10627));
#10627 = SURFACE_STYLE_FILL_AREA(#10628);
#10628 = FILL_AREA_STYLE('',(#10629));
#10629 = FILL_AREA_STYLE_COLOUR('',#10232);
#10630 = STYLED_ITEM('color',(#10631),#334);
#10631 = PRESENTATION_STYLE_ASSIGNMENT((#10632));
#10632 = SURFACE_STYLE_USAGE(.BOTH.,#10633);
#10633 = SURFACE_SIDE_STYLE('',(#10634));
#10634 = SURFACE_STYLE_FILL_AREA(#10635);
#10635 = FILL_AREA_STYLE('',(#10636));
#10636 = FILL_AREA_STYLE_COLOUR('',#10232);
#10637 = STYLED_ITEM('color',(#10638),#359);
#10638 = PRESENTATION_STYLE_ASSIGNMENT((#10639));
#10639 = SURFACE_STYLE_USAGE(.BOTH.,#10640);
#10640 = SURFACE_SIDE_STYLE('',(#10641));
#10641 = SURFACE_STYLE_FILL_AREA(#10642);
#10642 = FILL_AREA_STYLE('',(#10643));
#10643 = FILL_AREA_STYLE_COLOUR('',#10232);
#10644 = STYLED_ITEM('color',(#10645),#383);
#10645 = PRESENTATION_STYLE_ASSIGNMENT((#10646));
#10646 = SURFACE_STYLE_USAGE(.BOTH.,#10647);
#10647 = SURFACE_SIDE_STYLE('',(#10648));
#10648 = SURFACE_STYLE_FILL_AREA(#10649);
#10649 = FILL_AREA_STYLE('',(#10650));
#10650 = FILL_AREA_STYLE_COLOUR('',#10232);
#10651 = STYLED_ITEM('color',(#10652),#407);
#10652 = PRESENTATION_STYLE_ASSIGNMENT((#10653));
#10653 = SURFACE_STYLE_USAGE(.BOTH.,#10654);
#10654 = SURFACE_SIDE_STYLE('',(#10655));
#10655 = SURFACE_STYLE_FILL_AREA(#10656);
#10656 = FILL_AREA_STYLE('',(#10657));
#10657 = FILL_AREA_STYLE_COLOUR('',#10232);
#10658 = STYLED_ITEM('color',(#10659),#432);
#10659 = PRESENTATION_STYLE_ASSIGNMENT((#10660));
#10660 = SURFACE_STYLE_USAGE(.BOTH.,#10661);
#10661 = SURFACE_SIDE_STYLE('',(#10662));
#10662 = SURFACE_STYLE_FILL_AREA(#10663);
#10663 = FILL_AREA_STYLE('',(#10664));
#10664 = FILL_AREA_STYLE_COLOUR('',#10232);
#10665 = STYLED_ITEM('color',(#10666),#457);
#10666 = PRESENTATION_STYLE_ASSIGNMENT((#10667));
#10667 = SURFACE_STYLE_USAGE(.BOTH.,#10668);
#10668 = SURFACE_SIDE_STYLE('',(#10669));
#10669 = SURFACE_STYLE_FILL_AREA(#10670);
#10670 = FILL_AREA_STYLE('',(#10671));
#10671 = FILL_AREA_STYLE_COLOUR('',#10232);
#10672 = STYLED_ITEM('color',(#10673),#474);
#10673 = PRESENTATION_STYLE_ASSIGNMENT((#10674));
#10674 = SURFACE_STYLE_USAGE(.BOTH.,#10675);
#10675 = SURFACE_SIDE_STYLE('',(#10676));
#10676 = SURFACE_STYLE_FILL_AREA(#10677);
#10677 = FILL_AREA_STYLE('',(#10678));
#10678 = FILL_AREA_STYLE_COLOUR('',#10232);
#10679 = STYLED_ITEM('color',(#10680),#560);
#10680 = PRESENTATION_STYLE_ASSIGNMENT((#10681));
#10681 = SURFACE_STYLE_USAGE(.BOTH.,#10682);
#10682 = SURFACE_SIDE_STYLE('',(#10683));
#10683 = SURFACE_STYLE_FILL_AREA(#10684);
#10684 = FILL_AREA_STYLE('',(#10685));
#10685 = FILL_AREA_STYLE_COLOUR('',#10303);
#10686 = STYLED_ITEM('color',(#10687),#592);
#10687 = PRESENTATION_STYLE_ASSIGNMENT((#10688));
#10688 = SURFACE_STYLE_USAGE(.BOTH.,#10689);
#10689 = SURFACE_SIDE_STYLE('',(#10690));
#10690 = SURFACE_STYLE_FILL_AREA(#10691);
#10691 = FILL_AREA_STYLE('',(#10692));
#10692 = FILL_AREA_STYLE_COLOUR('',#10303);
#10693 = STYLED_ITEM('color',(#10694),#616);
#10694 = PRESENTATION_STYLE_ASSIGNMENT((#10695));
#10695 = SURFACE_STYLE_USAGE(.BOTH.,#10696);
#10696 = SURFACE_SIDE_STYLE('',(#10697));
#10697 = SURFACE_STYLE_FILL_AREA(#10698);
#10698 = FILL_AREA_STYLE('',(#10699));
#10699 = FILL_AREA_STYLE_COLOUR('',#10303);
#10700 = STYLED_ITEM('color',(#10701),#641);
#10701 = PRESENTATION_STYLE_ASSIGNMENT((#10702));
#10702 = SURFACE_STYLE_USAGE(.BOTH.,#10703);
#10703 = SURFACE_SIDE_STYLE('',(#10704));
#10704 = SURFACE_STYLE_FILL_AREA(#10705);
#10705 = FILL_AREA_STYLE('',(#10706));
#10706 = FILL_AREA_STYLE_COLOUR('',#10303);
#10707 = STYLED_ITEM('color',(#10708),#665);
#10708 = PRESENTATION_STYLE_ASSIGNMENT((#10709));
#10709 = SURFACE_STYLE_USAGE(.BOTH.,#10710);
#10710 = SURFACE_SIDE_STYLE('',(#10711));
#10711 = SURFACE_STYLE_FILL_AREA(#10712);
#10712 = FILL_AREA_STYLE('',(#10713));
#10713 = FILL_AREA_STYLE_COLOUR('',#10303);
#10714 = STYLED_ITEM('color',(#10715),#690);
#10715 = PRESENTATION_STYLE_ASSIGNMENT((#10716));
#10716 = SURFACE_STYLE_USAGE(.BOTH.,#10717);
#10717 = SURFACE_SIDE_STYLE('',(#10718));
#10718 = SURFACE_STYLE_FILL_AREA(#10719);
#10719 = FILL_AREA_STYLE('',(#10720));
#10720 = FILL_AREA_STYLE_COLOUR('',#10303);
#10721 = STYLED_ITEM('color',(#10722),#714);
#10722 = PRESENTATION_STYLE_ASSIGNMENT((#10723));
#10723 = SURFACE_STYLE_USAGE(.BOTH.,#10724);
#10724 = SURFACE_SIDE_STYLE('',(#10725));
#10725 = SURFACE_STYLE_FILL_AREA(#10726);
#10726 = FILL_AREA_STYLE('',(#10727));
#10727 = FILL_AREA_STYLE_COLOUR('',#10303);
#10728 = STYLED_ITEM('color',(#10729),#739);
#10729 = PRESENTATION_STYLE_ASSIGNMENT((#10730));
#10730 = SURFACE_STYLE_USAGE(.BOTH.,#10731);
#10731 = SURFACE_SIDE_STYLE('',(#10732));
#10732 = SURFACE_STYLE_FILL_AREA(#10733);
#10733 = FILL_AREA_STYLE('',(#10734));
#10734 = FILL_AREA_STYLE_COLOUR('',#10303);
#10735 = STYLED_ITEM('color',(#10736),#756);
#10736 = PRESENTATION_STYLE_ASSIGNMENT((#10737));
#10737 = SURFACE_STYLE_USAGE(.BOTH.,#10738);
#10738 = SURFACE_SIDE_STYLE('',(#10739));
#10739 = SURFACE_STYLE_FILL_AREA(#10740);
#10740 = FILL_AREA_STYLE('',(#10741));
#10741 = FILL_AREA_STYLE_COLOUR('',#10232);
#10742 = STYLED_ITEM('color',(#10743),#842);
#10743 = PRESENTATION_STYLE_ASSIGNMENT((#10744));
#10744 = SURFACE_STYLE_USAGE(.BOTH.,#10745);
#10745 = SURFACE_SIDE_STYLE('',(#10746));
#10746 = SURFACE_STYLE_FILL_AREA(#10747);
#10747 = FILL_AREA_STYLE('',(#10748));
#10748 = FILL_AREA_STYLE_COLOUR('',#10232);
#10749 = STYLED_ITEM('color',(#10750),#873);
#10750 = PRESENTATION_STYLE_ASSIGNMENT((#10751));
#10751 = SURFACE_STYLE_USAGE(.BOTH.,#10752);
#10752 = SURFACE_SIDE_STYLE('',(#10753));
#10753 = SURFACE_STYLE_FILL_AREA(#10754);
#10754 = FILL_AREA_STYLE('',(#10755));
#10755 = FILL_AREA_STYLE_COLOUR('',#10232);
#10756 = STYLED_ITEM('color',(#10757),#898);
#10757 = PRESENTATION_STYLE_ASSIGNMENT((#10758));
#10758 = SURFACE_STYLE_USAGE(.BOTH.,#10759);
#10759 = SURFACE_SIDE_STYLE('',(#10760));
#10760 = SURFACE_STYLE_FILL_AREA(#10761);
#10761 = FILL_AREA_STYLE('',(#10762));
#10762 = FILL_AREA_STYLE_COLOUR('',#10232);
#10763 = STYLED_ITEM('color',(#10764),#923);
#10764 = PRESENTATION_STYLE_ASSIGNMENT((#10765));
#10765 = SURFACE_STYLE_USAGE(.BOTH.,#10766);
#10766 = SURFACE_SIDE_STYLE('',(#10767));
#10767 = SURFACE_STYLE_FILL_AREA(#10768);
#10768 = FILL_AREA_STYLE('',(#10769));
#10769 = FILL_AREA_STYLE_COLOUR('',#10232);
#10770 = STYLED_ITEM('color',(#10771),#947);
#10771 = PRESENTATION_STYLE_ASSIGNMENT((#10772));
#10772 = SURFACE_STYLE_USAGE(.BOTH.,#10773);
#10773 = SURFACE_SIDE_STYLE('',(#10774));
#10774 = SURFACE_STYLE_FILL_AREA(#10775);
#10775 = FILL_AREA_STYLE('',(#10776));
#10776 = FILL_AREA_STYLE_COLOUR('',#10232);
#10777 = STYLED_ITEM('color',(#10778),#971);
#10778 = PRESENTATION_STYLE_ASSIGNMENT((#10779));
#10779 = SURFACE_STYLE_USAGE(.BOTH.,#10780);
#10780 = SURFACE_SIDE_STYLE('',(#10781));
#10781 = SURFACE_STYLE_FILL_AREA(#10782);
#10782 = FILL_AREA_STYLE('',(#10783));
#10783 = FILL_AREA_STYLE_COLOUR('',#10232);
#10784 = STYLED_ITEM('color',(#10785),#996);
#10785 = PRESENTATION_STYLE_ASSIGNMENT((#10786));
#10786 = SURFACE_STYLE_USAGE(.BOTH.,#10787);
#10787 = SURFACE_SIDE_STYLE('',(#10788));
#10788 = SURFACE_STYLE_FILL_AREA(#10789);
#10789 = FILL_AREA_STYLE('',(#10790));
#10790 = FILL_AREA_STYLE_COLOUR('',#10232);
#10791 = STYLED_ITEM('color',(#10792),#1021);
#10792 = PRESENTATION_STYLE_ASSIGNMENT((#10793));
#10793 = SURFACE_STYLE_USAGE(.BOTH.,#10794);
#10794 = SURFACE_SIDE_STYLE('',(#10795));
#10795 = SURFACE_STYLE_FILL_AREA(#10796);
#10796 = FILL_AREA_STYLE('',(#10797));
#10797 = FILL_AREA_STYLE_COLOUR('',#10232);
#10798 = STYLED_ITEM('color',(#10799),#1038);
#10799 = PRESENTATION_STYLE_ASSIGNMENT((#10800));
#10800 = SURFACE_STYLE_USAGE(.BOTH.,#10801);
#10801 = SURFACE_SIDE_STYLE('',(#10802));
#10802 = SURFACE_STYLE_FILL_AREA(#10803);
#10803 = FILL_AREA_STYLE('',(#10804));
#10804 = FILL_AREA_STYLE_COLOUR('',#10232);
#10805 = MECHANICAL_DESIGN_GEOMETRIC_PRESENTATION_REPRESENTATION('',(
    #10806,#10813,#10820,#10827,#10834,#10841,#10848,#10855,#10862,
    #10869,#10876,#10883,#10890,#10897,#10904,#10911,#10918,#10925,
    #10932,#10939,#10946,#10953,#10960,#10967,#10974,#10981,#10988,
    #10995),#6627);
#10806 = STYLED_ITEM('color',(#10807),#5775);
#10807 = PRESENTATION_STYLE_ASSIGNMENT((#10808));
#10808 = SURFACE_STYLE_USAGE(.BOTH.,#10809);
#10809 = SURFACE_SIDE_STYLE('',(#10810));
#10810 = SURFACE_STYLE_FILL_AREA(#10811);
#10811 = FILL_AREA_STYLE('',(#10812));
#10812 = FILL_AREA_STYLE_COLOUR('',#10232);
#10813 = STYLED_ITEM('color',(#10814),#5851);
#10814 = PRESENTATION_STYLE_ASSIGNMENT((#10815));
#10815 = SURFACE_STYLE_USAGE(.BOTH.,#10816);
#10816 = SURFACE_SIDE_STYLE('',(#10817));
#10817 = SURFACE_STYLE_FILL_AREA(#10818);
#10818 = FILL_AREA_STYLE('',(#10819));
#10819 = FILL_AREA_STYLE_COLOUR('',#10232);
#10820 = STYLED_ITEM('color',(#10821),#5882);
#10821 = PRESENTATION_STYLE_ASSIGNMENT((#10822));
#10822 = SURFACE_STYLE_USAGE(.BOTH.,#10823);
#10823 = SURFACE_SIDE_STYLE('',(#10824));
#10824 = SURFACE_STYLE_FILL_AREA(#10825);
#10825 = FILL_AREA_STYLE('',(#10826));
#10826 = FILL_AREA_STYLE_COLOUR('',#10232);
#10827 = STYLED_ITEM('color',(#10828),#5907);
#10828 = PRESENTATION_STYLE_ASSIGNMENT((#10829));
#10829 = SURFACE_STYLE_USAGE(.BOTH.,#10830);
#10830 = SURFACE_SIDE_STYLE('',(#10831));
#10831 = SURFACE_STYLE_FILL_AREA(#10832);
#10832 = FILL_AREA_STYLE('',(#10833));
#10833 = FILL_AREA_STYLE_COLOUR('',#10232);
#10834 = STYLED_ITEM('color',(#10835),#5932);
#10835 = PRESENTATION_STYLE_ASSIGNMENT((#10836));
#10836 = SURFACE_STYLE_USAGE(.BOTH.,#10837);
#10837 = SURFACE_SIDE_STYLE('',(#10838));
#10838 = SURFACE_STYLE_FILL_AREA(#10839);
#10839 = FILL_AREA_STYLE('',(#10840));
#10840 = FILL_AREA_STYLE_COLOUR('',#10232);
#10841 = STYLED_ITEM('color',(#10842),#5956);
#10842 = PRESENTATION_STYLE_ASSIGNMENT((#10843));
#10843 = SURFACE_STYLE_USAGE(.BOTH.,#10844);
#10844 = SURFACE_SIDE_STYLE('',(#10845));
#10845 = SURFACE_STYLE_FILL_AREA(#10846);
#10846 = FILL_AREA_STYLE('',(#10847));
#10847 = FILL_AREA_STYLE_COLOUR('',#10232);
#10848 = STYLED_ITEM('color',(#10849),#5980);
#10849 = PRESENTATION_STYLE_ASSIGNMENT((#10850));
#10850 = SURFACE_STYLE_USAGE(.BOTH.,#10851);
#10851 = SURFACE_SIDE_STYLE('',(#10852));
#10852 = SURFACE_STYLE_FILL_AREA(#10853);
#10853 = FILL_AREA_STYLE('',(#10854));
#10854 = FILL_AREA_STYLE_COLOUR('',#10232);
#10855 = STYLED_ITEM('color',(#10856),#6005);
#10856 = PRESENTATION_STYLE_ASSIGNMENT((#10857));
#10857 = SURFACE_STYLE_USAGE(.BOTH.,#10858);
#10858 = SURFACE_SIDE_STYLE('',(#10859));
#10859 = SURFACE_STYLE_FILL_AREA(#10860);
#10860 = FILL_AREA_STYLE('',(#10861));
#10861 = FILL_AREA_STYLE_COLOUR('',#10232);
#10862 = STYLED_ITEM('color',(#10863),#6030);
#10863 = PRESENTATION_STYLE_ASSIGNMENT((#10864));
#10864 = SURFACE_STYLE_USAGE(.BOTH.,#10865);
#10865 = SURFACE_SIDE_STYLE('',(#10866));
#10866 = SURFACE_STYLE_FILL_AREA(#10867);
#10867 = FILL_AREA_STYLE('',(#10868));
#10868 = FILL_AREA_STYLE_COLOUR('',#10232);
#10869 = STYLED_ITEM('color',(#10870),#6047);
#10870 = PRESENTATION_STYLE_ASSIGNMENT((#10871));
#10871 = SURFACE_STYLE_USAGE(.BOTH.,#10872);
#10872 = SURFACE_SIDE_STYLE('',(#10873));
#10873 = SURFACE_STYLE_FILL_AREA(#10874);
#10874 = FILL_AREA_STYLE('',(#10875));
#10875 = FILL_AREA_STYLE_COLOUR('',#10232);
#10876 = STYLED_ITEM('color',(#10877),#6133);
#10877 = PRESENTATION_STYLE_ASSIGNMENT((#10878));
#10878 = SURFACE_STYLE_USAGE(.BOTH.,#10879);
#10879 = SURFACE_SIDE_STYLE('',(#10880));
#10880 = SURFACE_STYLE_FILL_AREA(#10881);
#10881 = FILL_AREA_STYLE('',(#10882));
#10882 = FILL_AREA_STYLE_COLOUR('',#10303);
#10883 = STYLED_ITEM('color',(#10884),#6165);
#10884 = PRESENTATION_STYLE_ASSIGNMENT((#10885));
#10885 = SURFACE_STYLE_USAGE(.BOTH.,#10886);
#10886 = SURFACE_SIDE_STYLE('',(#10887));
#10887 = SURFACE_STYLE_FILL_AREA(#10888);
#10888 = FILL_AREA_STYLE('',(#10889));
#10889 = FILL_AREA_STYLE_COLOUR('',#10303);
#10890 = STYLED_ITEM('color',(#10891),#6189);
#10891 = PRESENTATION_STYLE_ASSIGNMENT((#10892));
#10892 = SURFACE_STYLE_USAGE(.BOTH.,#10893);
#10893 = SURFACE_SIDE_STYLE('',(#10894));
#10894 = SURFACE_STYLE_FILL_AREA(#10895);
#10895 = FILL_AREA_STYLE('',(#10896));
#10896 = FILL_AREA_STYLE_COLOUR('',#10303);
#10897 = STYLED_ITEM('color',(#10898),#6214);
#10898 = PRESENTATION_STYLE_ASSIGNMENT((#10899));
#10899 = SURFACE_STYLE_USAGE(.BOTH.,#10900);
#10900 = SURFACE_SIDE_STYLE('',(#10901));
#10901 = SURFACE_STYLE_FILL_AREA(#10902);
#10902 = FILL_AREA_STYLE('',(#10903));
#10903 = FILL_AREA_STYLE_COLOUR('',#10303);
#10904 = STYLED_ITEM('color',(#10905),#6238);
#10905 = PRESENTATION_STYLE_ASSIGNMENT((#10906));
#10906 = SURFACE_STYLE_USAGE(.BOTH.,#10907);
#10907 = SURFACE_SIDE_STYLE('',(#10908));
#10908 = SURFACE_STYLE_FILL_AREA(#10909);
#10909 = FILL_AREA_STYLE('',(#10910));
#10910 = FILL_AREA_STYLE_COLOUR('',#10303);
#10911 = STYLED_ITEM('color',(#10912),#6263);
#10912 = PRESENTATION_STYLE_ASSIGNMENT((#10913));
#10913 = SURFACE_STYLE_USAGE(.BOTH.,#10914);
#10914 = SURFACE_SIDE_STYLE('',(#10915));
#10915 = SURFACE_STYLE_FILL_AREA(#10916);
#10916 = FILL_AREA_STYLE('',(#10917));
#10917 = FILL_AREA_STYLE_COLOUR('',#10303);
#10918 = STYLED_ITEM('color',(#10919),#6287);
#10919 = PRESENTATION_STYLE_ASSIGNMENT((#10920));
#10920 = SURFACE_STYLE_USAGE(.BOTH.,#10921);
#10921 = SURFACE_SIDE_STYLE('',(#10922));
#10922 = SURFACE_STYLE_FILL_AREA(#10923);
#10923 = FILL_AREA_STYLE('',(#10924));
#10924 = FILL_AREA_STYLE_COLOUR('',#10303);
#10925 = STYLED_ITEM('color',(#10926),#6312);
#10926 = PRESENTATION_STYLE_ASSIGNMENT((#10927));
#10927 = SURFACE_STYLE_USAGE(.BOTH.,#10928);
#10928 = SURFACE_SIDE_STYLE('',(#10929));
#10929 = SURFACE_STYLE_FILL_AREA(#10930);
#10930 = FILL_AREA_STYLE('',(#10931));
#10931 = FILL_AREA_STYLE_COLOUR('',#10303);
#10932 = STYLED_ITEM('color',(#10933),#6329);
#10933 = PRESENTATION_STYLE_ASSIGNMENT((#10934));
#10934 = SURFACE_STYLE_USAGE(.BOTH.,#10935);
#10935 = SURFACE_SIDE_STYLE('',(#10936));
#10936 = SURFACE_STYLE_FILL_AREA(#10937);
#10937 = FILL_AREA_STYLE('',(#10938));
#10938 = FILL_AREA_STYLE_COLOUR('',#10232);
#10939 = STYLED_ITEM('color',(#10940),#6415);
#10940 = PRESENTATION_STYLE_ASSIGNMENT((#10941));
#10941 = SURFACE_STYLE_USAGE(.BOTH.,#10942);
#10942 = SURFACE_SIDE_STYLE('',(#10943));
#10943 = SURFACE_STYLE_FILL_AREA(#10944);
#10944 = FILL_AREA_STYLE('',(#10945));
#10945 = FILL_AREA_STYLE_COLOUR('',#10232);
#10946 = STYLED_ITEM('color',(#10947),#6446);
#10947 = PRESENTATION_STYLE_ASSIGNMENT((#10948));
#10948 = SURFACE_STYLE_USAGE(.BOTH.,#10949);
#10949 = SURFACE_SIDE_STYLE('',(#10950));
#10950 = SURFACE_STYLE_FILL_AREA(#10951);
#10951 = FILL_AREA_STYLE('',(#10952));
#10952 = FILL_AREA_STYLE_COLOUR('',#10232);
#10953 = STYLED_ITEM('color',(#10954),#6471);
#10954 = PRESENTATION_STYLE_ASSIGNMENT((#10955));
#10955 = SURFACE_STYLE_USAGE(.BOTH.,#10956);
#10956 = SURFACE_SIDE_STYLE('',(#10957));
#10957 = SURFACE_STYLE_FILL_AREA(#10958);
#10958 = FILL_AREA_STYLE('',(#10959));
#10959 = FILL_AREA_STYLE_COLOUR('',#10232);
#10960 = STYLED_ITEM('color',(#10961),#6496);
#10961 = PRESENTATION_STYLE_ASSIGNMENT((#10962));
#10962 = SURFACE_STYLE_USAGE(.BOTH.,#10963);
#10963 = SURFACE_SIDE_STYLE('',(#10964));
#10964 = SURFACE_STYLE_FILL_AREA(#10965);
#10965 = FILL_AREA_STYLE('',(#10966));
#10966 = FILL_AREA_STYLE_COLOUR('',#10232);
#10967 = STYLED_ITEM('color',(#10968),#6520);
#10968 = PRESENTATION_STYLE_ASSIGNMENT((#10969));
#10969 = SURFACE_STYLE_USAGE(.BOTH.,#10970);
#10970 = SURFACE_SIDE_STYLE('',(#10971));
#10971 = SURFACE_STYLE_FILL_AREA(#10972);
#10972 = FILL_AREA_STYLE('',(#10973));
#10973 = FILL_AREA_STYLE_COLOUR('',#10232);
#10974 = STYLED_ITEM('color',(#10975),#6544);
#10975 = PRESENTATION_STYLE_ASSIGNMENT((#10976));
#10976 = SURFACE_STYLE_USAGE(.BOTH.,#10977);
#10977 = SURFACE_SIDE_STYLE('',(#10978));
#10978 = SURFACE_STYLE_FILL_AREA(#10979);
#10979 = FILL_AREA_STYLE('',(#10980));
#10980 = FILL_AREA_STYLE_COLOUR('',#10232);
#10981 = STYLED_ITEM('color',(#10982),#6569);
#10982 = PRESENTATION_STYLE_ASSIGNMENT((#10983));
#10983 = SURFACE_STYLE_USAGE(.BOTH.,#10984);
#10984 = SURFACE_SIDE_STYLE('',(#10985));
#10985 = SURFACE_STYLE_FILL_AREA(#10986);
#10986 = FILL_AREA_STYLE('',(#10987));
#10987 = FILL_AREA_STYLE_COLOUR('',#10232);
#10988 = STYLED_ITEM('color',(#10989),#6594);
#10989 = PRESENTATION_STYLE_ASSIGNMENT((#10990));
#10990 = SURFACE_STYLE_USAGE(.BOTH.,#10991);
#10991 = SURFACE_SIDE_STYLE('',(#10992));
#10992 = SURFACE_STYLE_FILL_AREA(#10993);
#10993 = FILL_AREA_STYLE('',(#10994));
#10994 = FILL_AREA_STYLE_COLOUR('',#10232);
#10995 = STYLED_ITEM('color',(#10996),#6611);
#10996 = PRESENTATION_STYLE_ASSIGNMENT((#10997));
#10997 = SURFACE_STYLE_USAGE(.BOTH.,#10998);
#10998 = SURFACE_SIDE_STYLE('',(#10999));
#10999 = SURFACE_STYLE_FILL_AREA(#11000);
#11000 = FILL_AREA_STYLE('',(#11001));
#11001 = FILL_AREA_STYLE_COLOUR('',#10232);
#11002 = MECHANICAL_DESIGN_GEOMETRIC_PRESENTATION_REPRESENTATION('',(
    #11003,#11011,#11018,#11025,#11032,#11039,#11046,#11053,#11060,
    #11067,#11074,#11081,#11088,#11095,#11102,#11109,#11116,#11124,
    #11131,#11138,#11145,#11152,#11159,#11166,#11173,#11180,#11187,
    #11194,#11201,#11208,#11215,#11222,#11229,#11236,#11243,#11250,
    #11257,#11264,#11271,#11278,#11285,#11292,#11299,#11306,#11313,
    #11320,#11327,#11334,#11341,#11348,#11355,#11362),#8176);
#11003 = STYLED_ITEM('color',(#11004),#6746);
#11004 = PRESENTATION_STYLE_ASSIGNMENT((#11005));
#11005 = SURFACE_STYLE_USAGE(.BOTH.,#11006);
#11006 = SURFACE_SIDE_STYLE('',(#11007));
#11007 = SURFACE_STYLE_FILL_AREA(#11008);
#11008 = FILL_AREA_STYLE('',(#11009));
#11009 = FILL_AREA_STYLE_COLOUR('',#11010);
#11010 = COLOUR_RGB('',0.147999998088,0.144999993226,0.144999993226);
#11011 = STYLED_ITEM('color',(#11012),#6786);
#11012 = PRESENTATION_STYLE_ASSIGNMENT((#11013));
#11013 = SURFACE_STYLE_USAGE(.BOTH.,#11014);
#11014 = SURFACE_SIDE_STYLE('',(#11015));
#11015 = SURFACE_STYLE_FILL_AREA(#11016);
#11016 = FILL_AREA_STYLE('',(#11017));
#11017 = FILL_AREA_STYLE_COLOUR('',#11010);
#11018 = STYLED_ITEM('color',(#11019),#6817);
#11019 = PRESENTATION_STYLE_ASSIGNMENT((#11020));
#11020 = SURFACE_STYLE_USAGE(.BOTH.,#11021);
#11021 = SURFACE_SIDE_STYLE('',(#11022));
#11022 = SURFACE_STYLE_FILL_AREA(#11023);
#11023 = FILL_AREA_STYLE('',(#11024));
#11024 = FILL_AREA_STYLE_COLOUR('',#11010);
#11025 = STYLED_ITEM('color',(#11026),#6848);
#11026 = PRESENTATION_STYLE_ASSIGNMENT((#11027));
#11027 = SURFACE_STYLE_USAGE(.BOTH.,#11028);
#11028 = SURFACE_SIDE_STYLE('',(#11029));
#11029 = SURFACE_STYLE_FILL_AREA(#11030);
#11030 = FILL_AREA_STYLE('',(#11031));
#11031 = FILL_AREA_STYLE_COLOUR('',#11010);
#11032 = STYLED_ITEM('color',(#11033),#7013);
#11033 = PRESENTATION_STYLE_ASSIGNMENT((#11034));
#11034 = SURFACE_STYLE_USAGE(.BOTH.,#11035);
#11035 = SURFACE_SIDE_STYLE('',(#11036));
#11036 = SURFACE_STYLE_FILL_AREA(#11037);
#11037 = FILL_AREA_STYLE('',(#11038));
#11038 = FILL_AREA_STYLE_COLOUR('',#11010);
#11039 = STYLED_ITEM('color',(#11040),#7178);
#11040 = PRESENTATION_STYLE_ASSIGNMENT((#11041));
#11041 = SURFACE_STYLE_USAGE(.BOTH.,#11042);
#11042 = SURFACE_SIDE_STYLE('',(#11043));
#11043 = SURFACE_STYLE_FILL_AREA(#11044);
#11044 = FILL_AREA_STYLE('',(#11045));
#11045 = FILL_AREA_STYLE_COLOUR('',#11010);
#11046 = STYLED_ITEM('color',(#11047),#7195);
#11047 = PRESENTATION_STYLE_ASSIGNMENT((#11048));
#11048 = SURFACE_STYLE_USAGE(.BOTH.,#11049);
#11049 = SURFACE_SIDE_STYLE('',(#11050));
#11050 = SURFACE_STYLE_FILL_AREA(#11051);
#11051 = FILL_AREA_STYLE('',(#11052));
#11052 = FILL_AREA_STYLE_COLOUR('',#11010);
#11053 = STYLED_ITEM('color',(#11054),#7212);
#11054 = PRESENTATION_STYLE_ASSIGNMENT((#11055));
#11055 = SURFACE_STYLE_USAGE(.BOTH.,#11056);
#11056 = SURFACE_SIDE_STYLE('',(#11057));
#11057 = SURFACE_STYLE_FILL_AREA(#11058);
#11058 = FILL_AREA_STYLE('',(#11059));
#11059 = FILL_AREA_STYLE_COLOUR('',#11010);
#11060 = STYLED_ITEM('color',(#11061),#7229);
#11061 = PRESENTATION_STYLE_ASSIGNMENT((#11062));
#11062 = SURFACE_STYLE_USAGE(.BOTH.,#11063);
#11063 = SURFACE_SIDE_STYLE('',(#11064));
#11064 = SURFACE_STYLE_FILL_AREA(#11065);
#11065 = FILL_AREA_STYLE('',(#11066));
#11066 = FILL_AREA_STYLE_COLOUR('',#11010);
#11067 = STYLED_ITEM('color',(#11068),#7246);
#11068 = PRESENTATION_STYLE_ASSIGNMENT((#11069));
#11069 = SURFACE_STYLE_USAGE(.BOTH.,#11070);
#11070 = SURFACE_SIDE_STYLE('',(#11071));
#11071 = SURFACE_STYLE_FILL_AREA(#11072);
#11072 = FILL_AREA_STYLE('',(#11073));
#11073 = FILL_AREA_STYLE_COLOUR('',#11010);
#11074 = STYLED_ITEM('color',(#11075),#7263);
#11075 = PRESENTATION_STYLE_ASSIGNMENT((#11076));
#11076 = SURFACE_STYLE_USAGE(.BOTH.,#11077);
#11077 = SURFACE_SIDE_STYLE('',(#11078));
#11078 = SURFACE_STYLE_FILL_AREA(#11079);
#11079 = FILL_AREA_STYLE('',(#11080));
#11080 = FILL_AREA_STYLE_COLOUR('',#11010);
#11081 = STYLED_ITEM('color',(#11082),#7280);
#11082 = PRESENTATION_STYLE_ASSIGNMENT((#11083));
#11083 = SURFACE_STYLE_USAGE(.BOTH.,#11084);
#11084 = SURFACE_SIDE_STYLE('',(#11085));
#11085 = SURFACE_STYLE_FILL_AREA(#11086);
#11086 = FILL_AREA_STYLE('',(#11087));
#11087 = FILL_AREA_STYLE_COLOUR('',#11010);
#11088 = STYLED_ITEM('color',(#11089),#7297);
#11089 = PRESENTATION_STYLE_ASSIGNMENT((#11090));
#11090 = SURFACE_STYLE_USAGE(.BOTH.,#11091);
#11091 = SURFACE_SIDE_STYLE('',(#11092));
#11092 = SURFACE_STYLE_FILL_AREA(#11093);
#11093 = FILL_AREA_STYLE('',(#11094));
#11094 = FILL_AREA_STYLE_COLOUR('',#11010);
#11095 = STYLED_ITEM('color',(#11096),#7314);
#11096 = PRESENTATION_STYLE_ASSIGNMENT((#11097));
#11097 = SURFACE_STYLE_USAGE(.BOTH.,#11098);
#11098 = SURFACE_SIDE_STYLE('',(#11099));
#11099 = SURFACE_STYLE_FILL_AREA(#11100);
#11100 = FILL_AREA_STYLE('',(#11101));
#11101 = FILL_AREA_STYLE_COLOUR('',#11010);
#11102 = STYLED_ITEM('color',(#11103),#7331);
#11103 = PRESENTATION_STYLE_ASSIGNMENT((#11104));
#11104 = SURFACE_STYLE_USAGE(.BOTH.,#11105);
#11105 = SURFACE_SIDE_STYLE('',(#11106));
#11106 = SURFACE_STYLE_FILL_AREA(#11107);
#11107 = FILL_AREA_STYLE('',(#11108));
#11108 = FILL_AREA_STYLE_COLOUR('',#11010);
#11109 = STYLED_ITEM('color',(#11110),#7348);
#11110 = PRESENTATION_STYLE_ASSIGNMENT((#11111));
#11111 = SURFACE_STYLE_USAGE(.BOTH.,#11112);
#11112 = SURFACE_SIDE_STYLE('',(#11113));
#11113 = SURFACE_STYLE_FILL_AREA(#11114);
#11114 = FILL_AREA_STYLE('',(#11115));
#11115 = FILL_AREA_STYLE_COLOUR('',#11010);
#11116 = STYLED_ITEM('color',(#11117),#7360);
#11117 = PRESENTATION_STYLE_ASSIGNMENT((#11118));
#11118 = SURFACE_STYLE_USAGE(.BOTH.,#11119);
#11119 = SURFACE_SIDE_STYLE('',(#11120));
#11120 = SURFACE_STYLE_FILL_AREA(#11121);
#11121 = FILL_AREA_STYLE('',(#11122));
#11122 = FILL_AREA_STYLE_COLOUR('',#11123);
#11123 = COLOUR_RGB('',0.859000020776,0.737999965183,0.495999988746);
#11124 = STYLED_ITEM('color',(#11125),#7391);
#11125 = PRESENTATION_STYLE_ASSIGNMENT((#11126));
#11126 = SURFACE_STYLE_USAGE(.BOTH.,#11127);
#11127 = SURFACE_SIDE_STYLE('',(#11128));
#11128 = SURFACE_STYLE_FILL_AREA(#11129);
#11129 = FILL_AREA_STYLE('',(#11130));
#11130 = FILL_AREA_STYLE_COLOUR('',#11123);
#11131 = STYLED_ITEM('color',(#11132),#7415);
#11132 = PRESENTATION_STYLE_ASSIGNMENT((#11133));
#11133 = SURFACE_STYLE_USAGE(.BOTH.,#11134);
#11134 = SURFACE_SIDE_STYLE('',(#11135));
#11135 = SURFACE_STYLE_FILL_AREA(#11136);
#11136 = FILL_AREA_STYLE('',(#11137));
#11137 = FILL_AREA_STYLE_COLOUR('',#11123);
#11138 = STYLED_ITEM('color',(#11139),#7439);
#11139 = PRESENTATION_STYLE_ASSIGNMENT((#11140));
#11140 = SURFACE_STYLE_USAGE(.BOTH.,#11141);
#11141 = SURFACE_SIDE_STYLE('',(#11142));
#11142 = SURFACE_STYLE_FILL_AREA(#11143);
#11143 = FILL_AREA_STYLE('',(#11144));
#11144 = FILL_AREA_STYLE_COLOUR('',#11123);
#11145 = STYLED_ITEM('color',(#11146),#7456);
#11146 = PRESENTATION_STYLE_ASSIGNMENT((#11147));
#11147 = SURFACE_STYLE_USAGE(.BOTH.,#11148);
#11148 = SURFACE_SIDE_STYLE('',(#11149));
#11149 = SURFACE_STYLE_FILL_AREA(#11150);
#11150 = FILL_AREA_STYLE('',(#11151));
#11151 = FILL_AREA_STYLE_COLOUR('',#11123);
#11152 = STYLED_ITEM('color',(#11153),#7487);
#11153 = PRESENTATION_STYLE_ASSIGNMENT((#11154));
#11154 = SURFACE_STYLE_USAGE(.BOTH.,#11155);
#11155 = SURFACE_SIDE_STYLE('',(#11156));
#11156 = SURFACE_STYLE_FILL_AREA(#11157);
#11157 = FILL_AREA_STYLE('',(#11158));
#11158 = FILL_AREA_STYLE_COLOUR('',#11123);
#11159 = STYLED_ITEM('color',(#11160),#7511);
#11160 = PRESENTATION_STYLE_ASSIGNMENT((#11161));
#11161 = SURFACE_STYLE_USAGE(.BOTH.,#11162);
#11162 = SURFACE_SIDE_STYLE('',(#11163));
#11163 = SURFACE_STYLE_FILL_AREA(#11164);
#11164 = FILL_AREA_STYLE('',(#11165));
#11165 = FILL_AREA_STYLE_COLOUR('',#11123);
#11166 = STYLED_ITEM('color',(#11167),#7535);
#11167 = PRESENTATION_STYLE_ASSIGNMENT((#11168));
#11168 = SURFACE_STYLE_USAGE(.BOTH.,#11169);
#11169 = SURFACE_SIDE_STYLE('',(#11170));
#11170 = SURFACE_STYLE_FILL_AREA(#11171);
#11171 = FILL_AREA_STYLE('',(#11172));
#11172 = FILL_AREA_STYLE_COLOUR('',#11123);
#11173 = STYLED_ITEM('color',(#11174),#7552);
#11174 = PRESENTATION_STYLE_ASSIGNMENT((#11175));
#11175 = SURFACE_STYLE_USAGE(.BOTH.,#11176);
#11176 = SURFACE_SIDE_STYLE('',(#11177));
#11177 = SURFACE_STYLE_FILL_AREA(#11178);
#11178 = FILL_AREA_STYLE('',(#11179));
#11179 = FILL_AREA_STYLE_COLOUR('',#11123);
#11180 = STYLED_ITEM('color',(#11181),#7583);
#11181 = PRESENTATION_STYLE_ASSIGNMENT((#11182));
#11182 = SURFACE_STYLE_USAGE(.BOTH.,#11183);
#11183 = SURFACE_SIDE_STYLE('',(#11184));
#11184 = SURFACE_STYLE_FILL_AREA(#11185);
#11185 = FILL_AREA_STYLE('',(#11186));
#11186 = FILL_AREA_STYLE_COLOUR('',#11123);
#11187 = STYLED_ITEM('color',(#11188),#7607);
#11188 = PRESENTATION_STYLE_ASSIGNMENT((#11189));
#11189 = SURFACE_STYLE_USAGE(.BOTH.,#11190);
#11190 = SURFACE_SIDE_STYLE('',(#11191));
#11191 = SURFACE_STYLE_FILL_AREA(#11192);
#11192 = FILL_AREA_STYLE('',(#11193));
#11193 = FILL_AREA_STYLE_COLOUR('',#11123);
#11194 = STYLED_ITEM('color',(#11195),#7631);
#11195 = PRESENTATION_STYLE_ASSIGNMENT((#11196));
#11196 = SURFACE_STYLE_USAGE(.BOTH.,#11197);
#11197 = SURFACE_SIDE_STYLE('',(#11198));
#11198 = SURFACE_STYLE_FILL_AREA(#11199);
#11199 = FILL_AREA_STYLE('',(#11200));
#11200 = FILL_AREA_STYLE_COLOUR('',#11123);
#11201 = STYLED_ITEM('color',(#11202),#7648);
#11202 = PRESENTATION_STYLE_ASSIGNMENT((#11203));
#11203 = SURFACE_STYLE_USAGE(.BOTH.,#11204);
#11204 = SURFACE_SIDE_STYLE('',(#11205));
#11205 = SURFACE_STYLE_FILL_AREA(#11206);
#11206 = FILL_AREA_STYLE('',(#11207));
#11207 = FILL_AREA_STYLE_COLOUR('',#11123);
#11208 = STYLED_ITEM('color',(#11209),#7679);
#11209 = PRESENTATION_STYLE_ASSIGNMENT((#11210));
#11210 = SURFACE_STYLE_USAGE(.BOTH.,#11211);
#11211 = SURFACE_SIDE_STYLE('',(#11212));
#11212 = SURFACE_STYLE_FILL_AREA(#11213);
#11213 = FILL_AREA_STYLE('',(#11214));
#11214 = FILL_AREA_STYLE_COLOUR('',#11123);
#11215 = STYLED_ITEM('color',(#11216),#7703);
#11216 = PRESENTATION_STYLE_ASSIGNMENT((#11217));
#11217 = SURFACE_STYLE_USAGE(.BOTH.,#11218);
#11218 = SURFACE_SIDE_STYLE('',(#11219));
#11219 = SURFACE_STYLE_FILL_AREA(#11220);
#11220 = FILL_AREA_STYLE('',(#11221));
#11221 = FILL_AREA_STYLE_COLOUR('',#11123);
#11222 = STYLED_ITEM('color',(#11223),#7727);
#11223 = PRESENTATION_STYLE_ASSIGNMENT((#11224));
#11224 = SURFACE_STYLE_USAGE(.BOTH.,#11225);
#11225 = SURFACE_SIDE_STYLE('',(#11226));
#11226 = SURFACE_STYLE_FILL_AREA(#11227);
#11227 = FILL_AREA_STYLE('',(#11228));
#11228 = FILL_AREA_STYLE_COLOUR('',#11123);
#11229 = STYLED_ITEM('color',(#11230),#7744);
#11230 = PRESENTATION_STYLE_ASSIGNMENT((#11231));
#11231 = SURFACE_STYLE_USAGE(.BOTH.,#11232);
#11232 = SURFACE_SIDE_STYLE('',(#11233));
#11233 = SURFACE_STYLE_FILL_AREA(#11234);
#11234 = FILL_AREA_STYLE('',(#11235));
#11235 = FILL_AREA_STYLE_COLOUR('',#11123);
#11236 = STYLED_ITEM('color',(#11237),#7775);
#11237 = PRESENTATION_STYLE_ASSIGNMENT((#11238));
#11238 = SURFACE_STYLE_USAGE(.BOTH.,#11239);
#11239 = SURFACE_SIDE_STYLE('',(#11240));
#11240 = SURFACE_STYLE_FILL_AREA(#11241);
#11241 = FILL_AREA_STYLE('',(#11242));
#11242 = FILL_AREA_STYLE_COLOUR('',#11123);
#11243 = STYLED_ITEM('color',(#11244),#7799);
#11244 = PRESENTATION_STYLE_ASSIGNMENT((#11245));
#11245 = SURFACE_STYLE_USAGE(.BOTH.,#11246);
#11246 = SURFACE_SIDE_STYLE('',(#11247));
#11247 = SURFACE_STYLE_FILL_AREA(#11248);
#11248 = FILL_AREA_STYLE('',(#11249));
#11249 = FILL_AREA_STYLE_COLOUR('',#11123);
#11250 = STYLED_ITEM('color',(#11251),#7823);
#11251 = PRESENTATION_STYLE_ASSIGNMENT((#11252));
#11252 = SURFACE_STYLE_USAGE(.BOTH.,#11253);
#11253 = SURFACE_SIDE_STYLE('',(#11254));
#11254 = SURFACE_STYLE_FILL_AREA(#11255);
#11255 = FILL_AREA_STYLE('',(#11256));
#11256 = FILL_AREA_STYLE_COLOUR('',#11123);
#11257 = STYLED_ITEM('color',(#11258),#7840);
#11258 = PRESENTATION_STYLE_ASSIGNMENT((#11259));
#11259 = SURFACE_STYLE_USAGE(.BOTH.,#11260);
#11260 = SURFACE_SIDE_STYLE('',(#11261));
#11261 = SURFACE_STYLE_FILL_AREA(#11262);
#11262 = FILL_AREA_STYLE('',(#11263));
#11263 = FILL_AREA_STYLE_COLOUR('',#11123);
#11264 = STYLED_ITEM('color',(#11265),#7871);
#11265 = PRESENTATION_STYLE_ASSIGNMENT((#11266));
#11266 = SURFACE_STYLE_USAGE(.BOTH.,#11267);
#11267 = SURFACE_SIDE_STYLE('',(#11268));
#11268 = SURFACE_STYLE_FILL_AREA(#11269);
#11269 = FILL_AREA_STYLE('',(#11270));
#11270 = FILL_AREA_STYLE_COLOUR('',#11123);
#11271 = STYLED_ITEM('color',(#11272),#7895);
#11272 = PRESENTATION_STYLE_ASSIGNMENT((#11273));
#11273 = SURFACE_STYLE_USAGE(.BOTH.,#11274);
#11274 = SURFACE_SIDE_STYLE('',(#11275));
#11275 = SURFACE_STYLE_FILL_AREA(#11276);
#11276 = FILL_AREA_STYLE('',(#11277));
#11277 = FILL_AREA_STYLE_COLOUR('',#11123);
#11278 = STYLED_ITEM('color',(#11279),#7919);
#11279 = PRESENTATION_STYLE_ASSIGNMENT((#11280));
#11280 = SURFACE_STYLE_USAGE(.BOTH.,#11281);
#11281 = SURFACE_SIDE_STYLE('',(#11282));
#11282 = SURFACE_STYLE_FILL_AREA(#11283);
#11283 = FILL_AREA_STYLE('',(#11284));
#11284 = FILL_AREA_STYLE_COLOUR('',#11123);
#11285 = STYLED_ITEM('color',(#11286),#7936);
#11286 = PRESENTATION_STYLE_ASSIGNMENT((#11287));
#11287 = SURFACE_STYLE_USAGE(.BOTH.,#11288);
#11288 = SURFACE_SIDE_STYLE('',(#11289));
#11289 = SURFACE_STYLE_FILL_AREA(#11290);
#11290 = FILL_AREA_STYLE('',(#11291));
#11291 = FILL_AREA_STYLE_COLOUR('',#11123);
#11292 = STYLED_ITEM('color',(#11293),#7967);
#11293 = PRESENTATION_STYLE_ASSIGNMENT((#11294));
#11294 = SURFACE_STYLE_USAGE(.BOTH.,#11295);
#11295 = SURFACE_SIDE_STYLE('',(#11296));
#11296 = SURFACE_STYLE_FILL_AREA(#11297);
#11297 = FILL_AREA_STYLE('',(#11298));
#11298 = FILL_AREA_STYLE_COLOUR('',#11123);
#11299 = STYLED_ITEM('color',(#11300),#7991);
#11300 = PRESENTATION_STYLE_ASSIGNMENT((#11301));
#11301 = SURFACE_STYLE_USAGE(.BOTH.,#11302);
#11302 = SURFACE_SIDE_STYLE('',(#11303));
#11303 = SURFACE_STYLE_FILL_AREA(#11304);
#11304 = FILL_AREA_STYLE('',(#11305));
#11305 = FILL_AREA_STYLE_COLOUR('',#11123);
#11306 = STYLED_ITEM('color',(#11307),#8015);
#11307 = PRESENTATION_STYLE_ASSIGNMENT((#11308));
#11308 = SURFACE_STYLE_USAGE(.BOTH.,#11309);
#11309 = SURFACE_SIDE_STYLE('',(#11310));
#11310 = SURFACE_STYLE_FILL_AREA(#11311);
#11311 = FILL_AREA_STYLE('',(#11312));
#11312 = FILL_AREA_STYLE_COLOUR('',#11123);
#11313 = STYLED_ITEM('color',(#11314),#8032);
#11314 = PRESENTATION_STYLE_ASSIGNMENT((#11315));
#11315 = SURFACE_STYLE_USAGE(.BOTH.,#11316);
#11316 = SURFACE_SIDE_STYLE('',(#11317));
#11317 = SURFACE_STYLE_FILL_AREA(#11318);
#11318 = FILL_AREA_STYLE('',(#11319));
#11319 = FILL_AREA_STYLE_COLOUR('',#11123);
#11320 = STYLED_ITEM('color',(#11321),#8063);
#11321 = PRESENTATION_STYLE_ASSIGNMENT((#11322));
#11322 = SURFACE_STYLE_USAGE(.BOTH.,#11323);
#11323 = SURFACE_SIDE_STYLE('',(#11324));
#11324 = SURFACE_STYLE_FILL_AREA(#11325);
#11325 = FILL_AREA_STYLE('',(#11326));
#11326 = FILL_AREA_STYLE_COLOUR('',#11123);
#11327 = STYLED_ITEM('color',(#11328),#8087);
#11328 = PRESENTATION_STYLE_ASSIGNMENT((#11329));
#11329 = SURFACE_STYLE_USAGE(.BOTH.,#11330);
#11330 = SURFACE_SIDE_STYLE('',(#11331));
#11331 = SURFACE_STYLE_FILL_AREA(#11332);
#11332 = FILL_AREA_STYLE('',(#11333));
#11333 = FILL_AREA_STYLE_COLOUR('',#11123);
#11334 = STYLED_ITEM('color',(#11335),#8111);
#11335 = PRESENTATION_STYLE_ASSIGNMENT((#11336));
#11336 = SURFACE_STYLE_USAGE(.BOTH.,#11337);
#11337 = SURFACE_SIDE_STYLE('',(#11338));
#11338 = SURFACE_STYLE_FILL_AREA(#11339);
#11339 = FILL_AREA_STYLE('',(#11340));
#11340 = FILL_AREA_STYLE_COLOUR('',#11123);
#11341 = STYLED_ITEM('color',(#11342),#8128);
#11342 = PRESENTATION_STYLE_ASSIGNMENT((#11343));
#11343 = SURFACE_STYLE_USAGE(.BOTH.,#11344);
#11344 = SURFACE_SIDE_STYLE('',(#11345));
#11345 = SURFACE_STYLE_FILL_AREA(#11346);
#11346 = FILL_AREA_STYLE('',(#11347));
#11347 = FILL_AREA_STYLE_COLOUR('',#11123);
#11348 = STYLED_ITEM('color',(#11349),#8140);
#11349 = PRESENTATION_STYLE_ASSIGNMENT((#11350));
#11350 = SURFACE_STYLE_USAGE(.BOTH.,#11351);
#11351 = SURFACE_SIDE_STYLE('',(#11352));
#11352 = SURFACE_STYLE_FILL_AREA(#11353);
#11353 = FILL_AREA_STYLE('',(#11354));
#11354 = FILL_AREA_STYLE_COLOUR('',#11123);
#11355 = STYLED_ITEM('color',(#11356),#8152);
#11356 = PRESENTATION_STYLE_ASSIGNMENT((#11357));
#11357 = SURFACE_STYLE_USAGE(.BOTH.,#11358);
#11358 = SURFACE_SIDE_STYLE('',(#11359));
#11359 = SURFACE_STYLE_FILL_AREA(#11360);
#11360 = FILL_AREA_STYLE('',(#11361));
#11361 = FILL_AREA_STYLE_COLOUR('',#11123);
#11362 = STYLED_ITEM('color',(#11363),#8164);
#11363 = PRESENTATION_STYLE_ASSIGNMENT((#11364));
#11364 = SURFACE_STYLE_USAGE(.BOTH.,#11365);
#11365 = SURFACE_SIDE_STYLE('',(#11366));
#11366 = SURFACE_STYLE_FILL_AREA(#11367);
#11367 = FILL_AREA_STYLE('',(#11368));
#11368 = FILL_AREA_STYLE_COLOUR('',#11123);
#11369 = MECHANICAL_DESIGN_GEOMETRIC_PRESENTATION_REPRESENTATION('',(
    #11370,#11378,#11385,#11392,#11399,#11406,#11413,#11420,#11427,
    #11434,#11441,#11448,#11455,#11462,#11469,#11476,#11483,#11490,
    #11497,#11504,#11511,#11518,#11525,#11532,#11539,#11546,#11553,
    #11560,#11567,#11574,#11581,#11588,#11595,#11602,#11609,#11616,
    #11623,#11630,#11637,#11644,#11651,#11658,#11665,#11672,#11680,
    #11687,#11694,#11701,#11708,#11715,#11722,#11729,#11736,#11743,
    #11750,#11757,#11764,#11771,#11778,#11785,#11792,#11799,#11806,
    #11813,#11820,#11827,#11834,#11841,#11848,#11855,#11862,#11869,
    #11876,#11883,#11890,#11897,#11904,#11911,#11918,#11925,#11932,
    #11939,#11946,#11953,#11960,#11967,#11974,#11981,#11988,#11995,
    #12002,#12009,#12016),#3988);
#11370 = STYLED_ITEM('color',(#11371),#1098);
#11371 = PRESENTATION_STYLE_ASSIGNMENT((#11372));
#11372 = SURFACE_STYLE_USAGE(.BOTH.,#11373);
#11373 = SURFACE_SIDE_STYLE('',(#11374));
#11374 = SURFACE_STYLE_FILL_AREA(#11375);
#11375 = FILL_AREA_STYLE('',(#11376));
#11376 = FILL_AREA_STYLE_COLOUR('',#11377);
#11377 = COLOUR_RGB('',0.894117649055,0.890196087049,0.811764731185);
#11378 = STYLED_ITEM('color',(#11379),#1138);
#11379 = PRESENTATION_STYLE_ASSIGNMENT((#11380));
#11380 = SURFACE_STYLE_USAGE(.BOTH.,#11381);
#11381 = SURFACE_SIDE_STYLE('',(#11382));
#11382 = SURFACE_STYLE_FILL_AREA(#11383);
#11383 = FILL_AREA_STYLE('',(#11384));
#11384 = FILL_AREA_STYLE_COLOUR('',#11377);
#11385 = STYLED_ITEM('color',(#11386),#1202);
#11386 = PRESENTATION_STYLE_ASSIGNMENT((#11387));
#11387 = SURFACE_STYLE_USAGE(.BOTH.,#11388);
#11388 = SURFACE_SIDE_STYLE('',(#11389));
#11389 = SURFACE_STYLE_FILL_AREA(#11390);
#11390 = FILL_AREA_STYLE('',(#11391));
#11391 = FILL_AREA_STYLE_COLOUR('',#11377);
#11392 = STYLED_ITEM('color',(#11393),#1290);
#11393 = PRESENTATION_STYLE_ASSIGNMENT((#11394));
#11394 = SURFACE_STYLE_USAGE(.BOTH.,#11395);
#11395 = SURFACE_SIDE_STYLE('',(#11396));
#11396 = SURFACE_STYLE_FILL_AREA(#11397);
#11397 = FILL_AREA_STYLE('',(#11398));
#11398 = FILL_AREA_STYLE_COLOUR('',#11377);
#11399 = STYLED_ITEM('color',(#11400),#1330);
#11400 = PRESENTATION_STYLE_ASSIGNMENT((#11401));
#11401 = SURFACE_STYLE_USAGE(.BOTH.,#11402);
#11402 = SURFACE_SIDE_STYLE('',(#11403));
#11403 = SURFACE_STYLE_FILL_AREA(#11404);
#11404 = FILL_AREA_STYLE('',(#11405));
#11405 = FILL_AREA_STYLE_COLOUR('',#11377);
#11406 = STYLED_ITEM('color',(#11407),#1541);
#11407 = PRESENTATION_STYLE_ASSIGNMENT((#11408));
#11408 = SURFACE_STYLE_USAGE(.BOTH.,#11409);
#11409 = SURFACE_SIDE_STYLE('',(#11410));
#11410 = SURFACE_STYLE_FILL_AREA(#11411);
#11411 = FILL_AREA_STYLE('',(#11412));
#11412 = FILL_AREA_STYLE_COLOUR('',#11377);
#11413 = STYLED_ITEM('color',(#11414),#1581);
#11414 = PRESENTATION_STYLE_ASSIGNMENT((#11415));
#11415 = SURFACE_STYLE_USAGE(.BOTH.,#11416);
#11416 = SURFACE_SIDE_STYLE('',(#11417));
#11417 = SURFACE_STYLE_FILL_AREA(#11418);
#11418 = FILL_AREA_STYLE('',(#11419));
#11419 = FILL_AREA_STYLE_COLOUR('',#11377);
#11420 = STYLED_ITEM('color',(#11421),#1605);
#11421 = PRESENTATION_STYLE_ASSIGNMENT((#11422));
#11422 = SURFACE_STYLE_USAGE(.BOTH.,#11423);
#11423 = SURFACE_SIDE_STYLE('',(#11424));
#11424 = SURFACE_STYLE_FILL_AREA(#11425);
#11425 = FILL_AREA_STYLE('',(#11426));
#11426 = FILL_AREA_STYLE_COLOUR('',#11377);
#11427 = STYLED_ITEM('color',(#11428),#1630);
#11428 = PRESENTATION_STYLE_ASSIGNMENT((#11429));
#11429 = SURFACE_STYLE_USAGE(.BOTH.,#11430);
#11430 = SURFACE_SIDE_STYLE('',(#11431));
#11431 = SURFACE_STYLE_FILL_AREA(#11432);
#11432 = FILL_AREA_STYLE('',(#11433));
#11433 = FILL_AREA_STYLE_COLOUR('',#11377);
#11434 = STYLED_ITEM('color',(#11435),#1654);
#11435 = PRESENTATION_STYLE_ASSIGNMENT((#11436));
#11436 = SURFACE_STYLE_USAGE(.BOTH.,#11437);
#11437 = SURFACE_SIDE_STYLE('',(#11438));
#11438 = SURFACE_STYLE_FILL_AREA(#11439);
#11439 = FILL_AREA_STYLE('',(#11440));
#11440 = FILL_AREA_STYLE_COLOUR('',#11377);
#11441 = STYLED_ITEM('color',(#11442),#1703);
#11442 = PRESENTATION_STYLE_ASSIGNMENT((#11443));
#11443 = SURFACE_STYLE_USAGE(.BOTH.,#11444);
#11444 = SURFACE_SIDE_STYLE('',(#11445));
#11445 = SURFACE_STYLE_FILL_AREA(#11446);
#11446 = FILL_AREA_STYLE('',(#11447));
#11447 = FILL_AREA_STYLE_COLOUR('',#11377);
#11448 = STYLED_ITEM('color',(#11449),#1725);
#11449 = PRESENTATION_STYLE_ASSIGNMENT((#11450));
#11450 = SURFACE_STYLE_USAGE(.BOTH.,#11451);
#11451 = SURFACE_SIDE_STYLE('',(#11452));
#11452 = SURFACE_STYLE_FILL_AREA(#11453);
#11453 = FILL_AREA_STYLE('',(#11454));
#11454 = FILL_AREA_STYLE_COLOUR('',#11377);
#11455 = STYLED_ITEM('color',(#11456),#1758);
#11456 = PRESENTATION_STYLE_ASSIGNMENT((#11457));
#11457 = SURFACE_STYLE_USAGE(.BOTH.,#11458);
#11458 = SURFACE_SIDE_STYLE('',(#11459));
#11459 = SURFACE_STYLE_FILL_AREA(#11460);
#11460 = FILL_AREA_STYLE('',(#11461));
#11461 = FILL_AREA_STYLE_COLOUR('',#11377);
#11462 = STYLED_ITEM('color',(#11463),#1782);
#11463 = PRESENTATION_STYLE_ASSIGNMENT((#11464));
#11464 = SURFACE_STYLE_USAGE(.BOTH.,#11465);
#11465 = SURFACE_SIDE_STYLE('',(#11466));
#11466 = SURFACE_STYLE_FILL_AREA(#11467);
#11467 = FILL_AREA_STYLE('',(#11468));
#11468 = FILL_AREA_STYLE_COLOUR('',#11377);
#11469 = STYLED_ITEM('color',(#11470),#1813);
#11470 = PRESENTATION_STYLE_ASSIGNMENT((#11471));
#11471 = SURFACE_STYLE_USAGE(.BOTH.,#11472);
#11472 = SURFACE_SIDE_STYLE('',(#11473));
#11473 = SURFACE_STYLE_FILL_AREA(#11474);
#11474 = FILL_AREA_STYLE('',(#11475));
#11475 = FILL_AREA_STYLE_COLOUR('',#11377);
#11476 = STYLED_ITEM('color',(#11477),#1830);
#11477 = PRESENTATION_STYLE_ASSIGNMENT((#11478));
#11478 = SURFACE_STYLE_USAGE(.BOTH.,#11479);
#11479 = SURFACE_SIDE_STYLE('',(#11480));
#11480 = SURFACE_STYLE_FILL_AREA(#11481);
#11481 = FILL_AREA_STYLE('',(#11482));
#11482 = FILL_AREA_STYLE_COLOUR('',#11377);
#11483 = STYLED_ITEM('color',(#11484),#1863);
#11484 = PRESENTATION_STYLE_ASSIGNMENT((#11485));
#11485 = SURFACE_STYLE_USAGE(.BOTH.,#11486);
#11486 = SURFACE_SIDE_STYLE('',(#11487));
#11487 = SURFACE_STYLE_FILL_AREA(#11488);
#11488 = FILL_AREA_STYLE('',(#11489));
#11489 = FILL_AREA_STYLE_COLOUR('',#11377);
#11490 = STYLED_ITEM('color',(#11491),#1880);
#11491 = PRESENTATION_STYLE_ASSIGNMENT((#11492));
#11492 = SURFACE_STYLE_USAGE(.BOTH.,#11493);
#11493 = SURFACE_SIDE_STYLE('',(#11494));
#11494 = SURFACE_STYLE_FILL_AREA(#11495);
#11495 = FILL_AREA_STYLE('',(#11496));
#11496 = FILL_AREA_STYLE_COLOUR('',#11377);
#11497 = STYLED_ITEM('color',(#11498),#1923);
#11498 = PRESENTATION_STYLE_ASSIGNMENT((#11499));
#11499 = SURFACE_STYLE_USAGE(.BOTH.,#11500);
#11500 = SURFACE_SIDE_STYLE('',(#11501));
#11501 = SURFACE_STYLE_FILL_AREA(#11502);
#11502 = FILL_AREA_STYLE('',(#11503));
#11503 = FILL_AREA_STYLE_COLOUR('',#11377);
#11504 = STYLED_ITEM('color',(#11505),#1940);
#11505 = PRESENTATION_STYLE_ASSIGNMENT((#11506));
#11506 = SURFACE_STYLE_USAGE(.BOTH.,#11507);
#11507 = SURFACE_SIDE_STYLE('',(#11508));
#11508 = SURFACE_STYLE_FILL_AREA(#11509);
#11509 = FILL_AREA_STYLE('',(#11510));
#11510 = FILL_AREA_STYLE_COLOUR('',#11377);
#11511 = STYLED_ITEM('color',(#11512),#1986);
#11512 = PRESENTATION_STYLE_ASSIGNMENT((#11513));
#11513 = SURFACE_STYLE_USAGE(.BOTH.,#11514);
#11514 = SURFACE_SIDE_STYLE('',(#11515));
#11515 = SURFACE_STYLE_FILL_AREA(#11516);
#11516 = FILL_AREA_STYLE('',(#11517));
#11517 = FILL_AREA_STYLE_COLOUR('',#11377);
#11518 = STYLED_ITEM('color',(#11519),#2003);
#11519 = PRESENTATION_STYLE_ASSIGNMENT((#11520));
#11520 = SURFACE_STYLE_USAGE(.BOTH.,#11521);
#11521 = SURFACE_SIDE_STYLE('',(#11522));
#11522 = SURFACE_STYLE_FILL_AREA(#11523);
#11523 = FILL_AREA_STYLE('',(#11524));
#11524 = FILL_AREA_STYLE_COLOUR('',#11377);
#11525 = STYLED_ITEM('color',(#11526),#2066);
#11526 = PRESENTATION_STYLE_ASSIGNMENT((#11527));
#11527 = SURFACE_STYLE_USAGE(.BOTH.,#11528);
#11528 = SURFACE_SIDE_STYLE('',(#11529));
#11529 = SURFACE_STYLE_FILL_AREA(#11530);
#11530 = FILL_AREA_STYLE('',(#11531));
#11531 = FILL_AREA_STYLE_COLOUR('',#11377);
#11532 = STYLED_ITEM('color',(#11533),#2090);
#11533 = PRESENTATION_STYLE_ASSIGNMENT((#11534));
#11534 = SURFACE_STYLE_USAGE(.BOTH.,#11535);
#11535 = SURFACE_SIDE_STYLE('',(#11536));
#11536 = SURFACE_STYLE_FILL_AREA(#11537);
#11537 = FILL_AREA_STYLE('',(#11538));
#11538 = FILL_AREA_STYLE_COLOUR('',#11377);
#11539 = STYLED_ITEM('color',(#11540),#2137);
#11540 = PRESENTATION_STYLE_ASSIGNMENT((#11541));
#11541 = SURFACE_STYLE_USAGE(.BOTH.,#11542);
#11542 = SURFACE_SIDE_STYLE('',(#11543));
#11543 = SURFACE_STYLE_FILL_AREA(#11544);
#11544 = FILL_AREA_STYLE('',(#11545));
#11545 = FILL_AREA_STYLE_COLOUR('',#11377);
#11546 = STYLED_ITEM('color',(#11547),#2161);
#11547 = PRESENTATION_STYLE_ASSIGNMENT((#11548));
#11548 = SURFACE_STYLE_USAGE(.BOTH.,#11549);
#11549 = SURFACE_SIDE_STYLE('',(#11550));
#11550 = SURFACE_STYLE_FILL_AREA(#11551);
#11551 = FILL_AREA_STYLE('',(#11552));
#11552 = FILL_AREA_STYLE_COLOUR('',#11377);
#11553 = STYLED_ITEM('color',(#11554),#2185);
#11554 = PRESENTATION_STYLE_ASSIGNMENT((#11555));
#11555 = SURFACE_STYLE_USAGE(.BOTH.,#11556);
#11556 = SURFACE_SIDE_STYLE('',(#11557));
#11557 = SURFACE_STYLE_FILL_AREA(#11558);
#11558 = FILL_AREA_STYLE('',(#11559));
#11559 = FILL_AREA_STYLE_COLOUR('',#11377);
#11560 = STYLED_ITEM('color',(#11561),#2202);
#11561 = PRESENTATION_STYLE_ASSIGNMENT((#11562));
#11562 = SURFACE_STYLE_USAGE(.BOTH.,#11563);
#11563 = SURFACE_SIDE_STYLE('',(#11564));
#11564 = SURFACE_STYLE_FILL_AREA(#11565);
#11565 = FILL_AREA_STYLE('',(#11566));
#11566 = FILL_AREA_STYLE_COLOUR('',#11377);
#11567 = STYLED_ITEM('color',(#11568),#2219);
#11568 = PRESENTATION_STYLE_ASSIGNMENT((#11569));
#11569 = SURFACE_STYLE_USAGE(.BOTH.,#11570);
#11570 = SURFACE_SIDE_STYLE('',(#11571));
#11571 = SURFACE_STYLE_FILL_AREA(#11572);
#11572 = FILL_AREA_STYLE('',(#11573));
#11573 = FILL_AREA_STYLE_COLOUR('',#11377);
#11574 = STYLED_ITEM('color',(#11575),#2243);
#11575 = PRESENTATION_STYLE_ASSIGNMENT((#11576));
#11576 = SURFACE_STYLE_USAGE(.BOTH.,#11577);
#11577 = SURFACE_SIDE_STYLE('',(#11578));
#11578 = SURFACE_STYLE_FILL_AREA(#11579);
#11579 = FILL_AREA_STYLE('',(#11580));
#11580 = FILL_AREA_STYLE_COLOUR('',#11377);
#11581 = STYLED_ITEM('color',(#11582),#2267);
#11582 = PRESENTATION_STYLE_ASSIGNMENT((#11583));
#11583 = SURFACE_STYLE_USAGE(.BOTH.,#11584);
#11584 = SURFACE_SIDE_STYLE('',(#11585));
#11585 = SURFACE_STYLE_FILL_AREA(#11586);
#11586 = FILL_AREA_STYLE('',(#11587));
#11587 = FILL_AREA_STYLE_COLOUR('',#11377);
#11588 = STYLED_ITEM('color',(#11589),#2284);
#11589 = PRESENTATION_STYLE_ASSIGNMENT((#11590));
#11590 = SURFACE_STYLE_USAGE(.BOTH.,#11591);
#11591 = SURFACE_SIDE_STYLE('',(#11592));
#11592 = SURFACE_STYLE_FILL_AREA(#11593);
#11593 = FILL_AREA_STYLE('',(#11594));
#11594 = FILL_AREA_STYLE_COLOUR('',#11377);
#11595 = STYLED_ITEM('color',(#11596),#2315);
#11596 = PRESENTATION_STYLE_ASSIGNMENT((#11597));
#11597 = SURFACE_STYLE_USAGE(.BOTH.,#11598);
#11598 = SURFACE_SIDE_STYLE('',(#11599));
#11599 = SURFACE_STYLE_FILL_AREA(#11600);
#11600 = FILL_AREA_STYLE('',(#11601));
#11601 = FILL_AREA_STYLE_COLOUR('',#11377);
#11602 = STYLED_ITEM('color',(#11603),#2339);
#11603 = PRESENTATION_STYLE_ASSIGNMENT((#11604));
#11604 = SURFACE_STYLE_USAGE(.BOTH.,#11605);
#11605 = SURFACE_SIDE_STYLE('',(#11606));
#11606 = SURFACE_STYLE_FILL_AREA(#11607);
#11607 = FILL_AREA_STYLE('',(#11608));
#11608 = FILL_AREA_STYLE_COLOUR('',#11377);
#11609 = STYLED_ITEM('color',(#11610),#2363);
#11610 = PRESENTATION_STYLE_ASSIGNMENT((#11611));
#11611 = SURFACE_STYLE_USAGE(.BOTH.,#11612);
#11612 = SURFACE_SIDE_STYLE('',(#11613));
#11613 = SURFACE_STYLE_FILL_AREA(#11614);
#11614 = FILL_AREA_STYLE('',(#11615));
#11615 = FILL_AREA_STYLE_COLOUR('',#11377);
#11616 = STYLED_ITEM('color',(#11617),#2380);
#11617 = PRESENTATION_STYLE_ASSIGNMENT((#11618));
#11618 = SURFACE_STYLE_USAGE(.BOTH.,#11619);
#11619 = SURFACE_SIDE_STYLE('',(#11620));
#11620 = SURFACE_STYLE_FILL_AREA(#11621);
#11621 = FILL_AREA_STYLE('',(#11622));
#11622 = FILL_AREA_STYLE_COLOUR('',#11377);
#11623 = STYLED_ITEM('color',(#11624),#2415);
#11624 = PRESENTATION_STYLE_ASSIGNMENT((#11625));
#11625 = SURFACE_STYLE_USAGE(.BOTH.,#11626);
#11626 = SURFACE_SIDE_STYLE('',(#11627));
#11627 = SURFACE_STYLE_FILL_AREA(#11628);
#11628 = FILL_AREA_STYLE('',(#11629));
#11629 = FILL_AREA_STYLE_COLOUR('',#11377);
#11630 = STYLED_ITEM('color',(#11631),#2455);
#11631 = PRESENTATION_STYLE_ASSIGNMENT((#11632));
#11632 = SURFACE_STYLE_USAGE(.BOTH.,#11633);
#11633 = SURFACE_SIDE_STYLE('',(#11634));
#11634 = SURFACE_STYLE_FILL_AREA(#11635);
#11635 = FILL_AREA_STYLE('',(#11636));
#11636 = FILL_AREA_STYLE_COLOUR('',#11377);
#11637 = STYLED_ITEM('color',(#11638),#2479);
#11638 = PRESENTATION_STYLE_ASSIGNMENT((#11639));
#11639 = SURFACE_STYLE_USAGE(.BOTH.,#11640);
#11640 = SURFACE_SIDE_STYLE('',(#11641));
#11641 = SURFACE_STYLE_FILL_AREA(#11642);
#11642 = FILL_AREA_STYLE('',(#11643));
#11643 = FILL_AREA_STYLE_COLOUR('',#11377);
#11644 = STYLED_ITEM('color',(#11645),#2520);
#11645 = PRESENTATION_STYLE_ASSIGNMENT((#11646));
#11646 = SURFACE_STYLE_USAGE(.BOTH.,#11647);
#11647 = SURFACE_SIDE_STYLE('',(#11648));
#11648 = SURFACE_STYLE_FILL_AREA(#11649);
#11649 = FILL_AREA_STYLE('',(#11650));
#11650 = FILL_AREA_STYLE_COLOUR('',#11377);
#11651 = STYLED_ITEM('color',(#11652),#2569);
#11652 = PRESENTATION_STYLE_ASSIGNMENT((#11653));
#11653 = SURFACE_STYLE_USAGE(.BOTH.,#11654);
#11654 = SURFACE_SIDE_STYLE('',(#11655));
#11655 = SURFACE_STYLE_FILL_AREA(#11656);
#11656 = FILL_AREA_STYLE('',(#11657));
#11657 = FILL_AREA_STYLE_COLOUR('',#11377);
#11658 = STYLED_ITEM('color',(#11659),#2615);
#11659 = PRESENTATION_STYLE_ASSIGNMENT((#11660));
#11660 = SURFACE_STYLE_USAGE(.BOTH.,#11661);
#11661 = SURFACE_SIDE_STYLE('',(#11662));
#11662 = SURFACE_STYLE_FILL_AREA(#11663);
#11663 = FILL_AREA_STYLE('',(#11664));
#11664 = FILL_AREA_STYLE_COLOUR('',#11377);
#11665 = STYLED_ITEM('color',(#11666),#2632);
#11666 = PRESENTATION_STYLE_ASSIGNMENT((#11667));
#11667 = SURFACE_STYLE_USAGE(.BOTH.,#11668);
#11668 = SURFACE_SIDE_STYLE('',(#11669));
#11669 = SURFACE_STYLE_FILL_AREA(#11670);
#11670 = FILL_AREA_STYLE('',(#11671));
#11671 = FILL_AREA_STYLE_COLOUR('',#11377);
#11672 = STYLED_ITEM('color',(#11673),#2644);
#11673 = PRESENTATION_STYLE_ASSIGNMENT((#11674));
#11674 = SURFACE_STYLE_USAGE(.BOTH.,#11675);
#11675 = SURFACE_SIDE_STYLE('',(#11676));
#11676 = SURFACE_STYLE_FILL_AREA(#11677);
#11677 = FILL_AREA_STYLE('',(#11678));
#11678 = FILL_AREA_STYLE_COLOUR('',#11679);
#11679 = COLOUR_RGB('',0.823529417451,0.819607860991,0.780392170416);
#11680 = STYLED_ITEM('color',(#11681),#2675);
#11681 = PRESENTATION_STYLE_ASSIGNMENT((#11682));
#11682 = SURFACE_STYLE_USAGE(.BOTH.,#11683);
#11683 = SURFACE_SIDE_STYLE('',(#11684));
#11684 = SURFACE_STYLE_FILL_AREA(#11685);
#11685 = FILL_AREA_STYLE('',(#11686));
#11686 = FILL_AREA_STYLE_COLOUR('',#11679);
#11687 = STYLED_ITEM('color',(#11688),#2731);
#11688 = PRESENTATION_STYLE_ASSIGNMENT((#11689));
#11689 = SURFACE_STYLE_USAGE(.BOTH.,#11690);
#11690 = SURFACE_SIDE_STYLE('',(#11691));
#11691 = SURFACE_STYLE_FILL_AREA(#11692);
#11692 = FILL_AREA_STYLE('',(#11693));
#11693 = FILL_AREA_STYLE_COLOUR('',#11679);
#11694 = STYLED_ITEM('color',(#11695),#2755);
#11695 = PRESENTATION_STYLE_ASSIGNMENT((#11696));
#11696 = SURFACE_STYLE_USAGE(.BOTH.,#11697);
#11697 = SURFACE_SIDE_STYLE('',(#11698));
#11698 = SURFACE_STYLE_FILL_AREA(#11699);
#11699 = FILL_AREA_STYLE('',(#11700));
#11700 = FILL_AREA_STYLE_COLOUR('',#11679);
#11701 = STYLED_ITEM('color',(#11702),#2804);
#11702 = PRESENTATION_STYLE_ASSIGNMENT((#11703));
#11703 = SURFACE_STYLE_USAGE(.BOTH.,#11704);
#11704 = SURFACE_SIDE_STYLE('',(#11705));
#11705 = SURFACE_STYLE_FILL_AREA(#11706);
#11706 = FILL_AREA_STYLE('',(#11707));
#11707 = FILL_AREA_STYLE_COLOUR('',#11377);
#11708 = STYLED_ITEM('color',(#11709),#2816);
#11709 = PRESENTATION_STYLE_ASSIGNMENT((#11710));
#11710 = SURFACE_STYLE_USAGE(.BOTH.,#11711);
#11711 = SURFACE_SIDE_STYLE('',(#11712));
#11712 = SURFACE_STYLE_FILL_AREA(#11713);
#11713 = FILL_AREA_STYLE('',(#11714));
#11714 = FILL_AREA_STYLE_COLOUR('',#11377);
#11715 = STYLED_ITEM('color',(#11716),#2919);
#11716 = PRESENTATION_STYLE_ASSIGNMENT((#11717));
#11717 = SURFACE_STYLE_USAGE(.BOTH.,#11718);
#11718 = SURFACE_SIDE_STYLE('',(#11719));
#11719 = SURFACE_STYLE_FILL_AREA(#11720);
#11720 = FILL_AREA_STYLE('',(#11721));
#11721 = FILL_AREA_STYLE_COLOUR('',#11377);
#11722 = STYLED_ITEM('color',(#11723),#2943);
#11723 = PRESENTATION_STYLE_ASSIGNMENT((#11724));
#11724 = SURFACE_STYLE_USAGE(.BOTH.,#11725);
#11725 = SURFACE_SIDE_STYLE('',(#11726));
#11726 = SURFACE_STYLE_FILL_AREA(#11727);
#11727 = FILL_AREA_STYLE('',(#11728));
#11728 = FILL_AREA_STYLE_COLOUR('',#11377);
#11729 = STYLED_ITEM('color',(#11730),#2967);
#11730 = PRESENTATION_STYLE_ASSIGNMENT((#11731));
#11731 = SURFACE_STYLE_USAGE(.BOTH.,#11732);
#11732 = SURFACE_SIDE_STYLE('',(#11733));
#11733 = SURFACE_STYLE_FILL_AREA(#11734);
#11734 = FILL_AREA_STYLE('',(#11735));
#11735 = FILL_AREA_STYLE_COLOUR('',#11377);
#11736 = STYLED_ITEM('color',(#11737),#2984);
#11737 = PRESENTATION_STYLE_ASSIGNMENT((#11738));
#11738 = SURFACE_STYLE_USAGE(.BOTH.,#11739);
#11739 = SURFACE_SIDE_STYLE('',(#11740));
#11740 = SURFACE_STYLE_FILL_AREA(#11741);
#11741 = FILL_AREA_STYLE('',(#11742));
#11742 = FILL_AREA_STYLE_COLOUR('',#11679);
#11743 = STYLED_ITEM('color',(#11744),#3015);
#11744 = PRESENTATION_STYLE_ASSIGNMENT((#11745));
#11745 = SURFACE_STYLE_USAGE(.BOTH.,#11746);
#11746 = SURFACE_SIDE_STYLE('',(#11747));
#11747 = SURFACE_STYLE_FILL_AREA(#11748);
#11748 = FILL_AREA_STYLE('',(#11749));
#11749 = FILL_AREA_STYLE_COLOUR('',#11679);
#11750 = STYLED_ITEM('color',(#11751),#3071);
#11751 = PRESENTATION_STYLE_ASSIGNMENT((#11752));
#11752 = SURFACE_STYLE_USAGE(.BOTH.,#11753);
#11753 = SURFACE_SIDE_STYLE('',(#11754));
#11754 = SURFACE_STYLE_FILL_AREA(#11755);
#11755 = FILL_AREA_STYLE('',(#11756));
#11756 = FILL_AREA_STYLE_COLOUR('',#11679);
#11757 = STYLED_ITEM('color',(#11758),#3095);
#11758 = PRESENTATION_STYLE_ASSIGNMENT((#11759));
#11759 = SURFACE_STYLE_USAGE(.BOTH.,#11760);
#11760 = SURFACE_SIDE_STYLE('',(#11761));
#11761 = SURFACE_STYLE_FILL_AREA(#11762);
#11762 = FILL_AREA_STYLE('',(#11763));
#11763 = FILL_AREA_STYLE_COLOUR('',#11679);
#11764 = STYLED_ITEM('color',(#11765),#3144);
#11765 = PRESENTATION_STYLE_ASSIGNMENT((#11766));
#11766 = SURFACE_STYLE_USAGE(.BOTH.,#11767);
#11767 = SURFACE_SIDE_STYLE('',(#11768));
#11768 = SURFACE_STYLE_FILL_AREA(#11769);
#11769 = FILL_AREA_STYLE('',(#11770));
#11770 = FILL_AREA_STYLE_COLOUR('',#11679);
#11771 = STYLED_ITEM('color',(#11772),#3161);
#11772 = PRESENTATION_STYLE_ASSIGNMENT((#11773));
#11773 = SURFACE_STYLE_USAGE(.BOTH.,#11774);
#11774 = SURFACE_SIDE_STYLE('',(#11775));
#11775 = SURFACE_STYLE_FILL_AREA(#11776);
#11776 = FILL_AREA_STYLE('',(#11777));
#11777 = FILL_AREA_STYLE_COLOUR('',#11679);
#11778 = STYLED_ITEM('color',(#11779),#3208);
#11779 = PRESENTATION_STYLE_ASSIGNMENT((#11780));
#11780 = SURFACE_STYLE_USAGE(.BOTH.,#11781);
#11781 = SURFACE_SIDE_STYLE('',(#11782));
#11782 = SURFACE_STYLE_FILL_AREA(#11783);
#11783 = FILL_AREA_STYLE('',(#11784));
#11784 = FILL_AREA_STYLE_COLOUR('',#11679);
#11785 = STYLED_ITEM('color',(#11786),#3234);
#11786 = PRESENTATION_STYLE_ASSIGNMENT((#11787));
#11787 = SURFACE_STYLE_USAGE(.BOTH.,#11788);
#11788 = SURFACE_SIDE_STYLE('',(#11789));
#11789 = SURFACE_STYLE_FILL_AREA(#11790);
#11790 = FILL_AREA_STYLE('',(#11791));
#11791 = FILL_AREA_STYLE_COLOUR('',#11679);
#11792 = STYLED_ITEM('color',(#11793),#3251);
#11793 = PRESENTATION_STYLE_ASSIGNMENT((#11794));
#11794 = SURFACE_STYLE_USAGE(.BOTH.,#11795);
#11795 = SURFACE_SIDE_STYLE('',(#11796));
#11796 = SURFACE_STYLE_FILL_AREA(#11797);
#11797 = FILL_AREA_STYLE('',(#11798));
#11798 = FILL_AREA_STYLE_COLOUR('',#11679);
#11799 = STYLED_ITEM('color',(#11800),#3277);
#11800 = PRESENTATION_STYLE_ASSIGNMENT((#11801));
#11801 = SURFACE_STYLE_USAGE(.BOTH.,#11802);
#11802 = SURFACE_SIDE_STYLE('',(#11803));
#11803 = SURFACE_STYLE_FILL_AREA(#11804);
#11804 = FILL_AREA_STYLE('',(#11805));
#11805 = FILL_AREA_STYLE_COLOUR('',#11679);
#11806 = STYLED_ITEM('color',(#11807),#3310);
#11807 = PRESENTATION_STYLE_ASSIGNMENT((#11808));
#11808 = SURFACE_STYLE_USAGE(.BOTH.,#11809);
#11809 = SURFACE_SIDE_STYLE('',(#11810));
#11810 = SURFACE_STYLE_FILL_AREA(#11811);
#11811 = FILL_AREA_STYLE('',(#11812));
#11812 = FILL_AREA_STYLE_COLOUR('',#11377);
#11813 = STYLED_ITEM('color',(#11814),#3322);
#11814 = PRESENTATION_STYLE_ASSIGNMENT((#11815));
#11815 = SURFACE_STYLE_USAGE(.BOTH.,#11816);
#11816 = SURFACE_SIDE_STYLE('',(#11817));
#11817 = SURFACE_STYLE_FILL_AREA(#11818);
#11818 = FILL_AREA_STYLE('',(#11819));
#11819 = FILL_AREA_STYLE_COLOUR('',#11679);
#11820 = STYLED_ITEM('color',(#11821),#3353);
#11821 = PRESENTATION_STYLE_ASSIGNMENT((#11822));
#11822 = SURFACE_STYLE_USAGE(.BOTH.,#11823);
#11823 = SURFACE_SIDE_STYLE('',(#11824));
#11824 = SURFACE_STYLE_FILL_AREA(#11825);
#11825 = FILL_AREA_STYLE('',(#11826));
#11826 = FILL_AREA_STYLE_COLOUR('',#11679);
#11827 = STYLED_ITEM('color',(#11828),#3377);
#11828 = PRESENTATION_STYLE_ASSIGNMENT((#11829));
#11829 = SURFACE_STYLE_USAGE(.BOTH.,#11830);
#11830 = SURFACE_SIDE_STYLE('',(#11831));
#11831 = SURFACE_STYLE_FILL_AREA(#11832);
#11832 = FILL_AREA_STYLE('',(#11833));
#11833 = FILL_AREA_STYLE_COLOUR('',#11679);
#11834 = STYLED_ITEM('color',(#11835),#3401);
#11835 = PRESENTATION_STYLE_ASSIGNMENT((#11836));
#11836 = SURFACE_STYLE_USAGE(.BOTH.,#11837);
#11837 = SURFACE_SIDE_STYLE('',(#11838));
#11838 = SURFACE_STYLE_FILL_AREA(#11839);
#11839 = FILL_AREA_STYLE('',(#11840));
#11840 = FILL_AREA_STYLE_COLOUR('',#11679);
#11841 = STYLED_ITEM('color',(#11842),#3418);
#11842 = PRESENTATION_STYLE_ASSIGNMENT((#11843));
#11843 = SURFACE_STYLE_USAGE(.BOTH.,#11844);
#11844 = SURFACE_SIDE_STYLE('',(#11845));
#11845 = SURFACE_STYLE_FILL_AREA(#11846);
#11846 = FILL_AREA_STYLE('',(#11847));
#11847 = FILL_AREA_STYLE_COLOUR('',#11679);
#11848 = STYLED_ITEM('color',(#11849),#3449);
#11849 = PRESENTATION_STYLE_ASSIGNMENT((#11850));
#11850 = SURFACE_STYLE_USAGE(.BOTH.,#11851);
#11851 = SURFACE_SIDE_STYLE('',(#11852));
#11852 = SURFACE_STYLE_FILL_AREA(#11853);
#11853 = FILL_AREA_STYLE('',(#11854));
#11854 = FILL_AREA_STYLE_COLOUR('',#11679);
#11855 = STYLED_ITEM('color',(#11856),#3473);
#11856 = PRESENTATION_STYLE_ASSIGNMENT((#11857));
#11857 = SURFACE_STYLE_USAGE(.BOTH.,#11858);
#11858 = SURFACE_SIDE_STYLE('',(#11859));
#11859 = SURFACE_STYLE_FILL_AREA(#11860);
#11860 = FILL_AREA_STYLE('',(#11861));
#11861 = FILL_AREA_STYLE_COLOUR('',#11679);
#11862 = STYLED_ITEM('color',(#11863),#3497);
#11863 = PRESENTATION_STYLE_ASSIGNMENT((#11864));
#11864 = SURFACE_STYLE_USAGE(.BOTH.,#11865);
#11865 = SURFACE_SIDE_STYLE('',(#11866));
#11866 = SURFACE_STYLE_FILL_AREA(#11867);
#11867 = FILL_AREA_STYLE('',(#11868));
#11868 = FILL_AREA_STYLE_COLOUR('',#11679);
#11869 = STYLED_ITEM('color',(#11870),#3514);
#11870 = PRESENTATION_STYLE_ASSIGNMENT((#11871));
#11871 = SURFACE_STYLE_USAGE(.BOTH.,#11872);
#11872 = SURFACE_SIDE_STYLE('',(#11873));
#11873 = SURFACE_STYLE_FILL_AREA(#11874);
#11874 = FILL_AREA_STYLE('',(#11875));
#11875 = FILL_AREA_STYLE_COLOUR('',#11679);
#11876 = STYLED_ITEM('color',(#11877),#3531);
#11877 = PRESENTATION_STYLE_ASSIGNMENT((#11878));
#11878 = SURFACE_STYLE_USAGE(.BOTH.,#11879);
#11879 = SURFACE_SIDE_STYLE('',(#11880));
#11880 = SURFACE_STYLE_FILL_AREA(#11881);
#11881 = FILL_AREA_STYLE('',(#11882));
#11882 = FILL_AREA_STYLE_COLOUR('',#11679);
#11883 = STYLED_ITEM('color',(#11884),#3578);
#11884 = PRESENTATION_STYLE_ASSIGNMENT((#11885));
#11885 = SURFACE_STYLE_USAGE(.BOTH.,#11886);
#11886 = SURFACE_SIDE_STYLE('',(#11887));
#11887 = SURFACE_STYLE_FILL_AREA(#11888);
#11888 = FILL_AREA_STYLE('',(#11889));
#11889 = FILL_AREA_STYLE_COLOUR('',#11679);
#11890 = STYLED_ITEM('color',(#11891),#3604);
#11891 = PRESENTATION_STYLE_ASSIGNMENT((#11892));
#11892 = SURFACE_STYLE_USAGE(.BOTH.,#11893);
#11893 = SURFACE_SIDE_STYLE('',(#11894));
#11894 = SURFACE_STYLE_FILL_AREA(#11895);
#11895 = FILL_AREA_STYLE('',(#11896));
#11896 = FILL_AREA_STYLE_COLOUR('',#11679);
#11897 = STYLED_ITEM('color',(#11898),#3621);
#11898 = PRESENTATION_STYLE_ASSIGNMENT((#11899));
#11899 = SURFACE_STYLE_USAGE(.BOTH.,#11900);
#11900 = SURFACE_SIDE_STYLE('',(#11901));
#11901 = SURFACE_STYLE_FILL_AREA(#11902);
#11902 = FILL_AREA_STYLE('',(#11903));
#11903 = FILL_AREA_STYLE_COLOUR('',#11679);
#11904 = STYLED_ITEM('color',(#11905),#3647);
#11905 = PRESENTATION_STYLE_ASSIGNMENT((#11906));
#11906 = SURFACE_STYLE_USAGE(.BOTH.,#11907);
#11907 = SURFACE_SIDE_STYLE('',(#11908));
#11908 = SURFACE_STYLE_FILL_AREA(#11909);
#11909 = FILL_AREA_STYLE('',(#11910));
#11910 = FILL_AREA_STYLE_COLOUR('',#11679);
#11911 = STYLED_ITEM('color',(#11912),#3680);
#11912 = PRESENTATION_STYLE_ASSIGNMENT((#11913));
#11913 = SURFACE_STYLE_USAGE(.BOTH.,#11914);
#11914 = SURFACE_SIDE_STYLE('',(#11915));
#11915 = SURFACE_STYLE_FILL_AREA(#11916);
#11916 = FILL_AREA_STYLE('',(#11917));
#11917 = FILL_AREA_STYLE_COLOUR('',#11679);
#11918 = STYLED_ITEM('color',(#11919),#3697);
#11919 = PRESENTATION_STYLE_ASSIGNMENT((#11920));
#11920 = SURFACE_STYLE_USAGE(.BOTH.,#11921);
#11921 = SURFACE_SIDE_STYLE('',(#11922));
#11922 = SURFACE_STYLE_FILL_AREA(#11923);
#11923 = FILL_AREA_STYLE('',(#11924));
#11924 = FILL_AREA_STYLE_COLOUR('',#11679);
#11925 = STYLED_ITEM('color',(#11926),#3714);
#11926 = PRESENTATION_STYLE_ASSIGNMENT((#11927));
#11927 = SURFACE_STYLE_USAGE(.BOTH.,#11928);
#11928 = SURFACE_SIDE_STYLE('',(#11929));
#11929 = SURFACE_STYLE_FILL_AREA(#11930);
#11930 = FILL_AREA_STYLE('',(#11931));
#11931 = FILL_AREA_STYLE_COLOUR('',#11679);
#11932 = STYLED_ITEM('color',(#11933),#3726);
#11933 = PRESENTATION_STYLE_ASSIGNMENT((#11934));
#11934 = SURFACE_STYLE_USAGE(.BOTH.,#11935);
#11935 = SURFACE_SIDE_STYLE('',(#11936));
#11936 = SURFACE_STYLE_FILL_AREA(#11937);
#11937 = FILL_AREA_STYLE('',(#11938));
#11938 = FILL_AREA_STYLE_COLOUR('',#11679);
#11939 = STYLED_ITEM('color',(#11940),#3757);
#11940 = PRESENTATION_STYLE_ASSIGNMENT((#11941));
#11941 = SURFACE_STYLE_USAGE(.BOTH.,#11942);
#11942 = SURFACE_SIDE_STYLE('',(#11943));
#11943 = SURFACE_STYLE_FILL_AREA(#11944);
#11944 = FILL_AREA_STYLE('',(#11945));
#11945 = FILL_AREA_STYLE_COLOUR('',#11679);
#11946 = STYLED_ITEM('color',(#11947),#3781);
#11947 = PRESENTATION_STYLE_ASSIGNMENT((#11948));
#11948 = SURFACE_STYLE_USAGE(.BOTH.,#11949);
#11949 = SURFACE_SIDE_STYLE('',(#11950));
#11950 = SURFACE_STYLE_FILL_AREA(#11951);
#11951 = FILL_AREA_STYLE('',(#11952));
#11952 = FILL_AREA_STYLE_COLOUR('',#11679);
#11953 = STYLED_ITEM('color',(#11954),#3805);
#11954 = PRESENTATION_STYLE_ASSIGNMENT((#11955));
#11955 = SURFACE_STYLE_USAGE(.BOTH.,#11956);
#11956 = SURFACE_SIDE_STYLE('',(#11957));
#11957 = SURFACE_STYLE_FILL_AREA(#11958);
#11958 = FILL_AREA_STYLE('',(#11959));
#11959 = FILL_AREA_STYLE_COLOUR('',#11679);
#11960 = STYLED_ITEM('color',(#11961),#3822);
#11961 = PRESENTATION_STYLE_ASSIGNMENT((#11962));
#11962 = SURFACE_STYLE_USAGE(.BOTH.,#11963);
#11963 = SURFACE_SIDE_STYLE('',(#11964));
#11964 = SURFACE_STYLE_FILL_AREA(#11965);
#11965 = FILL_AREA_STYLE('',(#11966));
#11966 = FILL_AREA_STYLE_COLOUR('',#11679);
#11967 = STYLED_ITEM('color',(#11968),#3853);
#11968 = PRESENTATION_STYLE_ASSIGNMENT((#11969));
#11969 = SURFACE_STYLE_USAGE(.BOTH.,#11970);
#11970 = SURFACE_SIDE_STYLE('',(#11971));
#11971 = SURFACE_STYLE_FILL_AREA(#11972);
#11972 = FILL_AREA_STYLE('',(#11973));
#11973 = FILL_AREA_STYLE_COLOUR('',#11679);
#11974 = STYLED_ITEM('color',(#11975),#3877);
#11975 = PRESENTATION_STYLE_ASSIGNMENT((#11976));
#11976 = SURFACE_STYLE_USAGE(.BOTH.,#11977);
#11977 = SURFACE_SIDE_STYLE('',(#11978));
#11978 = SURFACE_STYLE_FILL_AREA(#11979);
#11979 = FILL_AREA_STYLE('',(#11980));
#11980 = FILL_AREA_STYLE_COLOUR('',#11679);
#11981 = STYLED_ITEM('color',(#11982),#3901);
#11982 = PRESENTATION_STYLE_ASSIGNMENT((#11983));
#11983 = SURFACE_STYLE_USAGE(.BOTH.,#11984);
#11984 = SURFACE_SIDE_STYLE('',(#11985));
#11985 = SURFACE_STYLE_FILL_AREA(#11986);
#11986 = FILL_AREA_STYLE('',(#11987));
#11987 = FILL_AREA_STYLE_COLOUR('',#11679);
#11988 = STYLED_ITEM('color',(#11989),#3918);
#11989 = PRESENTATION_STYLE_ASSIGNMENT((#11990));
#11990 = SURFACE_STYLE_USAGE(.BOTH.,#11991);
#11991 = SURFACE_SIDE_STYLE('',(#11992));
#11992 = SURFACE_STYLE_FILL_AREA(#11993);
#11993 = FILL_AREA_STYLE('',(#11994));
#11994 = FILL_AREA_STYLE_COLOUR('',#11679);
#11995 = STYLED_ITEM('color',(#11996),#3935);
#11996 = PRESENTATION_STYLE_ASSIGNMENT((#11997));
#11997 = SURFACE_STYLE_USAGE(.BOTH.,#11998);
#11998 = SURFACE_SIDE_STYLE('',(#11999));
#11999 = SURFACE_STYLE_FILL_AREA(#12000);
#12000 = FILL_AREA_STYLE('',(#12001));
#12001 = FILL_AREA_STYLE_COLOUR('',#11679);
#12002 = STYLED_ITEM('color',(#12003),#3952);
#12003 = PRESENTATION_STYLE_ASSIGNMENT((#12004));
#12004 = SURFACE_STYLE_USAGE(.BOTH.,#12005);
#12005 = SURFACE_SIDE_STYLE('',(#12006));
#12006 = SURFACE_STYLE_FILL_AREA(#12007);
#12007 = FILL_AREA_STYLE('',(#12008));
#12008 = FILL_AREA_STYLE_COLOUR('',#11679);
#12009 = STYLED_ITEM('color',(#12010),#3964);
#12010 = PRESENTATION_STYLE_ASSIGNMENT((#12011));
#12011 = SURFACE_STYLE_USAGE(.BOTH.,#12012);
#12012 = SURFACE_SIDE_STYLE('',(#12013));
#12013 = SURFACE_STYLE_FILL_AREA(#12014);
#12014 = FILL_AREA_STYLE('',(#12015));
#12015 = FILL_AREA_STYLE_COLOUR('',#11679);
#12016 = STYLED_ITEM('color',(#12017),#3976);
#12017 = PRESENTATION_STYLE_ASSIGNMENT((#12018));
#12018 = SURFACE_STYLE_USAGE(.BOTH.,#12019);
#12019 = SURFACE_SIDE_STYLE('',(#12020));
#12020 = SURFACE_STYLE_FILL_AREA(#12021);
#12021 = FILL_AREA_STYLE('',(#12022));
#12022 = FILL_AREA_STYLE_COLOUR('',#11679);
#12023 = MECHANICAL_DESIGN_GEOMETRIC_PRESENTATION_REPRESENTATION('',(
    #12024),#10213);
#12024 = STYLED_ITEM('color',(#12025),#8255);
#12025 = PRESENTATION_STYLE_ASSIGNMENT((#12026));
#12026 = SURFACE_STYLE_USAGE(.BOTH.,#12027);
#12027 = SURFACE_SIDE_STYLE('',(#12028));
#12028 = SURFACE_STYLE_FILL_AREA(#12029);
#12029 = FILL_AREA_STYLE('',(#12030));
#12030 = FILL_AREA_STYLE_COLOUR('',#12031);
#12031 = COLOUR_RGB('',0.313304153717,0.484529207832,0.410020903123);
ENDSEC;
END-ISO-10303-21;
